Record,Location,X,Y,lon,lat,Date,Time,Environment,Road_Surface,Traffic_Control,Collision_Location,Light,Collision_Classification,Impact_type,Neighborhood
1,MONTREAL RD btwn ELWOOD ST & BECKENHAM LANE,374431.7525,5034393.831,-75.60985141,45.44600659,2015-08-02,23:42,01 - Clear,01 - Dry,10 - No control,01 - Non intersection,07 - Dark,01 - Fatal injury,07 - SMV other,Beacon Hill South - Cardinal Heights
2,WOODROFFE AVE btwn HWY417 IC127 RAMP63 & HWY417 IC127 RAMP35,362124.3227,5024842.277,-75.76828145,45.36118084,2015-04-09,15:34,01 - Clear,01 - Dry,10 - No control,01 - Non intersection,01 - Daylight,01 - Fatal injury,99 - Other,Carlingwood West - Glabar Park - McKellar Heights
3,OGILVIE RD @ CITY PARK DR E/CSIS HQ ACCESS,374188.7282,5033010.938,-75.61315274,45.43358825,2015-04-14,16:15,01 - Clear,01 - Dry,01 - Traffic signal,03 - At intersection,01 - Daylight,01 - Fatal injury,07 - SMV other,Industrial Park
4,MARCH RD btwn MORGAN'S GRANT WAY & TERRY FOX DR,349672.2116,5023607.39,-75.92732991,45.3509767,2015-04-26,12:52,01 - Clear,01 - Dry,10 - No control,01 - Non intersection,01 - Daylight,01 - Fatal injury,07 - SMV other,South March
5,EAGLESON RD @ FALLOWFIELD RD,355963.5618,5012592.96,-75.84817976,45.25143627,2015-04-26,3:50,01 - Clear,01 - Dry,01 - Traffic signal,02 - Intersection related,07 - Dark,01 - Fatal injury,07 - SMV other,Stittsville - Basswood
6,AVIATION PKWY @ OGILVIE RD,373109.7503,5032375.14,-75.62702957,45.42797389,2015-05-08,15:48,01 - Clear,01 - Dry,01 - Traffic signal,03 - At intersection,01 - Daylight,01 - Fatal injury,05 - Turning movement,Industrial Park
7,GREENBANK RD btwn WEST HUNT CLUB RD & FALLOWFIELD RD,362292.7742,5018561.977,-75.76686093,45.30465715,2015-05-09,7:11,01 - Clear,01 - Dry,10 - No control,01 - Non intersection,01 - Daylight,01 - Fatal injury,04 - Sideswipe,Greenbelt
8,MITCH OWENS RD @ DOZOIS RD/LIMEBANK RD,371673.725,5012107.937,-75.64811821,45.24575458,2015-05-15,10:29,01 - Clear,01 - Dry,01 - Traffic signal,03 - At intersection,01 - Daylight,01 - Fatal injury,02 - Angle,Manotick
9,SMYTH RD btwn HAIG DR & SAUNDERSON DR,372684.9726,5029310.478,-75.63287955,45.40044083,2015-11-16,13:08,01 - Clear,01 - Dry,10 - No control,01 - Non intersection,01 - Daylight,01 - Fatal injury,07 - SMV other,Elmvale - Eastway - Riverview - Riverview Park West
10,MEADOWLANDS DR @ VIEWMOUNT DR,363739.6834,5023106.956,-75.74787074,45.34543267,2015-11-08,14:00,01 - Clear,01 - Dry,01 - Traffic signal,03 - At intersection,01 - Daylight,01 - Fatal injury,02 - Angle,Crestview - Meadowlands
11,LEITRIM RD btwn HIGH RD & ALBION RD,373232.7822,5020218.247,-75.62714184,45.31857915,2015-06-28,5:50,01 - Clear,01 - Dry,10 - No control,01 - Non intersection,01 - Daylight,01 - Fatal injury,03 - Rear end,Greenbelt
12,RIVERSIDE DR btwn MOONEY'S BAY PL & WALKLEY RD,368428.4413,5024951.729,-75.68780591,45.36162184,2015-07-08,21:58,01 - Clear,01 - Dry,10 - No control,01 - Non intersection,07 - Dark,01 - Fatal injury,07 - SMV other,Riverside Park
13,ALBION RD @ MITCH OWENS RD,375906.7541,5014804.931,-75.59381572,45.2696064,2015-07-31,21:28,01 - Clear,01 - Dry,01 - Traffic signal,03 - At intersection,07 - Dark,01 - Fatal injury,07 - SMV other,Osgoode
14,REGIONAL ROAD 174 btwn OR174 IC109 RAMP64 & OR174 IC105 RAMP16,377177.0074,5035769.175,-75.57455915,45.45810216,2015-08-20,13:20,01 - Clear,01 - Dry,10 - No control,01 - Non intersection,01 - Daylight,01 - Fatal injury,07 - SMV other,Greenbelt
15,ALBION RD btwn RIDEAU RD & TULLAMORE ST,375271.3867,5016247.704,-75.60170702,45.28265196,2015-09-06,14:07,01 - Clear,01 - Dry,10 - No control,01 - Non intersection,01 - Daylight,01 - Fatal injury,01 - Approaching,Greenbelt
16,HIGHWAY 417 btwn HWY 417 ANDERSON IC104R61 & HWY 417 BOUNDARY IC96R16,385018.7705,5024970.493,-75.47606378,45.36008863,2015-12-04,9:18,01 - Clear,01 - Dry,10 - No control,01 - Non intersection,01 - Daylight,01 - Fatal injury,07 - SMV other,Greenbelt
17,BELMEADE RD btwn 6TH LINE RD & BANK ST,387487.956,5000857.893,-75.44856269,45.14285334,2015-08-13,20:06,01 - Clear,01 - Dry,10 - No control,01 - Non intersection,05 - Dusk,01 - Fatal injury,05 - Turning movement,Metcalfe
18,HIGHWAY 417 btwn HWY417 IC120B RAMP36 & HWY417 IC119B RAMP76,367788.1392,5030022.837,-75.69533122,45.40730812,2015-07-01,22:50,01 - Clear,01 - Dry,10 - No control,01 - Non intersection,07 - Dark,01 - Fatal injury,07 - SMV other,The Glebe
19,RIVER RD btwn KILBY LANE & WATERFRONT CRT,372231.9046,5007565.815,-75.64162387,45.20483196,2015-11-12,19:07,02 - Rain,02 - Wet,10 - No control,01 - Non intersection,07 - Dark,01 - Fatal injury,07 - SMV other,Manotick
20,GREENBANK RD btwn WEST HUNT CLUB RD & FALLOWFIELD RD,362289.676,5018557.408,-75.76690096,45.3046163,2015-12-25,16:12,01 - Clear,01 - Dry,10 - No control,01 - Non intersection,05 - Dusk,01 - Fatal injury,01 - Approaching,Greenbelt
21,HAWTHORNE RD @ HUNT CLUB RD,375509.6776,5026407.011,-75.59721892,45.37403731,2015-05-04,3:22,01 - Clear,01 - Dry,01 - Traffic signal,03 - At intersection,07 - Dark,02 - Non-fatal injury,02 - Angle,Industrial Park
22,HAWTHORNE RD btwn HAWTHORNE RD & WHYTE SIDE RD,375547.9105,5026313.196,-75.59674428,45.37318935,2015-01-13,21:40,01 - Clear,03 - Loose snow,10 - No control,01 - Non intersection,07 - Dark,02 - Non-fatal injury,07 - SMV other,Greenbelt
23,HAWTHORNE RD @ HUNT CLUB RD,375508.7138,5026404.12,-75.59723163,45.37401139,2015-02-25,14:18,01 - Clear,02 - Wet,01 - Traffic signal,02 - Intersection related,01 - Daylight,02 - Non-fatal injury,03 - Rear end,Industrial Park
24,ST. JOSEPH BLVD @ JEANNE D'ARC BLVD,379860.7425,5036470.135,-75.5401416,45.46412571,2015-02-08,1:41,03 - Snow,06 - Ice,11 - Roundabout,03 - At intersection,07 - Dark,02 - Non-fatal injury,07 - SMV other,Chapel Hill
25,ST. JOSEPH BLVD @ JEANNE D'ARC BLVD,379860.7425,5036471.099,-75.54014145,45.46413438,2015-04-13,19:18,01 - Clear,01 - Dry,11 - Roundabout,03 - At intersection,07 - Dark,02 - Non-fatal injury,04 - Sideswipe,Chapel Hill
26,HUNT CLUB RD btwn NORTH BOWESVILLE RD & BILLY BISHOP PRIV,368735.4913,5022355.616,-75.68422258,45.3382347,2015-02-01,18:17,01 - Clear,02 - Wet,10 - No control,04 - At/near private drive,07 - Dark,02 - Non-fatal injury,02 - Angle,Hunt Club - Ottawa Airport
27,RICHMOND RD btwn LOVITT RD & HIGHFIELD CRES,359678.6697,5023819.55,-75.79961022,45.35217407,2015-01-21,18:33,01 - Clear,02 - Wet,10 - No control,01 - Non intersection,07 - Dark,02 - Non-fatal injury,07 - SMV other,Whitehaven - Queensway Terrace North
28,CITY PARK DR btwn AMBASSADOR AVE & OGILVIE RD,374274.4774,5032833.875,-75.6120819,45.43198662,2015-03-13,8:54,01 - Clear,01 - Dry,10 - No control,04 - At/near private drive,01 - Daylight,02 - Non-fatal injury,02 - Angle,Industrial Park
29,ST. LAURENT BLVD btwn TO BE DETERMINED & DWELLINGHAM PRIV,373489.5585,5029087.75,-75.6226345,45.39835835,2015-03-15,7:58,03 - Snow,04 - Slush,10 - No control,04 - At/near private drive,01 - Daylight,02 - Non-fatal injury,02 - Angle,Hawthorne Meadows
30,DONALD ST btwn MARGUERITE AVE & VANIER PKWY,370270.2673,5032265.284,-75.66332762,45.427257,2015-02-21,12:28,03 - Snow,03 - Loose snow,10 - No control,01 - Non intersection,01 - Daylight,02 - Non-fatal injury,03 - Rear end,Overbrook
31,HINES RD btwn INNOVATION DR & SOLANDT RD,350113.9345,5022798.601,-75.92176692,45.34367064,2015-02-04,11:50,03 - Snow,03 - Loose snow,10 - No control,04 - At/near private drive,01 - Daylight,02 - Non-fatal injury,03 - Rear end,South March
32,ROBERTSON RD btwn HAZELDEAN RD & HAANEL DR,354131.1444,5018696.548,-75.87091657,45.30648867,2015-01-19,7:51,05 - Drifting Snow,03 - Loose snow,10 - No control,01 - Non intersection,03 - Dawn,02 - Non-fatal injury,07 - SMV other,Greenbelt
33,MEADOWLANDS DR/TALLWOOD DR @ WOODROFFE AVE,363054.7619,5022730.976,-75.75665455,45.34210684,2015-02-22,20:34,01 - Clear,01 - Dry,01 - Traffic signal,02 - Intersection related,07 - Dark,02 - Non-fatal injury,03 - Rear end,Crestview - Meadowlands
34,BASELINE RD @ CLYDE AVE,364356.7756,5024890.031,-75.73978193,45.36142442,2015-01-20,11:00,01 - Clear,06 - Ice,01 - Traffic signal,02 - Intersection related,01 - Daylight,02 - Non-fatal injury,03 - Rear end,Braemar Park - Bel Air Heights - Copeland Park
35,BANK ST @ ERIE AVE,370134.4542,5026480.926,-75.66582933,45.37522416,2015-02-26,14:07,01 - Clear,01 - Dry,01 - Traffic signal,02 - Intersection related,01 - Daylight,02 - Non-fatal injury,03 - Rear end,Ledbury - Heron Gate - Ridgemont - Elmwood
36,MERIVALE RD @ WEST HUNT CLUB RD,365613.6591,5021942.016,-75.72410229,45.33479073,2015-01-28,12:18,01 - Clear,02 - Wet,01 - Traffic signal,02 - Intersection related,01 - Daylight,02 - Non-fatal injury,03 - Rear end,Industrial Park
37,GREENBANK RD btwn JOCKVALE RD & CAMBRIAN RD,364348.3279,5013859.648,-75.74121537,45.26217441,2015-01-20,15:12,01 - Clear,01 - Dry,10 - No control,01 - Non intersection,01 - Daylight,02 - Non-fatal injury,03 - Rear end,New Barrhaven
38,MACDONALD ST btwn WAVERLEY ST & FRANK ST,368621.194,5031127.501,-75.68454705,45.41717205,2015-01-06,12:17,01 - Clear,04 - Slush,10 - No control,04 - At/near private drive,01 - Daylight,02 - Non-fatal injury,02 - Angle,Golden Triangle
39,BAY ST @ WELLINGTON ST,366814.698,5031351.085,-75.70759853,45.41934624,2015-01-19,18:00,01 - Clear,03 - Loose snow,01 - Traffic signal,02 - Intersection related,07 - Dark,02 - Non-fatal injury,03 - Rear end,Downtown
40,MONTREAL RD @ DEN HAAG DR/LANG'S RD,372386.718,5034222.066,-75.63601499,45.44466187,2015-01-20,14:57,01 - Clear,04 - Slush,01 - Traffic signal,02 - Intersection related,01 - Daylight,02 - Non-fatal injury,03 - Rear end,Carson Grove - Carson Meadows
41,BANK ST @ JOHNSTON RD,370851.7305,5024840.01,-75.65689173,45.3603925,2015-01-22,7:16,01 - Clear,01 - Dry,01 - Traffic signal,02 - Intersection related,03 - Dawn,02 - Non-fatal injury,03 - Rear end,South Keys - Heron Gate - Greenboro West
42,BLAIR RD @ REGIONAL RD 174 N/OR174 IC112 RAMP61,374634.4458,5032992.06,-75.60745946,45.43337402,2015-01-19,14:56,01 - Clear,02 - Wet,01 - Traffic signal,03 - At intersection,01 - Daylight,02 - Non-fatal injury,03 - Rear end,Industrial Park
43,LAFONTAINE AVE @ MCARTHUR AVE,370949.7123,5032772.056,-75.65457758,45.43175279,2015-01-20,20:46,01 - Clear,02 - Wet,01 - Traffic signal,03 - At intersection,07 - Dark,02 - Non-fatal injury,05 - Turning movement,Vanier South
44,WOODROFFE AVE btwn FIRESTATION & BASELINE RD,362540.0517,5023789.3,-75.76309829,45.35167213,2015-01-26,9:40,01 - Clear,01 - Dry,10 - No control,01 - Non intersection,01 - Daylight,02 - Non-fatal injury,03 - Rear end,Iris
45,BARRAN ST @ FALLOWFIELD RD,362292.6808,5016244.92,-75.76713072,45.28380823,2015-01-12,8:25,03 - Snow,03 - Loose snow,02 - Stop sign,03 - At intersection,01 - Daylight,02 - Non-fatal injury,02 - Angle,Barrhaven West - Old Barrhaven
46,LYON ST    N btwn SPARKS ST & WELLINGTON ST,366961.2951,5031408.335,-75.70571832,45.41984835,2015-02-05,9:44,01 - Clear,01 - Dry,10 - No control,01 - Non intersection,01 - Daylight,02 - Non-fatal injury,07 - SMV other,Downtown
47,UPLANDS DR @ HUNTMASTER LANE/RHAPSODY LANE,369021.3439,5023501.572,-75.68042688,45.34851964,2015-01-13,8:36,01 - Clear,01 - Dry,02 - Stop sign,03 - At intersection,01 - Daylight,02 - Non-fatal injury,02 - Angle,Hunt Club Woods - Quintarra - Revelstoke - Riverside South P
48,REGIONAL ROAD 174 EB btwn OR174 IC109 RAMP55 & TRANSIT,376473.6823,5034983.213,-75.58366552,45.45110308,2015-01-21,14:48,01 - Clear,01 - Dry,10 - No control,01 - Non intersection,01 - Daylight,02 - Non-fatal injury,03 - Rear end,Greenbelt
49,KING EDWARD AVE @ LAURIER AVE,368741.6349,5032034.101,-75.68289065,45.42531832,2015-01-19,17:41,01 - Clear,04 - Slush,01 - Traffic signal,02 - Intersection related,07 - Dark,02 - Non-fatal injury,03 - Rear end,Sandy Hill
50,HWY417 IC118 RAMP35 btwn NICHOLAS ST & HWY417 IC118 RAMP45,369486.1355,5030990.473,-75.6735147,45.41585969,2015-01-21,11:30,01 - Clear,01 - Dry,10 - No control,01 - Non intersection,01 - Daylight,02 - Non-fatal injury,04 - Sideswipe,Old Ottawa East
51,GREENBANK RD @ WEST HUNT CLUB RD,361477.7493,5020501.997,-75.77703123,45.32217972,2015-01-08,14:36,03 - Snow,04 - Slush,01 - Traffic signal,02 - Intersection related,01 - Daylight,02 - Non-fatal injury,03 - Rear end,Greenbelt
52,BARNSDALE RD @ PRINCE OF WALES DR,366648.6239,5011531.931,-75.71219659,45.24103118,2015-01-16,8:51,05 - Drifting Snow,02 - Wet,02 - Stop sign,03 - At intersection,01 - Daylight,02 - Non-fatal injury,02 - Angle,New Barrhaven
53,SWEETNAM DR btwn ORCHARD DR & HARRY DOUGLAS DR,350726.7933,5015203.375,-75.91465079,45.27528692,2015-01-31,9:38,01 - Clear,01 - Dry,10 - No control,04 - At/near private drive,01 - Daylight,02 - Non-fatal injury,02 - Angle,Stittsville
54,CATHERINE ST @ ELGIN ST,368552.7096,5030579.018,-75.68549295,45.41224323,2015-02-18,13:00,01 - Clear,02 - Wet,01 - Traffic signal,02 - Intersection related,01 - Daylight,02 - Non-fatal injury,02 - Angle,Centretown
55,PERCY ST btwn CATHERINE ST & CHAMBERLAIN AVE,367503.1566,5029920.451,-75.69898452,45.40641247,2015-01-16,10:12,01 - Clear,01 - Dry,10 - No control,04 - At/near private drive,01 - Daylight,02 - Non-fatal injury,02 - Angle,Centretown
56,ALBION RD @ HUNT CLUB RD,371867.2267,5024320.771,-75.64400147,45.35562415,2015-01-08,16:30,01 - Clear,06 - Ice,01 - Traffic signal,03 - At intersection,05 - Dusk,02 - Non-fatal injury,05 - Turning movement,South Keys - Heron Gate - Greenboro West
57,BANTREE ST @ INNES RD,373705.7232,5030406.073,-75.61968955,45.41019875,2015-01-30,18:58,01 - Clear,02 - Wet,01 - Traffic signal,03 - At intersection,07 - Dark,02 - Non-fatal injury,05 - Turning movement,Industrial Park
58,BANK ST btwn FINDLAY CREEK DR & BLAIS RD,376145.1178,5019748.197,-75.59006739,45.31405993,2015-01-14,8:46,01 - Clear,06 - Ice,10 - No control,01 - Non intersection,01 - Daylight,02 - Non-fatal injury,01 - Approaching,Greenbelt
59,TERRY FOX DR @ HALKIRK AVE/WINCHESTER DR,352511.6817,5016870.092,-75.89174293,45.29016564,2015-01-14,21:14,01 - Clear,01 - Dry,01 - Traffic signal,02 - Intersection related,07 - Dark,02 - Non-fatal injury,04 - Sideswipe,Glen Cairn - Kanata South Business Park
60,NAVAN RD btwn CANARY ST & MILTON RD,386987.8652,5031761.796,-75.44980277,45.42096257,2015-02-27,15:37,01 - Clear,01 - Dry,10 - No control,04 - At/near private drive,01 - Daylight,02 - Non-fatal injury,04 - Sideswipe,Navan - Vars
61,BANK ST btwn ANOKA ST & WILDWOOD AVE,370024.7536,5026767.415,-75.66719197,45.37781211,2015-02-27,16:32,01 - Clear,01 - Dry,10 - No control,01 - Non intersection,01 - Daylight,02 - Non-fatal injury,07 - SMV other,Alta Vista
62,BEATRICE DR @ STRANDHERD DR,365528.3409,5015321,-75.72600191,45.27522274,2015-01-16,13:00,01 - Clear,02 - Wet,01 - Traffic signal,03 - At intersection,01 - Daylight,02 - Non-fatal injury,02 - Angle,New Barrhaven
63,HOLLY ACRES RD @ TRANSITWAY - BAYSHORE/278 N O,358497.639,5022986.938,-75.81477245,45.34477363,2015-02-02,14:47,03 - Snow,05 - Packed snow,01 - Traffic signal,03 - At intersection,01 - Daylight,02 - Non-fatal injury,02 - Angle,Bayshore
64,CRAIG HENRY DR @ KNOXDALE RD,363116.6879,5021656.936,-75.75599101,45.33243756,2015-03-01,23:00,01 - Clear,01 - Dry,01 - Traffic signal,02 - Intersection related,07 - Dark,02 - Non-fatal injury,03 - Rear end,Woodvale - Craig Henry - Manordale - Estates of Arlington Wo
65,REGIONAL ROAD 174 btwn QUIGLEY HILL RD & REGIONAL ROAD 174 DIVIDED,385141.6229,5041254.562,-75.47183874,45.50658385,2015-01-17,8:03,01 - Clear,06 - Ice,10 - No control,01 - Non intersection,03 - Dawn,02 - Non-fatal injury,07 - SMV other,Cumberland - Estates
66,STRANDHERD DR btwn CEDARVIEW RD & MCKENNA CASEY DR,362085.9114,5013560.347,-75.77007595,45.25966915,2015-02-08,8:45,03 - Snow,03 - Loose snow,10 - No control,01 - Non intersection,01 - Daylight,02 - Non-fatal injury,01 - Approaching,Munster Hamlet - Richmond
67,CYRVILLE RD btwn LABRIE AVE & STAR TOP RD,373596.2066,5031609.828,-75.62092048,45.42104032,2015-02-10,17:22,01 - Clear,02 - Wet,10 - No control,01 - Non intersection,07 - Dark,02 - Non-fatal injury,03 - Rear end,Pineview
68,MACLAREN ST btwn METCALFE ST & ELGIN ST,368149.3013,5031091.905,-75.69058046,45.41689465,2015-02-10,18:40,01 - Clear,04 - Slush,10 - No control,04 - At/near private drive,07 - Dark,02 - Non-fatal injury,03 - Rear end,Centretown
69,HINCKS LANE @ RIVERSIDE DR,370166.7159,5030204.12,-75.66492423,45.40872114,2015-03-06,13:20,01 - Clear,01 - Dry,02 - Stop sign,03 - At intersection,01 - Daylight,02 - Non-fatal injury,05 - Turning movement,Industrial Park
70,ROCKDALE RD @ RUSSELL RD,393759.8612,5026971.992,-75.36415046,45.37704124,2015-03-07,14:32,01 - Clear,01 - Dry,02 - Stop sign,02 - Intersection related,01 - Daylight,02 - Non-fatal injury,02 - Angle,Navan - Vars
71,WEST HUNT CLUB RD @ WOODROFFE AVE,363671.6549,5021244.079,-75.7489604,45.32867636,2015-02-11,8:43,01 - Clear,01 - Dry,01 - Traffic signal,02 - Intersection related,01 - Daylight,02 - Non-fatal injury,03 - Rear end,Woodvale - Craig Henry - Manordale - Estates of Arlington Wo
72,ELWOOD ST @ MONTREAL RD,374392.7333,5034400.351,-75.61034924,45.44606914,2015-07-31,8:59,01 - Clear,01 - Dry,01 - Traffic signal,03 - At intersection,01 - Daylight,02 - Non-fatal injury,05 - Turning movement,Beacon Hill South - Cardinal Heights
73,INDUSTRIAL AVE btwn RUSSELL RD & ST. LAURENT BLVD,373059.2455,5029980.025,-75.6280067,45.40642872,2015-03-10,11:17,01 - Clear,02 - Wet,10 - No control,01 - Non intersection,01 - Daylight,02 - Non-fatal injury,03 - Rear end,Industrial Park
74,ALBION RD @ WYLDEWOOD ST,372291.7727,5023293.991,-75.63872362,45.34634481,2015-01-21,11:30,01 - Clear,02 - Wet,02 - Stop sign,03 - At intersection,01 - Daylight,02 - Non-fatal injury,02 - Angle,Blossom Park - Blossom Park West - Sawmill Creek/ Timbermill
75,BANK ST btwn ARENA PL & WHITE ALDER AVE,375688.1114,5020837.104,-75.59573946,45.32390376,2015-02-19,16:42,01 - Clear,01 - Dry,10 - No control,04 - At/near private drive,01 - Daylight,02 - Non-fatal injury,05 - Turning movement,Greenbelt
76,PLACE D'ORLEANS @ CENTRUM BLVD/PLACE D'ORLEANS,381962.3593,5038138.685,-75.51300858,45.47890891,2015-03-11,15:50,01 - Clear,01 - Dry,01 - Traffic signal,03 - At intersection,01 - Daylight,02 - Non-fatal injury,07 - SMV other,Industrial Park
77,FROBISHER LANE W @ RIVERSIDE DR,370118.7151,5029601.708,-75.6656172,45.40330535,2015-01-28,14:21,01 - Clear,01 - Dry,01 - Traffic signal,02 - Intersection related,01 - Daylight,02 - Non-fatal injury,03 - Rear end,Industrial Park
78,SMYTH RD E/LANCASTER RD @ ST. LAURENT BLVD N/R,373364.902,5029425.848,-75.62417953,45.40141262,2015-01-10,17:45,01 - Clear,02 - Wet,01 - Traffic signal,02 - Intersection related,07 - Dark,02 - Non-fatal injury,03 - Rear end,Sheffield Glen
79,SNAKE ISLAND RD btwn MCGUIRE RD & BLANCHFIELD RD,376383.8258,5005042.539,-75.58914067,45.18171865,2015-01-23,8:32,01 - Clear,02 - Wet,10 - No control,04 - At/near private drive,01 - Daylight,02 - Non-fatal injury,02 - Angle,Kars - Osgoode
80,JOCKVALE RD @ LONGFIELDS DR,364829.2929,5014001.028,-75.73507021,45.26340567,2015-10-01,16:20,01 - Clear,01 - Dry,02 - Stop sign,03 - At intersection,01 - Daylight,02 - Non-fatal injury,02 - Angle,New Barrhaven
81,GREENBANK RD @ MARKETPLACE AVE,364009.3198,5014600.744,-75.7454464,45.26887142,2015-03-02,15:28,01 - Clear,01 - Dry,01 - Traffic signal,02 - Intersection related,01 - Daylight,02 - Non-fatal injury,03 - Rear end,New Barrhaven
82,KING EDWARD AVE @ YORK ST,368396.8977,5032621.918,-75.68721969,45.43063871,2015-01-16,12:25,01 - Clear,03 - Loose snow,01 - Traffic signal,03 - At intersection,01 - Daylight,02 - Non-fatal injury,07 - SMV other,Lower Town
83,MERIVALE RD/LOTTA AVE @ CLYDE AVE,364520.7344,5024508.008,-75.73773541,45.35797309,2015-01-21,14:47,01 - Clear,01 - Dry,01 - Traffic signal,02 - Intersection related,01 - Daylight,02 - Non-fatal injury,03 - Rear end,Cityview - Skyline - Fisher Heights
84,BARNSDALE RD @ GREENBANK RD,365591.6526,5010927.877,-75.72573245,45.23568796,2015-01-21,16:51,01 - Clear,06 - Ice,02 - Stop sign,03 - At intersection,05 - Dusk,02 - Non-fatal injury,02 - Angle,New Barrhaven
85,COVENTRY RD @ VANIER PKWY,370677.1078,5031611.583,-75.65821642,45.42133707,2015-01-22,8:27,01 - Clear,01 - Dry,01 - Traffic signal,02 - Intersection related,01 - Daylight,02 - Non-fatal injury,03 - Rear end,Overbrook
86,TRIM RD btwn WALL RD & NAVAN RD,387663.4855,5034580.37,-75.4406968,45.44624159,2015-01-16,17:12,05 - Drifting Snow,03 - Loose snow,10 - No control,01 - Non intersection,05 - Dusk,02 - Non-fatal injury,07 - SMV other,Navan - Vars
87,GEORGE ST btwn SUSSEX DR & 26 W OF BYWARD MARKET/FREIMAN MALL,367915.705,5032159.264,-75.6934281,45.4265195,2015-06-17,22:16,01 - Clear,01 - Dry,10 - No control,04 - At/near private drive,07 - Dark,02 - Non-fatal injury,05 - Turning movement,Byward Market
88,BANK ST @ RIVERSIDE DR S,369304.9695,5027894.633,-75.67623412,45.38802111,2015-08-06,20:07,01 - Clear,01 - Dry,01 - Traffic signal,02 - Intersection related,05 - Dusk,02 - Non-fatal injury,03 - Rear end,Alta Vista
89,PAUL ANKA DR @ UPLANDS DR,369458.2304,5023575.769,-75.67484234,45.3491471,2015-08-11,7:07,02 - Rain,02 - Wet,02 - Stop sign,03 - At intersection,01 - Daylight,02 - Non-fatal injury,02 - Angle,Hunt Club East - Western Community
90,FISHER AVE @ PRINCE OF WALES DR,367162.6687,5023942.993,-75.70408872,45.35265919,2015-01-22,18:09,01 - Clear,06 - Ice,01 - Traffic signal,02 - Intersection related,07 - Dark,02 - Non-fatal injury,03 - Rear end,Borden Farm - Stewart Farm - Parkwood Hills - Fisher Glen
91,CYCLONE TAYLOR BLVD @ PALLADIUM DR,350157.5958,5017583.705,-75.92168739,45.29674283,2015-02-27,18:30,01 - Clear,01 - Dry,01 - Traffic signal,03 - At intersection,07 - Dark,02 - Non-fatal injury,05 - Turning movement,Kanata Lakes - Marchwood Lakeside - Morgan's Grant - Kanata
92,MERIVALE RD @ 170 N OF HUNTCLUB RD/COSTCO/CANA,365548.5265,5022100.576,-75.72491375,45.33622307,2015-02-27,19:37,01 - Clear,01 - Dry,01 - Traffic signal,02 - Intersection related,07 - Dark,02 - Non-fatal injury,03 - Rear end,Tanglewood
93,MARCH RD btwn OLD CARP RD & KLONDIKE RD,349115.1884,5024224.615,-75.9343831,45.35656605,2015-03-07,12:22,01 - Clear,01 - Dry,10 - No control,04 - At/near private drive,01 - Daylight,02 - Non-fatal injury,03 - Rear end,South March
94,OGILVIE RD btwn MATHESON RD & CADBORO RD,373412.0022,5032553.128,-75.62314257,45.42954575,2015-05-08,16:44,01 - Clear,01 - Dry,10 - No control,04 - At/near private drive,01 - Daylight,02 - Non-fatal injury,05 - Turning movement,Industrial Park
95,BASELINE RD/HERON RD @ PRINCE OF WALES DR,366873.7065,5026437.087,-75.70746298,45.37512615,2015-01-04,17:40,01 - Clear,02 - Wet,01 - Traffic signal,03 - At intersection,07 - Dark,02 - Non-fatal injury,05 - Turning movement,Civic Hospital - Experimental Farm - Central Park
96,DOWNPATRICK RD btwn WYMAN CRES & WYMAN PL,370563.5043,5023260.155,-75.6607805,45.34620453,2015-05-08,20:43,01 - Clear,01 - Dry,10 - No control,04 - At/near private drive,07 - Dark,02 - Non-fatal injury,02 - Angle,Hunt Club - Ottawa Airport
97,HAIG DR @ PLEASANT PARK RD,372400.8085,5028586.068,-75.63660815,45.39395039,2015-11-03,8:14,01 - Clear,01 - Dry,02 - Stop sign,03 - At intersection,01 - Daylight,02 - Non-fatal injury,02 - Angle,Elmvale - Eastway - Riverview - Riverview Park West
98,QUEEN MARY ST @ VANIER PKWY,370365.6382,5031956.139,-75.66215012,45.42446651,2015-11-04,1:25,01 - Clear,01 - Dry,01 - Traffic signal,02 - Intersection related,07 - Dark,02 - Non-fatal injury,07 - SMV other,Overbrook
99,ALBION RD @ LESTER RD,372693.7793,5022332.014,-75.63372614,45.33765047,2015-03-03,18:34,03 - Snow,05 - Packed snow,01 - Traffic signal,03 - At intersection,07 - Dark,02 - Non-fatal injury,01 - Approaching,Greenbelt
100,ORLEANS BLVD @ ST. JOSEPH BLVD,380632.7016,5036982.036,-75.53019241,45.46864801,2015-11-11,17:18,01 - Clear,01 - Dry,01 - Traffic signal,03 - At intersection,07 - Dark,02 - Non-fatal injury,02 - Angle,Industrial Park
101,GLADSTONE AVE @ LORETTA AVE,366196.701,5029567.082,-75.71571654,45.40334876,2015-11-11,19:26,02 - Rain,02 - Wet,02 - Stop sign,03 - At intersection,07 - Dark,02 - Non-fatal injury,05 - Turning movement,Centretow
102,BLAIR RD btwn APPLEFORD ST & DUNHAM ST,374282.3766,5033773.551,-75.61184833,45.44044052,2015-04-02,19:50,02 - Rain,02 - Wet,10 - No control,01 - Non intersection,07 - Dark,02 - Non-fatal injury,01 - Approaching,Beacon Hill South - Cardinal Heights