Record,Location,X,Y,lon,lat,Date,Time,Environment,Road_Surface,Traffic_Control,Collision_Location,Light,Collision_Classification,Impact_type,Neighborhood
407,VIEWMOUNT DR @ MERIVALE RD,365193.6971,5022949.576,-75.72933695,45.3438929,2015-09-24,15:25,01 - Clear,01 - Dry,01 - Traffic signal,03 - At intersection,01 - Daylight,02 - Non-fatal injury,05 - Turning movement,Tanglewood
408,275 E OF HAWTHORNE RD/OC TRANSPO TURNAROUND @ HUNT CLUB RD,375721.2322,5026539.337,-75.59449924,45.37520653,2015-09-16,8:19,01 - Clear,01 - Dry,01 - Traffic signal,03 - At intersection,01 - Daylight,02 - Non-fatal injury,02 - Angle,Greenbelt
409,BLAIR RD @ REGIONAL RD 174 S/OR174 IC112 RAMP15,374908.6757,5032662.856,-75.60400188,45.43038459,2015-07-07,16:03,01 - Clear,01 - Dry,01 - Traffic signal,02 - Intersection related,01 - Daylight,02 - Non-fatal injury,03 - Rear end,Pineview
410,HUNTMAR DR btwn OLD CARP RD & BRADLEY SIDE RD,347228.3178,5020115.451,-75.95881741,45.31970733,2015-09-25,11:19,01 - Clear,01 - Dry,10 - No control,01 - Non intersection,01 - Daylight,02 - Non-fatal injury,01 - Approaching,Kanata Lakes - Marchwood Lakeside - Morgan's Grant - Kanata
411,REGIONAL ROAD 174 btwn OR174 IC112 RAMP26 & OR174 IC112 RAMP61,375012.4595,5033008.081,-75.60262645,45.43348032,2015-10-13,7:25,02 - Rain,02 - Wet,10 - No control,01 - Non intersection,01 - Daylight,02 - Non-fatal injury,03 - Rear end,Greenbelt
412,PLEASANT PARK RD @ ST. LAURENT BLVD,373597.7279,5028795.19,-75.62129382,45.39571541,2015-10-13,12:29,02 - Rain,02 - Wet,01 - Traffic signal,02 - Intersection related,01 - Daylight,02 - Non-fatal injury,03 - Rear end,Urbandale
413,BANK ST @ JOHNSTON RD,370851.0098,5024837.726,-75.65690124,45.36037201,2015-09-24,22:03,01 - Clear,01 - Dry,01 - Traffic signal,03 - At intersection,07 - Dark,02 - Non-fatal injury,05 - Turning movement,South Keys - Heron Gate - Greenboro West
414,BANK ST @ ROSEBELLA AVE,373207.6708,5023550.032,-75.62700159,45.34855984,2015-02-14,11:10,03 - Snow,03 - Loose snow,01 - Traffic signal,03 - At intersection,01 - Daylight,02 - Non-fatal injury,02 - Angle,Blossom Park - Blossom Park West - Sawmill Creek/ Timbermill
415,LIMEBANK RD/RIVERSIDE DR @ RIVER RD,368403.2763,5020477.672,-75.68870229,45.32136753,2015-09-21,8:08,01 - Clear,01 - Dry,01 - Traffic signal,02 - Intersection related,01 - Daylight,02 - Non-fatal injury,03 - Rear end,Greenbelt
416,FERGUSON ST @ GAGE CRES,363405.9698,5024396.444,-75.75197606,45.35706331,2015-10-04,11:42,01 - Clear,01 - Dry,03 - Yield sign,03 - At intersection,01 - Daylight,02 - Non-fatal injury,02 - Angle,Braemar Park - Bel Air Heights - Copeland Park
417,BANK ST btwn ALTA VISTA DR & ERIE AVE,370242.286,5026217.607,-75.6644876,45.37284484,2015-01-05,12:19,01 - Clear,01 - Dry,10 - No control,04 - At/near private drive,01 - Daylight,02 - Non-fatal injury,03 - Rear end,Ledbury - Heron Gate - Ridgemont - Elmwood
418,BASELINE RD btwn 207 E OF CLYDE AVE & LOBLAWS SC,364635.9164,5025061.562,-75.73619836,45.36294407,2015-01-06,6:20,01 - Clear,06 - Ice,10 - No control,01 - Non intersection,07 - Dark,02 - Non-fatal injury,03 - Rear end,Civic Hospital - Experimental Farm - Central Park
419,CARLING AVE @ SCRIVENS ST,359422.7041,5024258.03,-75.8028283,45.3561395,2015-01-22,8:13,01 - Clear,01 - Dry,01 - Traffic signal,03 - At intersection,01 - Daylight,02 - Non-fatal injury,07 - SMV other,Bayshore
420,DUNROBIN RD @ KERWIN RD,346290.6037,5027174.061,-75.97018535,45.38327876,2015-02-04,15:55,03 - Snow,04 - Slush,02 - Stop sign,02 - Intersection related,01 - Daylight,02 - Non-fatal injury,05 - Turning movement,Carp - Hardwood Plains
421,EARL MULLIGAN DR @ WOODROFFE AVE,365248.7735,5017505.978,-75.72929856,45.29490718,2015-02-04,19:17,03 - Snow,04 - Slush,01 - Traffic signal,03 - At intersection,07 - Dark,02 - Non-fatal injury,05 - Turning movement,Greenbelt
422,GOULBOURN FORCED RD btwn TERRY FOX DR & KANATA ROCKERIES PRIV,349360.6092,5022819.815,-75.93137741,45.34390979,2015-09-19,0:12,01 - Clear,01 - Dry,10 - No control,01 - Non intersection,07 - Dark,02 - Non-fatal injury,99 - Other,South March
423,DONALD ST @ 110 E OF ST. LAURENT BLVD ,372203.9134,5032483.464,-75.63858964,45.42903642,2015-09-26,15:15,01 - Clear,01 - Dry,01 - Traffic signal,03 - At intersection,01 - Daylight,02 - Non-fatal injury,02 - Angle,Cummings
424,BASELINE RD btwn NAVAHO DR & DEERFIELD DR,363212.7006,5024176.519,-75.75446865,45.35510058,2015-09-30,16:41,01 - Clear,01 - Dry,10 - No control,01 - Non intersection,01 - Daylight,02 - Non-fatal injury,03 - Rear end,Braemar Park - Bel Air Heights - Copeland Park
425,LYON ST @ WELLINGTON ST,366934.5503,5031425.806,-75.70605783,45.42000792,2015-07-10,18:45,01 - Clear,01 - Dry,01 - Traffic signal,03 - At intersection,01 - Daylight,02 - Non-fatal injury,05 - Turning movement,Downtown
426,NAVAHO DR @ WOODROFFE AVE/TRANSITWAY N BASELIN,362703.6836,5023492.801,-75.76104484,45.34899076,2015-10-08,13:41,01 - Clear,01 - Dry,01 - Traffic signal,02 - Intersection related,01 - Daylight,02 - Non-fatal injury,04 - Sideswipe,Crestview - Meadowlands
427,EAGLESON RD @ KATIMAVIK RD/TIMM DR,353213.6602,5019564.988,-75.88253102,45.31436692,2015-01-09,7:25,03 - Snow,06 - Ice,01 - Traffic signal,02 - Intersection related,03 - Dawn,02 - Non-fatal injury,03 - Rear end,Katimavik - Hazeldean
428,INNES RD btwn 260 E OF BELCOURT BLVD/WALMART SC & JEANNE D'ARC BLVD/ME,382625.2235,5035560.325,-75.50493938,45.45563751,2015-02-05,16:59,01 - Clear,02 - Wet,10 - No control,01 - Non intersection,01 - Daylight,02 - Non-fatal injury,03 - Rear end,Chapel Hill South
429,BANK ST btwn MASON ST & MEADOW DR,378130.2553,5014963.061,-75.5654598,45.27080086,2015-07-07,6:03,01 - Clear,01 - Dry,10 - No control,01 - Non intersection,01 - Daylight,02 - Non-fatal injury,07 - SMV other,Greely
430,RAMSAYVILLE RD @ RUSSELL RD N,377777.0408,5026758.894,-75.5682223,45.3769709,2015-08-09,13:59,01 - Clear,08 - Loose sand or gravel,02 - Stop sign,02 - Intersection related,01 - Daylight,02 - Non-fatal injury,07 - SMV other,Greenbelt
431,MARCH RD @ TERRY FOX DR,349865.3293,5023399.149,-75.92488439,45.34909052,2015-09-28,6:25,01 - Clear,01 - Dry,01 - Traffic signal,03 - At intersection,03 - Dawn,02 - Non-fatal injury,05 - Turning movement,South March
432,HOLLY ACRES RD @ CARLING AVE,358235.377,5023496.437,-75.81806385,45.34937815,2015-07-13,15:30,01 - Clear,01 - Dry,01 - Traffic signal,02 - Intersection related,01 - Daylight,02 - Non-fatal injury,05 - Turning movement,Bayshore
433,HAWTHORNE RD btwn BLAIS RD & RIDEAU RD,378150.3354,5020049.456,-75.5644517,45.31656392,2015-09-30,22:25,01 - Clear,01 - Dry,10 - No control,01 - Non intersection,07 - Dark,02 - Non-fatal injury,07 - SMV other,Greenbelt
434,BEAUDRY ST @ DONALD ST,370834.9916,5032326.779,-75.65610331,45.42775722,2015-10-09,19:50,01 - Clear,01 - Dry,02 - Stop sign,03 - At intersection,07 - Dark,02 - Non-fatal injury,07 - SMV other,Overbrook
435,BRONSON AVE @ HWY 417 BRONSON IC121AR51,367288.7124,5029710.919,-75.70175027,45.40454634,2015-08-20,9:36,01 - Clear,01 - Dry,01 - Traffic signal,02 - Intersection related,01 - Daylight,02 - Non-fatal injury,02 - Angle,Centretown West
436,SOUTHVALE CRES btwn ERINBROOK CRES & DELRIDGE LANE,374185.6667,5029169.753,-75.6137327,45.39902753,2015-09-22,20:26,01 - Clear,01 - Dry,10 - No control,01 - Non intersection,07 - Dark,02 - Non-fatal injury,06 - SMV unattended vehicle,Sheffield Glen
437,ROBERTSON RD btwn MOODIE DR & VANIER RD,357096.9224,5020471.424,-75.83291135,45.32224465,2015-09-26,17:48,01 - Clear,01 - Dry,10 - No control,04 - At/near private drive,01 - Daylight,02 - Non-fatal injury,02 - Angle,Bells Corners East
438,UPPER DWYER HILL RD btwn GALETTA SIDE RD & OTTAWA ROAD 29,318677.9466,5030901.78,-76.32267715,45.41791412,2015-09-28,8:25,01 - Clear,01 - Dry,10 - No control,01 - Non intersection,01 - Daylight,02 - Non-fatal injury,07 - SMV other,Arnprior
439,WALDEN DR @ KANATA AVE,350015.0229,5020575.67,-75.92323211,45.32367455,2015-09-23,6:53,01 - Clear,01 - Dry,02 - Stop sign,03 - At intersection,03 - Dawn,02 - Non-fatal injury,05 - Turning movement,Kanata Lakes - Marchwood Lakeside - Morgan's Grant - Kanata
440,CARLING AVE @ PRESTON ST,366830.4307,5028935.914,-75.70770141,45.39761382,2015-10-05,6:19,01 - Clear,01 - Dry,01 - Traffic signal,03 - At intersection,07 - Dark,02 - Non-fatal injury,05 - Turning movement,Centretown West
441,ALPINE AVE @ CARLING AVE,360496.677,5024942.879,-75.78904462,45.36221726,2015-10-10,10:11,01 - Clear,01 - Dry,01 - Traffic signal,03 - At intersection,01 - Daylight,02 - Non-fatal injury,05 - Turning movement,Whitehaven - Queensway Terrace North
442,BANK ST @ HUNT CLUB RD,371609.4572,5024096.146,-75.64732144,45.35362766,2015-10-12,6:49,01 - Clear,01 - Dry,01 - Traffic signal,03 - At intersection,03 - Dawn,02 - Non-fatal injury,02 - Angle,South Keys - Heron Gate - Greenboro West
443,BRIDGE ST @ LONG ISLAND RD,369059.709,5010344.917,-75.68164155,45.23013455,2015-02-07,21:04,03 - Snow,03 - Loose snow,01 - Traffic signal,03 - At intersection,07 - Dark,02 - Non-fatal injury,05 - Turning movement,Manotick
444,METCALFE ST @ SOMERSET ST,368009.9836,5031103.492,-75.69235887,45.41701151,2015-09-08,9:26,01 - Clear,01 - Dry,01 - Traffic signal,03 - At intersection,01 - Daylight,02 - Non-fatal injury,02 - Angle,Centretown
445,DORCHESTER AVE @ SILVER ST,365159.1284,5026736.521,-75.72931554,45.3779702,2015-07-16,7:57,01 - Clear,01 - Dry,02 - Stop sign,03 - At intersection,01 - Daylight,02 - Non-fatal injury,02 - Angle,Carlington
446,INNES RD @ TENTH LINE RD,383951.7603,5036159.2,-75.48788473,45.46087664,2015-09-28,16:07,02 - Rain,02 - Wet,01 - Traffic signal,02 - Intersection related,01 - Daylight,02 - Non-fatal injury,03 - Rear end,Queenswood Heights
447,CENTREPOINTE DR @ HEMMINGWOOD WAY E,362327.7336,5023204.859,-75.76587574,45.34643081,2015-09-23,7:54,01 - Clear,01 - Dry,02 - Stop sign,02 - Intersection related,01 - Daylight,02 - Non-fatal injury,03 - Rear end,Centrepointe
448,BRONSON AVE @ SOMERSET ST,366967.6961,5030476.212,-75.70575413,45.41146081,2015-08-30,0:19,01 - Clear,01 - Dry,01 - Traffic signal,03 - At intersection,07 - Dark,02 - Non-fatal injury,02 - Angle,Chinatown
449,CASTLEFRANK RD @ KATIMAVIK RD,351950.4529,5018942.435,-75.89870034,45.308851,2015-09-29,18:11,02 - Rain,02 - Wet,01 - Traffic signal,02 - Intersection related,01 - Daylight,02 - Non-fatal injury,07 - SMV other,Katimavik - Hazeldean
450,INNES RD btwn WILDFLOWER DR & CHAPELIER PRIV,382946.8453,5035696.682,-75.50080613,45.45682843,2015-09-30,12:52,01 - Clear,01 - Dry,10 - No control,01 - Non intersection,01 - Daylight,02 - Non-fatal injury,03 - Rear end,Queenswood Heights
451,CARLING AVE btwn RICHARDSON SIDE RD & HERZBERG RD,351956.5056,5022289.042,-75.89830445,45.33896408,2015-09-23,8:57,01 - Clear,01 - Dry,10 - No control,01 - Non intersection,01 - Daylight,02 - Non-fatal injury,07 - SMV other,South March
452,INNES RD EB btwn ORLEANS BLVD & INNES RD,380553.0474,5034333.52,-75.53161894,45.44482738,2015-10-05,18:56,01 - Clear,01 - Dry,10 - No control,01 - Non intersection,05 - Dusk,02 - Non-fatal injury,04 - Sideswipe,Chapel Hill South
453,HUNT CLUB RD @ DOWNPATRICK RD/MCCARTHY RD,370508.4551,5023399.428,-75.66146441,45.34746283,2015-09-22,9:40,01 - Clear,01 - Dry,01 - Traffic signal,02 - Intersection related,01 - Daylight,02 - Non-fatal injury,03 - Rear end,Hunt Club East - Western Community
454,RIVERSIDE DR @ PLEASANT PARK RD,369561.251,5028414.532,-75.67289337,45.39267534,2015-02-09,14:58,03 - Snow,04 - Slush,01 - Traffic signal,02 - Intersection related,01 - Daylight,02 - Non-fatal injury,99 - Other,Alta Vista
455,CONROY RD @ ST. LAURENT BLVD,373070.6882,5027158.942,-75.6282509,45.38104474,2015-05-04,6:51,01 - Clear,01 - Dry,01 - Traffic signal,03 - At intersection,01 - Daylight,02 - Non-fatal injury,05 - Turning movement,Industrial Park
456,PHILIP ST btwn WAYNE ST & WHITE SPRUCE ST,375577.8461,5001183.913,-75.5999419,45.14708062,2015-09-02,0:00,01 - Clear,01 - Dry,10 - No control,01 - Non intersection,00 - Unknown,02 - Non-fatal injury,07 - SMV other,Kars - Osgoode
457,CLEROUX CRES E @ INNES RD E,379411.746,5033669.646,-75.54630725,45.43897707,2015-10-01,7:24,01 - Clear,01 - Dry,02 - Stop sign,02 - Intersection related,01 - Daylight,02 - Non-fatal injury,03 - Rear end,Blackburn Hamlet
458,DAVIDSON RD btwn CONROY RD & HAWTHORNE RD,375841.9705,5024256.982,-75.59328603,45.35465877,2015-10-05,21:43,01 - Clear,01 - Dry,10 - No control,01 - Non intersection,07 - Dark,02 - Non-fatal injury,04 - Sideswipe,Greenbelt
459,ST. LAURENT BLVD @ WALKLEY RD,373903.4708,5028045.774,-75.6174942,45.3889424,2015-10-07,11:18,01 - Clear,01 - Dry,01 - Traffic signal,03 - At intersection,01 - Daylight,02 - Non-fatal injury,05 - Turning movement,Hawthorne Meadows
460,CARLING AVE WB btwn SHERBOURNE RD & BROADVIEW AVE,363064.9328,5026565.562,-75.75607275,45.37660921,2015-09-23,11:42,01 - Clear,01 - Dry,10 - No control,04 - At/near private drive,01 - Daylight,02 - Non-fatal injury,02 - Angle,Carlingwood - McKellar Park - Laurentien View
461,BRONSON AVE @ FIFTH AVE/MADAWASKA DR,367612.2713,5028938.914,-75.69771576,45.39757111,2015-09-23,14:34,01 - Clear,01 - Dry,01 - Traffic signal,02 - Intersection related,01 - Daylight,02 - Non-fatal injury,03 - Rear end,The Glebe
462,MONTREAL RD btwn CENTER ST & BRITTANY DR,371865.7125,5033972.922,-75.64270839,45.44247037,2015-10-06,9:35,01 - Clear,01 - Dry,10 - No control,04 - At/near private drive,01 - Daylight,02 - Non-fatal injury,05 - Turning movement,Cummings
463,BANK ST btwn CECIL AVE & HERON RD,369957.5218,5026949.2,-75.66802632,45.37945401,2015-09-24,23:29,01 - Clear,01 - Dry,10 - No control,01 - Non intersection,07 - Dark,02 - Non-fatal injury,04 - Sideswipe,Alta Vista
464,RICHMOND RD @ STINSON AVE,357871.6309,5020930.978,-75.82298076,45.32632161,2015-01-14,9:34,01 - Clear,02 - Wet,01 - Traffic signal,03 - At intersection,01 - Daylight,02 - Non-fatal injury,07 - SMV other,Bells Corners East
465,ISABELLA ST/HWY 417 O'CONN IC119BR57 @ O'CONNO,368298.2901,5030309.566,-75.68877781,45.40984192,2015-10-10,8:03,01 - Clear,01 - Dry,01 - Traffic signal,03 - At intersection,01 - Daylight,02 - Non-fatal injury,05 - Turning movement,The Glebe
466,RUSSELL RD btwn RAMSAYVILLE RD & TREADWELL RD,377809.4732,5026797.812,-75.5678025,45.37731768,2015-04-13,17:06,01 - Clear,01 - Dry,10 - No control,01 - Non intersection,01 - Daylight,02 - Non-fatal injury,07 - SMV other,Greenbelt
467,RICHMOND RD @ TWEEDSMUIR AVE,363518.9718,5028482.91,-75.75004799,45.39382331,2015-08-22,14:58,02 - Rain,02 - Wet,02 - Stop sign,03 - At intersection,01 - Daylight,02 - Non-fatal injury,07 - SMV other,Westboro
468,CONOVER ST @ KNOXDALE RD,361984.403,5021005.848,-75.77051081,45.32667227,2015-10-07,17:40,01 - Clear,01 - Dry,02 - Stop sign,02 - Intersection related,01 - Daylight,02 - Non-fatal injury,03 - Rear end,Woodvale - Craig Henry - Manordale - Estates of Arlington Wo
469,ANDERSON RD @ INNES RD,376282.1825,5031841.204,-75.58656975,45.42285282,2015-10-06,15:10,01 - Clear,01 - Dry,01 - Traffic signal,03 - At intersection,01 - Daylight,02 - Non-fatal injury,05 - Turning movement,Greenbelt
470,INNES RD btwn STONEHENGE CRES & BLAIR RD,375557.1133,5031428.384,-75.59589312,45.41921221,2015-06-03,9:17,01 - Clear,01 - Dry,10 - No control,01 - Non intersection,01 - Daylight,02 - Non-fatal injury,04 - Sideswipe,Greenbelt
471,WEST HUNT CLUB RD btwn MOODIE DR & HWY416 IC72 RAMP53,358009.994,5018559.357,-75.82147056,45.30497107,2015-09-23,16:58,01 - Clear,01 - Dry,10 - No control,01 - Non intersection,01 - Daylight,02 - Non-fatal injury,03 - Rear end,Greenbelt
472,CARLING AVE @ RICHMOND RD,360244.2376,5024781.873,-75.79228477,45.36078854,2015-09-23,17:37,01 - Clear,01 - Dry,01 - Traffic signal,02 - Intersection related,01 - Daylight,02 - Non-fatal injury,03 - Rear end,Whitehaven - Queensway Terrace North
473,JOCKVALE RD/RIDEAU VALLEY DR @ PRINCE OF WALES,366709.5514,5012195.412,-75.71133799,45.24699582,2015-10-06,16:58,01 - Clear,01 - Dry,01 - Traffic signal,03 - At intersection,01 - Daylight,02 - Non-fatal injury,05 - Turning movement,New Barrhaven
474,BAYSHORE DR @ WOODRIDGE CRES S,359232.7051,5023509.024,-75.80533561,45.34941471,2015-01-14,21:21,01 - Clear,02 - Wet,01 - Traffic signal,03 - At intersection,07 - Dark,02 - Non-fatal injury,99 - Other,Bayshore
475,CARLING AVE btwn DAVIDSON'S SIDE RD & GRANDVIEW RD,355436.8356,5024140.402,-75.85371022,45.35538025,2015-01-29,22:21,03 - Snow,03 - Loose snow,10 - No control,01 - Non intersection,07 - Dark,02 - Non-fatal injury,01 - Approaching,Crystal Bay - Lakeview Park - Britannia Village
476,DES EPINETTES AVE @ PRESTWICK DR,383334.7613,5036663.489,-75.49569252,45.46548341,2015-09-09,17:05,01 - Clear,01 - Dry,02 - Stop sign,02 - Intersection related,01 - Daylight,02 - Non-fatal injury,07 - SMV other,Queenswood Heights
477,BASELINE RD @ JOHN SUTHERLAND DR/VALLEY STREAM,359310.6671,5021787.689,-75.8045304,45.33392005,2015-09-23,19:08,01 - Clear,01 - Dry,01 - Traffic signal,03 - At intersection,05 - Dusk,02 - Non-fatal injury,05 - Turning movement,Briar Green - Leslie Park
478,REGIONAL RD 174 @ TRIM RD,384352.574,5039989.26,-75.48214004,45.49529035,2015-07-24,17:00,01 - Clear,01 - Dry,01 - Traffic signal,02 - Intersection related,01 - Daylight,02 - Non-fatal injury,03 - Rear end,Chatelaine Village
479,YOUNG ST @ PRESTON ST,366589.6662,5029487.075,-75.71070729,45.40259431,2015-02-12,15:23,01 - Clear,04 - Slush,02 - Stop sign,02 - Intersection related,01 - Daylight,02 - Non-fatal injury,03 - Rear end,Little Italy
480,EARL ARMSTRONG RD @ RIVER RD,367572.7185,5014686.199,-75.70002857,45.26933132,2015-10-01,14:39,01 - Clear,01 - Dry,01 - Traffic signal,02 - Intersection related,01 - Daylight,02 - Non-fatal injury,03 - Rear end,Gloucester
481,MANOTICK STATION RD btwn HERBERTS CORNERS RD & SNAKE ISLAND RD,376762.4952,5005721.749,-75.58422496,45.1877915,2015-06-15,2:43,01 - Clear,01 - Dry,10 - No control,01 - Non intersection,07 - Dark,02 - Non-fatal injury,07 - SMV other,Kars - Osgoode
482,HUNT CLUB RD btwn ESSON ST & BLOHM DR,374769.4678,5025983.557,-75.60672832,45.37030157,2015-09-09,17:27,01 - Clear,01 - Dry,10 - No control,01 - Non intersection,01 - Daylight,02 - Non-fatal injury,03 - Rear end,Hunt Club
483,CENTREPOINTE DR @ PINETRAIL CRES N,362654.9686,5022422.845,-75.76179162,45.33936739,2015-09-29,15:17,01 - Clear,01 - Dry,02 - Stop sign,03 - At intersection,01 - Daylight,02 - Non-fatal injury,02 - Angle,Centrepointe
484,HAIG DR @ SMYTH RD,372564.0042,5029298.188,-75.63442624,45.40034197,2015-09-29,16:25,02 - Rain,02 - Wet,01 - Traffic signal,03 - At intersection,01 - Daylight,02 - Non-fatal injury,05 - Turning movement,Elmvale - Eastway - Riverview - Riverview Park West
485,ST. LAURENT BLVD btwn TREMBLAY RD & SHORE ST,372602.4609,5031223.745,-75.63367024,45.41766354,2015-01-17,17:20,01 - Clear,06 - Ice,10 - No control,01 - Non intersection,05 - Dusk,02 - Non-fatal injury,03 - Rear end,Industrial Park
486,INNES RD @ PORTOBELLO BLVD,385630.3283,5036892.191,-75.4663038,45.46727919,2015-06-24,18:00,01 - Clear,01 - Dry,01 - Traffic signal,03 - At intersection,01 - Daylight,02 - Non-fatal injury,02 - Angle,Fallingbrook
487,LIMEBANK RD/RIVERSIDE DR @ RIVER RD,368406.102,5020478.809,-75.6886661,45.32137751,2015-04-05,1:22,01 - Clear,01 - Dry,01 - Traffic signal,03 - At intersection,07 - Dark,02 - Non-fatal injury,07 - SMV other,Greenbelt
488,STONECREST RD btwn AYLWIN RD & GALETTA SIDE RD,330094.0687,5038848.192,-76.17640293,45.48909926,2015-02-06,13:14,03 - Snow,05 - Packed snow,10 - No control,01 - Non intersection,01 - Daylight,02 - Non-fatal injury,07 - SMV other,Fitzro
489,WEST HUNT CLUB RD EB btwn WOODROFFE AVE & 354 E OF WOODROFFE AVE/REC P,363688.4575,5021261.21,-75.74874403,45.3288291,2015-01-08,14:08,03 - Snow,03 - Loose snow,10 - No control,01 - Non intersection,01 - Daylight,02 - Non-fatal injury,03 - Rear end,Tanglewood
490,RIVER RD btwn HONEY GABLES DR & RYEBURN DR,368033.6224,5016141.102,-75.6939701,45.2823811,2015-02-18,7:30,03 - Snow,05 - Packed snow,10 - No control,01 - Non intersection,01 - Daylight,02 - Non-fatal injury,03 - Rear end,Gloucester
491,STAGECOACH RD btwn SNAKE ISLAND RD & HERBERTS CORNERS RD,377918.7216,5007773.247,-75.56921217,45.2061314,2015-05-01,21:34,01 - Clear,01 - Dry,10 - No control,01 - Non intersection,07 - Dark,02 - Non-fatal injury,07 - SMV other,Osgoode
492,JOSEPH CYR ST btwn LEMIEUX ST & CYRVILLE RD,372510.8147,5031824.544,-75.63475853,45.42307812,2015-05-02,10:00,01 - Clear,01 - Dry,10 - No control,04 - At/near private drive,01 - Daylight,02 - Non-fatal injury,07 - SMV other,Cummings
493,RIVERSIDE DR NB btwn INDUSTRIAL AVE & TREMBLAY RD,370789.548,5030912.293,-75.65687346,45.41503455,2015-05-02,11:59,01 - Clear,01 - Dry,10 - No control,01 - Non intersection,01 - Daylight,02 - Non-fatal injury,07 - SMV other,Industrial Park
494,DALMENY RD @ STAGECOACH RD,377863.3349,4999237.642,-75.57116626,45.12933569,2015-04-22,6:24,02 - Rain,02 - Wet,02 - Stop sign,03 - At intersection,01 - Daylight,02 - Non-fatal injury,02 - Angle,Kars - Osgoode
495,WALKLEY RD btwn HARDING RD & HALIFAX DR,373168.9717,5027618.656,-75.6269324,45.38517147,2015-04-20,17:14,01 - Clear,02 - Wet,10 - No control,04 - At/near private drive,01 - Daylight,02 - Non-fatal injury,02 - Angle,Urbandale
496,OGILVIE RD @ BATHGATE DR/CITYPARK DR W,373829.686,5032800.095,-75.61777061,45.43172673,2015-04-20,17:13,01 - Clear,02 - Wet,01 - Traffic signal,03 - At intersection,01 - Daylight,02 - Non-fatal injury,05 - Turning movement,Industrial Park
497,GOULBURN AVE btwn LAURIER AVE E & OSGOODE ST,369306.5916,5032262.662,-75.67564189,45.42732295,2015-04-15,13:30,01 - Clear,01 - Dry,10 - No control,01 - Non intersection,01 - Daylight,02 - Non-fatal injury,05 - Turning movement,Sandy Hill
498,HUNT CLUB RD @ BRIDLE PATH DR/DAZE ST,371291.7289,5023864.022,-75.65140732,45.35156928,2015-04-27,13:06,01 - Clear,01 - Dry,01 - Traffic signal,03 - At intersection,01 - Daylight,02 - Non-fatal injury,05 - Turning movement,South Keys - Heron Gate - Greenboro West
499,WOODCLIFFE PRIV @ JEANNE D'ARC BLVD,380103.0832,5036228.924,-75.53708,45.4619294,2015-02-26,21:25,01 - Clear,01 - Dry,02 - Stop sign,03 - At intersection,07 - Dark,02 - Non-fatal injury,07 - SMV other,Chapel Hill
500,RIDEAU ST btwn CUMBERLAND ST & KING EDWARD AVE,368484.4047,5032398.966,-75.68613028,45.42862471,2015-04-13,15:26,01 - Clear,01 - Dry,10 - No control,01 - Non intersection,01 - Daylight,02 - Non-fatal injury,04 - Sideswipe,Byward Market
501,WEST HUNT CLUB RD EB btwn 354 E OF WOODROFFE AVE/REC PATH & CLEOPATRA ,365141.2422,5021697.313,-75.73015896,45.3326297,2015-03-13,0:22,01 - Clear,01 - Dry,10 - No control,01 - Non intersection,07 - Dark,02 - Non-fatal injury,07 - SMV other,Merivale Gardens - Grenfell Glen - Pineglen - Country Place
502,RICHMOND RD @ NORTHSIDE RD E,358329.712,5021227.274,-75.81710554,45.32895292,2015-01-05,18:15,01 - Clear,06 - Ice,01 - Traffic signal,02 - Intersection related,07 - Dark,02 - Non-fatal injury,02 - Angle,Bells Corners East
503,BRONSON AVE @ SOMERSET ST,366968.66,5030475.126,-75.70574195,45.41145095,2015-04-01,16:21,01 - Clear,01 - Dry,01 - Traffic signal,02 - Intersection related,01 - Daylight,02 - Non-fatal injury,03 - Rear end,Chinatown
504,INNES RD @ 215 W OF CYRVILLE RD/HOME DEPOT W,374863.8856,5030999.338,-75.60481083,45.41542165,2015-03-18,13:23,01 - Clear,01 - Dry,01 - Traffic signal,02 - Intersection related,01 - Daylight,02 - Non-fatal injury,03 - Rear end,Industrial Park
505,BAYSWATER AVE @ GLADSTONE AVE,366000.7044,5029480.048,-75.71823077,45.40258282,2015-02-05,12:54,01 - Clear,02 - Wet,01 - Traffic signal,03 - At intersection,01 - Daylight,02 - Non-fatal injury,02 - Angle,Civi
506,WOODROFFE AVE btwn HWY417 IC127 RAMP36 & HWY417 IC127 RAMP62,362044.1327,5025041.204,-75.76928191,45.36297732,2015-05-01,9:24,01 - Clear,01 - Dry,10 - No control,01 - Non intersection,01 - Daylight,02 - Non-fatal injury,05 - Turning movement,Carlingwood West - Glabar Park - McKellar Heights
507,RICHMOND RD btwn STINSON AVE & STAFFORD RD,358034.4414,5021025.952,-75.82089377,45.32716387,2015-04-17,7:16,01 - Clear,01 - Dry,10 - No control,04 - At/near private drive,01 - Daylight,02 - Non-fatal injury,02 - Angle,Bells Corners East
508,BASELINE RD @ CORDOVA ST,363593.6882,5024409.044,-75.7495788,45.35716097,2015-05-02,16:25,01 - Clear,01 - Dry,01 - Traffic signal,03 - At intersection,01 - Daylight,02 - Non-fatal injury,02 - Angle,Braemar Park - Bel Air Heights - Copeland Park