Record,Location,X,Y,lon,lat,Date,Time,Environment,Road_Surface,Traffic_Control,Collision_Location,Light,Collision_Classification,Impact_type,Neighborhood
509,BRONSON AVE @ KIPPEWA DR,367559.6084,5029074.111,-75.69837114,45.39879229,2015-05-02,17:08,01 - Clear,01 - Dry,02 - Stop sign,03 - At intersection,01 - Daylight,02 - Non-fatal injury,03 - Rear end,The Glebe
510,CARP RD btwn LLOYDALEX CRES & ROTHBOURNE RD,348077.5706,5015061.274,-75.9484266,45.2741763,2015-05-03,16:21,01 - Clear,01 - Dry,10 - No control,01 - Non intersection,01 - Daylight,02 - Non-fatal injury,07 - SMV other,Stittsville
511,CATHERINE ST @ ELGIN ST,368551.7457,5030577.09,-75.68550551,45.41222597,2015-02-04,14:57,03 - Snow,03 - Loose snow,01 - Traffic signal,02 - Intersection related,01 - Daylight,02 - Non-fatal injury,03 - Rear end,Centretown
512,KING EDWARD AVE @ MURRAY ST,368292.6637,5032753.1,-75.68853477,45.43182851,2015-04-30,19:53,01 - Clear,01 - Dry,01 - Traffic signal,02 - Intersection related,07 - Dark,02 - Non-fatal injury,07 - SMV other,Byward Market
513,MONTREAL RD @ SHEFFORD RD,376124.7666,5034854.057,-75.5881445,45.44997671,2015-04-30,16:30,01 - Clear,01 - Dry,01 - Traffic signal,03 - At intersection,01 - Daylight,02 - Non-fatal injury,07 - SMV other,Beacon Hill South - Cardinal Heights
514,RIVERSIDE DR btwn KIMBERWICK CRES & MALHOTRA CRT,368198.8872,5022846.848,-75.69100568,45.3427034,2015-03-21,6:36,03 - Snow,06 - Ice,10 - No control,01 - Non intersection,03 - Dawn,02 - Non-fatal injury,07 - SMV other,Hunt Club Woods - Quintarra - Revelstoke - Riverside South P
515,HENNEPIN ST @ KENNEVALE DR,362269.1292,5014467.289,-75.76763669,45.26781494,2015-01-29,20:31,03 - Snow,03 - Loose snow,02 - Stop sign,02 - Intersection related,07 - Dark,02 - Non-fatal injury,03 - Rear end,Barrhaven West - Old Barrhaven
516,CHIMO DR btwn NANOOK CRES & BERING CRT (1),352571.3681,5018889.207,-75.89078752,45.30833008,2015-04-24,20:25,01 - Clear,01 - Dry,10 - No control,01 - Non intersection,07 - Dark,02 - Non-fatal injury,07 - SMV other,Katimavik - Hazeldean
517,MOODIE DR btwn HADLEY CIRC & TYRRELL PL,357149.299,5020269.416,-75.83226464,45.32042306,2015-05-03,19:56,01 - Clear,01 - Dry,10 - No control,01 - Non intersection,05 - Dusk,02 - Non-fatal injury,07 - SMV other,Bells Corners West
518,BOOTH ST btwn NORMAN ST & CARLING AVE,367002.6077,5029310.765,-75.70545518,45.40097135,2015-04-02,16:53,01 - Clear,01 - Dry,10 - No control,01 - Non intersection,01 - Daylight,02 - Non-fatal injury,03 - Rear end,The Glebe Annex
519,HWY 417 MAITLAND IC126R26/62 @ MAITLAND AVE,363145.5287,5025983.78,-75.75511252,45.37136771,2015-05-04,17:06,02 - Rain,02 - Wet,01 - Traffic signal,03 - At intersection,01 - Daylight,02 - Non-fatal injury,05 - Turning movement,Carlingwood West - Glabar Park - McKellar Heights
520,BANK ST @ WILTON CRES,368579.6379,5028967.028,-75.68535746,45.39773662,2015-01-30,15:45,01 - Clear,01 - Dry,02 - Stop sign,02 - Intersection related,01 - Daylight,02 - Non-fatal injury,03 - Rear end,The Glebe
521,ANAND PRIV btwn END & WALKLEY RD,370209.861,5025871.531,-75.66494736,45.36973398,2015-06-11,13:28,02 - Rain,02 - Wet,10 - No control,04 - At/near private drive,01 - Daylight,03 - P.D. only,02 - Angle,Ledbury - Heron Gate - Ridgemont - Elmwood
522,HUNTMAR DR btwn PALLADIUM DR & MAPLE GROVE RD,349750.1145,5017272.77,-75.92691072,45.29397113,2015-02-19,10:31,01 - Clear,06 - Ice,10 - No control,01 - Non intersection,01 - Daylight,02 - Non-fatal injury,03 - Rear end,Stittsville - Basswood
523,DUMAURIER AVE @ RICHMOND RD,359628.6293,5023735.993,-75.80025808,45.35142614,2015-04-08,21:13,03 - Snow,02 - Wet,01 - Traffic signal,03 - At intersection,07 - Dark,02 - Non-fatal injury,02 - Angle,Whitehaven - Queensway Terrace North
524,PRESTON ST @ PRINCE OF WALES DR/QUEEN ELIZABET,366900.7115,5028775.102,-75.70682406,45.39616064,2015-05-08,16:17,01 - Clear,01 - Dry,01 - Traffic signal,02 - Intersection related,01 - Daylight,02 - Non-fatal injury,03 - Rear end,The Glebe
525,BANK ST @ THIRD AVE,368334.6211,5029553.862,-75.68841109,45.40303904,2015-01-31,16:10,03 - Snow,03 - Loose snow,01 - Traffic signal,02 - Intersection related,05 - Dusk,02 - Non-fatal injury,03 - Rear end,The Glebe
526,LAURIER AVE   E btwn NELSON ST & SWEETLAND AVE,368949.0314,5032160.085,-75.6802242,45.42643289,2015-04-29,18:30,01 - Clear,01 - Dry,10 - No control,01 - Non intersection,01 - Daylight,02 - Non-fatal injury,07 - SMV other,Sandy Hill
527,CANAAN RD @ REGIONAL RD 174,395770.8521,5043413.069,-75.33543869,45.52469776,2015-04-29,18:13,01 - Clear,01 - Dry,01 - Traffic signal,02 - Intersection related,01 - Daylight,02 - Non-fatal injury,03 - Rear end,Clarence-Rockland
528,SLATER ST btwn KENT ST & BANK ST,367281.8737,5031264.734,-75.70164066,45.41852771,2015-03-05,10:58,01 - Clear,01 - Dry,10 - No control,01 - Non intersection,01 - Daylight,02 - Non-fatal injury,07 - SMV other,Downtown
529,GREENBANK RD btwn LARKIN DR & MALVERN DR,363243.1839,5016361.393,-75.75500179,45.28477787,2015-05-04,18:20,02 - Rain,02 - Wet,10 - No control,04 - At/near private drive,01 - Daylight,02 - Non-fatal injury,05 - Turning movement,New Barrhaven
530,ROWALLEN PL btwn SHELLBROOK WAY & SHELLBROOK WAY,372984.3826,5026003.436,-75.62951235,45.37065637,2015-04-13,11:01,01 - Clear,01 - Dry,10 - No control,04 - At/near private drive,01 - Daylight,02 - Non-fatal injury,07 - SMV other,Greenboro East
531,HAWTHORNE RD @ STEVENAGE DR,375136.6347,5027314.167,-75.60185191,45.38223701,2015-05-08,18:50,01 - Clear,01 - Dry,01 - Traffic signal,02 - Intersection related,01 - Daylight,02 - Non-fatal injury,03 - Rear end,Industrial Park
532,LAKERIDGE DR @ LAKERIDGE DR S-1,385041.5819,5034595.748,-75.47420647,45.44668584,2015-04-29,18:04,01 - Clear,01 - Dry,02 - Stop sign,02 - Intersection related,01 - Daylight,02 - Non-fatal injury,04 - Sideswipe,Avalon
533,CONROY RD @ HUNT CLUB RD,373762.8215,5025403.834,-75.61965915,45.36518524,2015-03-29,8:28,01 - Clear,01 - Dry,01 - Traffic signal,03 - At intersection,01 - Daylight,02 - Non-fatal injury,04 - Sideswipe,Greenboro East
534,PALLADIUM DR btwn CYCLONE TAYLOR BLVD & SILVER SEVEN RD,350939.8005,5017820.459,-75.91169271,45.29882228,2015-03-10,22:11,01 - Clear,01 - Dry,10 - No control,01 - Non intersection,07 - Dark,02 - Non-fatal injury,03 - Rear end,Katimavik - Hazeldean
535,HELMSDALE DR @ TERRY FOX DR,350580.8855,5023787.232,-75.91571714,45.35253623,2015-02-15,13:18,01 - Clear,03 - Loose snow,02 - Stop sign,03 - At intersection,01 - Daylight,02 - Non-fatal injury,02 - Angle,South March
536,INNES RD btwn FRANK KENNY RD & FRANK KENNY RD,387626.7928,5037661.417,-75.44064676,45.47396599,2015-04-08,6:02,01 - Clear,01 - Dry,10 - No control,01 - Non intersection,03 - Dawn,02 - Non-fatal injury,07 - SMV other,Navan - Vars
537,WINDHURST DR btwn STONEWAY DR & STONEPOINTE AVE,366412.3972,5016133.059,-75.71463465,45.28245269,2015-01-26,8:42,01 - Clear,01 - Dry,10 - No control,01 - Non intersection,01 - Daylight,02 - Non-fatal injury,01 - Approaching,Chapman Mills - Rideau Crest - Davidson Heights
538,KANATA AVE btwn WALDEN DR & KNUDSON DR,350062.1088,5020572.36,-75.92263181,45.32364174,2015-04-29,16:46,01 - Clear,01 - Dry,10 - No control,01 - Non intersection,01 - Daylight,02 - Non-fatal injury,07 - SMV other,Kanata Lakes - Marchwood Lakeside - Morgan's Grant - Kanata
539,BANK ST @ ROSEBELLA AVE,373206.2023,5023549.825,-75.62702036,45.34855812,2015-03-27,8:40,03 - Snow,03 - Loose snow,01 - Traffic signal,02 - Intersection related,01 - Daylight,02 - Non-fatal injury,03 - Rear end,Blossom Park - Blossom Park West - Sawmill Creek/ Timbermill
540,HUNT CLUB RD @ UPLANDS DR,370154.7995,5023121.974,-75.66601375,45.34499942,2015-05-05,17:18,01 - Clear,01 - Dry,01 - Traffic signal,02 - Intersection related,01 - Daylight,02 - Non-fatal injury,03 - Rear end,Hunt Club East - Western Community
541,ANNA AVE @ CARLING AVE,365198.1567,5027892.323,-75.72867584,45.38836651,2015-03-20,15:20,01 - Clear,01 - Dry,02 - Stop sign,02 - Intersection related,01 - Daylight,02 - Non-fatal injury,03 - Rear end,Carlington
542,HUNT CLUB RD btwn LORRY GREENBERG DR & PIKE ST,373208.0638,5025038.873,-75.62679057,45.36195582,2015-03-27,8:27,03 - Snow,02 - Wet,10 - No control,01 - Non intersection,01 - Daylight,02 - Non-fatal injury,03 - Rear end,Greenboro East
543,HUNT CLUB RD @ CANADAIR PRIV,368663.6813,5022310.048,-75.68514462,45.33783123,2015-04-29,14:13,01 - Clear,01 - Dry,01 - Traffic signal,02 - Intersection related,01 - Daylight,02 - Non-fatal injury,03 - Rear end,Hunt Club - Ottawa Airport
544,CAMPEAU DR @ TERON RD/COLCHESTER SQ,352563.2572,5020469.887,-75.89073855,45.32255393,2015-05-05,19:59,01 - Clear,01 - Dry,01 - Traffic signal,03 - At intersection,05 - Dusk,02 - Non-fatal injury,03 - Rear end,Beaverbrook
545,MILTON RD btwn SMITH RD & PERRAULT RD,387981.5712,5029945.208,-75.43741394,45.40450124,2015-05-06,13:38,01 - Clear,01 - Dry,10 - No control,01 - Non intersection,01 - Daylight,02 - Non-fatal injury,03 - Rear end,Navan - Vars
546,PRINCE OF WALES DR btwn RIDEAU GLEN DR & FALLOWFIELD RD,367455.1465,5018596.624,-75.70103293,45.3045274,2015-01-30,8:58,03 - Snow,06 - Ice,10 - No control,01 - Non intersection,01 - Daylight,02 - Non-fatal injury,07 - SMV other,Greenbelt
547,ALBERT ST btwn BRONSON AVE & BAY ST,366920.5267,5031128.647,-75.70627446,45.41733542,2015-02-04,14:40,03 - Snow,03 - Loose snow,10 - No control,01 - Non intersection,01 - Daylight,02 - Non-fatal injury,03 - Rear end,Downtown
548,HUNT CLUB RD @ RIVERSIDE DR,368036.703,5021945.98,-75.69319014,45.33461221,2015-04-28,19:59,01 - Clear,01 - Dry,01 - Traffic signal,02 - Intersection related,05 - Dusk,02 - Non-fatal injury,03 - Rear end,Hunt Club Woods - Quintarra - Revelstoke - Riverside South P
549,BOOTH ST @ CARLING AVE,367093.748,5029107.042,-75.70431684,45.3991302,2015-05-06,10:23,01 - Clear,01 - Dry,01 - Traffic signal,03 - At intersection,01 - Daylight,02 - Non-fatal injury,03 - Rear end,Centretown West
550,WALKLEY RD @ GLENHAVEN PRIV,370215.1311,5025874.04,-75.66487976,45.36975607,2015-05-06,16:25,01 - Clear,01 - Dry,01 - Traffic signal,03 - At intersection,01 - Daylight,02 - Non-fatal injury,07 - SMV other,Ledbury - Heron Gate - Ridgemont - Elmwood
551,WALLER ST btwn BESSERER ST & DALY AVE,368327.0036,5032155.441,-75.68817303,45.42644787,2015-04-28,12:02,01 - Clear,01 - Dry,10 - No control,01 - Non intersection,01 - Daylight,02 - Non-fatal injury,07 - SMV other,Byward Market - Parliament Hill
552,BAYCREST DR btwn SANDALWOOD DR & WALKLEY RD,371413.0559,5026604.503,-75.64948965,45.37621568,2015-04-27,18:55,01 - Clear,01 - Dry,10 - No control,01 - Non intersection,05 - Dusk,02 - Non-fatal injury,02 - Angle,Ledbury - Heron Gate - Ridgemont - Elmwood
553,SLACK RD btwn TURN LANE & VAAN DR,364455.1293,5020095.804,-75.73910464,45.31827812,2015-02-21,13:05,03 - Snow,03 - Loose snow,10 - No control,01 - Non intersection,01 - Daylight,02 - Non-fatal injury,01 - Approaching,Merivale Gardens - Grenfell Glen - Pineglen - Country Place
554,LENESTER AVE btwn AARON AVE & IROQUOIS RD,362245.987,5025671.562,-75.76663217,45.36863271,2015-05-06,18:36,01 - Clear,01 - Dry,10 - No control,04 - At/near private drive,01 - Daylight,02 - Non-fatal injury,02 - Angle,Glabar Park
555,MARTIN ST @ COLONEL MURRAY ST,357125.2841,5006049.84,-75.8340682,45.19247411,2015-04-28,14:36,01 - Clear,01 - Dry,02 - Stop sign,02 - Intersection related,01 - Daylight,02 - Non-fatal injury,07 - SMV other,Richmond
556,MONTREAL RD @ GRANVILLE ST/LAFONTAINE AVE,370826.0548,5033474.372,-75.65606361,45.43808361,2015-04-26,12:13,01 - Clear,01 - Dry,01 - Traffic signal,03 - At intersection,01 - Daylight,02 - Non-fatal injury,02 - Angle,Vanier South
557,ACACIA AVE btwn ACACIA LANE & COLTRIN RD,369002.884,5035304.474,-75.67912589,45.45471991,2015-02-03,15:40,01 - Clear,03 - Loose snow,10 - No control,01 - Non intersection,01 - Daylight,02 - Non-fatal injury,03 - Rear end,Rockcliffe - Manor Park
558,BANK ST @ ROCKINGHAM AVE,369712.7626,5027323.03,-75.67110208,45.38284034,2015-04-28,17:12,01 - Clear,01 - Dry,02 - Stop sign,03 - At intersection,01 - Daylight,02 - Non-fatal injury,02 - Angle,Alta Vista
559,MEADOWLANDS DR @ MERIVALE RD,364856.7722,5023725.028,-75.73354178,45.35089924,2015-01-31,13:36,01 - Clear,01 - Dry,01 - Traffic signal,02 - Intersection related,01 - Daylight,02 - Non-fatal injury,03 - Rear end,Crestview - Meadowlands
560,ROYDON PL btwn WOODFIELD DR & WEST HUNT CLUB RD,365897.6518,5022286.509,-75.72043675,45.33786576,2015-04-02,17:53,01 - Clear,01 - Dry,10 - No control,04 - At/near private drive,01 - Daylight,02 - Non-fatal injury,02 - Angle,Industrial Park
561,KIRKWOOD AVE btwn CARLING AVE & COLDREY AVE,364357.5116,5027322.053,-75.73947929,45.38330731,2015-11-13,18:13,02 - Rain,02 - Wet,10 - No control,01 - Non intersection,07 - Dark,02 - Non-fatal injury,07 - SMV other,Carlington
562,PRINCE OF WALES DR btwn NATIONAL CAPITAL COMM DRWY & HARTWELL LOCKS/54,366922.7557,5027674.533,-75.70668109,45.38625605,2015-05-07,8:22,01 - Clear,01 - Dry,10 - No control,04 - At/near private drive,01 - Daylight,02 - Non-fatal injury,03 - Rear end,Civic Hospital - Experimental Farm - Central Park
563,GREENBANK RD btwn WEST HUNT CLUB RD & FALLOWFIELD RD,362648.0095,5017700.681,-75.76243189,45.29687804,2015-07-05,1:09,01 - Clear,01 - Dry,10 - No control,01 - Non intersection,07 - Dark,02 - Non-fatal injury,07 - SMV other,Greenbelt
564,VIMY PLACE PRIV @ BOOTH ST,366232.2907,5031083.817,-75.71507294,45.41699282,2015-07-09,23:30,01 - Clear,01 - Dry,01 - Traffic signal,02 - Intersection related,07 - Dark,02 - Non-fatal injury,07 - SMV other,LeBreton Flats
565,BANK ST @ KILBORN AVE/BELANGER AVE,369654.7338,5027428.308,-75.67182917,45.38379297,2015-03-04,13:29,01 - Clear,01 - Dry,01 - Traffic signal,03 - At intersection,01 - Daylight,02 - Non-fatal injury,02 - Angle,Alta Vista
566,GEORGE ST btwn DALHOUSIE ST & CUMBERLAND ST,368260.2464,5032377.463,-75.68899745,45.42845161,2015-09-19,12:44,01 - Clear,01 - Dry,10 - No control,04 - At/near private drive,01 - Daylight,02 - Non-fatal injury,05 - Turning movement,Byward Market
567,BAYSHORE DR @ RICHMOND RD,359372.6852,5023368.044,-75.80356489,45.3481353,2015-10-15,17:35,02 - Rain,02 - Wet,01 - Traffic signal,02 - Intersection related,01 - Daylight,02 - Non-fatal injury,03 - Rear end,Bayshore
568,ROCHESTER ST @ SOMERSET ST,366481.7051,5030202.084,-75.71199679,45.40903729,2015-11-05,19:10,01 - Clear,01 - Dry,01 - Traffic signal,03 - At intersection,07 - Dark,02 - Non-fatal injury,02 - Angle,Centretown West
569,BANK ST @ RIVERSIDE DR N,369227.6436,5027983.064,-75.67720997,45.3888239,2015-02-01,9:06,01 - Clear,02 - Wet,01 - Traffic signal,03 - At intersection,01 - Daylight,02 - Non-fatal injury,02 - Angle,Alta Vista
570,EAGLESON RD @ KAKULU RD,353381.6176,5019150.023,-75.8804297,45.31062138,2015-02-01,9:10,01 - Clear,02 - Wet,01 - Traffic signal,03 - At intersection,01 - Daylight,02 - Non-fatal injury,02 - Angle,Greenbelt
571,CARP RD @ HAZELDEAN RD,348804.5759,5014359.954,-75.9392235,45.26782044,2015-02-11,8:18,01 - Clear,01 - Dry,01 - Traffic signal,02 - Intersection related,01 - Daylight,02 - Non-fatal injury,03 - Rear end,Stittsville
572,MOODIE DR @ RICHMOND RD N,357395.0914,5019689.392,-75.82919127,45.31518557,2015-10-17,15:43,01 - Clear,01 - Dry,02 - Stop sign,03 - At intersection,01 - Daylight,02 - Non-fatal injury,02 - Angle,Bells Corners East
573,PRINCE OF WALES DR btwn WEST HUNT CLUB RD & TURN LANE,367458.7103,5021917.045,-75.70056744,45.33440371,2015-05-07,14:08,01 - Clear,01 - Dry,10 - No control,01 - Non intersection,01 - Daylight,02 - Non-fatal injury,04 - Sideswipe,Industrial Park
574,BLAIR RD @ REGIONAL RD 174 N/OR174 IC112 RAMP61,374634.8018,5032991.505,-75.60745498,45.43336899,2015-07-08,20:25,01 - Clear,01 - Dry,01 - Traffic signal,02 - Intersection related,01 - Daylight,02 - Non-fatal injury,03 - Rear end,Industrial Park
575,EAGLESON RD @ FALLOWFIELD RD,355959.7064,5012595.851,-75.84822857,45.25146256,2015-01-04,13:38,02 - Rain,02 - Wet,01 - Traffic signal,03 - At intersection,01 - Daylight,02 - Non-fatal injury,05 - Turning movement,Stittsville - Basswood
576,BANK ST @ JOHNSTON RD,370850.7666,5024840.01,-75.65690404,45.36039259,2015-10-17,12:50,01 - Clear,02 - Wet,01 - Traffic signal,02 - Intersection related,01 - Daylight,02 - Non-fatal injury,03 - Rear end,South Keys - Heron Gate - Greenboro West
577,ELGIN ST @ MCLEOD ST,368424.7121,5030778.126,-75.68710238,45.41404639,2015-02-11,9:44,01 - Clear,02 - Wet,02 - Stop sign,03 - At intersection,01 - Daylight,02 - Non-fatal injury,05 - Turning movement,Centretown
578,ROGER GUINDON AVE @ SMYTH RD,371935.8377,5029223.752,-75.64245926,45.39973274,2015-02-11,10:01,01 - Clear,01 - Dry,01 - Traffic signal,02 - Intersection related,01 - Daylight,02 - Non-fatal injury,03 - Rear end,Elmvale - Eastway - Riverview - Riverview Park West
579,MERIVALE RD @ 170 N OF HUNTCLUB RD/COSTCO/CANA,365548.1169,5022100.089,-75.72491904,45.33621872,2015-05-07,15:13,01 - Clear,01 - Dry,01 - Traffic signal,02 - Intersection related,01 - Daylight,02 - Non-fatal injury,03 - Rear end,Tanglewood
580,8TH LINE RD @ PARKWAY RD,383165.7945,5016889.659,-75.50099086,45.28759218,2015-07-28,12:47,01 - Clear,01 - Dry,02 - Stop sign,03 - At intersection,01 - Daylight,02 - Non-fatal injury,02 - Angle,Metcalfe
581,INNES RD WB btwn INNES RD W & INNES RD,376726.3038,5032117.443,-75.58085498,45.42529273,2015-07-29,10:00,01 - Clear,01 - Dry,10 - No control,01 - Non intersection,01 - Daylight,02 - Non-fatal injury,03 - Rear end,Greenbelt
582,INDUSTRIAL AVE @ RIVERSIDE DR,370683.7547,5030592.071,-75.6582678,45.41216329,2015-01-05,16:30,04 - Freezing Rain,06 - Ice,01 - Traffic signal,02 - Intersection related,05 - Dusk,02 - Non-fatal injury,03 - Rear end,Industrial Park
583,BASELINE RD @ CENTREPOINTE DR E/HIGHGATE RD,362061.274,5023468.514,-75.76924528,45.34882497,2015-10-18,8:06,01 - Clear,01 - Dry,01 - Traffic signal,02 - Intersection related,01 - Daylight,02 - Non-fatal injury,03 - Rear end,Iris
584,9TH LINE RD @ COOPER HILL RD,385677.9681,5016049.486,-75.46910767,45.27974829,2015-01-09,14:45,01 - Clear,05 - Packed snow,02 - Stop sign,03 - At intersection,01 - Daylight,02 - Non-fatal injury,02 - Angle,Metcalfe
585,GREENBANK RD @ BELLMAN DR/BATEMAN DR,361256.6755,5021016.043,-75.77979237,45.32682292,2015-01-09,18:41,03 - Snow,05 - Packed snow,01 - Traffic signal,03 - At intersection,07 - Dark,02 - Non-fatal injury,02 - Angle,Sheahan Estates - Trend Village - Arlington Woods
586,BLAIR RD @ REGIONAL RD 174 S/OR174 IC112 RAMP15,374907.3895,5032662.319,-75.60401839,45.43037989,2015-02-12,18:18,01 - Clear,03 - Loose snow,01 - Traffic signal,02 - Intersection related,07 - Dark,02 - Non-fatal injury,03 - Rear end,Pineview
587,FALLOWFIELD RD btwn STEEPLE HILL CRES & MOODIE DR,359383.9584,5014600.59,-75.8043867,45.26924423,2015-05-07,19:24,01 - Clear,01 - Dry,10 - No control,04 - At/near private drive,01 - Daylight,02 - Non-fatal injury,03 - Rear end,Greenbelt
588,WALKLEY RD btwn HARDING RD & HALIFAX DR,373471.4848,5027800.444,-75.62304449,45.38677752,2015-07-24,18:32,01 - Clear,01 - Dry,10 - No control,04 - At/near private drive,01 - Daylight,02 - Non-fatal injury,02 - Angle,Urbandale
589,WOODRIDGE CRES btwn BAYSHORE DR & BAYSHORE PS,358895.1385,5023762.677,-75.80961553,45.35172321,2015-01-18,14:37,02 - Rain,02 - Wet,10 - No control,04 - At/near private drive,01 - Daylight,02 - Non-fatal injury,02 - Angle,Bayshore
590,CARLING AVE @ KIRKWOOD AVE S,364350.7366,5027336.103,-75.7395641,45.38343431,2015-04-09,10:55,01 - Clear,01 - Dry,01 - Traffic signal,03 - At intersection,01 - Daylight,02 - Non-fatal injury,05 - Turning movement,Carlington
591,HIGHWAY 417 btwn HWY417 IC144 RAMP25 & HWY417 IC142 RAMP51,348010.119,5016367.492,-75.94917252,45.28593427,2015-10-05,6:45,01 - Clear,01 - Dry,10 - No control,01 - Non intersection,03 - Dawn,02 - Non-fatal injury,07 - SMV other,Stittsville - Basswood
592,LESTER RD btwn ALBION RD & UPLANDS DR,372545.4989,5022221.658,-75.63563297,45.33667186,2015-02-12,6:48,03 - Snow,04 - Slush,10 - No control,01 - Non intersection,03 - Dawn,02 - Non-fatal injury,01 - Approaching,Greenbelt
593,CARLING AVE WB btwn MAPLEHURST AVE & BIRCHDALE AVE,358994.2686,5023984.347,-75.80832619,45.35371014,2015-02-12,15:26,01 - Clear,01 - Dry,10 - No control,01 - Non intersection,01 - Daylight,02 - Non-fatal injury,07 - SMV other,Bayshore
594,MERIVALE RD @ ANNA AVE/LAPERRIERE AVE,364859.7062,5027165.024,-75.73308618,45.38185152,2015-03-17,17:26,01 - Clear,01 - Dry,01 - Traffic signal,03 - At intersection,01 - Daylight,02 - Non-fatal injury,02 - Angle,Carlington
595,BANK ST @ RIVERSIDE DR N,369225.7159,5027983.064,-75.67723459,45.38882408,2015-01-20,8:49,01 - Clear,02 - Wet,01 - Traffic signal,03 - At intersection,01 - Daylight,02 - Non-fatal injury,02 - Angle,Alta Vista
596,STRANDHERD DR @ WOODROFFE AVE,366106.154,5015395.631,-75.71862901,45.27584413,2015-04-12,1:55,01 - Clear,01 - Dry,01 - Traffic signal,03 - At intersection,07 - Dark,02 - Non-fatal injury,02 - Angle,Chapman Mills - Rideau Crest - Davidson Heights
597,MCARTHUR AVE btwn IRWIN MILLER ST & BRANT ST,371171.9513,5032795.468,-75.65173442,45.43194238,2015-02-25,18:32,01 - Clear,01 - Dry,10 - No control,04 - At/near private drive,07 - Dark,02 - Non-fatal injury,03 - Rear end,Vanier South
598,COBOURG ST @ OLD ST. PATRICK ST,368822.6334,5033173.111,-75.68170759,45.43555929,2015-10-27,11:53,01 - Clear,01 - Dry,02 - Stop sign,03 - At intersection,01 - Daylight,02 - Non-fatal injury,05 - Turning movement,Lower Town
599,EAGLESON RD @ FERNBANK RD,354799.5932,5015587.907,-75.86270623,45.27846921,2015-01-14,17:24,01 - Clear,01 - Dry,01 - Traffic signal,03 - At intersection,05 - Dusk,02 - Non-fatal injury,05 - Turning movement,Bridlewood - Emerald Meadows
600,O'CONNOR ST @ SLATER ST,367578.741,5031451.058,-75.69782408,45.42017762,2015-01-18,7:15,01 - Clear,02 - Wet,01 - Traffic signal,03 - At intersection,03 - Dawn,02 - Non-fatal injury,02 - Angle,Downtown
601,CATHERINE ST/HWY 417 O'CONN IC119BR76 @ O'CONN,368243.1081,5030393.367,-75.68947193,45.41060094,2015-01-03,12:40,03 - Snow,02 - Wet,01 - Traffic signal,03 - At intersection,01 - Daylight,02 - Non-fatal injury,07 - SMV other,Centretown
602,BRONSON AVE btwn UNIVERSITY RD & BREWER WAY,368102.3001,5027781.376,-75.69160588,45.38711178,2015-01-05,9:55,05 - Drifting Snow,04 - Slush,10 - No control,01 - Non intersection,01 - Daylight,02 - Non-fatal injury,03 - Rear end,Carleto
603,MONTREAL RD @ BATHGATE DR/BURMA RD,373224.4174,5034516.246,-75.62526672,45.44722724,2015-03-21,18:24,01 - Clear,01 - Dry,01 - Traffic signal,03 - At intersection,05 - Dusk,02 - Non-fatal injury,03 - Rear end,Carson Grove - Carson Meadows
604,MCARTHUR AVE @ VANIER PKWY,370219.4257,5032692.388,-75.66392054,45.43110467,2015-07-15,18:25,01 - Clear,01 - Dry,01 - Traffic signal,02 - Intersection related,01 - Daylight,02 - Non-fatal injury,03 - Rear end,Vanier South
605,ST. LAURENT BLVD @ COVENTRY RD/OGILVIE RD,372307.6472,5031950.129,-75.63733719,45.42422771,2015-01-29,9:20,01 - Clear,02 - Wet,01 - Traffic signal,02 - Intersection related,01 - Daylight,02 - Non-fatal injury,03 - Rear end,Overbrook
606,LAURIER AVE @ WALLER ST/TRANSITWAY,368454.3156,5031859.258,-75.68658452,45.42377135,2015-10-30,14:03,01 - Clear,01 - Dry,01 - Traffic signal,02 - Intersection related,01 - Daylight,02 - Non-fatal injury,04 - Sideswipe,Sandy Hill
607,CRERAR AVE @ FISHER AVE,365453.6665,5027697.062,-75.72543711,45.38658752,2015-10-30,15:56,01 - Clear,01 - Dry,02 - Stop sign,03 - At intersection,01 - Daylight,02 - Non-fatal injury,07 - SMV other,Civic Hospital - Experimental Farm - Central Park
608,HARDING RD @ WALKLEY RD,373148.7307,5027609.017,-75.62719218,45.38508671,2015-01-18,18:08,01 - Clear,02 - Wet,01 - Traffic signal,03 - At intersection,07 - Dark,02 - Non-fatal injury,02 - Angle,Urbandale
609,FALLOWFIELD RD @ GREENBANK RD,363081.6396,5016731.973,-75.75701735,45.28812577,2015-01-20,21:55,01 - Clear,05 - Packed snow,01 - Traffic signal,03 - At intersection,07 - Dark,02 - Non-fatal injury,05 - Turning movement,Greenbelt
610,PARENT AVE @ ST. ANDREW ST,367732.6947,5032694.502,-75.69569821,45.43135188,2015-02-02,16:36,01 - Clear,04 - Slush,02 - Stop sign,03 - At intersection,01 - Daylight,02 - Non-fatal injury,02 - Angle,Lower Town
611,GOLF CLUB WAY btwn WESTLEIGH BLVD & END,343365.3426,5009180.251,-76.00893788,45.22153013,2015-06-14,22:30,02 - Rain,02 - Wet,10 - No control,01 - Non intersection,07 - Dark,02 - Non-fatal injury,07 - SMV other,Munster Hamlet - Richmond