Record,Location,X,Y,lon,lat,Date,Time,Environment,Road_Surface,Traffic_Control,Collision_Location,Light,Collision_Classification,Impact_type,Neighborhood
612,INNES RD/PRESTWICK DR @ LANTHIER DR,383538.7124,5035989.914,-75.49319267,45.45940023,2015-01-29,12:15,01 - Clear,01 - Dry,01 - Traffic signal,02 - Intersection related,01 - Daylight,02 - Non-fatal injury,03 - Rear end,Queenswood Heights
613,BREADNER BLVD @ UPLANDS DR,370656.732,5021963.271,-75.65976356,45.33452679,2015-02-14,15:50,03 - Snow,06 - Ice,02 - Stop sign,02 - Intersection related,01 - Daylight,02 - Non-fatal injury,07 - SMV other,Greenbelt
614,LEITRIM RD btwn LIMEBANK RD & HIGH RD,369487.4131,5017959.608,-75.67520361,45.29861143,2015-01-23,6:12,01 - Clear,02 - Wet,10 - No control,01 - Non intersection,07 - Dark,02 - Non-fatal injury,07 - SMV other,Gloucester
615,BANK ST @ LEITRIM RD,375358.7181,5021618.051,-75.59982943,45.33096359,2015-01-06,18:00,01 - Clear,02 - Wet,01 - Traffic signal,02 - Intersection related,07 - Dark,02 - Non-fatal injury,03 - Rear end,Greenbelt
616,SMYTH RD E/LANCASTER RD @ ST. LAURENT BLVD N/R,373364.3628,5029424.737,-75.62418658,45.40140267,2015-02-03,16:03,01 - Clear,02 - Wet,01 - Traffic signal,03 - At intersection,01 - Daylight,02 - Non-fatal injury,05 - Turning movement,Sheffield Glen
617,ARGYLE AVE @ BANK ST,367995.7088,5030371.126,-75.69263515,45.41042321,2015-04-27,12:01,01 - Clear,01 - Dry,10 - No control,02 - Intersection related,01 - Daylight,02 - Non-fatal injury,04 - Sideswipe,Centretown
618,KING EDWARD AVE @ LAURIER AVE,368738.9865,5032034.222,-75.68292448,45.42531965,2015-04-25,21:47,01 - Clear,01 - Dry,01 - Traffic signal,03 - At intersection,07 - Dark,02 - Non-fatal injury,05 - Turning movement,Sandy Hill
619,CARP RD @ RIVINGTON ST,341349.8853,5022642.394,-76.03360883,45.34277644,2015-02-15,5:29,05 - Drifting Snow,06 - Ice,02 - Stop sign,02 - Intersection related,07 - Dark,02 - Non-fatal injury,07 - SMV other,Carp
620,ESPRIT DR btwn CHARDONNAY DR & DU PLATEAU ST,384858.0903,5036241.941,-75.47628385,45.4615178,2015-10-31,5:56,01 - Clear,01 - Dry,10 - No control,01 - Non intersection,07 - Dark,02 - Non-fatal injury,06 - SMV unattended vehicle,Avalon
621,BANK ST @ CAHILL DR/DAZE ST,371306.815,5024317.209,-75.65115385,45.35564548,2015-01-06,18:14,01 - Clear,02 - Wet,01 - Traffic signal,03 - At intersection,07 - Dark,02 - Non-fatal injury,05 - Turning movement,South Keys - Heron Gate - Greenboro West
622,WOODROFFE AVE btwn GRENFELL CRES & 260 N OF FALLOWFIELD RD/TRANSITWAY ,364662.3789,5018951.103,-75.73659973,45.30796054,2015-11-09,15:25,01 - Clear,01 - Dry,10 - No control,01 - Non intersection,01 - Daylight,02 - Non-fatal injury,07 - SMV other,Merivale Gardens - Grenfell Glen - Pineglen - Country Place
623,INNES RD @ VISENEAU DR,381799.715,5035073.917,-75.51556877,45.45135266,2015-04-30,14:06,01 - Clear,01 - Dry,01 - Traffic signal,03 - At intersection,01 - Daylight,02 - Non-fatal injury,05 - Turning movement,Chapel Hill South
624,BANK ST btwn GLEBE AVE & FIRST AVE,368247.6385,5029769.187,-75.68949438,45.40498436,2015-05-22,12:14,02 - Rain,02 - Wet,10 - No control,04 - At/near private drive,01 - Daylight,02 - Non-fatal injury,03 - Rear end,The Glebe
625,VANIER PKWY/CRICHTON ST @ BEECHWOOD AVE/ST. PA,369127.6735,5033487.211,-75.67776814,45.43835745,2015-01-28,18:30,01 - Clear,01 - Dry,01 - Traffic signal,02 - Intersection related,07 - Dark,02 - Non-fatal injury,03 - Rear end,Vanier North
626,BURRIS LANE @ ELEANOR DR,364963.701,5025020.033,-75.73201965,45.36254234,2015-10-31,17:04,01 - Clear,01 - Dry,02 - Stop sign,03 - At intersection,01 - Daylight,02 - Non-fatal injury,02 - Angle,Cityview - Skyline - Fisher Heights
627,CHARLEMAGNE BLVD @ GARDENWAY DR/BOTTRIELL WAY ,384048.7947,5037035.047,-75.48650294,45.46874571,2015-02-06,9:51,01 - Clear,02 - Wet,01 - Traffic signal,02 - Intersection related,01 - Daylight,02 - Non-fatal injury,03 - Rear end,Fallingbrook
628,HAZELDEAN RD @ TERRY FOX DR,352207.611,5017243.897,-75.89558346,45.29354982,2015-05-01,19:16,01 - Clear,01 - Dry,01 - Traffic signal,02 - Intersection related,01 - Daylight,02 - Non-fatal injury,05 - Turning movement,Katimavik - Hazeldean
629,210 W OF MERIVALE RD @ WEST HUNT CLUB RD,365426.5077,5021828.969,-75.72650371,45.33378974,2015-05-02,10:47,01 - Clear,01 - Dry,01 - Traffic signal,03 - At intersection,01 - Daylight,02 - Non-fatal injury,05 - Turning movement,Tanglewood
630,METCALFE ST @ WELLINGTON ST,367565.6992,5031818.663,-75.69794388,45.42348638,2015-05-23,22:21,01 - Clear,01 - Dry,01 - Traffic signal,03 - At intersection,07 - Dark,02 - Non-fatal injury,07 - SMV other,Downtown
631,INNES RD @ VISENEAU DR,381798.7511,5035074.637,-75.51558098,45.45135924,2015-06-10,8:20,01 - Clear,01 - Dry,01 - Traffic signal,02 - Intersection related,01 - Daylight,02 - Non-fatal injury,03 - Rear end,Chapel Hill South
632,GREENBANK RD @ HWY 417 IC129 RAMP57/IRIS ST,360531.0168,5023312.332,-75.78879013,45.34754292,2015-02-16,8:31,01 - Clear,06 - Ice,01 - Traffic signal,02 - Intersection related,01 - Daylight,02 - Non-fatal injury,03 - Rear end,Iris
633,HAZELDEAN RD @ CARBROOKE ST/IRWIN GATE,353419.5492,5018264.018,-75.8800329,45.30264629,2015-07-23,13:56,01 - Clear,01 - Dry,01 - Traffic signal,02 - Intersection related,01 - Daylight,02 - Non-fatal injury,03 - Rear end,Glen Cairn - Kanata South Business Park
634,BANK ST @ LEITRIM RD,375356.7903,5021618.051,-75.59985402,45.33096379,2015-01-09,10:51,01 - Clear,02 - Wet,01 - Traffic signal,03 - At intersection,01 - Daylight,02 - Non-fatal injury,02 - Angle,Greenbelt
635,CEDARWOOD DR @ WALKLEY RD,371194.7286,5026456.97,-75.65229676,45.37490895,2015-01-25,9:58,01 - Clear,02 - Wet,01 - Traffic signal,03 - At intersection,01 - Daylight,02 - Non-fatal injury,07 - SMV other,Ledbury - Heron Gate - Ridgemont - Elmwood
636,BOTELER ST @ SUSSEX DR,367451.8185,5032952.225,-75.69925476,45.43369601,2015-11-10,10:15,01 - Clear,01 - Dry,01 - Traffic signal,02 - Intersection related,01 - Daylight,02 - Non-fatal injury,03 - Rear end,Byward Market - Parliament Hill
637,KIRKWOOD AVE btwn RAVEN AVE & CHATELAIN AVE,364701.3005,5026756.677,-75.73515826,45.37819085,2015-05-02,14:42,01 - Clear,01 - Dry,10 - No control,01 - Non intersection,01 - Daylight,02 - Non-fatal injury,07 - SMV other,Carlington
638,BANTON ST @ WALKLEY RD,374248.7006,5028249.055,-75.61305727,45.39073728,2015-05-03,14:18,01 - Clear,01 - Dry,01 - Traffic signal,03 - At intersection,01 - Daylight,02 - Non-fatal injury,02 - Angle,Hawthorne Meadows
639,ALTA VISTA DR @ RANDALL AVE,370408.0009,5027366.902,-75.66221942,45.38317031,2015-06-10,19:38,02 - Rain,02 - Wet,01 - Traffic signal,02 - Intersection related,01 - Daylight,02 - Non-fatal injury,07 - SMV other,Alta Vista
640,GLADSTONE AVE btwn ROCHESTER ST & BOOTH ST,366691.8652,5029800.163,-75.70936264,45.40540236,2015-07-09,8:30,01 - Clear,01 - Dry,10 - No control,01 - Non intersection,01 - Daylight,02 - Non-fatal injury,04 - Sideswipe,Centretown West
641,METCALFE ST @ WAVERLEY ST,368161.7145,5030858.087,-75.69045194,45.41478971,2015-09-25,12:30,01 - Clear,01 - Dry,02 - Stop sign,03 - At intersection,01 - Daylight,02 - Non-fatal injury,02 - Angle,Centretown
642,MERIVALE RD @ SHILLINGTON AVE,364843.7303,5026810.02,-75.73333334,45.37865863,2015-01-09,11:12,01 - Clear,02 - Wet,01 - Traffic signal,03 - At intersection,01 - Daylight,02 - Non-fatal injury,03 - Rear end,Carlington
643,LONGFIELDS DR @ WOODROFFE AVE,365422.1338,5017107.427,-75.72713719,45.2913061,2015-02-08,13:59,03 - Snow,03 - Loose snow,01 - Traffic signal,02 - Intersection related,01 - Daylight,02 - Non-fatal injury,07 - SMV other,Greenbelt
644,MURRAY ST @ SUSSEX DR,367707.0185,5032395.72,-75.6960645,45.42866585,2015-05-03,15:12,01 - Clear,01 - Dry,01 - Traffic signal,03 - At intersection,01 - Daylight,02 - Non-fatal injury,07 - SMV other,Byward Market - Parliament Hill
645,PROVEN LINE RD btwn PAAUW RD & KLONDIKE RD W,360815.4128,4997708.448,-75.78804357,45.11713242,2015-05-04,0:01,01 - Clear,01 - Dry,10 - No control,01 - Non intersection,07 - Dark,02 - Non-fatal injury,07 - SMV other,Munster Hamlet - Richmond
646,BOWESVILLE RD/EMERALD LINKS DR W @ MITCH OWENS,374182.8524,5013709.999,-75.6159354,45.25992668,2015-06-18,21:34,02 - Rain,02 - Wet,02 - Stop sign,03 - At intersection,07 - Dark,02 - Non-fatal injury,02 - Angle,Osgoode
647,BANK ST @ GLEN AVE,368804.5505,5028434.504,-75.68255408,45.39292461,2015-06-19,17:03,01 - Clear,01 - Dry,01 - Traffic signal,03 - At intersection,01 - Daylight,02 - Non-fatal injury,05 - Turning movement,Old Ottawa South
648,PLEASANT PARK RD @ ALTA VISTA DR,370366.687,5028466.102,-75.66260089,45.3930644,2015-01-27,8:39,01 - Clear,01 - Dry,01 - Traffic signal,03 - At intersection,01 - Daylight,02 - Non-fatal injury,02 - Angle,Alta Vista
649,NEIL WAY @ RIVERSIDE DR,369466.1836,5028289.396,-75.67412381,45.39155819,2015-01-29,8:50,01 - Clear,01 - Dry,02 - Stop sign,02 - Intersection related,01 - Daylight,02 - Non-fatal injury,03 - Rear end,Alta Vista
650,MARKETPLACE AVE @ RIOCAN AVE,364285.0501,5014759.229,-75.74191386,45.2702742,2015-01-11,13:03,01 - Clear,02 - Wet,02 - Stop sign,03 - At intersection,01 - Daylight,02 - Non-fatal injury,07 - SMV other,New Barrhaven
651,MEADOWLANDS DR @ MERIVALE RD,364858.6999,5023725.992,-75.73351707,45.35090775,2015-01-27,13:13,01 - Clear,01 - Dry,01 - Traffic signal,03 - At intersection,01 - Daylight,02 - Non-fatal injury,05 - Turning movement,Cityview - Skyline - Fisher Heights
652,RIVERSIDE DR @ 175 S OF HUNT CLUB  RD/RUNWAY C,368028.5,5021764.854,-75.69331792,45.33298322,2015-02-13,16:30,01 - Clear,01 - Dry,01 - Traffic signal,03 - At intersection,01 - Daylight,02 - Non-fatal injury,05 - Turning movement,Hunt Club Woods - Quintarra - Revelstoke - Riverside South P
653,FORTUNE DR @ ST. JOVITE RDG N,380075.7774,5037696.127,-75.53720438,45.47513308,2015-10-02,12:55,01 - Clear,01 - Dry,02 - Stop sign,03 - At intersection,01 - Daylight,02 - Non-fatal injury,07 - SMV other,Orleans South West
654,RIDEAU RD btwn ALBION RD & BANK ST,376229.2622,5017394.912,-75.58933344,45.29287744,2015-11-04,16:22,01 - Clear,01 - Dry,10 - No control,01 - Non intersection,05 - Dusk,02 - Non-fatal injury,04 - Sideswipe,Greenbelt
655,MERIVALE RD btwn DORCHESTER AVE & MORISSET AVE,364863.8092,5026511.323,-75.73311332,45.37596929,2015-11-04,19:23,01 - Clear,01 - Dry,10 - No control,01 - Non intersection,07 - Dark,02 - Non-fatal injury,07 - SMV other,Carlington
656,WEST HUNT CLUB RD @ CLEOPATRA DR/LANCELOT DR,365233.7723,5021732.012,-75.72897432,45.33293396,2015-01-30,7:36,03 - Snow,04 - Slush,01 - Traffic signal,03 - At intersection,03 - Dawn,02 - Non-fatal injury,05 - Turning movement,Tanglewood
657,ST. JOSEPH BLVD @ FOREST VALLEY DR/YOUVILLE DR,379165.705,5036156.109,-75.54907584,45.46137467,2015-01-30,19:18,01 - Clear,06 - Ice,01 - Traffic signal,03 - At intersection,07 - Dark,02 - Non-fatal injury,05 - Turning movement,Chapel Hill
658,CARLING AVE @ MELROSE AVE,365970.4643,5028392.394,-75.71875189,45.39279901,2015-02-09,11:29,03 - Snow,03 - Loose snow,02 - Stop sign,03 - At intersection,01 - Daylight,02 - Non-fatal injury,02 - Angle,Civic Hospital - Experimental Farm - Central Park
659,BASELINE RD btwn TURN LANE & MERIVALE RD,365022.3411,5025305.512,-75.73123639,45.365106,2015-11-13,16:09,02 - Rain,02 - Wet,10 - No control,01 - Non intersection,01 - Daylight,02 - Non-fatal injury,03 - Rear end,Civic Hospital - Experimental Farm - Central Park
660,CYRVILLE RD btwn STAR TOP RD & MEADOWBROOK RD,374597.9257,5031253.64,-75.6081725,45.4177363,2015-05-04,17:58,02 - Rain,02 - Wet,10 - No control,04 - At/near private drive,01 - Daylight,02 - Non-fatal injury,02 - Angle,Industrial Park
661,BESSERER ST @ KING EDWARD AVE,368550.7052,5032340.222,-75.68529067,45.42809011,2015-06-24,21:59,01 - Clear,01 - Dry,01 - Traffic signal,03 - At intersection,07 - Dark,02 - Non-fatal injury,02 - Angle,Sand
662,DEAKIN ST @ PRINCE OF WALES DR,367391.6796,5021524.941,-75.70147215,45.33088161,2015-11-05,14:42,01 - Clear,01 - Dry,01 - Traffic signal,02 - Intersection related,01 - Daylight,02 - Non-fatal injury,03 - Rear end,Industrial Park
663,THORNDALE DR @ WALKLEY RD,369466.6881,5025430.079,-75.67449184,45.36583089,2015-02-06,8:20,03 - Snow,03 - Loose snow,02 - Stop sign,03 - At intersection,01 - Daylight,02 - Non-fatal injury,02 - Angle,Riverside Park
664,MERIVALE RD btwn CALDWELL AVE & CENTRAL PARK DR,364937.8907,5026024.919,-75.73222677,45.37158635,2015-02-06,8:38,03 - Snow,03 - Loose snow,10 - No control,04 - At/near private drive,01 - Daylight,02 - Non-fatal injury,02 - Angle,Civic Hospital - Experimental Farm - Central Park
665,REVELSTOKE DR @ RIVERSIDE DR,368216.7484,5024424,-75.69057553,45.35689264,2015-01-14,16:09,01 - Clear,01 - Dry,01 - Traffic signal,02 - Intersection related,01 - Daylight,02 - Non-fatal injury,03 - Rear end,Hunt Club Woods - Quintarra - Revelstoke - Riverside South P
666,TERRY FOX DR @ EDGEWATER ST/WALTER BAKER PL,351778.5721,5017612.005,-75.90101826,45.29689097,2015-01-31,12:18,01 - Clear,01 - Dry,01 - Traffic signal,03 - At intersection,01 - Daylight,02 - Non-fatal injury,05 - Turning movement,Katimavik - Hazeldean
667,LAFONTAINE AVE @ MCARTHUR AVE,370950.6762,5032771.092,-75.65456539,45.43174402,2015-02-10,11:01,01 - Clear,02 - Wet,01 - Traffic signal,03 - At intersection,01 - Daylight,02 - Non-fatal injury,07 - SMV other,Vanier South
668,MAGWOOD AVE @ RICHMOND RD,359425.1338,5023437.674,-75.80288792,45.34875774,2015-02-14,2:59,03 - Snow,03 - Loose snow,02 - Stop sign,03 - At intersection,07 - Dark,02 - Non-fatal injury,05 - Turning movement,Bayshore
669,BATHGATE DR btwn MONTREAL RD & GULF PL,373229.8615,5034469.199,-75.62520368,45.44680341,2015-02-14,12:03,03 - Snow,03 - Loose snow,10 - No control,04 - At/near private drive,01 - Daylight,02 - Non-fatal injury,02 - Angle,Carson Grove - Carson Meadows
670,MEADOWLANDS DR @ MERIVALE RD,364859.1591,5023726.659,-75.73351113,45.35091371,2015-11-13,17:47,02 - Rain,02 - Wet,01 - Traffic signal,03 - At intersection,07 - Dark,02 - Non-fatal injury,07 - SMV other,Cityview - Skyline - Fisher Heights
671,INNES RD btwn EASTPARK DR & CLEROUX CRES,378929.0138,5033392.622,-75.55251843,45.43653595,2015-05-05,8:58,01 - Clear,01 - Dry,10 - No control,01 - Non intersection,01 - Daylight,02 - Non-fatal injury,03 - Rear end,Blackburn Hamlet
672,ST. JOSEPH BLVD btwn COUSINEAU ST & DUSSERE ST,380755.2257,5037060.127,-75.52861364,45.46933729,2015-05-05,11:55,01 - Clear,01 - Dry,10 - No control,04 - At/near private drive,01 - Daylight,02 - Non-fatal injury,05 - Turning movement,Orleans Village - Chateauneuf
673,CONROY RD @ HUNT CLUB RD,373763.74,5025404.162,-75.61964738,45.3651881,2015-07-03,17:38,01 - Clear,01 - Dry,01 - Traffic signal,02 - Intersection related,01 - Daylight,02 - Non-fatal injury,03 - Rear end,Greenboro East
674,BANK ST @ LAURIER AVE,367480.7003,5031263.787,-75.69910053,45.41850141,2015-06-27,13:29,01 - Clear,01 - Dry,01 - Traffic signal,02 - Intersection related,01 - Daylight,02 - Non-fatal injury,05 - Turning movement,Downtown
675,BANK ST btwn SPRINGHILL RD & DALMENY RD,385491.1813,5005295.116,-75.47323203,45.18300827,2015-02-06,10:00,01 - Clear,02 - Wet,10 - No control,04 - At/near private drive,01 - Daylight,02 - Non-fatal injury,05 - Turning movement,Metcalfe
676,PALLADIUM DR btwn SILVER SEVEN RD & TERRY FOX DR,351252.1483,5018169.719,-75.9076776,45.30194443,2015-01-31,14:30,01 - Clear,01 - Dry,10 - No control,04 - At/near private drive,01 - Daylight,02 - Non-fatal injury,02 - Angle,Katimavik - Hazeldean
677,VICTORIA ST btwn DOW ST & BOWEN ST,385320.2043,5011085.946,-75.47447136,45.23513053,2015-02-10,15:57,01 - Clear,01 - Dry,10 - No control,04 - At/near private drive,01 - Daylight,02 - Non-fatal injury,02 - Angle,Metcalfe
678,RENAUD RD btwn WHITE ST & MER BLEUE RD,383363.1813,5033683.932,-75.49580504,45.43867277,2015-02-14,14:40,01 - Clear,03 - Loose snow,10 - No control,04 - At/near private drive,01 - Daylight,02 - Non-fatal injury,02 - Angle,Chapel Hill South
679,DONALD B. MUNRO DR/OLD CARP RD W @ MARCH RD,343090.5953,5022591.055,-76.01140145,45.34222161,2015-02-23,15:58,01 - Clear,01 - Dry,02 - Stop sign,03 - At intersection,01 - Daylight,02 - Non-fatal injury,03 - Rear end,Stittsville - Basswood
680,LEITRIM RD btwn LIMEBANK RD & HIGH RD,371102.8142,5018952.652,-75.65447585,45.30739602,2015-01-30,10:16,01 - Clear,06 - Ice,10 - No control,01 - Non intersection,01 - Daylight,02 - Non-fatal injury,01 - Approaching,Greenbelt
681,BASELINE RD @ CLYDE AVE,364358.7033,5024889.067,-75.73975744,45.36141559,2015-03-11,0:00,01 - Clear,01 - Dry,01 - Traffic signal,02 - Intersection related,00 - Unknown,02 - Non-fatal injury,03 - Rear end,Braemar Park - Bel Air Heights - Copeland Park
682,BASELINE RD btwn ST. HELEN'S PL & CLYDE AVE,364232.4382,5024814.85,-75.74137795,45.36075851,2015-01-04,13:21,02 - Rain,06 - Ice,10 - No control,01 - Non intersection,01 - Daylight,02 - Non-fatal injury,06 - SMV unattended vehicle,Braemar Park - Bel Air Heights - Copeland Park
683,JEANNE D'ARC BLVD @ CEDAR MILLS RD/CHAMPNEUF D,381216.7156,5036277.137,-75.52283427,45.46224225,2015-02-16,17:36,01 - Clear,03 - Loose snow,02 - Stop sign,03 - At intersection,07 - Dark,02 - Non-fatal injury,02 - Angle,Orleans Village - Chateauneuf
684,BOYER RD @ ST. JOSEPH BLVD,380405.742,5036832.14,-75.53311759,45.46732397,2015-02-11,11:24,01 - Clear,99 - Other,02 - Stop sign,03 - At intersection,01 - Daylight,02 - Non-fatal injury,01 - Approaching,Industrial Park
685,KLONDIKE RD @ MARCH VALLEY RD,350279.5804,5024992.041,-75.91945152,45.36339694,2015-01-04,20:18,03 - Snow,03 - Loose snow,02 - Stop sign,02 - Intersection related,07 - Dark,02 - Non-fatal injury,07 - SMV other,South March
686,TENTH LINE RD @ VANGUARD DR,384071.7993,5035875.045,-75.48639585,45.45830646,2015-01-29,18:33,03 - Snow,03 - Loose snow,01 - Traffic signal,02 - Intersection related,07 - Dark,02 - Non-fatal injury,02 - Angle,Avalon
687,NAUGHTON ST @ QUEEN MARY ST,371333.7211,5032065.176,-75.64976582,45.42535617,2015-01-08,17:11,01 - Clear,03 - Loose snow,02 - Stop sign,03 - At intersection,05 - Dusk,02 - Non-fatal injury,02 - Angle,Overbrook
688,4TH LINE RD btwn DALMENY RD & DALMENY RD,380942.1259,5001242.929,-75.53172659,45.1470537,2015-01-09,0:20,03 - Snow,05 - Packed snow,10 - No control,01 - Non intersection,07 - Dark,02 - Non-fatal injury,07 - SMV other,Kars - Osgoode
689,FRIEL ST @ STEWART ST,368892.5027,5032364.601,-75.68091991,45.42827823,2015-02-13,18:44,01 - Clear,01 - Dry,02 - Stop sign,03 - At intersection,07 - Dark,02 - Non-fatal injury,07 - SMV other,Sandy Hill
690,LEEDS AVE @ SHEFFIELD RD,374862.7396,5029549.109,-75.60503157,45.40237336,2015-01-21,8:53,01 - Clear,04 - Slush,03 - Yield sign,02 - Intersection related,01 - Daylight,02 - Non-fatal injury,03 - Rear end,Industrial Park
691,REGIONAL ROAD 174 btwn OR174 IC105 RAMP26 & OR174 IC105 RAMP63,379522.4067,5037104.255,-75.54437114,45.4698673,2015-01-30,7:02,03 - Snow,04 - Slush,10 - No control,01 - Non intersection,03 - Dawn,02 - Non-fatal injury,03 - Rear end,Orleans South West
692,ALBERT ST @ LYON ST,367062.36,5031220.222,-75.70445084,45.41814678,2015-03-16,15:13,01 - Clear,01 - Dry,01 - Traffic signal,02 - Intersection related,01 - Daylight,02 - Non-fatal injury,03 - Rear end,Downtown
693,LEGGET DR @ SCHNEIDER RD,351492.3364,5022500.881,-75.90420672,45.3409013,2015-02-06,8:45,03 - Snow,05 - Packed snow,02 - Stop sign,03 - At intersection,01 - Daylight,02 - Non-fatal injury,02 - Angle,South March
694,BLAIR RD @ REGIONAL RD 174 N/OR174 IC112 RAMP61,374634.1551,5032991.66,-75.60746323,45.43337045,2015-03-21,10:37,02 - Rain,02 - Wet,01 - Traffic signal,03 - At intersection,01 - Daylight,02 - Non-fatal injury,02 - Angle,Industrial Park
695,LAURIER AVE @ QUEEN ELIZABETH DRWY/LAURIER AVE,368073.8553,5031624.041,-75.69147601,45.42168946,2015-01-22,9:18,01 - Clear,01 - Dry,01 - Traffic signal,02 - Intersection related,01 - Daylight,02 - Non-fatal injury,03 - Rear end,Downtown
696,FLEWELLYN RD @ ORMROD RD,341936.9066,5002316.787,-76.02763704,45.1598452,2015-01-29,15:27,03 - Snow,05 - Packed snow,02 - Stop sign,02 - Intersection related,01 - Daylight,02 - Non-fatal injury,07 - SMV other,Munster Hamlet - Richmond
697,LIMEBANK RD btwn TOM ROBERTS RD & LEITRIM RD,369311.3863,5017982,-75.67744489,45.2988291,2015-01-14,8:15,01 - Clear,01 - Dry,10 - No control,01 - Non intersection,01 - Daylight,02 - Non-fatal injury,04 - Sideswipe,Greenbelt
698,DEVINE RD btwn ROCKDALE RD & TRUDEAU AVE,395146.4421,5024203.289,-75.34695622,45.3519543,2015-01-28,16:17,01 - Clear,01 - Dry,10 - No control,04 - At/near private drive,01 - Daylight,02 - Non-fatal injury,05 - Turning movement,Navan - Vars
699,RIVERSIDE DR @ PLEASANT PARK RD,369561.251,5028414.532,-75.67289337,45.39267534,2015-01-03,16:14,03 - Snow,03 - Loose snow,01 - Traffic signal,02 - Intersection related,05 - Dusk,02 - Non-fatal injury,03 - Rear end,Alta Vista
700,AIRPORT PKWY btwn AIRPORT PKWY/HUNT CLUB RAMP 42 & WALKLEY RD NB RAMP,370467.2027,5024535.394,-75.66183993,45.35768778,2015-02-06,20:21,01 - Clear,01 - Dry,10 - No control,01 - Non intersection,07 - Dark,02 - Non-fatal injury,01 - Approaching,Hunt Club East - Western Community
701,CARP RD btwn BAIRD SIDE RD & THOMAS A. DOLAN PKWY,335242.2539,5027185.761,-76.11126278,45.38395131,2015-01-04,14:35,04 - Freezing Rain,04 - Slush,10 - No control,01 - Non intersection,01 - Daylight,02 - Non-fatal injury,07 - SMV other,Car
702,HUNT CLUB RD @ RIVERSIDE DR,368036.703,5021945.017,-75.69319026,45.33460355,2015-02-21,16:20,03 - Snow,03 - Loose snow,01 - Traffic signal,02 - Intersection related,01 - Daylight,02 - Non-fatal injury,03 - Rear end,Hunt Club Woods - Quintarra - Revelstoke - Riverside South P
703,HIGHWAY 417 btwn HWY417 IC121A RAMP61 & HWY417 IC120B RAMP36,367535.6438,5029883.121,-75.69857429,45.40607368,2015-10-05,23:10,01 - Clear,01 - Dry,10 - No control,01 - Non intersection,07 - Dark,02 - Non-fatal injury,07 - SMV other,The Glebe
704,BANK ST @ PARKWAY RD,378745.8019,5014207.923,-75.5577286,45.26394199,2015-03-21,15:10,03 - Snow,02 - Wet,01 - Traffic signal,03 - At intersection,01 - Daylight,02 - Non-fatal injury,02 - Angle,Greely
705,STRANDHERD DR btwn FALLOWFIELD RD & MARAVISTA DR,360946.7097,5014913.991,-75.78443723,45.27194122,2015-01-29,19:31,03 - Snow,06 - Ice,10 - No control,01 - Non intersection,07 - Dark,02 - Non-fatal injury,01 - Approaching,Munster Hamlet - Richmond
706,WOODROFFE AVE @ QUEENSBURY DR/RIDEAUCREST DR,365727.7015,5016328.928,-75.72333752,45.28427479,2015-01-26,19:15,01 - Clear,01 - Dry,01 - Traffic signal,03 - At intersection,07 - Dark,02 - Non-fatal injury,05 - Turning movement,Chapman Mills - Rideau Crest - Davidson Heights
707,SMYTH RD btwn ROGER GUINDON AVE & BOTSFORD ST,372210.9623,5029258.171,-75.63894073,45.400016,2015-01-27,12:54,01 - Clear,01 - Dry,10 - No control,01 - Non intersection,01 - Daylight,02 - Non-fatal injury,07 - SMV other,Elmvale - Eastway - Riverview - Riverview Park West
708,FISHER AVE @ MALIBU TER,366261.6977,5025799.049,-75.71535556,45.36943917,2015-02-27,8:39,01 - Clear,01 - Dry,02 - Stop sign,03 - At intersection,01 - Daylight,02 - Non-fatal injury,02 - Angle,Civic Hospital - Experimental Farm - Central Park
709,CLYDE AVE @ DOBBIE ST,363653.6865,5026556.052,-75.74855732,45.37647444,2015-02-28,9:11,01 - Clear,01 - Dry,02 - Stop sign,03 - At intersection,01 - Daylight,02 - Non-fatal injury,05 - Turning movement,Carlingwood West - Glabar Park - McKellar Heights
710,BEATRICE DR @ STRANDHERD DR,365527.377,5015322.928,-75.72601396,45.27524017,2015-01-01,13:54,01 - Clear,01 - Dry,01 - Traffic signal,03 - At intersection,01 - Daylight,02 - Non-fatal injury,05 - Turning movement,New Barrhaven
711,RUSSELL RD S @ ST. LAURENT BLVD,373570.183,5029261.879,-75.62158053,45.39991717,2015-01-30,18:32,01 - Clear,04 - Slush,01 - Traffic signal,03 - At intersection,07 - Dark,02 - Non-fatal injury,07 - SMV other,Hawthorne Meadows - Sheffield Glen
712,DAVIDSON RD btwn CONROY RD & HAWTHORNE RD,374674.7853,5023590.04,-75.60827532,45.34877519,2015-01-29,20:28,03 - Snow,03 - Loose snow,10 - No control,01 - Non intersection,07 - Dark,02 - Non-fatal injury,07 - SMV other,Greenbelt
713,ANDERSON RD @ HWY 417 ANDERSON IC104R51,380169.5524,5025655.568,-75.5378471,45.3667906,2015-01-27,17:10,01 - Clear,01 - Dry,02 - Stop sign,02 - Intersection related,05 - Dusk,02 - Non-fatal injury,07 - SMV other,Greenbelt