Record,Location,X,Y,lon,lat,Date,Time,Environment,Road_Surface,Traffic_Control,Collision_Location,Light,Collision_Classification,Impact_type,Neighborhood
1020,HUNT CLUB RD @ PAUL ANKA DR,369778.4459,5022896.409,-75.67084548,45.34300481,2015-05-26,12:51,01 - Clear,01 - Dry,01 - Traffic signal,02 - Intersection related,01 - Daylight,02 - Non-fatal injury,03 - Rear end,Hunt Club - Ottawa Airport
1021,OTHELLO AVE btwn HAMLET RD & SMYTH RD,373262.7307,5029297.557,-75.62550229,45.40026831,2015-05-27,9:51,01 - Clear,01 - Dry,10 - No control,04 - At/near private drive,01 - Daylight,02 - Non-fatal injury,02 - Angle,Elmvale - Eastway - Riverview - Riverview Park West
1022,HAZELDEAN RD @ HUNTMAR DR/IBER RD,350942.5979,5016078.165,-75.91181912,45.28314442,2015-05-29,6:40,01 - Clear,01 - Dry,01 - Traffic signal,03 - At intersection,01 - Daylight,02 - Non-fatal injury,05 - Turning movement,Stittsville
1023,BANK ST btwn ARENA PL & WHITE ALDER AVE,375428.0757,5021455.807,-75.59896784,45.32949681,2015-05-14,14:05,01 - Clear,01 - Dry,10 - No control,01 - Non intersection,01 - Daylight,02 - Non-fatal injury,03 - Rear end,Greenbelt
1024,LAURIER AVE   E btwn RUSSELL AVE & CHAPEL ST,369105.0155,5032255.576,-75.67821858,45.42727775,2015-05-19,9:37,01 - Clear,01 - Dry,10 - No control,01 - Non intersection,01 - Daylight,02 - Non-fatal injury,03 - Rear end,Sandy Hill
1025,BAYSWATER AVE @ SOMERSET ST,365814.6282,5029910.122,-75.72055424,45.40646876,2015-03-22,14:11,01 - Clear,01 - Dry,01 - Traffic signal,03 - At intersection,01 - Daylight,02 - Non-fatal injury,07 - SMV other,Centretow
1026,BOOTH ST @ OTTAWA RIVER PKWY/WELLINGTON ST,366263.6036,5031008.184,-75.71468232,45.41630954,2015-05-28,16:14,01 - Clear,01 - Dry,01 - Traffic signal,03 - At intersection,01 - Daylight,02 - Non-fatal injury,05 - Turning movement,LeBreton Flats
1027,CARLING AVE @ WYLIE AVE,359140.6682,5024077.414,-75.80644762,45.35453623,2015-05-19,7:51,01 - Clear,01 - Dry,02 - Stop sign,03 - At intersection,01 - Daylight,02 - Non-fatal injury,05 - Turning movement,Bayshore
1028,BRONSON AVE @ CARLING AVE/GLEBE AVE,367447.707,5029335.922,-75.69976706,45.40115801,2015-05-19,17:23,01 - Clear,01 - Dry,01 - Traffic signal,03 - At intersection,01 - Daylight,02 - Non-fatal injury,07 - SMV other,The Glebe
1029,BLAIR RD @ MONTREAL RD,374018.9995,5034438.504,-75.61512099,45.44644953,2015-05-27,13:25,01 - Clear,01 - Dry,01 - Traffic signal,03 - At intersection,01 - Daylight,02 - Non-fatal injury,05 - Turning movement,Carson Grove - Carson Meadows
1030,GLADSTONE AVE @ ROCHESTER ST,366662.698,5029788.647,-75.70973664,45.40530132,2015-05-27,15:13,01 - Clear,01 - Dry,01 - Traffic signal,03 - At intersection,01 - Daylight,02 - Non-fatal injury,07 - SMV other,Centretown West
1031,BLAIR RD btwn BEAVERPOND DR & INNES RD,375408.4046,5031856.736,-75.59773164,45.42308131,2015-03-04,17:19,01 - Clear,01 - Dry,10 - No control,01 - Non intersection,01 - Daylight,02 - Non-fatal injury,03 - Rear end,Pineview
1032,GLEBE AVE btwn LYON ST S & BANK ST,368219.0935,5029776.465,-75.68985805,45.40505243,2015-04-17,12:22,01 - Clear,01 - Dry,10 - No control,01 - Non intersection,01 - Daylight,02 - Non-fatal injury,07 - SMV other,The Glebe
1033,HAZELDEAN RD @ HUNTMAR DR/IBER RD,350942.5979,5016077.986,-75.91181914,45.28314281,2015-04-01,19:24,01 - Clear,01 - Dry,01 - Traffic signal,03 - At intersection,07 - Dark,02 - Non-fatal injury,02 - Angle,Stittsville
1034,LYON ST    N btwn SLATER ST & LAURIER AVE W,367111.8568,5031137.591,-75.70382891,45.41739888,2015-05-12,16:52,01 - Clear,01 - Dry,10 - No control,04 - At/near private drive,01 - Daylight,02 - Non-fatal injury,05 - Turning movement,Downtown
1035,HIGHWAY 417 btwn HWY417 IC119B RAMP57 & HWY417 IC119A RAMP75,368581.4969,5030514.679,-75.68513353,45.41166171,2015-10-01,10:55,01 - Clear,01 - Dry,10 - No control,01 - Non intersection,01 - Daylight,02 - Non-fatal injury,03 - Rear end,The Glebe
1036,BEAVERPOND DR @ BLAIR RD,375399.7299,5031874.927,-75.59783987,45.42324585,2015-05-26,16:11,01 - Clear,01 - Dry,01 - Traffic signal,03 - At intersection,01 - Daylight,02 - Non-fatal injury,03 - Rear end,Pineview
1037,CONROY RD @ WALKLEY RD,372903.7226,5027463.892,-75.63034057,45.3838048,2015-05-27,16:23,01 - Clear,01 - Dry,01 - Traffic signal,03 - At intersection,01 - Daylight,02 - Non-fatal injury,03 - Rear end,Elmvale - Eastway - Riverview - Riverview Park West
1038,MAITLAND AVE/GLENMOUNT AVE @ ERINDALE DR,363697.5859,5025211.811,-75.74815714,45.36437545,2015-04-04,0:02,02 - Rain,02 - Wet,01 - Traffic signal,03 - At intersection,07 - Dark,02 - Non-fatal injury,02 - Angle,Braemar Park - Bel Air Heights - Copeland Park
1039,GLENVIEW AVE @ RIVERDALE AVE,369323.9223,5029412.531,-75.67579359,45.40167691,2015-04-12,14:24,01 - Clear,01 - Dry,02 - Stop sign,03 - At intersection,01 - Daylight,02 - Non-fatal injury,07 - SMV other,Old Ottawa East
1040,REGIONAL ROAD 174 btwn OR174 IC112 RAMP36 & OR174 IC112 RAMP26,374754.3709,5032814.638,-75.60595211,45.43176569,2015-06-02,8:14,01 - Clear,01 - Dry,10 - No control,01 - Non intersection,01 - Daylight,02 - Non-fatal injury,03 - Rear end,Industrial Park
1041,WOODROFFE AVE btwn HWY417 IC127 RAMP35 & HWY417 IC127 RAMP52,362157.6419,5024749.608,-75.76786693,45.36034429,2015-05-23,0:14,01 - Clear,01 - Dry,10 - No control,01 - Non intersection,07 - Dark,02 - Non-fatal injury,04 - Sideswipe,Iris
1042,HUNTMAR DR btwn RICHARDSON SIDE RD & HUNTMAR DR,348275.6123,5018908.589,-75.94556547,45.30878354,2015-05-27,17:12,01 - Clear,01 - Dry,10 - No control,01 - Non intersection,01 - Daylight,02 - Non-fatal injury,03 - Rear end,Stittsville - Basswood
1043,MARAVISTA DR @ STRANDHERD DR,361288.4381,5014584.958,-75.78011984,45.26895318,2015-05-29,11:34,01 - Clear,01 - Dry,01 - Traffic signal,03 - At intersection,01 - Daylight,02 - Non-fatal injury,02 - Angle,Munster Hamlet - Richmond
1044,SUSSEX DR btwn GEORGE ST & RIDEAU ST,367874.9817,5032120.242,-75.69395346,45.42617207,2015-05-25,20:01,02 - Rain,02 - Wet,10 - No control,01 - Non intersection,05 - Dusk,02 - Non-fatal injury,05 - Turning movement,Byward Market
1045,MONTREAL RD btwn CLOVELLY RD & ELWOOD ST,374308.4184,5034408.044,-75.61142587,45.44614675,2015-05-27,9:55,01 - Clear,01 - Dry,10 - No control,04 - At/near private drive,01 - Daylight,02 - Non-fatal injury,02 - Angle,Gloucester
1046,CHAPMAN MILLS DR btwn SUMMERLINE GT & WOODROFFE AVE,366105.1246,5015181.029,-75.71866863,45.27391324,2015-05-27,17:57,01 - Clear,01 - Dry,10 - No control,01 - Non intersection,01 - Daylight,02 - Non-fatal injury,07 - SMV other,New Barrhaven
1047,GLYNN AVE @ VERA ST,370504.9928,5032120.941,-75.66034754,45.42593625,2015-05-16,19:00,01 - Clear,01 - Dry,03 - Yield sign,03 - At intersection,01 - Daylight,02 - Non-fatal injury,02 - Angle,Overbrook
1048,RIVERSIDE DR RAMP 34 @ RIVERSIDE DR,368339.6806,5027183.917,-75.68865165,45.38171453,2015-05-28,7:45,01 - Clear,01 - Dry,03 - Yield sign,02 - Intersection related,01 - Daylight,02 - Non-fatal injury,03 - Rear end,Riverside Park
1049,LAURIER AVE   W btwn ELGIN ST & QUEEN ELIZABETH DRWY/LAURIER AVE WB ON,368054.0805,5031612.771,-75.69173012,45.42158985,2015-05-28,6:27,01 - Clear,01 - Dry,10 - No control,01 - Non intersection,01 - Daylight,02 - Non-fatal injury,03 - Rear end,Golden Triangle
1050,APPLE ORCHARD RD @ DEER VALLEY CRES E,375226.703,5011956.617,-75.60288488,45.24404651,2015-06-01,16:38,01 - Clear,01 - Dry,02 - Stop sign,03 - At intersection,01 - Daylight,03 - P.D. only,07 - SMV other,Greely
1051,MONTREAL RD btwn FOXVIEW PL & HOCHELAGA ST,372929.5069,5034452.416,-75.62904524,45.44668174,2015-05-29,15:41,01 - Clear,01 - Dry,10 - No control,01 - Non intersection,01 - Daylight,02 - Non-fatal injury,07 - SMV other,Carson Grove - Carson Meadows
1052,OTTAWA ROAD 29 btwn GALETTA SIDE RD & WALTER BRADLEY RD,319122.2427,5026676.61,-76.31712296,45.37988477,2015-05-30,10:55,01 - Clear,01 - Dry,10 - No control,01 - Non intersection,01 - Daylight,02 - Non-fatal injury,07 - SMV other,Mississipp
1053,WEST HUNT CLUB RD WB btwn WOODROFFE AVE & 354 E OF WOODROFFE AVE/REC P,363675.7607,5021268.542,-75.74890512,45.32889613,2015-05-30,16:56,02 - Rain,02 - Wet,10 - No control,01 - Non intersection,01 - Daylight,02 - Non-fatal injury,03 - Rear end,Tanglewood
1054,JEANNE D'ARC BLVD @ ORLEANS BLVD S,380940.7445,5036250.795,-75.52636677,45.46203538,2015-05-28,15:07,01 - Clear,01 - Dry,01 - Traffic signal,02 - Intersection related,01 - Daylight,02 - Non-fatal injury,03 - Rear end,Orleans Village - Chateauneuf
1055,EAGLESON RD @ FLEWELLYN RD,355333.6235,5014247.786,-75.85603631,45.26637232,2015-06-01,10:28,01 - Clear,01 - Dry,02 - Stop sign,02 - Intersection related,01 - Daylight,02 - Non-fatal injury,03 - Rear end,Stittsville - Basswood
1056,FALLOWFIELD RD btwn EAGLESON RD & RICHMOND RD,357459.4669,5013375.681,-75.82904038,45.258369,2015-01-10,20:14,05 - Drifting Snow,03 - Loose snow,10 - No control,01 - Non intersection,07 - Dark,02 - Non-fatal injury,01 - Approaching,Munster Hamlet - Richmond
1057,PRESTON ST btwn BEECH ST & NORMAN ST,366690.5845,5029256.893,-75.70944718,45.40051428,2015-05-01,10:28,01 - Clear,01 - Dry,10 - No control,04 - At/near private drive,01 - Daylight,02 - Non-fatal injury,05 - Turning movement,Little Italy
1058,RIVERSIDE DR @ TREMBLAY RD/HWY417 IC117 RAMP52,370801.8979,5031014.557,-75.65670199,45.41595352,2015-05-21,12:47,01 - Clear,01 - Dry,01 - Traffic signal,02 - Intersection related,01 - Daylight,02 - Non-fatal injury,03 - Rear end,Industrial Park
1059,BROOKFIELD RAMP 52B btwn AIRPORT PKWY & TO BE DETERMINED,368838.6779,5026346.9,-75.68238908,45.37413785,2015-05-09,14:11,01 - Clear,01 - Dry,10 - No control,01 - Non intersection,01 - Daylight,02 - Non-fatal injury,04 - Sideswipe,Riverside Park
1060,CRESTHAVEN DR @ STRANDHERD DR,366814.8701,5015027.589,-75.70964297,45.27247036,2015-04-20,7:09,02 - Rain,02 - Wet,01 - Traffic signal,03 - At intersection,01 - Daylight,02 - Non-fatal injury,02 - Angle,Chapman Mills - Rideau Crest - Davidson Heights
1061,ST. LAURENT BLVD btwn BOURASSA ST & SMYTH RD,373238.2684,5029688.573,-75.62576045,45.40378889,2015-04-16,16:16,01 - Clear,01 - Dry,10 - No control,01 - Non intersection,01 - Daylight,02 - Non-fatal injury,03 - Rear end,Industrial Park
1062,MONTREAL RD @ BATHGATE DR/BURMA RD,373224.0017,5034516.953,-75.62527194,45.44723365,2015-06-04,20:07,01 - Clear,01 - Dry,01 - Traffic signal,03 - At intersection,01 - Daylight,02 - Non-fatal injury,05 - Turning movement,Carson Grove - Carson Meadows
1063,SMYTH RD btwn SAUNDERSON DR & CUBA AVE,372813.1941,5029325.136,-75.6312399,45.40056027,2015-06-04,22:48,01 - Clear,01 - Dry,10 - No control,01 - Non intersection,07 - Dark,02 - Non-fatal injury,05 - Turning movement,Elmvale - Eastway - Riverview - Riverview Park West
1064,RICHMOND RD btwn GOLDEN AVE & BERKLEY AVE,362886.0566,5028045.099,-75.75818236,45.38993674,2015-06-01,10:34,01 - Clear,01 - Dry,10 - No control,01 - Non intersection,01 - Daylight,02 - Non-fatal injury,03 - Rear end,Westboro
1065,WEST HUNT CLUB RD WB btwn ROYDON PL/SUNDERLAND ST & 545 E OF ROYDON PL,366314.6085,5022386.067,-75.71510479,45.33872513,2015-06-01,12:08,01 - Clear,01 - Dry,10 - No control,01 - Non intersection,01 - Daylight,02 - Non-fatal injury,03 - Rear end,Industrial Park
1066,WEST HUNT CLUB RD @ CLEOPATRA DR/LANCELOT DR,365234.7361,5021731.048,-75.72896214,45.3329252,2015-01-13,13:46,01 - Clear,02 - Wet,01 - Traffic signal,02 - Intersection related,01 - Daylight,02 - Non-fatal injury,03 - Rear end,Tanglewood
1067,MARCH RD btwn MURPHY CRT & MAXWELL RD,347966.0072,5025480.639,-75.94894027,45.36793975,2015-01-04,13:31,01 - Clear,02 - Wet,10 - No control,01 - Non intersection,01 - Daylight,02 - Non-fatal injury,01 - Approaching,Carp - Hardwood Plains
1068,ST. LAURENT BLVD btwn TREMBLAY RD & SHORE ST,372706.8102,5030958.502,-75.63237365,45.41526689,2015-06-05,6:09,01 - Clear,01 - Dry,10 - No control,01 - Non intersection,01 - Daylight,02 - Non-fatal injury,03 - Rear end,Industrial Park
1069,WOODROFFE AVE/HWY 417 WOODROFF IC127R25 @ HWY ,362180.0363,5024696.144,-75.76758731,45.35986139,2015-02-13,7:01,01 - Clear,06 - Ice,01 - Traffic signal,02 - Intersection related,03 - Dawn,02 - Non-fatal injury,03 - Rear end,Iris
1070,ST. PATRICK ST EB btwn BEAUSOLEIL DR & COBOURG ST,368583.7244,5033198.395,-75.68475757,45.43580862,2015-05-31,0:04,01 - Clear,02 - Wet,10 - No control,01 - Non intersection,07 - Dark,02 - Non-fatal injury,04 - Sideswipe,Lower Town
1071,GREENBANK RD @ 207 S OF BELLMAN DR/GREENBANK S,361337.6796,5020827.119,-75.77878067,45.32511646,2015-06-01,13:00,01 - Clear,01 - Dry,01 - Traffic signal,03 - At intersection,01 - Daylight,02 - Non-fatal injury,02 - Angle,Nepean
1072,AVIATION PKWY @ OGILVIE RD,373109.9935,5032376.225,-75.62702631,45.42798363,2015-06-01,18:26,01 - Clear,01 - Dry,01 - Traffic signal,03 - At intersection,01 - Daylight,02 - Non-fatal injury,03 - Rear end,Industrial Park
1073,BLAIR RD @ REGIONAL RD 174 S/OR174 IC112 RAMP15,374908.6757,5032662.135,-75.60400198,45.4303781,2015-06-05,16:49,02 - Rain,02 - Wet,01 - Traffic signal,02 - Intersection related,01 - Daylight,02 - Non-fatal injury,03 - Rear end,Pineview
1074,GREENBANK RD btwn JOCKVALE RD & CAMBRIAN RD,364327.2482,5013849.108,-75.74148521,45.26208135,2015-01-30,7:25,03 - Snow,05 - Packed snow,10 - No control,01 - Non intersection,03 - Dawn,02 - Non-fatal injury,07 - SMV other,New Barrhaven
1075,PRINCE OF WALES DR btwn TURN LANE & WEST HUNT CLUB RD,367455.8274,5021857.99,-75.70061169,45.3338726,2015-05-19,12:43,01 - Clear,01 - Dry,10 - No control,01 - Non intersection,01 - Daylight,02 - Non-fatal injury,03 - Rear end,Industrial Park
1076,KLONDIKE RD @ WEATHERSTON ST,349167.4058,5023973.051,-75.93373923,45.35429912,2015-03-19,14:49,01 - Clear,01 - Dry,01 - Traffic signal,03 - At intersection,01 - Daylight,02 - Non-fatal injury,07 - SMV other,Morgan's Grant
1077,LAURIER AVE @ NICHOLAS ST,368372.9163,5031797.189,-75.6876326,45.42322027,2015-04-18,2:16,01 - Clear,01 - Dry,01 - Traffic signal,03 - At intersection,07 - Dark,02 - Non-fatal injury,02 - Angle,Sandy Hill
1078,DONALD ST @ 110 E OF ST. LAURENT BLVD ,372203.1927,5032483.464,-75.63859885,45.42903649,2015-06-02,6:15,02 - Rain,02 - Wet,01 - Traffic signal,02 - Intersection related,01 - Daylight,02 - Non-fatal injury,99 - Other,Cummings
1079,BEECHWOOD AVE @ CHARLEVOIX ST/MACKAY ST,369186.5917,5033591.27,-75.67700152,45.4392883,2015-06-02,18:34,01 - Clear,01 - Dry,01 - Traffic signal,03 - At intersection,01 - Daylight,02 - Non-fatal injury,07 - SMV other,Vanier North
1080,STRANDHERD DR btwn ANDORA AVE & JOCKVALE RD,363544.5364,5014565.587,-75.75137317,45.26859405,2015-04-17,16:50,01 - Clear,01 - Dry,10 - No control,01 - Non intersection,01 - Daylight,02 - Non-fatal injury,03 - Rear end,Barrhaven West - Old Barrhaven
1081,RICHMOND RD @ ROBERTSON RD,357578.7863,5020751.025,-75.82673542,45.32472446,2015-04-17,17:15,01 - Clear,01 - Dry,01 - Traffic signal,03 - At intersection,01 - Daylight,02 - Non-fatal injury,03 - Rear end,Bells Corners East
1082,MERKLEY DR btwn MATHIEU WAY & CARRIGAN DR,384530.7548,5037713.542,-75.48023013,45.47479531,2015-06-05,10:13,01 - Clear,01 - Dry,10 - No control,04 - At/near private drive,01 - Daylight,02 - Non-fatal injury,07 - SMV other,Fallingbrook
1083,DALMENY RD btwn STAGECOACH RD & 4TH LINE RD,380129.3825,5000667.365,-75.54214725,45.14196208,2015-06-06,6:31,01 - Clear,01 - Dry,10 - No control,01 - Non intersection,01 - Daylight,02 - Non-fatal injury,07 - SMV other,Kars - Osgoode
1084,KING EDWARD AVE @ RIDEAU ST,368511.7072,5032412.508,-75.68577965,45.42874407,2015-05-20,15:45,01 - Clear,01 - Dry,01 - Traffic signal,02 - Intersection related,01 - Daylight,02 - Non-fatal injury,04 - Sideswipe,Lowe
1085,MEADOWLANDS DR btwn CLAYMOR AVE & DEBRA AVE,366943.2179,5025349.983,-75.70671232,45.36533847,2015-04-29,3:47,01 - Clear,01 - Dry,10 - No control,01 - Non intersection,07 - Dark,02 - Non-fatal injury,07 - SMV other,Carleton Heights - Rideauview
1086,BESSERER ST btwn FRIEL ST & CHAPEL ST,368878.9932,5032540.229,-75.68106968,45.4298597,2015-05-15,8:17,01 - Clear,01 - Dry,10 - No control,01 - Non intersection,01 - Daylight,02 - Non-fatal injury,04 - Sideswipe,Sandy Hill
1087,BURKE ST @ MCBEAN ST,357439.6173,5005482.43,-75.83012793,45.18734499,2015-05-17,23:53,01 - Clear,01 - Dry,02 - Stop sign,03 - At intersection,07 - Dark,02 - Non-fatal injury,02 - Angle,Richmond
1088,HWY 417 MAITLAND IC126R26/62 @ MAITLAND AVE,363145.1543,5025984.154,-75.75511726,45.3713711,2015-01-29,17:25,03 - Snow,06 - Ice,01 - Traffic signal,02 - Intersection related,05 - Dusk,02 - Non-fatal injury,03 - Rear end,Carlingwood West - Glabar Park - McKellar Heights
1089,EARL ARMSTRONG RD @ SPRATT RD,368396.7091,5015011.789,-75.68948703,45.27218691,2015-05-19,16:21,01 - Clear,01 - Dry,01 - Traffic signal,03 - At intersection,01 - Daylight,02 - Non-fatal injury,05 - Turning movement,Greenbelt
1090,PRINCE OF WALES DR btwn ORMOND RD & PHELAN RD W,367065.9268,5002308.911,-75.70803385,45.15800522,2015-05-12,18:10,01 - Clear,01 - Dry,10 - No control,04 - At/near private drive,01 - Daylight,02 - Non-fatal injury,03 - Rear end,Manotick - North Gower
1091,MARCH RD btwn TERRY FOX DR & SOLANDT RD,349873.978,5023389.779,-75.92477488,45.34900565,2015-05-09,13:17,01 - Clear,02 - Wet,10 - No control,01 - Non intersection,01 - Daylight,02 - Non-fatal injury,07 - SMV other,South March
1092,CUMMINGS AVE btwn BURN ST & GARDENVALE RD,372379.3701,5033104.649,-75.63626234,45.43460861,2015-04-20,23:28,01 - Clear,01 - Dry,10 - No control,01 - Non intersection,07 - Dark,02 - Non-fatal injury,03 - Rear end,Cummings
1093,INNES RD btwn INDUSTRIAL AVE & BANTREE ST,373493.8313,5030278.718,-75.62241402,45.4090737,2015-06-02,9:40,01 - Clear,01 - Dry,10 - No control,01 - Non intersection,01 - Daylight,02 - Non-fatal injury,03 - Rear end,Industrial Park
1094,WEST HUNT CLUB RD @ ROYDON PL/SUNDERLAND ST,365973.7076,5022168.409,-75.71948102,45.33679648,2015-06-03,16:49,01 - Clear,01 - Dry,01 - Traffic signal,03 - At intersection,01 - Daylight,02 - Non-fatal injury,02 - Angle,Industrial Park
1095,BASELINE RD @ GREENBANK RD,360598.6482,5022584.018,-75.78800927,45.34098418,2015-04-10,20:36,01 - Clear,02 - Wet,01 - Traffic signal,02 - Intersection related,07 - Dark,02 - Non-fatal injury,03 - Rear end,Qualicum - Redwood Park
1096,INDUSTRIAL AVE btwn RUSSELL RD & ST. LAURENT BLVD,373073.7033,5029991.591,-75.62782043,45.40653137,2015-02-14,10:38,03 - Snow,03 - Loose snow,10 - No control,01 - Non intersection,01 - Daylight,02 - Non-fatal injury,99 - Other,Industrial Park
1097,DUNROBIN RD btwn MARCH RD & RIDDELL DR,347178.4973,5026163.608,-75.95893462,45.37413332,2015-05-23,16:51,01 - Clear,01 - Dry,10 - No control,01 - Non intersection,01 - Daylight,02 - Non-fatal injury,07 - SMV other,Carp - Hardwood Plains
1098,MERIVALE RD @ 170 N OF HUNTCLUB RD/COSTCO/CANA,365548.5265,5022100.455,-75.72491377,45.33622198,2015-05-23,12:01,01 - Clear,01 - Dry,01 - Traffic signal,02 - Intersection related,01 - Daylight,02 - Non-fatal injury,03 - Rear end,Tanglewood
1099,PLEASANT PARK RD @ ST. LAURENT BLVD,373597.7279,5028796.631,-75.62129362,45.39572837,2015-05-26,9:45,01 - Clear,01 - Dry,01 - Traffic signal,03 - At intersection,01 - Daylight,02 - Non-fatal injury,07 - SMV other,Hawthorn
1100,OLD PRESCOTT RD btwn THUNDERBIRD DR & SPARKLING LAKE WAY,377452.8938,5014698.409,-75.57412986,45.26848993,2015-05-16,12:03,01 - Clear,01 - Dry,10 - No control,01 - Non intersection,01 - Daylight,02 - Non-fatal injury,01 - Approaching,Greely
1101,REGIONAL ROAD 174 EB btwn OR174 IC109 RAMP55 & TRANSIT,376571.1359,5035210.692,-75.58238656,45.45313979,2015-06-02,16:00,01 - Clear,01 - Dry,10 - No control,01 - Non intersection,01 - Daylight,02 - Non-fatal injury,03 - Rear end,Greenbelt
1102,SCULLY WAY btwn MULDER AVE & BRASSEUR CRES,386396.0382,5037278.085,-75.4564491,45.47066205,2015-04-12,14:51,01 - Clear,08 - Loose sand or gravel,10 - No control,01 - Non intersection,01 - Daylight,02 - Non-fatal injury,07 - SMV other,Cardinal Creek
1103,MERIVALE RD @ BONGARD AVE,365870.98,5021314.407,-75.72089698,45.32912124,2015-05-06,15:20,01 - Clear,01 - Dry,02 - Stop sign,02 - Intersection related,01 - Daylight,02 - Non-fatal injury,07 - SMV other,Merivale Gardens - Grenfell Glen - Pineglen - Country Place
1104,KING EDWARD AVE SB btwn CATHCART ST & ST. ANDREW ST,368139.9823,5033002.475,-75.69045383,45.43408614,2015-04-17,9:57,01 - Clear,01 - Dry,10 - No control,01 - Non intersection,01 - Daylight,02 - Non-fatal injury,05 - Turning movement,Lower Town
1105,INNES RD @ JEANNE D'ARC BLVD/MER BLEUE RD,382637.0329,5035567.914,-75.50478721,45.45570447,2015-06-07,13:18,01 - Clear,01 - Dry,01 - Traffic signal,02 - Intersection related,01 - Daylight,02 - Non-fatal injury,03 - Rear end,Chapel Hill South
1106,HAZELDEAN RD @ HUNTMAR DR/IBER RD,350942.5979,5016079.072,-75.91181904,45.28315259,2015-06-04,9:00,01 - Clear,01 - Dry,01 - Traffic signal,03 - At intersection,01 - Daylight,02 - Non-fatal injury,02 - Angle,Stittsville
1107,ARLINGTON AVE @ BRONSON AVE,367222.7094,5029867.203,-75.70257354,45.40595843,2015-05-24,16:07,01 - Clear,01 - Dry,01 - Traffic signal,03 - At intersection,01 - Daylight,02 - Non-fatal injury,02 - Angle,Centretown West
1108,WEST HUNT CLUB RD @ 545 E OF ROYDON PL/SUNDERLAND ST,366351.2687,5022408.583,-75.71463427,45.33892451,2015-05-21,6:30,01 - Clear,01 - Dry,01 - Traffic signal,03 - At intersection,01 - Daylight,02 - Non-fatal injury,02 - Angle,Industrial Park
1109,BAY ST @ GLADSTONE AVE,367461.99,5030287.483,-75.69946371,45.4097186,2015-06-02,17:39,01 - Clear,01 - Dry,02 - Stop sign,03 - At intersection,01 - Daylight,02 - Non-fatal injury,02 - Angle,Centretown
1110,ANDERSON RD @ RIDGE RD,379030.4781,5028508.893,-75.55195731,45.39258464,2015-05-17,15:45,01 - Clear,01 - Dry,02 - Stop sign,03 - At intersection,01 - Daylight,02 - Non-fatal injury,03 - Rear end,Greenbelt
1111,BASELINE RD @ GREENBANK RD,360596.9636,5022584.14,-75.78803075,45.34098541,2015-05-26,14:29,01 - Clear,01 - Dry,01 - Traffic signal,02 - Intersection related,01 - Daylight,02 - Non-fatal injury,03 - Rear end,Qualicum - Redwood Park
1112,WALKLEY RD @ DON REID DR/RYDER ST,372601.7269,5027283.463,-75.63422128,45.38221067,2015-05-25,9:37,01 - Clear,01 - Dry,01 - Traffic signal,03 - At intersection,01 - Daylight,02 - Non-fatal injury,02 - Angle,Playfair Park - Lynda Park - Guildwood Estates
1113,DOVERCOURT AVE @ ROOSEVELT AVE,363363.6921,5027316.187,-75.75216948,45.38333832,2015-05-25,15:06,02 - Rain,02 - Wet,02 - Stop sign,03 - At intersection,01 - Daylight,02 - Non-fatal injury,02 - Angle,Carlingwood - McKellar Park - Laurentien View
1114,TERRY FOX DR S @ DIDSBURY RD/CENTRUM KANATA SC,350621.1249,5018920.862,-75.91565407,45.30874486,2015-05-26,8:00,01 - Clear,01 - Dry,01 - Traffic signal,03 - At intersection,01 - Daylight,02 - Non-fatal injury,05 - Turning movement,Kanata
1115,PLEASANT PARK RD @ ALTA VISTA DR,370365.0024,5028465.746,-75.66262245,45.39306135,2015-06-03,7:29,01 - Clear,01 - Dry,01 - Traffic signal,03 - At intersection,01 - Daylight,02 - Non-fatal injury,05 - Turning movement,Alta Vista
1116,CARLING AVE @ CONNAUGHT AVE,360770.6762,5025115.713,-75.78552778,45.36375059,2015-06-03,8:28,01 - Clear,01 - Dry,01 - Traffic signal,03 - At intersection,01 - Daylight,02 - Non-fatal injury,05 - Turning movement,Whitehaven - Queensway Terrace North
1117,BANK ST @ KILBORN AVE/BELANGER AVE,369653.7199,5027428.994,-75.67184203,45.38379923,2015-04-12,17:00,01 - Clear,01 - Dry,01 - Traffic signal,02 - Intersection related,01 - Daylight,02 - Non-fatal injury,03 - Rear end,Alta Vista
1118,CARP RD @ WESTBROOK RD,347736.8444,5015442.801,-75.95273597,45.27763031,2015-06-04,8:52,01 - Clear,01 - Dry,01 - Traffic signal,03 - At intersection,01 - Daylight,02 - Non-fatal injury,05 - Turning movement,Stittsville - Basswood
1119,RIVER RD btwn CEDAR DR & DOYLE RD,373589.3268,5004360.598,-75.62478868,45.17586066,2015-03-04,16:32,01 - Clear,01 - Dry,10 - No control,01 - Non intersection,01 - Daylight,02 - Non-fatal injury,01 - Approaching,Manotick
1120,CARLING AVE @ WOODROFFE AVE W,361766.9629,5025725.874,-75.77274074,45.36916051,2015-05-28,18:14,01 - Clear,01 - Dry,01 - Traffic signal,02 - Intersection related,01 - Daylight,02 - Non-fatal injury,03 - Rear end,Carlingwood West - Glabar Park - McKellar Heights
1121,RUSSLAND RD btwn ROCKDALE RD & DUNNING RD,395408.7151,5022984.078,-75.343833,45.34095141,2015-05-29,7:32,01 - Clear,01 - Dry,10 - No control,04 - At/near private drive,01 - Daylight,02 - Non-fatal injury,02 - Angle,Navan - Vars