Record,Location,X,Y,lon,lat,Date,Time,Environment,Road_Surface,Traffic_Control,Collision_Location,Light,Collision_Classification,Impact_type,Neighborhood
1223,BRIAN GOOD AVE @ EARL ARMSTRONG RD,368110.0352,5014834.153,-75.69316285,45.27061443,2015-08-26,23:48,01 - Clear,01 - Dry,02 - Stop sign,03 - At intersection,07 - Dark,02 - Non-fatal injury,02 - Angle,Greenbelt
1224,BLAIR RD btwn OR174 IC112 RAMP15 & MEADOWBROOK RD,375170.23,5032345.083,-75.600705,45.42749918,2015-08-28,8:55,01 - Clear,01 - Dry,10 - No control,04 - At/near private drive,01 - Daylight,02 - Non-fatal injury,02 - Angle,Greenbelt
1225,CLYDE AVE btwn CLYDE AVE & STARWOOD RD,364396.1808,5024802.945,-75.73928949,45.36063749,2015-08-07,17:50,01 - Clear,01 - Dry,10 - No control,04 - At/near private drive,01 - Daylight,02 - Non-fatal injury,02 - Angle,Crestview - Meadowlands
1226,HERON RD btwn ALTA VISTA DR & FINN CRT,370510.0197,5026903.618,-75.66097849,45.37899228,2015-08-24,16:00,01 - Clear,01 - Dry,10 - No control,01 - Non intersection,01 - Daylight,02 - Non-fatal injury,04 - Sideswipe,Alta Vista
1227,NELSON ST @ RIDEAU ST,368651.7018,5032497.87,-75.68397966,45.42949936,2015-08-24,16:11,01 - Clear,01 - Dry,01 - Traffic signal,03 - At intersection,01 - Daylight,02 - Non-fatal injury,07 - SMV other,Lowe
1228,BANK ST @ LISGAR ST,367603.9931,5031064.209,-75.69755075,45.41669461,2015-08-26,10:30,01 - Clear,01 - Dry,01 - Traffic signal,03 - At intersection,01 - Daylight,02 - Non-fatal injury,02 - Angle,Centretown
1229,STRANDHERD @ KENNEVALE DR,361491.2748,5014100.153,-75.77759046,45.26457454,2015-08-23,10:17,01 - Clear,01 - Dry,01 - Traffic signal,03 - At intersection,01 - Daylight,02 - Non-fatal injury,05 - Turning movement,Munster Hamlet - Richmond
1230,BOOTH ST @ CARLING AVE,367096.1533,5029106.2,-75.70428622,45.39912241,2015-07-23,10:34,01 - Clear,01 - Dry,01 - Traffic signal,02 - Intersection related,01 - Daylight,02 - Non-fatal injury,03 - Rear end,Centretown West
1231,PERCY ST btwn GILMOUR ST & JAMES ST,367237.0488,5030363.624,-75.70232751,45.4104238,2015-09-01,8:20,01 - Clear,01 - Dry,10 - No control,04 - At/near private drive,01 - Daylight,02 - Non-fatal injury,05 - Turning movement,Centretown
1232,BANK ST btwn STRATHCONA AVE & PATTERSON AVE,368143.755,5030018.108,-75.69078932,45.40723348,2015-09-11,14:54,01 - Clear,01 - Dry,10 - No control,01 - Non intersection,01 - Daylight,02 - Non-fatal injury,07 - SMV other,The Glebe
1233,FALLOWFIELD RD @ WOODROFFE AVE,365085.8707,5017903.55,-75.731327,45.2984985,2015-07-05,8:52,01 - Clear,01 - Dry,01 - Traffic signal,02 - Intersection related,01 - Daylight,02 - Non-fatal injury,02 - Angle,Greenbelt
1234,EARL ARMSTRONG RD @ SPRATT RD,368396.7091,5015011.069,-75.68948712,45.27218043,2015-05-28,8:30,01 - Clear,01 - Dry,01 - Traffic signal,03 - At intersection,01 - Daylight,02 - Non-fatal injury,05 - Turning movement,Greenbelt
1235,CARP RD @ ROTHBOURNE RD,348253.5717,5014875.796,-75.94619981,45.27249644,2015-09-14,13:46,01 - Clear,01 - Dry,02 - Stop sign,02 - Intersection related,01 - Daylight,02 - Non-fatal injury,03 - Rear end,Stittsville
1236,ST. LAURENT BLVD @ THURSTON DR,373689.1981,5027496.947,-75.62030691,45.38402541,2015-09-14,15:48,01 - Clear,01 - Dry,02 - Stop sign,03 - At intersection,01 - Daylight,02 - Non-fatal injury,05 - Turning movement,Industrial Park
1237,ASHENVALE WAY btwn EMERILLON RIDGE & RAVENSWOOD WAY,385758.3818,5034938.504,-75.46498812,45.44968698,2015-03-25,16:00,01 - Clear,01 - Dry,10 - No control,01 - Non intersection,01 - Daylight,03 - P.D. only,06 - SMV unattended vehicle,Avalon
1238,RICHMOND RD @ HOLLY ACRES RD/NANAIMO DR,359057.9509,5022748.136,-75.80764911,45.34258177,2015-08-26,15:56,01 - Clear,01 - Dry,01 - Traffic signal,03 - At intersection,01 - Daylight,02 - Non-fatal injury,05 - Turning movement,Greenbelt
1239,BASELINE RD @ GREENBANK RD,360598.405,5022584.14,-75.78801236,45.3409853,2015-06-26,17:03,01 - Clear,01 - Dry,01 - Traffic signal,02 - Intersection related,01 - Daylight,02 - Non-fatal injury,02 - Angle,Qualicum - Redwood Park
1240,MURRAY ST btwn CUMBERLAND ST & KING EDWARD AVE,368276.4048,5032743.189,-75.68874383,45.43174081,2015-08-27,17:56,01 - Clear,01 - Dry,10 - No control,01 - Non intersection,01 - Daylight,02 - Non-fatal injury,02 - Angle,Byward Market
1241,ABBEYHILL DR btwn ALDBURN PL & SHERWOOD ST,353352.9174,5017470.83,-75.88096017,45.29551361,2015-09-11,15:32,01 - Clear,01 - Dry,10 - No control,01 - Non intersection,01 - Daylight,02 - Non-fatal injury,07 - SMV other,Glen Cairn - Kanata South Business Park
1242,RIDGEWOOD AVE @ RIVERSIDE DR,368280.7047,5025609.893,-75.68960697,45.36755723,2015-07-11,17:02,01 - Clear,01 - Dry,01 - Traffic signal,02 - Intersection related,01 - Daylight,02 - Non-fatal injury,03 - Rear end,Riverside Park
1243,CARLING AVE @ WOODROFFE AVE W,361768.4043,5025724.432,-75.7727225,45.36914742,2015-07-23,8:50,01 - Clear,01 - Dry,01 - Traffic signal,02 - Intersection related,01 - Daylight,02 - Non-fatal injury,02 - Angle,Carlingwood West - Glabar Park - McKellar Heights
1244,MCTEER RD @ REGIONAL RD 174,394937.0912,5043119.634,-75.34616384,45.52216615,2015-09-14,18:51,01 - Clear,01 - Dry,02 - Stop sign,03 - At intersection,01 - Daylight,02 - Non-fatal injury,05 - Turning movement,Cumberland - Estates
1245,BASELINE RD btwn NAVAHO DR & COLLEGE SQUARE SC,362912.7177,5023989.759,-75.75831901,45.35344506,2015-09-14,17:01,01 - Clear,01 - Dry,10 - No control,01 - Non intersection,01 - Daylight,02 - Non-fatal injury,03 - Rear end,Braemar Park - Bel Air Heights - Copeland Park
1246,BANK ST @ LEITRIM RD,375357.7542,5021619.137,-75.59984157,45.33097346,2015-08-26,17:15,02 - Rain,02 - Wet,01 - Traffic signal,02 - Intersection related,01 - Daylight,02 - Non-fatal injury,03 - Rear end,Greenbelt
1247,CHAPMAN MILLS DR @ BEATRICE DR,365540.5419,5014924.706,-75.7258949,45.27165585,2015-08-27,18:59,01 - Clear,01 - Dry,01 - Traffic signal,03 - At intersection,01 - Daylight,02 - Non-fatal injury,05 - Turning movement,New Barrhaven
1248,JEANNE D'ARC BLVD @ FORTUNE DR/VINEYARD DR,379239.1457,5037381.531,-75.54795127,45.47239227,2015-08-27,19:24,01 - Clear,01 - Dry,01 - Traffic signal,03 - At intersection,01 - Daylight,02 - Non-fatal injury,05 - Turning movement,Orleans South West
1249,ROGER GUINDON AVE btwn PETER MORAND CRES & PETER MORAND CRES,371919.7697,5029588.357,-75.64261485,45.40301485,2015-09-02,16:01,01 - Clear,01 - Dry,10 - No control,04 - At/near private drive,01 - Daylight,02 - Non-fatal injury,05 - Turning movement,Elmvale - Eastway - Riverview - Riverview Park West
1250,BEECHWOOD AVE btwn MACKAY ST & SPRINGFIELD RD,369193.0782,5033602.081,-75.6769172,45.43938498,2015-09-11,18:18,02 - Rain,02 - Wet,10 - No control,04 - At/near private drive,01 - Daylight,02 - Non-fatal injury,05 - Turning movement,Vanier North
1251,LEMIEUX ST @ ST. LAURENT BLVD,372390.2833,5031743.645,-75.63630966,45.42236189,2015-07-29,11:10,01 - Clear,01 - Dry,01 - Traffic signal,02 - Intersection related,01 - Daylight,02 - Non-fatal injury,03 - Rear end,Overbrook
1252,BLAIR RD @ INNES RD,375578.7349,5031438.474,-75.59561544,45.41930081,2015-07-23,14:00,01 - Clear,01 - Dry,01 - Traffic signal,02 - Intersection related,01 - Daylight,02 - Non-fatal injury,03 - Rear end,Greenbelt
1253,JEANNE D'ARC BLVD @ FORTUNE DR/VINEYARD DR,379238.7286,5037374.517,-75.54795767,45.47232921,2015-08-26,18:36,01 - Clear,01 - Dry,01 - Traffic signal,03 - At intersection,01 - Daylight,02 - Non-fatal injury,05 - Turning movement,Orleans South West
1254,INNES RD btwn CASABELLA DR & ORCHARDVIEW AVE,384639.7416,5036466.333,-75.47903902,45.46356165,2015-08-27,22:35,01 - Clear,01 - Dry,10 - No control,01 - Non intersection,07 - Dark,02 - Non-fatal injury,07 - SMV other,Fallingbrook
1255,ST. LAURENT BLVD @ WALKLEY RD,373902.0294,5028045.053,-75.61751271,45.38893606,2015-09-01,18:35,01 - Clear,01 - Dry,01 - Traffic signal,02 - Intersection related,01 - Daylight,02 - Non-fatal injury,03 - Rear end,Urbandale
1256,WOODKILTON RD btwn KINBURN SIDE RD & VANCES SIDE RD,337595.9916,5034361.275,-76.08072958,45.44841269,2015-09-02,17:04,01 - Clear,01 - Dry,10 - No control,01 - Non intersection,01 - Daylight,02 - Non-fatal injury,07 - SMV other,Woodlawn
1257,CLOVER ST @ HERON RD,369293.2359,5026765.324,-75.67653149,45.37786102,2015-09-02,21:28,02 - Rain,02 - Wet,01 - Traffic signal,03 - At intersection,07 - Dark,02 - Non-fatal injury,07 - SMV other,Alta Vista
1258,DUROCHER ST @ MONTREAL RD,370135.9878,5033101.946,-75.66493244,45.4347975,2015-08-22,13:14,01 - Clear,01 - Dry,02 - Stop sign,03 - At intersection,01 - Daylight,02 - Non-fatal injury,02 - Angle,Vanier
1259,GREENBANK RD @ STRANDHERD DR,363933.6839,5014784.778,-75.74638829,45.27053373,2015-09-01,20:05,01 - Clear,01 - Dry,01 - Traffic signal,02 - Intersection related,07 - Dark,02 - Non-fatal injury,03 - Rear end,New Barrhaven
1260,MURRAY ST @ PARENT AVE,367862.1642,5032488.686,-75.69407007,45.42948836,2015-09-05,3:09,01 - Clear,01 - Dry,01 - Traffic signal,02 - Intersection related,07 - Dark,02 - Non-fatal injury,03 - Rear end,Byward Market
1261,DALHOUSIE ST @ ST. ANDREW ST,367869.9849,5032784.666,-75.69393222,45.43215078,2015-09-11,20:11,01 - Clear,01 - Dry,02 - Stop sign,03 - At intersection,07 - Dark,02 - Non-fatal injury,02 - Angle,Lower Town
1262,ELGIN ST btwn ARGYLE AVE & CATHERINE ST,368535.2523,5030605.136,-75.68571259,45.41247982,2015-09-17,8:50,01 - Clear,01 - Dry,10 - No control,04 - At/near private drive,01 - Daylight,02 - Non-fatal injury,07 - SMV other,Golden Triangle
1263,GEORGE ST @ 26 W OF BYWARD MARKET/FREIMAN MALL,367999.6794,5032196.068,-75.69235036,45.42684307,2015-08-08,13:21,01 - Clear,01 - Dry,01 - Traffic signal,02 - Intersection related,01 - Daylight,02 - Non-fatal injury,03 - Rear end,Byward Market
1264,BANK ST @ MCLEOD ST,367948.7099,5030485.771,-75.69322085,45.41145899,2015-08-11,20:19,02 - Rain,02 - Wet,02 - Stop sign,02 - Intersection related,07 - Dark,02 - Non-fatal injury,02 - Angle,Centretown
1265,GREENBANK RD @ CANFIELD RD/CRAIG HENRY DR,361105.7159,5021364.01,-75.78167841,45.32996605,2015-04-02,9:35,02 - Rain,02 - Wet,01 - Traffic signal,02 - Intersection related,01 - Daylight,02 - Non-fatal injury,03 - Rear end,Sheahan Estates - Trend Village - Arlington Woods
1266,MERIVALE RD @ CLEOPATRA DR,365951.667,5021122.007,-75.71989149,45.32738302,2015-04-07,16:37,01 - Clear,01 - Dry,01 - Traffic signal,02 - Intersection related,01 - Daylight,02 - Non-fatal injury,03 - Rear end,Merivale Gardens - Grenfell Glen - Pineglen - Country Place
1267,REGIONAL ROAD 174 btwn OR174 IC109 RAMP64 & OR174 IC105 RAMP16,377297.3402,5035847.807,-75.57300914,45.45879716,2015-02-21,15:03,03 - Snow,03 - Loose snow,10 - No control,01 - Non intersection,01 - Daylight,02 - Non-fatal injury,07 - SMV other,Greenbelt
1268,CARDEVCO RD @ CARP RD,345930.7169,5017480.483,-75.97558657,45.29607416,2015-03-20,9:01,01 - Clear,01 - Dry,02 - Stop sign,03 - At intersection,01 - Daylight,02 - Non-fatal injury,99 - Other,Stittsville - Basswood
1269,CYRVILLE RD btwn INNES RD & END,375075.1121,5031065.15,-75.60210299,45.41599261,2015-06-20,14:51,01 - Clear,01 - Dry,10 - No control,04 - At/near private drive,01 - Daylight,02 - Non-fatal injury,05 - Turning movement,Industrial Park
1270,MITCH OWENS RD @ DOZOIS RD/LIMEBANK RD,371672.2041,5012108.165,-75.64813755,45.24575677,2015-05-27,17:37,01 - Clear,01 - Dry,01 - Traffic signal,03 - At intersection,01 - Daylight,02 - Non-fatal injury,02 - Angle,Manotick
1271,MONTREAL RD @ DEN HAAG DR/LANG'S RD,372385.9973,5034220.503,-75.63602442,45.44464787,2015-07-09,23:31,01 - Clear,01 - Dry,01 - Traffic signal,03 - At intersection,07 - Dark,02 - Non-fatal injury,07 - SMV other,Carson Grove - Carson Meadows
1272,PRINCE OF WALES DR btwn FOREST HILL AVE & BASELINE RD/HERON RD,366849.2729,5026345.93,-75.70778636,45.37430811,2015-03-23,15:39,01 - Clear,01 - Dry,10 - No control,01 - Non intersection,01 - Daylight,02 - Non-fatal injury,05 - Turning movement,Civic Hospital - Experimental Farm - Central Park
1273,FISHER AVE btwn TRENT ST & 220 S OF TRENT ST,365790.9066,5026910.882,-75.721228,45.37948435,2015-06-22,19:15,01 - Clear,01 - Dry,10 - No control,04 - At/near private drive,01 - Daylight,02 - Non-fatal injury,05 - Turning movement,Civic Hospital - Experimental Farm - Central Park
1274,BANK ST @ CECIL AVE,369945.4331,5026989.906,-75.66817529,45.3798214,2015-07-02,23:55,01 - Clear,01 - Dry,02 - Stop sign,02 - Intersection related,07 - Dark,02 - Non-fatal injury,05 - Turning movement,Alta Vista
1275,CASTLEFRANK RD @ HAZELDEAN RD,352679.3195,5017676.409,-75.88952806,45.29740968,2015-06-17,22:45,01 - Clear,01 - Dry,01 - Traffic signal,03 - At intersection,07 - Dark,02 - Non-fatal injury,05 - Turning movement,Glen Cairn - Kanata South Business Park
1276,TENTH LINE RD btwn 275 N OF DES EPINETTES AVE/FALLINGBROOK SC & DES EP,383597.8826,5037000.583,-75.49227419,45.46848665,2015-05-29,15:10,01 - Clear,01 - Dry,10 - No control,01 - Non intersection,01 - Daylight,02 - Non-fatal injury,03 - Rear end,Orl¨¦ans
1277,PARENT AVE @ ST. PATRICK ST,367822.423,5032555.962,-75.69456929,45.43009727,2015-07-17,23:22,02 - Rain,02 - Wet,01 - Traffic signal,03 - At intersection,07 - Dark,02 - Non-fatal injury,07 - SMV other,Byward Market
1278,MARCH RD btwn TALL FOREST DR & TALL FOREST DR,343781.5524,5023229.056,-76.00253469,45.34792451,2015-02-21,13:00,03 - Snow,03 - Loose snow,10 - No control,01 - Non intersection,01 - Daylight,02 - Non-fatal injury,07 - SMV other,Carp - Hardwood Plains
1279,AIRPORT PKWY btwn RAMP & TO BE DETERMINED,369928.7971,5025696.84,-75.6685582,45.36818834,2015-02-21,12:54,03 - Snow,03 - Loose snow,10 - No control,06 - Underpass or tunnel,01 - Daylight,02 - Non-fatal injury,07 - SMV other,Hunt Club Woods - Quintarra - Revelstoke - Riverside South P
1280,ISABELLA ST/HWY417 IC119AR75 @ METCALFE ST,368448.9135,5030399.729,-75.68684207,45.4106395,2015-04-03,12:34,01 - Clear,01 - Dry,01 - Traffic signal,03 - At intersection,01 - Daylight,02 - Non-fatal injury,05 - Turning movement,The Glebe
1281,CLEMENTINE BLVD @ HERON RD,369546.7569,5026787.861,-75.67329184,45.37804042,2015-02-21,15:50,02 - Rain,03 - Loose snow,01 - Traffic signal,03 - At intersection,01 - Daylight,02 - Non-fatal injury,02 - Angle,Alta Vista
1282,CRESTHAVEN DR @ STRANDHERD DR,366814.3881,5015028.673,-75.70964898,45.27248015,2015-03-27,18:35,01 - Clear,01 - Dry,01 - Traffic signal,02 - Intersection related,05 - Dusk,02 - Non-fatal injury,03 - Rear end,Chapman Mills - Rideau Crest - Davidson Heights
1283,HUNT CLUB RD @ UPLANDS DR,370157.4479,5023121.852,-75.66597997,45.34499807,2015-06-25,13:55,01 - Clear,01 - Dry,01 - Traffic signal,03 - At intersection,01 - Daylight,02 - Non-fatal injury,05 - Turning movement,Hunt Club East - Western Community
1284,COLONEL BY DR @ MAIN ST,368858.983,5030913.493,-75.68153692,45.41522475,2015-02-24,16:20,01 - Clear,02 - Wet,02 - Stop sign,02 - Intersection related,01 - Daylight,02 - Non-fatal injury,03 - Rear end,Old Ottawa East
1285,ARMSTRONG ST @ BAYVIEW RD,365687.6288,5030022.05,-75.72216265,45.40748692,2015-02-21,12:42,03 - Snow,03 - Loose snow,02 - Stop sign,02 - Intersection related,01 - Daylight,02 - Non-fatal injury,01 - Approaching,Centretow
1286,HUNT CLUB RD @ LORRY GREENBERG DR/SABLE RIDGE ,372824.2179,5024808.338,-75.63172141,45.35991891,2015-02-21,10:09,03 - Snow,03 - Loose snow,01 - Traffic signal,02 - Intersection related,01 - Daylight,02 - Non-fatal injury,03 - Rear end,Greenboro East
1287,GREENBANK RD @ BERRIGAN DR/WESSEX RD,363721.754,5015275.943,-75.74903065,45.27497103,2015-02-19,11:43,01 - Clear,02 - Wet,01 - Traffic signal,03 - At intersection,01 - Daylight,02 - Non-fatal injury,02 - Angle,New Barrhaven
1288,RICHMOND RD btwn TURN LANE & JOHN SUTHERLAND DR,358737.7077,5022044.4,-75.81181195,45.33627422,2015-02-19,11:54,01 - Clear,04 - Slush,10 - No control,01 - Non intersection,01 - Daylight,02 - Non-fatal injury,01 - Approaching,Greenbelt
1289,CEDARVIEW RD btwn CAMBRIAN RD & STRANDHERD DR,362909.6033,5011981.679,-75.75976609,45.24539662,2015-04-03,20:09,01 - Clear,01 - Dry,10 - No control,01 - Non intersection,07 - Dark,02 - Non-fatal injury,07 - SMV other,New Barrhaven
1290,BLAIR RD @ REGIONAL RD 174 S/OR174 IC112 RAMP15,374907.3895,5032662.319,-75.60401839,45.43037989,2015-03-31,14:14,01 - Clear,01 - Dry,01 - Traffic signal,03 - At intersection,01 - Daylight,02 - Non-fatal injury,05 - Turning movement,Pineview
1291,CLARKE AVE @ ST. LAURENT BLVD,371733.7574,5033352.144,-75.64447939,45.43689755,2015-03-31,14:21,01 - Clear,01 - Dry,01 - Traffic signal,03 - At intersection,01 - Daylight,02 - Non-fatal injury,02 - Angle,Cummings
1292,WOODROFFE AVE @ SPORTSPLEX N,363762.9416,5021068.315,-75.74781687,45.32708719,2015-06-26,8:25,01 - Clear,01 - Dry,01 - Traffic signal,03 - At intersection,01 - Daylight,02 - Non-fatal injury,05 - Turning movement,Merivale Gardens - Grenfell Glen - Pineglen - Country Place
1293,WEST HUNT CLUB RD @ CLEOPATRA DR/LANCELOT DR,365234.9793,5021732.134,-75.72895891,45.33293495,2015-06-27,15:56,01 - Clear,01 - Dry,01 - Traffic signal,02 - Intersection related,01 - Daylight,02 - Non-fatal injury,03 - Rear end,Tanglewood
1294,JEANNE D'ARC BLVD @ VORLAGE DR W/VOYAGEUR WAY,379265.8642,5037744.345,-75.54755461,45.47565374,2015-06-30,16:54,01 - Clear,01 - Dry,01 - Traffic signal,03 - At intersection,01 - Daylight,02 - Non-fatal injury,05 - Turning movement,Orleans South West
1295,HUNT CLUB RD btwn DAZE ST & TURN LANE,371551.0788,5024019.029,-75.64807684,45.35293934,2015-06-12,11:51,02 - Rain,02 - Wet,10 - No control,04 - At/near private drive,01 - Daylight,02 - Non-fatal injury,03 - Rear end,South Keys - Heron Gate - Greenboro West
1296,ROCKCLIFFE WAY @ SPRINGFIELD RD,369108.095,5034345.325,-75.67790623,45.44608021,2015-06-05,17:45,02 - Rain,02 - Wet,02 - Stop sign,03 - At intersection,01 - Daylight,02 - Non-fatal injury,02 - Angle,Lindenlea
1297,MONTREAL RD btwn RIDEAU ST & NORTH RIVER RD,369695.4449,5032900.003,-75.6705891,45.43302152,2015-04-13,15:40,01 - Clear,01 - Dry,10 - No control,07 - Overpass or bridge,01 - Daylight,02 - Non-fatal injury,04 - Sideswipe,Vanier
1298,HIGHWAY 417 btwn HWY417 IC140 RAMP16 & HWY417 IC140 RAMP61,351043.0032,5018686.468,-75.91029611,45.30660807,2015-11-10,18:20,01 - Clear,01 - Dry,10 - No control,01 - Non intersection,07 - Dark,02 - Non-fatal injury,06 - SMV unattended vehicle,Kanata
1299,WOODROFFE AVE btwn HWY417 IC127 RAMP53 & IRIS ST,362242.0102,5024545.384,-75.76681385,45.35849979,2015-02-20,22:50,01 - Clear,01 - Dry,10 - No control,01 - Non intersection,07 - Dark,02 - Non-fatal injury,03 - Rear end,Iris
1300,RICHMOND RD @ NORTHSIDE RD E,358329.4129,5021227.494,-75.81710933,45.32895492,2015-02-05,11:53,01 - Clear,02 - Wet,01 - Traffic signal,03 - At intersection,01 - Daylight,02 - Non-fatal injury,07 - SMV other,Bells Corners East
1301,TRIM RD @ WATTERS RD,384963.6882,5038718.058,-75.47452979,45.4837834,2015-03-31,15:36,01 - Clear,01 - Dry,01 - Traffic signal,03 - At intersection,01 - Daylight,02 - Non-fatal injury,05 - Turning movement,Cardinal Creek
1302,BRIAN COBURN BLVD btwn AQUAVIEW DR & TENTH LINE RD,384519.0969,5035065.384,-75.48080865,45.45097099,2015-07-05,3:01,01 - Clear,01 - Dry,10 - No control,01 - Non intersection,07 - Dark,02 - Non-fatal injury,01 - Approaching,Avalon
1303,BANK ST btwn BANK ST EXTENSION NB & JOHNSTON RD,370601.2056,5025365.878,-75.66001916,45.36514765,2015-06-06,11:35,01 - Clear,01 - Dry,10 - No control,01 - Non intersection,01 - Daylight,02 - Non-fatal injury,03 - Rear end,Ledbury - Heron Gate - Ridgemont - Elmwood
1304,CARLING AVE @ PRESTON ST,366829.7448,5028935.608,-75.70771021,45.39761112,2015-06-06,21:44,01 - Clear,01 - Dry,01 - Traffic signal,03 - At intersection,07 - Dark,02 - Non-fatal injury,05 - Turning movement,Centretown West
1305,HIGHWAY 417 btwn HWY417 IC119A RAMP67 & HWY417 IC118 RAMP76,368681.9515,5030584.792,-75.68384117,45.4122834,2015-11-10,22:20,01 - Clear,01 - Dry,10 - No control,01 - Non intersection,07 - Dark,02 - Non-fatal injury,03 - Rear end,Centretown
1306,CEDARVIEW RD @ WEST HUNT CLUB RD,359719.3981,5019553.397,-75.79956383,45.31378393,2015-07-07,8:58,01 - Clear,01 - Dry,01 - Traffic signal,02 - Intersection related,01 - Daylight,02 - Non-fatal injury,03 - Rear end,Greenbelt
1307,FALLOWFIELD RD btwn STEEPLE HILL CRES & MOODIE DR,358425.6374,5014019.108,-75.81666136,45.26408569,2015-02-21,23:02,03 - Snow,06 - Ice,10 - No control,01 - Non intersection,07 - Dark,02 - Non-fatal injury,07 - SMV other,Greenbelt
1308,FRANK KENNY RD btwn JONQUILLE WAY & WILHAVEN DR,386697.8364,5040222.014,-75.45209899,45.49711312,2015-07-05,14:58,01 - Clear,01 - Dry,10 - No control,01 - Non intersection,01 - Daylight,02 - Non-fatal injury,01 - Approaching,Cumberland - Estates
1309,TENTH LINE RD @ VANGUARD DR,384072.7632,5035874.203,-75.48638366,45.45829878,2015-07-06,12:10,01 - Clear,01 - Dry,01 - Traffic signal,03 - At intersection,01 - Daylight,02 - Non-fatal injury,02 - Angle,Avalon
1310,CARP RD @ HAZELDEAN RD,348803.8552,5014360.076,-75.93923268,45.26782158,2015-06-28,15:48,02 - Rain,02 - Wet,01 - Traffic signal,03 - At intersection,01 - Daylight,02 - Non-fatal injury,05 - Turning movement,Stittsville
1311,SMYTH RD E/LANCASTER RD @ ST. LAURENT BLVD N/R,373364.7294,5029425.632,-75.62418177,45.40141069,2015-04-24,13:25,01 - Clear,01 - Dry,01 - Traffic signal,02 - Intersection related,01 - Daylight,02 - Non-fatal injury,03 - Rear end,Sheffield Glen
1312,RICHMOND RD @ TWEEDSMUIR AVE,363518.9718,5028482.189,-75.75004807,45.39381682,2015-06-10,12:17,01 - Clear,01 - Dry,02 - Stop sign,03 - At intersection,01 - Daylight,02 - Non-fatal injury,05 - Turning movement,Westboro
1313,CARLING AVE @ PARKDALE AVE,365625.98,5028172.51,-75.72317823,45.39085055,2015-05-06,16:12,01 - Clear,01 - Dry,01 - Traffic signal,02 - Intersection related,01 - Daylight,02 - Non-fatal injury,03 - Rear end,Civic Hospital - Experimental Farm - Central Park
1314,ST. JOSEPH BLVD btwn COUSINEAU ST & DUSSERE ST,380717.3732,5037036.327,-75.52910134,45.46912727,2015-04-02,12:30,01 - Clear,02 - Wet,10 - No control,01 - Non intersection,01 - Daylight,02 - Non-fatal injury,03 - Rear end,Industrial Park
1315,SMYTH RD btwn RIVERSIDE HOSPITAL & ALTA VISTA DR,370287.851,5029115.792,-75.6635214,45.39891745,2015-07-12,7:19,01 - Clear,01 - Dry,10 - No control,01 - Non intersection,01 - Daylight,02 - Non-fatal injury,07 - SMV other,Industrial Park
1316,HERON RD btwn WILDWOOD AVE & BANK ST,369964.5806,5026847.713,-75.66794959,45.37854021,2015-06-27,9:13,01 - Clear,01 - Dry,10 - No control,04 - At/near private drive,01 - Daylight,02 - Non-fatal injury,05 - Turning movement,Alta Vista
1317,REGIONAL ROAD 174 btwn HIGHWAY 417 & HWY417 IC113 RAMP67,373386.5639,5031803.849,-75.62357197,45.42280661,2015-01-15,16:44,01 - Clear,02 - Wet,10 - No control,01 - Non intersection,05 - Dusk,02 - Non-fatal injury,03 - Rear end,Industrial Park
1318,KILBORN AVE btwn BLOSSOM DR & BEAVER AVE,369910.5359,5027697.263,-75.66852754,45.38618921,2015-06-26,13:09,01 - Clear,01 - Dry,10 - No control,04 - At/near private drive,01 - Daylight,02 - Non-fatal injury,05 - Turning movement,Alta Vista
1319,BANK ST @ WALKLEY RD,370337.1313,5025947.375,-75.66331268,45.37040451,2015-07-12,19:40,01 - Clear,01 - Dry,01 - Traffic signal,02 - Intersection related,01 - Daylight,02 - Non-fatal injury,03 - Rear end,Ledbury - Heron Gate - Ridgemont - Elmwood
1320,STRANDHERD DR btwn JOCKVALE RD & 215 W OF GREENBANK RD/BARRHAVEN MALL ,363734.2172,5014672.125,-75.74894349,45.26953682,2015-01-30,16:05,01 - Clear,06 - Ice,10 - No control,01 - Non intersection,01 - Daylight,02 - Non-fatal injury,03 - Rear end,New Barrhaven
1321,RIVERSIDE DR @ HERON RD,368121.5641,5026646.991,-75.6915054,45.37690316,2015-03-10,17:01,01 - Clear,02 - Wet,01 - Traffic signal,02 - Intersection related,01 - Daylight,02 - Non-fatal injury,03 - Rear end,Riverside Park
1322,HIGHWAY 417 btwn HWY417 IC112 RAMP64 & HIGHWAY 417,374999.7114,5030696.163,-75.60311881,45.41268023,2015-02-02,8:50,03 - Snow,03 - Loose snow,10 - No control,01 - Non intersection,01 - Daylight,02 - Non-fatal injury,07 - SMV other,Industrial Park
1323,BRONSON AVE @ CATHERINE ST/RAYMOND ST,367251.7446,5029796.085,-75.70221167,45.40531594,2015-02-23,0:04,01 - Clear,02 - Wet,01 - Traffic signal,03 - At intersection,07 - Dark,02 - Non-fatal injury,02 - Angle,Centretown West
1324,MCKINLEY DR @ SHIRLEY'S BROOK DR,349836.076,5023731.33,-75.92522745,45.35208144,2015-04-02,20:29,02 - Rain,02 - Wet,02 - Stop sign,03 - At intersection,07 - Dark,02 - Non-fatal injury,07 - SMV other,South March