Record,Location,X,Y,lon,lat,Date,Time,Environment,Road_Surface,Traffic_Control,Collision_Location,Light,Collision_Classification,Impact_type,Neighborhood
1325,GREENBANK RD @ CANFIELD RD/CRAIG HENRY DR,361105.9591,5021363.411,-75.78167537,45.32996064,2015-06-12,12:48,02 - Rain,02 - Wet,01 - Traffic signal,02 - Intersection related,01 - Daylight,02 - Non-fatal injury,03 - Rear end,Woodvale - Craig Henry - Manordale - Estates of Arlington Wo
1326,BANK ST @ HUNT CLUB RD,371608.2295,5024096.76,-75.64733702,45.3536333,2015-02-04,14:12,01 - Clear,04 - Slush,01 - Traffic signal,02 - Intersection related,01 - Daylight,02 - Non-fatal injury,03 - Rear end,South Keys - Heron Gate - Greenboro West
1327,BANK ST btwn VANCOUVER AVE & FOXBAR AVE,370458.1431,5025652.66,-75.66180711,45.36774144,2015-02-03,11:03,01 - Clear,02 - Wet,10 - No control,01 - Non intersection,01 - Daylight,02 - Non-fatal injury,05 - Turning movement,Ledbury - Heron Gate - Ridgemont - Elmwood
1328,FALLOWFIELD RD @ 482 E OF HOLITMAN DR/BARRHAVE,364164.8287,5017376.58,-75.74313276,45.29383527,2015-03-16,9:10,01 - Clear,01 - Dry,01 - Traffic signal,02 - Intersection related,01 - Daylight,02 - Non-fatal injury,03 - Rear end,New Barrhaven
1329,RIVER RD btwn CABIN RD & OSGOODE MAIN ST,373014.1648,4999844.347,-75.63272233,45.13527951,2015-06-24,15:20,01 - Clear,01 - Dry,10 - No control,04 - At/near private drive,01 - Daylight,02 - Non-fatal injury,05 - Turning movement,Kars - Osgoode
1330,ALBERT ST @ BAY ST,366941.9747,5031143.226,-75.70599861,45.41746469,2015-06-21,10:30,01 - Clear,01 - Dry,01 - Traffic signal,03 - At intersection,01 - Daylight,02 - Non-fatal injury,02 - Angle,Downtown
1331,MAGLADRY RD btwn HEUVELMANS RD & DUNNING RD,393893.4678,5030509.704,-75.3618061,45.40885245,2015-07-15,23:35,01 - Clear,01 - Dry,10 - No control,01 - Non intersection,07 - Dark,02 - Non-fatal injury,07 - SMV other,Navan - Vars
1332,MER BLEUE RD E @ NAVAN RD,384138.9407,5032194.879,-75.48613076,45.42518796,2015-07-17,17:47,02 - Rain,02 - Wet,02 - Stop sign,03 - At intersection,01 - Daylight,02 - Non-fatal injury,05 - Turning movement,Navan - Vars
1333,HIGHWAY 417 btwn HWY417 IC155 RAMP61 & HWY417 IC145 RAMP56,346009.0399,5014815.414,-75.97480933,45.27208822,2015-10-01,15:55,01 - Clear,01 - Dry,10 - No control,01 - Non intersection,01 - Daylight,02 - Non-fatal injury,03 - Rear end,Stittsville - Basswood
1334,CEDARVIEW RD @ WEST HUNT CLUB RD,359718.6774,5019554.96,-75.79957285,45.31379805,2015-03-27,8:10,03 - Snow,02 - Wet,01 - Traffic signal,02 - Intersection related,01 - Daylight,02 - Non-fatal injury,03 - Rear end,Greenbelt
1335,BANTREE ST @ INNES RD,373707.8854,5030405.474,-75.61966202,45.41019315,2015-06-24,7:29,01 - Clear,01 - Dry,01 - Traffic signal,03 - At intersection,01 - Daylight,02 - Non-fatal injury,05 - Turning movement,Industrial Park
1336,STRANDHERD DR @ CEDARVIEW RD/TARTAN DR,362286.7524,5013558.077,-75.76751735,45.25963234,2015-06-16,6:04,02 - Rain,02 - Wet,01 - Traffic signal,02 - Intersection related,01 - Daylight,02 - Non-fatal injury,07 - SMV other,New Barrhaven
1337,LESTER RD btwn ALBION RD & UPLANDS DR,371502.7637,5021462.071,-75.64903815,45.32993722,2015-06-16,20:53,01 - Clear,01 - Dry,10 - No control,01 - Non intersection,05 - Dusk,02 - Non-fatal injury,07 - SMV other,Greenbelt
1338,HAZELDEAN RD @ TERRY FOX DR,352205.6833,5017241.969,-75.89560822,45.2935326,2015-03-24,12:40,01 - Clear,01 - Dry,01 - Traffic signal,02 - Intersection related,01 - Daylight,02 - Non-fatal injury,03 - Rear end,Glen Cairn - Kanata South Business Park
1339,RIVERSIDE DR btwn HERON RD & RIVERSIDE DR RAMP 34,368110.1907,5026844.496,-75.69162528,45.37868128,2015-07-11,17:36,01 - Clear,01 - Dry,10 - No control,01 - Non intersection,01 - Daylight,02 - Non-fatal injury,07 - SMV other,Riverside Park
1340,BELFAST RD @ ST. LAURENT BLVD,372860.0034,5030578.202,-75.63046909,45.41183024,2015-06-23,13:20,01 - Clear,01 - Dry,01 - Traffic signal,03 - At intersection,01 - Daylight,02 - Non-fatal injury,05 - Turning movement,Industrial Park
1341,MCARTHUR AVE @ VANIER PKWY,370217.9843,5032689.505,-75.66393934,45.43107886,2015-01-29,19:15,03 - Snow,03 - Loose snow,01 - Traffic signal,02 - Intersection related,07 - Dark,02 - Non-fatal injury,04 - Sideswipe,Vanier South
1342,LEES AVE @ KING EDWARD AVE/MANN AVE,369180.2396,5031333.664,-75.67737784,45.41897581,2015-06-24,13:07,01 - Clear,01 - Dry,01 - Traffic signal,02 - Intersection related,01 - Daylight,02 - Non-fatal injury,03 - Rear end,Sandy Hill
1343,RUSSELL RD S @ ST. LAURENT BLVD,373570.1669,5029260.908,-75.62158087,45.39990843,2015-06-17,7:31,01 - Clear,01 - Dry,01 - Traffic signal,03 - At intersection,01 - Daylight,02 - Non-fatal injury,07 - SMV other,Hawthorne Meadows - Sheffield Glen
1344,BANK ST @ RIVERDALE AVE,369077.5351,5028116.626,-75.67910938,45.39003944,2015-06-17,13:01,01 - Clear,01 - Dry,01 - Traffic signal,02 - Intersection related,01 - Daylight,02 - Non-fatal injury,07 - SMV other,Old Ottawa South
1345,MEADOWLANDS DR @ MERIVALE RD,364855.7943,5023725.026,-75.73355426,45.35089931,2015-01-30,19:39,01 - Clear,01 - Dry,01 - Traffic signal,03 - At intersection,07 - Dark,02 - Non-fatal injury,05 - Turning movement,Crestview - Meadowlands
1346,LASER ST btwn WEST HUNT CLUB RD & GURDWARA RD,367173.238,5022124.711,-75.70418311,45.33629769,2015-03-29,14:46,01 - Clear,01 - Dry,10 - No control,04 - At/near private drive,01 - Daylight,02 - Non-fatal injury,05 - Turning movement,Industrial Park
1347,GLADSTONE AVE @ KENT ST,367744.7042,5030458.125,-75.69583047,45.41122862,2015-03-29,21:53,01 - Clear,01 - Dry,01 - Traffic signal,03 - At intersection,07 - Dark,02 - Non-fatal injury,02 - Angle,Centretown
1348,HUNT CLUB RD @ RIVERSIDE DR,368036.703,5021946.944,-75.69319001,45.33462089,2015-03-24,14:50,01 - Clear,01 - Dry,01 - Traffic signal,03 - At intersection,01 - Daylight,02 - Non-fatal injury,03 - Rear end,Hunt Club Woods - Quintarra - Revelstoke - Riverside South P
1349,CARROLL SIDE RD @ PETER ROBINSON RD,334189.095,5016186.861,-76.12536412,45.28502265,2015-03-25,16:37,02 - Rain,02 - Wet,,03 - At intersection,01 - Daylight,02 - Non-fatal injury,02 - Angle,Carp - Hardwood Plains
1350,PRINCE OF WALES DR @ WEST HUNT CLUB RD,367459.6742,5021891.021,-75.70055843,45.33416947,2015-02-19,12:48,01 - Clear,01 - Dry,01 - Traffic signal,02 - Intersection related,01 - Daylight,02 - Non-fatal injury,03 - Rear end,Industrial Park
1351,CAMPEAU DR @ TERRY FOX DR,350455.4902,5019010.978,-75.91775796,45.30956654,2015-04-01,16:48,01 - Clear,01 - Dry,01 - Traffic signal,03 - At intersection,01 - Daylight,02 - Non-fatal injury,05 - Turning movement,Kanata Lakes - Marchwood Lakeside - Morgan's Grant - Kanata
1352,FINDLAY CREEK DR @ BANK ST,375847.4734,5020459.483,-75.59376104,45.32048997,2015-02-23,8:10,01 - Clear,01 - Dry,01 - Traffic signal,02 - Intersection related,01 - Daylight,02 - Non-fatal injury,03 - Rear end,Greenbelt
1353,BLACKBURN BYPASS @ INNES RD E,379792.4686,5033783.367,-75.54142418,45.43995952,2015-07-10,18:11,01 - Clear,01 - Dry,01 - Traffic signal,03 - At intersection,01 - Daylight,02 - Non-fatal injury,02 - Angle,Greenbelt
1354,GRANT CARMAN DR @ MEADOWLANDS DR,365053.1355,5023901.147,-75.73101452,45.35246709,2015-07-10,16:35,01 - Clear,01 - Dry,01 - Traffic signal,03 - At intersection,01 - Daylight,02 - Non-fatal injury,05 - Turning movement,Cityview - Skyline - Fisher Heights
1355,PRINCE OF WALES DR btwn WELLSMERE CRT & TURN LANE,367440.6923,5022071.323,-75.70077777,45.33579349,2015-06-22,14:42,01 - Clear,01 - Dry,10 - No control,04 - At/near private drive,01 - Daylight,02 - Non-fatal injury,02 - Angle,Industrial Park
1356,LYON ST @ WELLINGTON ST,366933.8296,5031425.806,-75.70606703,45.42000798,2015-06-25,6:58,01 - Clear,01 - Dry,01 - Traffic signal,03 - At intersection,01 - Daylight,02 - Non-fatal injury,05 - Turning movement,Downtown
1357,HOLLAND AVE @ WELLINGTON ST,364929.7014,5029152.473,-75.7319503,45.39972818,2015-06-25,7:16,01 - Clear,01 - Dry,01 - Traffic signal,03 - At intersection,01 - Daylight,02 - Non-fatal injury,07 - SMV other,Island Park
1358,ALTI PL btwn MOODIE DR & END,359217.8838,5014910.84,-75.80646898,45.27204877,2015-03-26,14:15,01 - Clear,01 - Dry,10 - No control,01 - Non intersection,01 - Daylight,02 - Non-fatal injury,07 - SMV other,Greenbelt
1359,MERIVALE RD @ 210 S OF MEADOWLANDS DR,364944.6443,5023530.053,-75.73244415,45.34913735,2015-03-26,12:05,01 - Clear,01 - Dry,01 - Traffic signal,02 - Intersection related,01 - Daylight,02 - Non-fatal injury,03 - Rear end,Borden Farm - Stewart Farm - Parkwood Hills - Fisher Glen
1360,BRONSON AVE btwn BREWER WAY & RIVERSIDE DR RAMPS 34B & 42A-3,368404.4986,5027206.599,-75.68782114,45.38191273,2015-04-02,7:24,03 - Snow,02 - Wet,10 - No control,01 - Non intersection,01 - Daylight,02 - Non-fatal injury,99 - Other,Riverside Park
1361,PERTH ST btwn OAK LEAF PRIV & MCBEAN ST,356723.9872,5006238.285,-75.83915545,45.19419946,2015-03-27,18:16,01 - Clear,01 - Dry,10 - No control,04 - At/near private drive,05 - Dusk,02 - Non-fatal injury,02 - Angle,Richmond
1362,SUNNYSIDE AVE btwn CARRAWAY PRIV & SENECA ST,368116.24,5028214.496,-75.69137231,45.39100761,2015-02-21,13:34,03 - Snow,05 - Packed snow,10 - No control,01 - Non intersection,01 - Daylight,02 - Non-fatal injury,04 - Sideswipe,Old Ottawa South
1363,GREENBANK RD btwn JOCKVALE RD & CAMBRIAN RD,364358.8677,5013416.974,-75.74113414,45.25819032,2015-04-09,0:50,02 - Rain,02 - Wet,10 - No control,01 - Non intersection,07 - Dark,02 - Non-fatal injury,07 - SMV other,New Barrhaven
1364,MAITLAND AVE btwn TERREBONNE DR & CAMEO DR,364022.2135,5025135.156,-75.74402273,45.36365837,2015-06-22,9:23,01 - Clear,01 - Dry,10 - No control,04 - At/near private drive,01 - Daylight,02 - Non-fatal injury,03 - Rear end,Civic Hospital - Experimental Farm - Central Park
1365,RICHARDSON SIDE RD @ TERRY FOX DR,348803.086,5019506.072,-75.93878598,45.31412702,2015-06-21,13:58,01 - Clear,01 - Dry,01 - Traffic signal,03 - At intersection,01 - Daylight,02 - Non-fatal injury,05 - Turning movement,Kanata Lakes - Marchwood Lakeside - Morgan's Grant - Kanata
1366,BLAIR RD @ REGIONAL RD 174 N/OR174 IC112 RAMP61,374633.3604,5032991.505,-75.6074734,45.43336914,2015-04-20,8:36,02 - Rain,02 - Wet,01 - Traffic signal,03 - At intersection,01 - Daylight,02 - Non-fatal injury,02 - Angle,Industrial Park
1367,ALTA VISTA DR btwn SMYTH RD & VALOUR DR,370413.2564,5029184.981,-75.66191056,45.39952825,2015-05-08,11:41,01 - Clear,01 - Dry,10 - No control,01 - Non intersection,01 - Daylight,02 - Non-fatal injury,03 - Rear end,Industrial Park
1368,PLACE D'ORLEANS @ CENTRUM BLVD/PLACE D'ORLEANS,381964.0196,5038137.952,-75.51298746,45.47890213,2015-06-29,11:16,02 - Rain,02 - Wet,01 - Traffic signal,03 - At intersection,01 - Daylight,02 - Non-fatal injury,07 - SMV other,Industrial Park
1369,RICHARDSON SIDE RD btwn OAK CREEK RD & HUNTMAR DR,348054.8463,5018844.463,-75.94838631,45.30822014,2015-02-12,12:42,05 - Drifting Snow,04 - Slush,10 - No control,01 - Non intersection,01 - Daylight,02 - Non-fatal injury,06 - SMV unattended vehicle,Stittsville - Basswood
1370,LAURIER AVE @ WALLER ST/TRANSITWAY,368453.309,5031859.433,-75.68659736,45.42377301,2015-02-19,12:03,01 - Clear,01 - Dry,01 - Traffic signal,03 - At intersection,01 - Daylight,02 - Non-fatal injury,02 - Angle,Sandy Hill
1371,BANK ST @ HUNT CLUB RD,371609.4572,5024096.146,-75.64732144,45.35362766,2015-06-19,18:06,01 - Clear,01 - Dry,01 - Traffic signal,02 - Intersection related,01 - Daylight,02 - Non-fatal injury,03 - Rear end,South Keys - Heron Gate - Greenboro West
1372,RIVERSIDE DR btwn RIVERSIDE DR RAMP 42A & RIVERSIDE DR SPLIT,368493.1875,5027308.98,-75.68667556,45.38282587,2015-05-08,22:26,01 - Clear,01 - Dry,10 - No control,01 - Non intersection,07 - Dark,02 - Non-fatal injury,03 - Rear end,Alta Vista
1373,GOTH AVE btwn ALBION RD & GOTHWOOD PL,372421.4382,5023251.481,-75.63707493,45.34594983,2015-05-09,23:31,01 - Clear,01 - Dry,10 - No control,01 - Non intersection,07 - Dark,02 - Non-fatal injury,07 - SMV other,Blossom Park - Blossom Park West - Sawmill Creek/ Timbermill
1374,RIDEAU VALLEY DR @ WASHINGTON ST,371840.7835,5001510.637,-75.64741562,45.1503851,2015-06-29,16:27,01 - Clear,01 - Dry,02 - Stop sign,03 - At intersection,01 - Daylight,02 - Non-fatal injury,05 - Turning movement,Kars - Osgoode
1375,DESCHAMPS AVE @ VANIER PKWY,369850.7487,5033269.037,-75.66855565,45.43632751,2015-02-21,14:54,03 - Snow,04 - Slush,01 - Traffic signal,02 - Intersection related,01 - Daylight,02 - Non-fatal injury,03 - Rear end,Vanier North
1376,YORK ST WB btwn BYWARD MARKE SQ & SUSSEX DR,367853.3958,5032296.085,-75.69420677,45.42775619,2015-03-10,15:44,01 - Clear,01 - Dry,10 - No control,01 - Non intersection,01 - Daylight,02 - Non-fatal injury,05 - Turning movement,Byward Market
1377,SMYTH RD btwn RIVERSIDE HOSPITAL & SMYTH RD SOUTH SIDE RAMP,369928.7192,5029121.031,-75.66810743,45.39899809,2015-06-17,6:51,01 - Clear,01 - Dry,10 - No control,01 - Non intersection,01 - Daylight,02 - Non-fatal injury,04 - Sideswipe,Alta Vista
1378,TENTH LINE RD btwn INNES RD & VANGUARD DR,383964.0126,5036132.534,-75.48773238,45.46063534,2015-07-08,19:35,01 - Clear,01 - Dry,10 - No control,04 - At/near private drive,01 - Daylight,02 - Non-fatal injury,02 - Angle,Avalon
1379,METCALFE ST @ SLATER ST,367730.9759,5031549.215,-75.69586651,45.42104713,2015-06-18,15:56,01 - Clear,01 - Dry,01 - Traffic signal,03 - At intersection,01 - Daylight,02 - Non-fatal injury,07 - SMV other,Downtown
1380,TAPIOLA CRES @ WHITE CLOVER PRIV,372040.2111,5025208.781,-75.64167306,45.36359758,2015-05-27,7:43,01 - Clear,01 - Dry,,02 - Intersection related,01 - Daylight,02 - Non-fatal injury,01 - Approaching,South Keys - Heron Gate - Greenboro West
1381,CATHERINE ST @ KENT ST,367908.4282,5030188.204,-75.69377352,45.40878521,2015-07-06,12:26,01 - Clear,01 - Dry,01 - Traffic signal,03 - At intersection,01 - Daylight,02 - Non-fatal injury,05 - Turning movement,Centretown
1382,ARGYLE AVE W @ METCALFE ST,368337.7171,5030578.212,-75.68823953,45.41225553,2015-07-24,12:50,01 - Clear,01 - Dry,01 - Traffic signal,02 - Intersection related,01 - Daylight,02 - Non-fatal injury,04 - Sideswipe,Centretown
1383,WALKLEY RD btwn BANK ST & BANFF AVE,370353.7079,5025958.906,-75.66309955,45.37050672,2015-07-23,19:39,01 - Clear,01 - Dry,10 - No control,04 - At/near private drive,01 - Daylight,02 - Non-fatal injury,07 - SMV other,Ledbury - Heron Gate - Ridgemont - Elmwood
1384,FOWLER ST/NIXON FARM DR @ PERTH ST,356521.3327,5006052.471,-75.84175377,45.19254234,2015-06-30,12:28,01 - Clear,01 - Dry,01 - Traffic signal,03 - At intersection,01 - Daylight,02 - Non-fatal injury,07 - SMV other,Richmond
1385,SHEFFIELD RD @ WALKLEY RD,375258.4558,5028783.458,-75.60008676,45.39544471,2015-07-21,10:35,01 - Clear,01 - Dry,01 - Traffic signal,03 - At intersection,01 - Daylight,02 - Non-fatal injury,05 - Turning movement,Industrial Park
1386,TERMINAL AVE btwn SANDFORD FLEMING AVE & STEAMLINE ST,371046.6025,5030854.747,-75.65359725,45.41449249,2015-06-03,8:33,01 - Clear,01 - Dry,10 - No control,01 - Non intersection,01 - Daylight,02 - Non-fatal injury,05 - Turning movement,Industrial Park
1387,LEIGHTON TER @ RICHMOND RD,364062.2301,5028821.742,-75.74306946,45.39682629,2015-07-24,14:36,01 - Clear,01 - Dry,02 - Stop sign,03 - At intersection,01 - Daylight,02 - Non-fatal injury,02 - Angle,Westboro
1388,FIRST LINE RD btwn PHELAN RD E & ROGER STEVENS DR,371352.3652,5002698.251,-75.65346813,45.16111744,2015-06-26,2:23,01 - Clear,01 - Dry,10 - No control,04 - At/near private drive,07 - Dark,02 - Non-fatal injury,03 - Rear end,Kars - Osgoode
1389,BOOTH ST @ CARLING AVE,367093.9912,5029106.2,-75.70431384,45.3991226,2015-06-30,16:26,01 - Clear,01 - Dry,01 - Traffic signal,03 - At intersection,01 - Daylight,02 - Non-fatal injury,05 - Turning movement,Centretown West
1390,BRONSON AVE @ PRIMROSE AVE,366885.919,5030669.79,-75.70677442,45.41320983,2015-06-03,9:34,01 - Clear,01 - Dry,01 - Traffic signal,02 - Intersection related,01 - Daylight,02 - Non-fatal injury,07 - SMV other,Centretown West
1391,HAZELDEAN RD @ EDGEWATER ST,352321.1536,5017351.452,-75.89412564,45.29450996,2015-08-02,11:02,01 - Clear,01 - Dry,01 - Traffic signal,03 - At intersection,01 - Daylight,02 - Non-fatal injury,05 - Turning movement,Glen Cairn - Kanata South Business Park
1392,ANDERSON RD @ NINTH LINE RD,382008.2515,5021090.172,-75.51509072,45.32551403,2015-07-25,3:39,01 - Clear,01 - Dry,02 - Stop sign,02 - Intersection related,07 - Dark,02 - Non-fatal injury,07 - SMV other,Greenbelt
1393,COLONIAL RD @ HENN DR,389131.9294,5031867.576,-75.4223926,45.42165911,2015-07-01,19:50,01 - Clear,01 - Dry,02 - Stop sign,02 - Intersection related,01 - Daylight,02 - Non-fatal injury,07 - SMV other,Navan
1394,BANK ST @ JOHNSTON RD,370851.7305,5024838.447,-75.65689194,45.36037843,2015-06-08,16:10,01 - Clear,01 - Dry,01 - Traffic signal,03 - At intersection,01 - Daylight,02 - Non-fatal injury,07 - SMV other,South Keys - Heron Gate - Greenboro West
1395,NAVAHO DR @ WOODROFFE AVE/TRANSITWAY N BASELIN,362706.9626,5023492.531,-75.76100303,45.34898806,2015-08-08,13:23,01 - Clear,01 - Dry,01 - Traffic signal,03 - At intersection,01 - Daylight,02 - Non-fatal injury,05 - Turning movement,Crestview - Meadowlands
1396,BANK ST @ RIVERSIDE DR S,369305.4378,5027894.193,-75.6762282,45.38801711,2015-07-07,14:45,01 - Clear,01 - Dry,01 - Traffic signal,02 - Intersection related,01 - Daylight,02 - Non-fatal injury,03 - Rear end,Alta Vista
1397,PINECREST RD @ RICHMOND RD,360072.3101,5024471.062,-75.79451392,45.35800545,2015-07-10,14:52,01 - Clear,01 - Dry,01 - Traffic signal,02 - Intersection related,01 - Daylight,02 - Non-fatal injury,03 - Rear end,Whitehaven - Queensway Terrace North
1398,COBOURG ST @ ST. PATRICK ST,368802.6299,5033235.562,-75.68195512,45.43612304,2015-05-01,14:37,01 - Clear,01 - Dry,01 - Traffic signal,03 - At intersection,01 - Daylight,02 - Non-fatal injury,05 - Turning movement,Lower Town
1399,RICHMOND RD @ WINDERMERE AVE,362295.0042,5027510.546,-75.76579234,45.38517567,2015-07-06,8:58,01 - Clear,01 - Dry,02 - Stop sign,03 - At intersection,01 - Daylight,02 - Non-fatal injury,05 - Turning movement,Carlingwood - McKellar Park - Laurentien View
1400,ST. JEAN ST @ ST. JOSEPH BLVD,380969.4987,5037202.802,-75.5258516,45.47059763,2015-05-29,21:24,01 - Clear,01 - Dry,01 - Traffic signal,03 - At intersection,07 - Dark,02 - Non-fatal injury,05 - Turning movement,Orleans Village - Chateauneuf
1401,MONTREAL RD @ BATHGATE DR/BURMA RD,373225.4431,5034516.232,-75.62525361,45.44722702,2015-07-29,12:26,01 - Clear,01 - Dry,01 - Traffic signal,03 - At intersection,01 - Daylight,02 - Non-fatal injury,02 - Angle,Carson Grove - Carson Meadows
1402,JOHN SUTHERLAND DR @ RICHMOND RD,358786.6649,5022151.216,-75.8111757,45.33723159,2015-07-02,4:26,01 - Clear,01 - Dry,01 - Traffic signal,02 - Intersection related,07 - Dark,02 - Non-fatal injury,03 - Rear end,Greenbelt
1403,INNES RD btwn HWY417 IC112 RAMP57 & HWY417 IC112 RAMP65,374345.1709,5030780.462,-75.6114684,45.41350406,2015-07-08,15:46,01 - Clear,01 - Dry,10 - No control,01 - Non intersection,01 - Daylight,02 - Non-fatal injury,03 - Rear end,Industrial Park
1404,ST. LAURENT BLVD btwn CONNERY AVE & NERTA ST,373654.6648,5028658.253,-75.62058581,45.39447772,2015-07-08,16:31,01 - Clear,01 - Dry,10 - No control,01 - Non intersection,01 - Daylight,02 - Non-fatal injury,05 - Turning movement,Urbandale
1405,BANK ST @ CAHILL DR/DAZE ST,371307.5357,5024315.646,-75.65114486,45.35563135,2015-04-19,16:45,01 - Clear,01 - Dry,01 - Traffic signal,03 - At intersection,01 - Daylight,02 - Non-fatal injury,05 - Turning movement,South Keys - Heron Gate - Greenboro West
1406,BROMLEY RD @ SHERBOURNE RD,362923.3689,5026579.766,-75.75787842,45.37674878,2015-07-07,11:46,01 - Clear,01 - Dry,02 - Stop sign,03 - At intersection,01 - Daylight,02 - Non-fatal injury,05 - Turning movement,Carlingwood - McKellar Park - Laurentien View
1407,HUNT CLUB RD btwn MCCARTHY RD & RAMP,370938.0047,5023655.284,-75.65594911,45.34972457,2015-07-02,16:07,01 - Clear,01 - Dry,10 - No control,01 - Non intersection,01 - Daylight,02 - Non-fatal injury,07 - SMV other,Hunt Club East - Western Community
1408,CONROY RD @ LYNCH ST,374945.03,5022624.134,-75.60496391,45.34005739,2015-08-04,6:28,01 - Clear,01 - Dry,02 - Stop sign,02 - Intersection related,01 - Daylight,02 - Non-fatal injury,07 - SMV other,Greenbelt
1409,INNES RD @ JEANNE D'ARC BLVD/MER BLEUE RD,382637.7536,5035566.473,-75.50477822,45.45569142,2015-08-10,12:00,01 - Clear,01 - Dry,01 - Traffic signal,02 - Intersection related,01 - Daylight,02 - Non-fatal injury,03 - Rear end,Chapel Hill South
1410,KING EDWARD AVE @ GEORGE ST,368463.4329,5032481.235,-75.68638763,45.42936684,2015-07-08,17:27,01 - Clear,01 - Dry,02 - Stop sign,02 - Intersection related,01 - Daylight,02 - Non-fatal injury,03 - Rear end,Byward Market
1411,PERCY ST @ THIRD AVE,367879.9294,5029283.374,-75.69425332,45.40064639,2015-06-25,17:45,01 - Clear,01 - Dry,02 - Stop sign,03 - At intersection,01 - Daylight,02 - Non-fatal injury,02 - Angle,The Glebe
1412,INNES RD @ STAR TOP RD/WINDMILL LANE,374147.7258,5030665.479,-75.6140069,45.4124891,2015-03-26,12:48,01 - Clear,01 - Dry,01 - Traffic signal,03 - At intersection,01 - Daylight,02 - Non-fatal injury,05 - Turning movement,Industrial Park
1413,GREENBANK RD @ CANFIELD RD/CRAIG HENRY DR,361107.4005,5021362.691,-75.78165707,45.32995405,2015-07-07,11:56,01 - Clear,01 - Dry,01 - Traffic signal,02 - Intersection related,01 - Daylight,02 - Non-fatal injury,03 - Rear end,Woodvale - Craig Henry - Manordale - Estates of Arlington Wo
1414,ALBION RD @ FINDLAY CREEK DR,374010.0249,5019208.543,-75.61737035,45.30941799,2015-03-04,6:45,03 - Snow,02 - Wet,01 - Traffic signal,02 - Intersection related,01 - Daylight,02 - Non-fatal injury,07 - SMV other,Greenbelt
1415,HUNT CLUB RD btwn NORTH BOWESVILLE RD & BILLY BISHOP PRIV,368835.2463,5022417.54,-75.68294188,45.33878279,2015-08-08,17:29,01 - Clear,01 - Dry,10 - No control,04 - At/near private drive,01 - Daylight,02 - Non-fatal injury,02 - Angle,Hunt Club - Ottawa Airport
1416,BRONSON AVE @ FIFTH AVE/MADAWASKA DR,367613.7127,5028937.473,-75.69769753,45.39755801,2015-08-11,15:45,01 - Clear,01 - Dry,01 - Traffic signal,02 - Intersection related,01 - Daylight,02 - Non-fatal injury,04 - Sideswipe,The Glebe
1417,HAWTHORNE RD btwn STEVENAGE DR & HUNT CLUB RD,375278.1199,5026965.439,-75.60009525,45.3790851,2015-07-13,9:07,01 - Clear,01 - Dry,10 - No control,04 - At/near private drive,01 - Daylight,02 - Non-fatal injury,02 - Angle,Industrial Park
1418,PINECREST RD @ BASELINE RD,360782.6858,5022694.861,-75.78564859,45.34196688,2015-07-07,16:14,01 - Clear,01 - Dry,02 - Stop sign,03 - At intersection,01 - Daylight,02 - Non-fatal injury,05 - Turning movement,Iris
1419,LONGFIELDS DR @ PAUL METIVIER DR,364841.334,5014200.437,-75.73489269,45.26519892,2015-07-07,17:20,01 - Clear,01 - Dry,02 - Stop sign,02 - Intersection related,01 - Daylight,02 - Non-fatal injury,03 - Rear end,New Barrhaven
1420,AUGUSTA ST @ RIDEAU ST,369012.809,5032716.898,-75.67933665,45.43143703,2015-08-09,13:21,01 - Clear,01 - Dry,01 - Traffic signal,03 - At intersection,01 - Daylight,02 - Non-fatal injury,05 - Turning movement,Lower Town
1421,CARLING AVE WB btwn POULIN AVE & ALPINE AVE,360479.3797,5024932.068,-75.78926662,45.36212135,2015-06-29,17:22,01 - Clear,01 - Dry,10 - No control,01 - Non intersection,01 - Daylight,02 - Non-fatal injury,03 - Rear end,Whitehaven - Queensway Terrace North
1422,DALY AVE @ WALLER ST,368340.4593,5032119.368,-75.68800575,45.42612208,2015-06-26,21:53,01 - Clear,01 - Dry,01 - Traffic signal,02 - Intersection related,07 - Dark,02 - Non-fatal injury,04 - Sideswipe,Byward Market - Parliament Hill
1423,OGILVIE RD @ CITY PARK DR E/CSIS HQ ACCESS,374189.4489,5033010.216,-75.61314363,45.43358168,2015-07-25,18:20,02 - Rain,02 - Wet,01 - Traffic signal,02 - Intersection related,01 - Daylight,02 - Non-fatal injury,03 - Rear end,Industrial Park
1424,BRONSON AVE @ LAURIER AVE,366804.701,5030861.93,-75.70778781,45.41494585,2015-06-30,17:24,01 - Clear,01 - Dry,01 - Traffic signal,03 - At intersection,01 - Daylight,02 - Non-fatal injury,02 - Angle,Downtown
1425,CYRVILLE RD btwn STAR TOP RD & MEADOWBROOK RD,374606.6698,5031249.403,-75.60806139,45.41769731,2015-08-14,17:08,01 - Clear,01 - Dry,10 - No control,04 - At/near private drive,01 - Daylight,02 - Non-fatal injury,02 - Angle,Industrial Park