Record,Location,X,Y,lon,lat,Date,Time,Environment,Road_Surface,Traffic_Control,Collision_Location,Light,Collision_Classification,Impact_type,Neighborhood
1528,INNES RD @ TENTH LINE RD,383951.0396,5036159.921,-75.48789383,45.46088321,2015-04-23,17:10,01 - Clear,01 - Dry,01 - Traffic signal,02 - Intersection related,01 - Daylight,02 - Non-fatal injury,04 - Sideswipe,Queenswood Heights
1529,KING EDWARD AVE @ LAURIER AVE,368739.7072,5032035.065,-75.68291516,45.42532717,2015-02-19,11:57,03 - Snow,02 - Wet,01 - Traffic signal,03 - At intersection,01 - Daylight,02 - Non-fatal injury,02 - Angle,Sandy Hill
1530,LA VERENDRYE DR btwn OAKDEAN CRES & KINGS GROVE CRES,374616.7536,5035942.111,-75.60726693,45.45991866,2015-08-10,16:59,01 - Clear,01 - Dry,10 - No control,01 - Non intersection,01 - Daylight,02 - Non-fatal injury,01 - Approaching,Beacon Hill North
1531,BRIAN COBURN BLVD btwn AQUAVIEW DR & TENTH LINE RD,384496.7611,5035054.216,-75.48109597,45.45087305,2015-05-06,16:21,01 - Clear,01 - Dry,10 - No control,04 - At/near private drive,01 - Daylight,02 - Non-fatal injury,05 - Turning movement,Avalon
1532,RICHMOND RD @ LYNHAR RD/STAFFORD RD,358137.6643,5021084.674,-75.81957074,45.32768442,2015-07-30,18:26,01 - Clear,01 - Dry,01 - Traffic signal,02 - Intersection related,01 - Daylight,02 - Non-fatal injury,03 - Rear end,Bells Corners East
1533,ALBION RD @ MITCH OWENS RD,375906.0334,5014804.089,-75.59382502,45.26959889,2015-08-10,7:12,01 - Clear,01 - Dry,01 - Traffic signal,03 - At intersection,01 - Daylight,02 - Non-fatal injury,05 - Turning movement,Osgoode
1534,EAGLESON RD @ 146 N OF ABBEYHILL DR/HAZELDEAN ,353773.2915,5018170.253,-75.87553172,45.301778,2015-08-10,16:19,01 - Clear,01 - Dry,01 - Traffic signal,03 - At intersection,01 - Daylight,02 - Non-fatal injury,05 - Turning movement,Glen Cairn - Kanata South Business Park
1535,CHARLEVOIX ST btwn BEECHWOOD AVE & BARRETTE ST,369249.9141,5033531.372,-75.67620005,45.43874353,2015-04-17,9:52,01 - Clear,01 - Dry,10 - No control,01 - Non intersection,01 - Daylight,02 - Non-fatal injury,06 - SMV unattended vehicle,Vanier North
1536,MARCH RD btwn TERRY FOX DR & SOLANDT RD,350473.7526,5022725.277,-75.91718243,45.34298752,2015-05-25,21:57,02 - Rain,02 - Wet,10 - No control,01 - Non intersection,07 - Dark,02 - Non-fatal injury,04 - Sideswipe,South March
1537,WALKLEY RD btwn 152 E OF HEATHERINGTON RD & HOLLY LANE,372040.6458,5026951.614,-75.64143026,45.3792789,2015-07-30,20:39,01 - Clear,01 - Dry,10 - No control,01 - Non intersection,05 - Dusk,02 - Non-fatal injury,07 - SMV other,Ledbury - Heron Gate - Ridgemont - Elmwood
1538,UPPER DWYER HILL RD btwn MARCH RD & OLD ALMONTE RD,335080.7749,5013194.472,-76.11418022,45.25805751,2015-07-31,8:50,01 - Clear,01 - Dry,10 - No control,01 - Non intersection,01 - Daylight,02 - Non-fatal injury,07 - SMV other,Carp - Hardwood Plains
1539,BANK ST @ LISGAR ST,367605.4345,5031064.929,-75.69753225,45.41670096,2015-04-05,11:00,01 - Clear,01 - Dry,01 - Traffic signal,02 - Intersection related,01 - Daylight,02 - Non-fatal injury,03 - Rear end,Centretown
1540,KILBORN AVE @ FEATHERSTON DR/ROSEGLEN PRIV,371263.7258,5027848.447,-75.65122861,45.38742241,2015-04-23,15:15,01 - Clear,01 - Dry,02 - Stop sign,03 - At intersection,01 - Daylight,02 - Non-fatal injury,02 - Angle,Playfair Park - Lynda Park - Guildwood Estates
1541,BOUNDARY RD @ DEVINE RD,388360.8333,5021457.273,-75.43400543,45.32808941,2015-06-06,12:37,01 - Clear,01 - Dry,02 - Stop sign,03 - At intersection,01 - Daylight,02 - Non-fatal injury,07 - SMV other,Navan - Vars
1542,ERINDALE DR @ BASELINE RD,363856.5944,5024574.864,-75.74620364,45.35863091,2015-06-06,14:50,01 - Clear,01 - Dry,02 - Stop sign,03 - At intersection,01 - Daylight,02 - Non-fatal injury,02 - Angle,Braemar Park - Bel Air Heights - Copeland Park
1543,DONNELLY DR @ WEEDMARK RD,362995.6849,4985328.183,-75.76176965,45.00555399,2015-07-31,13:50,01 - Clear,01 - Dry,03 - Yield sign,02 - Intersection related,01 - Daylight,02 - Non-fatal injury,07 - SMV other,Munster Hamlet - Richmond
1544,ST. LAURENT BLVD @ MCARTHUR AVE,371920.9983,5032887.935,-75.64214971,45.43270287,2015-04-27,16:13,01 - Clear,01 - Dry,01 - Traffic signal,02 - Intersection related,01 - Daylight,02 - Non-fatal injury,03 - Rear end,Cummings
1545,AVEIA PRIV/DAIRY DR @ OLD MONTREAL RD,385062.7389,5039589.796,-75.4731204,45.49161505,2015-07-11,12:11,01 - Clear,01 - Dry,,03 - At intersection,01 - Daylight,02 - Non-fatal injury,07 - SMV other,Cumberland - Estates
1546,GREENBANK RD btwn BASELINE RD & NE/OT BOUNDARY,360604.7819,5022566.756,-75.78793296,45.34082837,2015-08-25,13:17,01 - Clear,01 - Dry,10 - No control,01 - Non intersection,01 - Daylight,02 - Non-fatal injury,03 - Rear end,Qualicum - Redwood Park
1547,KNOXDALE RD @ WEST HUNT CLUB RD,361862.965,5020584.837,-75.77210836,45.3228939,2015-08-04,13:54,01 - Clear,01 - Dry,01 - Traffic signal,03 - At intersection,01 - Daylight,02 - Non-fatal injury,05 - Turning movement,Woodvale - Craig Henry - Manordale - Estates of Arlington Wo
1548,GEORGE ST @ DALHOUSIE ST,368156.7967,5032315.5,-75.69032734,45.42790346,2015-08-13,8:59,01 - Clear,01 - Dry,01 - Traffic signal,02 - Intersection related,01 - Daylight,02 - Non-fatal injury,03 - Rear end,Byward Market
1549,DONALD ST @ 110 E OF ST. LAURENT BLVD ,372203.9134,5032483.464,-75.63858964,45.42903642,2015-08-13,8:15,01 - Clear,01 - Dry,01 - Traffic signal,03 - At intersection,01 - Daylight,02 - Non-fatal injury,02 - Angle,Cummings
1550,BRONSON AVE @ CARLING AVE/GLEBE AVE,367448.4277,5029334.481,-75.69975804,45.40114498,2015-07-06,14:24,01 - Clear,01 - Dry,01 - Traffic signal,02 - Intersection related,01 - Daylight,02 - Non-fatal injury,07 - SMV other,The Glebe
1551,DONALD B. MUNRO DR btwn LOMAR RD & PANMURE RD,333510.5992,5023454.19,-76.1335918,45.35044603,2015-05-30,17:23,02 - Rain,02 - Wet,10 - No control,01 - Non intersection,01 - Daylight,02 - Non-fatal injury,07 - SMV other,Car
1552,IMPERIAL AVE btwn BRONSON AVE & CHAMBERLAIN AVE,367328.7934,5029649.678,-75.70124608,45.40399173,2015-06-08,10:04,02 - Rain,02 - Wet,10 - No control,01 - Non intersection,01 - Daylight,02 - Non-fatal injury,01 - Approaching,The Glebe
1553,BASELINE RD @ LOBLAWS SC,364742.3276,5025130.345,-75.73483181,45.36355387,2015-06-13,21:11,01 - Clear,01 - Dry,01 - Traffic signal,03 - At intersection,05 - Dusk,02 - Non-fatal injury,05 - Turning movement,Civic Hospital - Experimental Farm - Central Park
1554,HAWTHORNE RD @ HUNT CLUB RD,375508.4706,5026405.448,-75.59723455,45.37402337,2015-07-06,12:11,01 - Clear,01 - Dry,01 - Traffic signal,02 - Intersection related,01 - Daylight,02 - Non-fatal injury,03 - Rear end,Industrial Park
1555,DAKOTA AVE @ HALIFAX DR,373560.7342,5027956.728,-75.62188311,45.38817494,2015-05-20,15:55,01 - Clear,01 - Dry,03 - Yield sign,03 - At intersection,01 - Daylight,02 - Non-fatal injury,07 - SMV other,Urbandale
1556,CARLING AVE @ FAIRLAWN AVE/WOODROFFE AVE E,361934.6841,5025830.528,-75.77058762,45.37008852,2015-05-31,16:43,01 - Clear,01 - Dry,01 - Traffic signal,02 - Intersection related,01 - Daylight,02 - Non-fatal injury,03 - Rear end,Carlingwood West - Glabar Park - McKellar Heights
1557,RIVERSIDE DR @ HERON RD,368121.1049,5026646.861,-75.69151128,45.37690203,2015-06-01,16:22,01 - Clear,01 - Dry,01 - Traffic signal,02 - Intersection related,01 - Daylight,02 - Non-fatal injury,03 - Rear end,Riverside Park
1558,BANK ST @ GLEBE AVE,368239.7106,5029786.485,-75.68959342,45.40514072,2015-07-24,15:12,01 - Clear,01 - Dry,01 - Traffic signal,03 - At intersection,01 - Daylight,02 - Non-fatal injury,02 - Angle,The Glebe
1559,MARCH VALLEY RD btwn RIDDELL DR & KLONDIKE RD,348511.7509,5026917.58,-75.94184642,45.38083581,2015-08-05,5:45,01 - Clear,01 - Dry,10 - No control,01 - Non intersection,03 - Dawn,02 - Non-fatal injury,07 - SMV other,Carp - Hardwood Plains
1560,ARLINGTON AVE @ BAY ST,367585.4323,5030085.483,-75.69791255,45.40789,2015-07-20,21:51,01 - Clear,01 - Dry,02 - Stop sign,03 - At intersection,07 - Dark,02 - Non-fatal injury,02 - Angle,Centretown
1561,WALLACK PRIV btwn KARSH DR & KARSH DR,373615.2245,5025967.958,-75.62146449,45.3702755,2015-04-18,13:33,01 - Clear,01 - Dry,10 - No control,04 - At/near private drive,01 - Daylight,02 - Non-fatal injury,01 - Approaching,Hunt Club
1562,RIVERSIDE DR btwn HOG'S BACK RD & RIDGEWOOD AVE,368179.9633,5026122.702,-75.69082711,45.37218047,2015-05-17,21:22,01 - Clear,01 - Dry,10 - No control,01 - Non intersection,07 - Dark,02 - Non-fatal injury,03 - Rear end,Riverside Park
1563,STRANDHERD DR @ CLARIDGE DR,364949.019,5015380.014,-75.7333777,45.27580354,2015-08-03,11:04,02 - Rain,02 - Wet,01 - Traffic signal,02 - Intersection related,01 - Daylight,02 - Non-fatal injury,02 - Angle,New Barrhaven
1564,LAURIER AVE   W btwn METCALFE ST & ELGIN ST,367863.2886,5031496.075,-75.69418278,45.42055708,2015-06-30,15:01,01 - Clear,01 - Dry,10 - No control,04 - At/near private drive,01 - Daylight,02 - Non-fatal injury,05 - Turning movement,Downtown
1565,LAURIER AVE @ NICHOLAS ST,368373.637,5031797.189,-75.68762339,45.42322021,2015-08-09,2:06,01 - Clear,01 - Dry,01 - Traffic signal,03 - At intersection,07 - Dark,02 - Non-fatal injury,07 - SMV other,Sandy Hill
1566,HUNT CLUB RD btwn NORTH BOWESVILLE RD & BILLY BISHOP PRIV,368841.364,5022417.54,-75.68286383,45.33878223,2015-07-20,17:17,01 - Clear,01 - Dry,10 - No control,01 - Non intersection,01 - Daylight,02 - Non-fatal injury,03 - Rear end,Hunt Club - Ottawa Airport
1567,KENT ST btwn GILMOUR ST & JAMES ST,367626.5196,5030658.517,-75.69731468,45.4130423,2015-03-05,10:03,01 - Clear,01 - Dry,10 - No control,01 - Non intersection,01 - Daylight,02 - Non-fatal injury,06 - SMV unattended vehicle,Centretown
1568,LORRY GREENBERG DR @ ZAIDAN DR,372747.7126,5025381.961,-75.63261896,45.36508757,2015-04-22,18:13,01 - Clear,01 - Dry,02 - Stop sign,02 - Intersection related,01 - Daylight,02 - Non-fatal injury,03 - Rear end,Greenboro East
1569,BANK ST @ ST. BERNARD ST,373005.8209,5023708.409,-75.6295554,45.35000452,2015-04-28,8:05,01 - Clear,01 - Dry,01 - Traffic signal,03 - At intersection,01 - Daylight,02 - Non-fatal injury,05 - Turning movement,Blossom Park - Blossom Park West - Sawmill Creek/ Timbermill
1570,OGILVIE RD @ CITY PARK DR E/CSIS HQ ACCESS,374187.2868,5033010.216,-75.61317126,45.43358189,2015-07-03,18:16,01 - Clear,01 - Dry,01 - Traffic signal,03 - At intersection,01 - Daylight,02 - Non-fatal injury,05 - Turning movement,Industrial Park
1571,PINECREST RD btwn HWY417 IC129 RAMP26 & GREENBANK RD,360430.8508,5023569.873,-75.79003932,45.34986822,2015-07-10,12:09,01 - Clear,01 - Dry,10 - No control,07 - Overpass or bridge,01 - Daylight,02 - Non-fatal injury,03 - Rear end,Whitehaven - Queensway Terrace North
1572,INNES RD @ STAR TOP RD/WINDMILL LANE,374147.7258,5030666.2,-75.61400679,45.41249558,2015-07-30,13:55,01 - Clear,01 - Dry,01 - Traffic signal,02 - Intersection related,01 - Daylight,02 - Non-fatal injury,03 - Rear end,Industrial Park
1573,WALKLEY RD btwn HALIFAX DR & ST. LAURENT BLVD,373773.0204,5027975.864,-75.61916973,45.38832624,2015-07-10,8:49,01 - Clear,01 - Dry,10 - No control,01 - Non intersection,01 - Daylight,02 - Non-fatal injury,03 - Rear end,Urbandale
1574,BALINROAN CRES btwn AKITA WALK & GARRITY CRES,365004.035,5014407.96,-75.73279442,45.26705231,2015-03-18,15:43,01 - Clear,01 - Dry,10 - No control,04 - At/near private drive,01 - Daylight,03 - P.D. only,06 - SMV unattended vehicle,New Barrhaven
1575,BANK ST @ CECIL AVE,369944.7124,5026989.185,-75.66818459,45.37981498,2015-06-30,17:33,01 - Clear,01 - Dry,02 - Stop sign,03 - At intersection,01 - Daylight,02 - Non-fatal injury,02 - Angle,Alta Vista
1576,ELGIN ST @ WELLINGTON ST W,367666.866,5031877.217,-75.69664376,45.42400415,2015-07-12,12:36,01 - Clear,01 - Dry,01 - Traffic signal,03 - At intersection,01 - Daylight,02 - Non-fatal injury,04 - Sideswipe,Downtown
1577,BLAIR RD btwn LAURA PRIV & BEAVERPOND DR,375398.2885,5031885.018,-75.59785684,45.42333679,2015-07-14,8:02,01 - Clear,01 - Dry,10 - No control,01 - Non intersection,01 - Daylight,02 - Non-fatal injury,03 - Rear end,Pineview
1578,REGIONAL ROAD 174 btwn OR174 IC109 RAMP56 & OR174 IC109 RAMP86,376380.8656,5034828.71,-75.5848745,45.44972248,2015-07-15,6:47,01 - Clear,01 - Dry,10 - No control,01 - Non intersection,01 - Daylight,02 - Non-fatal injury,03 - Rear end,Greenbelt
1579,BOURASSA ST @ ST. LAURENT BLVD,373236.0113,5029694.638,-75.62578844,45.40384368,2015-08-06,10:21,01 - Clear,01 - Dry,01 - Traffic signal,03 - At intersection,01 - Daylight,02 - Non-fatal injury,05 - Turning movement,Industrial Park
1580,MERIVALE RD @ 210 S OF MEADOWLANDS DR,364942.9597,5023531.616,-75.73246546,45.34915156,2015-07-07,12:19,01 - Clear,01 - Dry,01 - Traffic signal,02 - Intersection related,01 - Daylight,02 - Non-fatal injury,04 - Sideswipe,Borden Farm - Stewart Farm - Parkwood Hills - Fisher Glen
1581,WOODROFFE AVE btwn TECUMSEH ST & DOMALATCHY PL,362373.026,5024217.324,-75.76517992,45.35553719,2015-07-07,15:28,01 - Clear,01 - Dry,10 - No control,01 - Non intersection,01 - Daylight,02 - Non-fatal injury,03 - Rear end,Iris
1582,CYRVILLE RD @ INNES RD,375048.4454,5031119.925,-75.60243585,45.41648812,2015-02-02,10:19,03 - Snow,03 - Loose snow,01 - Traffic signal,02 - Intersection related,01 - Daylight,02 - Non-fatal injury,03 - Rear end,Industrial Park
1583,SLACK RD @ WOODROFFE AVE,364233.6835,5019974.118,-75.74194351,45.31720198,2015-08-12,7:44,01 - Clear,01 - Dry,01 - Traffic signal,03 - At intersection,01 - Daylight,02 - Non-fatal injury,05 - Turning movement,Greenbelt
1584,OLD INNES RD btwn BANTREE ST & END,373640.5225,5030298.867,-75.6205374,45.40924058,2015-06-25,12:18,01 - Clear,99 - Other,10 - No control,01 - Non intersection,01 - Daylight,02 - Non-fatal injury,07 - SMV other,Industrial Park
1585,BROADVIEW AVE btwn AVONDALE AVE & DOVERCOURT AVE,362947.6214,5027203.946,-75.75749528,45.38236306,2015-07-10,18:33,01 - Clear,01 - Dry,10 - No control,04 - At/near private drive,01 - Daylight,02 - Non-fatal injury,02 - Angle,Carlingwood - McKellar Park - Laurentien View
1586,CYRVILLE RD @ MEADOWBROOK RD,374628.2915,5031242.916,-75.60778607,45.41763679,2015-07-10,7:34,01 - Clear,01 - Dry,01 - Traffic signal,03 - At intersection,01 - Daylight,02 - Non-fatal injury,02 - Angle,Industrial Park
1587,BEARBROOK RD btwn NORTHPARK DR & CENTREPARK DR,377865.5898,5033168.946,-75.56614197,45.43463539,2015-07-17,23:01,02 - Rain,02 - Wet,10 - No control,01 - Non intersection,07 - Dark,02 - Non-fatal injury,06 - SMV unattended vehicle,Blackburn Hamlet
1588,CARLING AVE @ CORKSTOWN RD,358000.3824,5023424.872,-75.82107031,45.34875207,2015-07-26,0:25,01 - Clear,01 - Dry,01 - Traffic signal,02 - Intersection related,07 - Dark,02 - Non-fatal injury,07 - SMV other,Crystal Bay - Lakeview Park - Britannia Village
1589,NORICE ST @ WOODROFFE AVE,363194.684,5022396.411,-75.75490875,45.33908482,2015-07-18,18:12,01 - Clear,01 - Dry,01 - Traffic signal,03 - At intersection,01 - Daylight,02 - Non-fatal injury,05 - Turning movement,Tanglewood
1590,SLATER ST btwn BANK ST & O'CONNOR ST,367559.5247,5031438.684,-75.69807118,45.42006801,2015-02-08,9:46,03 - Snow,05 - Packed snow,10 - No control,01 - Non intersection,01 - Daylight,02 - Non-fatal injury,03 - Rear end,Downtown
1591,CONSTANCE BAY RD @ MONTY DR,337702.6024,5038143.023,-76.07911353,45.48243678,2015-07-17,21:10,02 - Rain,02 - Wet,02 - Stop sign,03 - At intersection,07 - Dark,02 - Non-fatal injury,02 - Angle,Constanc
1592,REGIONAL ROAD 174 btwn OR174 IC102 RAMP36 & OR174 IC102 RAMP26,381481.1608,5038200.833,-75.51915302,45.47952108,2015-07-17,20:51,02 - Rain,02 - Wet,10 - No control,01 - Non intersection,05 - Dusk,02 - Non-fatal injury,07 - SMV other,Orleans South West
1593,BLACKBURN BYPASS @ INNES RD W,377187.9207,5032176.771,-75.57494803,45.42577891,2015-07-28,18:55,01 - Clear,01 - Dry,01 - Traffic signal,02 - Intersection related,01 - Daylight,02 - Non-fatal injury,03 - Rear end,Greenbelt
1594,PARKDALE AVE @ WELLINGTON ST,365148.9799,5029270.195,-75.72913526,45.40076855,2015-07-18,19:34,01 - Clear,01 - Dry,01 - Traffic signal,02 - Intersection related,01 - Daylight,02 - Non-fatal injury,03 - Rear end,Islan
1595,OLD PRESCOTT RD @ PARKWAY RD,377890.4779,5013683.081,-75.56870352,45.25930906,2015-01-05,23:37,03 - Snow,05 - Packed snow,01 - Traffic signal,03 - At intersection,07 - Dark,02 - Non-fatal injury,05 - Turning movement,Greely
1596,CHURCHILL AVE @ RICHMOND RD,363227.6938,5028293.997,-75.75379021,45.39214787,2015-01-25,14:02,01 - Clear,01 - Dry,01 - Traffic signal,02 - Intersection related,01 - Daylight,02 - Non-fatal injury,03 - Rear end,Carlingwood - McKellar Park - Laurentien View
1597,ANDERSON RD @ INNES RD,376281.4618,5031841.924,-75.58657886,45.42285937,2015-07-31,16:49,01 - Clear,01 - Dry,01 - Traffic signal,02 - Intersection related,01 - Daylight,02 - Non-fatal injury,03 - Rear end,Greenbelt
1598,EAGLESON RD @ HOPE SIDE RD/TERRY FOX DR,355188.8736,5014616.365,-75.85784339,45.26969926,2015-07-15,17:39,01 - Clear,01 - Dry,01 - Traffic signal,03 - At intersection,01 - Daylight,02 - Non-fatal injury,05 - Turning movement,Stittsville - Basswood
1599,MERIVALE RD/LOTTA AVE @ CLYDE AVE,364521.8797,5024507.167,-75.7377209,45.35796542,2015-07-19,13:39,01 - Clear,01 - Dry,01 - Traffic signal,03 - At intersection,01 - Daylight,02 - Non-fatal injury,05 - Turning movement,Cityview - Skyline - Fisher Heights
1600,HIGHWAY 417 btwn HWY417 IC115 RAMP25 & REGIONAL ROAD 174,373186.9515,5031656.217,-75.6261429,45.42149783,2015-10-01,17:30,01 - Clear,01 - Dry,10 - No control,01 - Non intersection,01 - Daylight,02 - Non-fatal injury,03 - Rear end,Industrial Park
1601,ST. JOSEPH BLVD @ JEANNE D'ARC BLVD,379860.7425,5036471.099,-75.54014145,45.46413438,2015-10-20,13:00,01 - Clear,01 - Dry,11 - Roundabout,03 - At intersection,01 - Daylight,02 - Non-fatal injury,04 - Sideswipe,Chapel Hill
1602,MAJESTIC DR @ WOODROFFE AVE,363528.4141,5021571.853,-75.75074871,45.33163765,2015-07-15,18:45,01 - Clear,01 - Dry,01 - Traffic signal,03 - At intersection,01 - Daylight,02 - Non-fatal injury,02 - Angle,Woodvale - Craig Henry - Manordale - Estates of Arlington Wo
1603,INNES RD @ PAGE RD,380887.2085,5034540.645,-75.52731582,45.44665464,2015-07-30,20:45,01 - Clear,01 - Dry,01 - Traffic signal,03 - At intersection,05 - Dusk,02 - Non-fatal injury,05 - Turning movement,Orleans Village - Chateauneuf
1604,MERIVALE RD btwn ENTERPRISE AVE & BONGARD AVE,365850.703,5021363.929,-75.72114952,45.32956859,2015-07-17,7:51,01 - Clear,01 - Dry,10 - No control,04 - At/near private drive,01 - Daylight,02 - Non-fatal injury,02 - Angle,Merivale Gardens - Grenfell Glen - Pineglen - Country Place
1605,ALBERT ST @ PRESTON ST,366160.0775,5030465.028,-75.71607257,45.41143146,2015-07-19,17:55,02 - Rain,02 - Wet,01 - Traffic signal,03 - At intersection,01 - Daylight,02 - Non-fatal injury,02 - Angle,Centretown West
1606,HAWTHORNE RD @ WHYTE SIDE RD,376248.4686,5024595.154,-75.58804964,45.35766018,2015-07-05,15:20,01 - Clear,08 - Loose sand or gravel,02 - Stop sign,03 - At intersection,01 - Daylight,02 - Non-fatal injury,03 - Rear end,Greenbelt
1607,RICHMOND RD btwn STINSON AVE & STAFFORD RD,357991.358,5021001.07,-75.82144602,45.32694324,2015-05-02,7:19,01 - Clear,01 - Dry,10 - No control,04 - At/near private drive,01 - Daylight,02 - Non-fatal injury,05 - Turning movement,Bells Corners East
1608,SOMERSET ST    W btwn PRESTON ST & ROCHESTER ST,366384.1838,5030161.021,-75.71324767,45.4086764,2015-05-19,17:01,01 - Clear,01 - Dry,10 - No control,04 - At/near private drive,01 - Daylight,02 - Non-fatal injury,05 - Turning movement,Little Italy
1609,BREWER RD @ BRONSON AVE,368107.6057,5027766.076,-75.6915401,45.38697364,2015-07-20,12:37,01 - Clear,01 - Dry,01 - Traffic signal,03 - At intersection,01 - Daylight,02 - Non-fatal injury,02 - Angle,Carleto
1610,COLONIAL RD btwn DELSON DR & FRANK KENNY RD,389698.7505,5031973.174,-75.41513277,45.42254061,2015-05-26,7:38,01 - Clear,02 - Wet,10 - No control,01 - Non intersection,01 - Daylight,02 - Non-fatal injury,03 - Rear end,Navan
1611,MERIVALE RD btwn WEST HUNT CLUB RD & JAMIE AVE,365632.8754,5021898.174,-75.72386253,45.33439458,2015-07-07,14:47,01 - Clear,01 - Dry,10 - No control,04 - At/near private drive,01 - Daylight,02 - Non-fatal injury,02 - Angle,Industrial Park
1612,ELGIN ST @ SLATER ST,367889.2663,5031645.494,-75.69383174,45.42189916,2015-07-07,17:22,01 - Clear,01 - Dry,01 - Traffic signal,03 - At intersection,01 - Daylight,02 - Non-fatal injury,02 - Angle,Downtown
1613,MARCH RD @ TERRY FOX DR,349865.3293,5023399.149,-75.92488439,45.34909052,2015-07-13,17:45,01 - Clear,01 - Dry,01 - Traffic signal,03 - At intersection,01 - Daylight,02 - Non-fatal injury,05 - Turning movement,South March
1614,KING EDWARD AVE @ MURRAY ST,368291.88,5032753.672,-75.68854471,45.43183373,2015-07-16,20:13,01 - Clear,01 - Dry,01 - Traffic signal,02 - Intersection related,01 - Daylight,02 - Non-fatal injury,07 - SMV other,Byward Market
1615,HUNTMAR DR btwn PALLADIUM DR & MAPLE GROVE RD,350165.9834,5016822.643,-75.92165006,45.28989402,2015-07-16,19:54,01 - Clear,01 - Dry,10 - No control,01 - Non intersection,01 - Daylight,02 - Non-fatal injury,03 - Rear end,Stittsville
1616,BASELINE RD @ WOODROFFE AVE,362549.6902,5023769.424,-75.76297761,45.35149249,2015-07-16,12:50,01 - Clear,01 - Dry,01 - Traffic signal,02 - Intersection related,01 - Daylight,02 - Non-fatal injury,03 - Rear end,Iris
1617,INDUSTRIAL AVE @ RIVERSIDE DR,370685.4393,5030591.472,-75.65824636,45.41215775,2015-08-08,10:45,01 - Clear,01 - Dry,01 - Traffic signal,02 - Intersection related,01 - Daylight,02 - Non-fatal injury,03 - Rear end,Industrial Park
1618,VIEWMOUNT DR @ MERIVALE RD,365193.6971,5022948.856,-75.72933704,45.34388642,2015-07-20,13:05,01 - Clear,01 - Dry,01 - Traffic signal,02 - Intersection related,01 - Daylight,02 - Non-fatal injury,07 - SMV other,Tanglewood
1619,RUSSELL RD btwn SAND RD & FRANK KENNY RD,391250.5397,5025968.41,-75.39635935,45.36832615,2015-07-20,15:25,01 - Clear,01 - Dry,10 - No control,01 - Non intersection,01 - Daylight,02 - Non-fatal injury,07 - SMV other,Navan - Vars
1620,RIOCAN AVE btwn MARKETPLACE AVE & END,364304.0104,5014736.079,-75.74167503,45.2700643,2015-07-09,14:58,01 - Clear,01 - Dry,10 - No control,04 - At/near private drive,01 - Daylight,02 - Non-fatal injury,02 - Angle,New Barrhaven
1621,RUSSELL RD btwn ST. LAURENT BLVD & ST. LAURENT BLVD,373473.1462,5029329.41,-75.62281046,45.4005343,2015-05-29,18:12,01 - Clear,01 - Dry,10 - No control,04 - At/near private drive,01 - Daylight,02 - Non-fatal injury,02 - Angle,Hawthorne Meadows - Sheffield Glen
1622,MONTREAL RD btwn MONTGOMERY ST & PALACE ST,369904.563,5032971.143,-75.66790729,45.43364217,2015-09-10,17:43,01 - Clear,01 - Dry,10 - No control,04 - At/near private drive,01 - Daylight,02 - Non-fatal injury,05 - Turning movement,Vanier South
1623,ST. LAURENT BLVD @ WALKLEY RD,373903.4708,5028046.495,-75.6174941,45.38894889,2015-07-27,7:35,01 - Clear,01 - Dry,01 - Traffic signal,03 - At intersection,01 - Daylight,02 - Non-fatal injury,05 - Turning movement,Hawthorne Meadows
1624,BEARBROOK RD/ROCKCLIFFE PKWY @ ST. JOSEPH BLVD,377127.9554,5035239.587,-75.57526416,45.45334236,2015-07-20,9:38,01 - Clear,01 - Dry,01 - Traffic signal,03 - At intersection,01 - Daylight,02 - Non-fatal injury,02 - Angle,Greenbelt
1625,COLONIAL RD @ ROCKDALE RD,391421.2628,5032662.864,-75.39300469,45.42853451,2015-04-13,20:16,01 - Clear,01 - Dry,02 - Stop sign,03 - At intersection,07 - Dark,02 - Non-fatal injury,05 - Turning movement,Navan - Vars
1626,FISHER AVE btwn TUNIS AVE & SHILLINGTON AVE,365582.7286,5027397.806,-75.72382596,45.38388369,2015-07-20,16:46,01 - Clear,01 - Dry,10 - No control,01 - Non intersection,01 - Daylight,02 - Non-fatal injury,01 - Approaching,Carlington
1627,MAJESTIC DR @ WOODROFFE AVE,363528.4141,5021569.691,-75.75074897,45.3316182,2015-07-21,10:12,01 - Clear,01 - Dry,01 - Traffic signal,02 - Intersection related,01 - Daylight,02 - Non-fatal injury,03 - Rear end,Woodvale - Craig Henry - Manordale - Estates of Arlington Wo
1628,BEAUSEJOUR DR N @ ORLEANS BLVD,381055.7508,5035895.225,-75.52495151,45.4588237,2015-09-12,15:30,02 - Rain,02 - Wet,01 - Traffic signal,03 - At intersection,01 - Daylight,02 - Non-fatal injury,03 - Rear end,Orleans Village - Chateauneuf
1629,ALPINE AVE @ CARLING AVE,360498.1184,5024940.717,-75.78902647,45.36219769,2015-07-14,17:13,01 - Clear,01 - Dry,01 - Traffic signal,02 - Intersection related,01 - Daylight,02 - Non-fatal injury,03 - Rear end,Whitehaven - Queensway Terrace North