Record,Location,X,Y,lon,lat,Date,Time,Environment,Road_Surface,Traffic_Control,Collision_Location,Light,Collision_Classification,Impact_type,Neighborhood
1630,BANK ST btwn RIDEAU RD & TURN LANE,377331.0804,5016937.563,-75.57535482,45.28864954,2015-07-04,10:26,01 - Clear,01 - Dry,10 - No control,01 - Non intersection,01 - Daylight,02 - Non-fatal injury,03 - Rear end,Greenbelt
1631,REGIONAL ROAD 174 btwn Continuation of REGIONAL ROAD 174 & OR174 IC112,373975.9767,5032220.022,-75.61598266,45.42649308,2015-06-11,12:09,01 - Clear,01 - Dry,10 - No control,01 - Non intersection,01 - Daylight,02 - Non-fatal injury,03 - Rear end,Pineview
1632,PARKDALE AVE btwn OXFORD ST & SPENCER ST,365061.3862,5029470.512,-75.73022956,45.4025785,2015-07-21,17:29,01 - Clear,01 - Dry,10 - No control,01 - Non intersection,01 - Daylight,02 - Non-fatal injury,03 - Rear end,Islan
1633,ST. JOSEPH BLVD @ JEANNE D'ARC BLVD,379861.2017,5036470.433,-75.54013568,45.46412834,2015-04-28,16:33,01 - Clear,01 - Dry,11 - Roundabout,03 - At intersection,01 - Daylight,02 - Non-fatal injury,02 - Angle,Chapel Hill
1634,MACDONALD-CARTIER BR btwn RAMP & END (1),367229.7991,5033294.086,-75.70204873,45.43679181,2015-08-01,15:12,01 - Clear,01 - Dry,10 - No control,01 - Non intersection,01 - Daylight,02 - Non-fatal injury,04 - Sideswipe,Gatineau
1635,NICHOLAS ST NB btwn HWY417 IC118 RAMP52 & WALLER ST,369107.1093,5031301.629,-75.67831636,45.4186943,2015-06-21,10:10,02 - Rain,02 - Wet,10 - No control,01 - Non intersection,01 - Daylight,02 - Non-fatal injury,03 - Rear end,Sandy Hill
1636,CLARE ST @ KIRKWOOD AVE,364066.6963,5027971.749,-75.74311452,45.38917783,2015-05-09,14:15,01 - Clear,01 - Dry,01 - Traffic signal,02 - Intersection related,01 - Daylight,02 - Non-fatal injury,03 - Rear end,Westboro
1637,FALLOWFIELD RD @ GREENBANK RD,363079.955,5016732.816,-75.75703873,45.28813349,2015-06-13,15:52,01 - Clear,01 - Dry,01 - Traffic signal,03 - At intersection,01 - Daylight,02 - Non-fatal injury,05 - Turning movement,Greenbelt
1638,ELGIN ST @ LEWIS ST,368277.425,5031017.214,-75.6889532,45.416211,2015-06-18,19:51,02 - Rain,02 - Wet,02 - Stop sign,02 - Intersection related,01 - Daylight,02 - Non-fatal injury,07 - SMV other,Centretown
1639,LAURIER AVE   W btwn QUEEN ELIZABETH DRWY/LAURIER AVE EB OFF RAMP & LA,368185.0812,5031686.048,-75.69004691,45.42223731,2015-07-01,21:50,01 - Clear,01 - Dry,10 - No control,01 - Non intersection,07 - Dark,02 - Non-fatal injury,07 - SMV other,Golden Triangle
1640,BOOTH ST @ 148 N OF MIDDLE ST/E.B.EDDY S,366036.2546,5031415.349,-75.71753627,45.41999303,2015-07-21,17:45,01 - Clear,01 - Dry,01 - Traffic signal,02 - Intersection related,01 - Daylight,02 - Non-fatal injury,03 - Rear end,LeBreto
1641,MARCH RD @ TERRY FOX DR,349866.05,5023398.428,-75.92487526,45.34908399,2015-08-05,18:00,01 - Clear,01 - Dry,01 - Traffic signal,02 - Intersection related,01 - Daylight,02 - Non-fatal injury,03 - Rear end,South March
1642,WALKLEY RD btwn HARDING RD & HALIFAX DR,373616.7491,5027883.64,-75.62117804,45.38751183,2015-02-17,12:46,01 - Clear,02 - Wet,10 - No control,01 - Non intersection,01 - Daylight,02 - Non-fatal injury,04 - Sideswipe,Urbandale
1643,ROBERTSON RD btwn FITZGERALD RD & MOODIE DR,357018.3638,5020424.847,-75.83391827,45.32183139,2015-06-19,6:31,01 - Clear,01 - Dry,10 - No control,04 - At/near private drive,01 - Daylight,02 - Non-fatal injury,02 - Angle,Bells Corners West
1644,LANCASTER RD @ WALKLEY RD,374908.7405,5028603.622,-75.60457842,45.39386174,2015-07-14,9:13,01 - Clear,01 - Dry,01 - Traffic signal,02 - Intersection related,01 - Daylight,02 - Non-fatal injury,03 - Rear end,Industrial Park
1645,BASELINE RD btwn ST. HELEN'S PL & CLYDE AVE,364215.8651,5024803.714,-75.74159082,45.36065971,2015-07-22,6:56,01 - Clear,01 - Dry,10 - No control,04 - At/near private drive,01 - Daylight,02 - Non-fatal injury,02 - Angle,Braemar Park - Bel Air Heights - Copeland Park
1646,SUSSEX DR btwn BOTELER ST & LADY GREY DR,367457.0773,5032982.602,-75.69918369,45.43396886,2015-05-19,14:56,01 - Clear,01 - Dry,10 - No control,01 - Non intersection,01 - Daylight,02 - Non-fatal injury,03 - Rear end,Byward Market - Parliament Hill
1647,CARLING AVE @ MERIVALE RD,364894.7038,5027700.062,-75.7325742,45.38666269,2015-02-17,13:36,01 - Clear,01 - Dry,01 - Traffic signal,02 - Intersection related,01 - Daylight,02 - Non-fatal injury,04 - Sideswipe,Carlington
1648,BANK ST @ HUNT CLUB RD,371609.4572,5024096.867,-75.64732134,45.35363415,2015-03-20,13:12,01 - Clear,01 - Dry,01 - Traffic signal,03 - At intersection,01 - Daylight,02 - Non-fatal injury,03 - Rear end,South Keys - Heron Gate - Greenboro West
1649,LEITRIM RD btwn HAWTHORNE RD & RAMSAYVILLE RD,377928.8036,5023233.287,-75.5668065,45.34523357,2015-07-24,22:20,01 - Clear,01 - Dry,10 - No control,01 - Non intersection,07 - Dark,02 - Non-fatal injury,07 - SMV other,Greenbelt
1650,DONALD ST @ VANIER PKWY,370310.2717,5032270.225,-75.66281578,45.42729771,2015-03-13,16:15,03 - Snow,02 - Wet,01 - Traffic signal,03 - At intersection,01 - Daylight,02 - Non-fatal injury,07 - SMV other,Overbrook
1651,GREENBANK RD @ 207 S OF BELLMAN DR/GREENBANK S,361338.4003,5020827.119,-75.77877148,45.3251164,2015-07-08,16:13,01 - Clear,01 - Dry,01 - Traffic signal,03 - At intersection,01 - Daylight,02 - Non-fatal injury,05 - Turning movement,Nepean
1652,ST. PATRICK ST/ST. ANDREW ST @ BEAUSOLEIL DR,368428.4187,5033067.791,-75.68675927,45.43464765,2015-07-19,16:43,01 - Clear,01 - Dry,01 - Traffic signal,03 - At intersection,01 - Daylight,02 - Non-fatal injury,02 - Angle,Lower Town
1653,PARKDALE AVE @ WELLINGTON ST,365150.4213,5029269.475,-75.72911694,45.40076195,2015-05-21,15:42,01 - Clear,01 - Dry,01 - Traffic signal,02 - Intersection related,01 - Daylight,02 - Non-fatal injury,03 - Rear end,Islan
1654,BASELINE RD btwn BASSANO ST & ERINDALE DR,363853.2556,5024572.34,-75.74624656,45.35860848,2015-02-10,15:58,01 - Clear,01 - Dry,10 - No control,01 - Non intersection,01 - Daylight,02 - Non-fatal injury,03 - Rear end,Braemar Park - Bel Air Heights - Copeland Park
1655,LEITRIM RD btwn LIMEBANK RD & HIGH RD,371247.0044,5019028.161,-75.65262715,45.30806181,2015-05-15,18:39,01 - Clear,01 - Dry,10 - No control,04 - At/near private drive,01 - Daylight,02 - Non-fatal injury,03 - Rear end,Greenbelt
1656,WOODROFFE AVE @ KNOXDALE RD/MEDHURST DR,363419.6899,5021826.969,-75.75210547,45.33394226,2015-05-08,16:32,01 - Clear,01 - Dry,01 - Traffic signal,03 - At intersection,01 - Daylight,02 - Non-fatal injury,05 - Turning movement,Woodvale - Craig Henry - Manordale - Estates of Arlington Wo
1657,WALKLEY RD btwn BAYCREST DR & HEATHERINGTON RD,371512.9854,5026642.492,-75.64820877,45.37654798,2015-05-29,12:57,01 - Clear,01 - Dry,10 - No control,04 - At/near private drive,01 - Daylight,02 - Non-fatal injury,02 - Angle,Ledbury - Heron Gate - Ridgemont - Elmwood
1658,DALHOUSIE ST @ RIDEAU ST,368207.4298,5032226.5,-75.6896918,45.42709808,2015-06-12,1:17,01 - Clear,01 - Dry,01 - Traffic signal,03 - At intersection,07 - Dark,02 - Non-fatal injury,99 - Other,Byward Market - Parliament Hill
1659,CARLING AVE @ PRESTON ST,366828.4487,5028935.283,-75.7077268,45.39760831,2015-06-24,15:39,01 - Clear,01 - Dry,01 - Traffic signal,02 - Intersection related,01 - Daylight,02 - Non-fatal injury,03 - Rear end,Centretown West
1660,CONROY RD @ WALKLEY RD,372904.7365,5027464.292,-75.63032757,45.3838083,2015-05-29,6:34,01 - Clear,01 - Dry,01 - Traffic signal,03 - At intersection,01 - Daylight,02 - Non-fatal injury,07 - SMV other,Elmvale - Eastway - Riverview - Riverview Park West
1661,TERRY FOX DR @ PALLADIUM DR/KATIMAVIK RD,351271.1594,5018182.136,-75.90743404,45.3020549,2015-06-22,17:00,01 - Clear,01 - Dry,01 - Traffic signal,02 - Intersection related,01 - Daylight,02 - Non-fatal injury,03 - Rear end,Katimavik - Hazeldean
1662,EARL ARMSTRONG RD @ BOWESVILLE RD,372560.741,5017439.337,-75.63609262,45.29364049,2015-05-15,21:40,01 - Clear,01 - Dry,02 - Stop sign,03 - At intersection,07 - Dark,02 - Non-fatal injury,07 - SMV other,Greenbelt
1663,MERIVALE RD @ WOODFIELD DR/ROYDON PL,365461.5743,5022299.626,-75.72599867,45.33802162,2015-05-16,16:27,01 - Clear,01 - Dry,01 - Traffic signal,02 - Intersection related,01 - Daylight,02 - Non-fatal injury,03 - Rear end,Tanglewood
1664,MERIVALE RD @ ROSENTHAL AVE,364893.9019,5026326.789,-75.73275159,45.3743063,2015-05-19,9:18,01 - Clear,01 - Dry,02 - Stop sign,03 - At intersection,01 - Daylight,02 - Non-fatal injury,02 - Angle,Carlington
1665,BEECHWOOD AVE @ CHARLEVOIX ST/MACKAY ST,369185.6125,5033592.509,-75.67701387,45.43929954,2015-04-30,19:00,01 - Clear,01 - Dry,01 - Traffic signal,03 - At intersection,01 - Daylight,02 - Non-fatal injury,07 - SMV other,Lindenlea - New Edinburgh
1666,CARLING AVE @ WOODROFFE AVE W,361768.1906,5025726.274,-75.77272502,45.36916401,2015-06-03,16:34,01 - Clear,01 - Dry,01 - Traffic signal,03 - At intersection,01 - Daylight,02 - Non-fatal injury,05 - Turning movement,Carlingwood West - Glabar Park - McKellar Heights
1667,RICHMOND RD @ NORTHSIDE RD E,358329.3019,5021226.171,-75.81711089,45.32894303,2015-06-17,16:42,01 - Clear,01 - Dry,01 - Traffic signal,03 - At intersection,01 - Daylight,02 - Non-fatal injury,05 - Turning movement,Bells Corners East
1668,BANK ST btwn ARLINGTON AVE & CATHERINE ST,368028.552,5030294.695,-75.69222541,45.40973254,2015-06-01,17:38,01 - Clear,01 - Dry,10 - No control,01 - Non intersection,01 - Daylight,02 - Non-fatal injury,04 - Sideswipe,Centretown
1669,BASELINE RD @ CORDOVA ST,363593.6882,5024407.117,-75.74957903,45.35714363,2015-05-13,16:31,01 - Clear,01 - Dry,01 - Traffic signal,03 - At intersection,01 - Daylight,02 - Non-fatal injury,07 - SMV other,Crestview - Meadowlands
1670,MERIVALE RD @ 170 N OF HUNTCLUB RD/COSTCO/CANA,365547.5755,5022100.474,-75.7249259,45.33622224,2015-05-19,13:53,01 - Clear,01 - Dry,01 - Traffic signal,02 - Intersection related,01 - Daylight,02 - Non-fatal injury,03 - Rear end,Tanglewood
1671,PRINCE OF WALES DR btwn WATERBEND LANE & TURN LANE,367411.9718,5021620.747,-75.70120117,45.33174185,2015-05-08,7:51,01 - Clear,01 - Dry,10 - No control,01 - Non intersection,01 - Daylight,02 - Non-fatal injury,04 - Sideswipe,Industrial Park
1672,FRIEL ST @ RIDEAU ST,368770.9817,5032570.945,-75.68244594,45.43014596,2015-05-16,22:59,01 - Clear,01 - Dry,01 - Traffic signal,02 - Intersection related,07 - Dark,02 - Non-fatal injury,03 - Rear end,Lowe
1673,HUNT CLUB RD @ RIVERSIDE DR,368036.703,5021945.138,-75.69319025,45.33460464,2015-06-08,0:11,01 - Clear,01 - Dry,01 - Traffic signal,03 - At intersection,07 - Dark,02 - Non-fatal injury,05 - Turning movement,Hunt Club Woods - Quintarra - Revelstoke - Riverside South P
1674,JEANNE D'ARC BLVD @ CEDAR MILLS RD/CHAMPNEUF D,381214.6334,5036278.577,-75.52286066,45.46225544,2015-06-08,11:51,02 - Rain,02 - Wet,02 - Stop sign,02 - Intersection related,01 - Daylight,02 - Non-fatal injury,03 - Rear end,Orleans Village - Chateauneuf
1675,PRINCE OF WALES DR btwn NATIONAL CAPITAL COMM DRWY & HARTWELL LOCKS/54,366915.5198,5028001.952,-75.70673227,45.38920273,2015-06-14,10:57,01 - Clear,01 - Dry,10 - No control,04 - At/near private drive,01 - Daylight,02 - Non-fatal injury,03 - Rear end,Civic Hospital - Experimental Farm - Central Park
1676,SMYTH RD @ RIVERSIDE HOSPITAL,369987.0821,5029120.431,-75.66736211,45.39898726,2015-05-15,11:29,01 - Clear,01 - Dry,01 - Traffic signal,03 - At intersection,01 - Daylight,02 - Non-fatal injury,05 - Turning movement,Alta Vista
1677,MERIVALE RD @ CAPILANO DR/WITHROW AVE,364643.3929,5024229.215,-75.73620371,45.35545409,2015-05-19,18:09,01 - Clear,01 - Dry,01 - Traffic signal,02 - Intersection related,01 - Daylight,02 - Non-fatal injury,03 - Rear end,Cityview - Skyline - Fisher Heights
1678,DUNROBIN RD btwn VANCES SIDE RD & PORCUPINE TR,341806.7554,5032019.702,-76.02707613,45.42713241,2015-06-09,11:07,02 - Rain,02 - Wet,10 - No control,01 - Non intersection,01 - Daylight,02 - Non-fatal injury,03 - Rear end,Dunrobin
1679,BANK ST @ HUNT CLUB RD,371608.7365,5024096.146,-75.64733064,45.35362773,2015-06-14,1:31,01 - Clear,01 - Dry,01 - Traffic signal,03 - At intersection,07 - Dark,02 - Non-fatal injury,02 - Angle,South Keys - Heron Gate - Greenboro West
1680,ST. JOSEPH BLVD/OLD MONTREAL RD @ TRIM RD,384681.0352,5039284.811,-75.47805276,45.48891489,2015-06-12,14:39,02 - Rain,02 - Wet,11 - Roundabout,02 - Intersection related,01 - Daylight,02 - Non-fatal injury,07 - SMV other,Cardinal Creek
1681,SAUNDERS AVE @ WOODROFFE AVE,361493.6827,5026856.316,-75.77609948,45.37935429,2015-06-17,16:15,01 - Clear,01 - Dry,02 - Stop sign,02 - Intersection related,01 - Daylight,02 - Non-fatal injury,05 - Turning movement,Woodroffe - Lincoln Heights
1682,KNOXDALE RD @ WEST HUNT CLUB RD,361862.2443,5020584.837,-75.77211755,45.32289396,2015-06-09,14:03,03 - Snow,02 - Wet,01 - Traffic signal,02 - Intersection related,01 - Daylight,02 - Non-fatal injury,03 - Rear end,Woodvale - Craig Henry - Manordale - Estates of Arlington Wo
1683,RUSSELL RD btwn CUBA AVE & SMYTH RD,373021.9093,5029501.413,-75.62854982,45.40212603,2015-05-25,23:15,02 - Rain,02 - Wet,10 - No control,04 - At/near private drive,07 - Dark,02 - Non-fatal injury,02 - Angle,Elmvale - Eastway - Riverview - Riverview Park West
1684,RICHMOND RD btwn CROYDON AVE & ASSALY RD,360552.894,5025287.294,-75.78828822,45.36531182,2015-06-09,15:47,01 - Clear,01 - Dry,10 - No control,04 - At/near private drive,01 - Daylight,02 - Non-fatal injury,05 - Turning movement,Woodroffe - Lincoln Heights
1685,BREWER RD @ BRONSON AVE,368109.0471,5027766.918,-75.69152158,45.38698109,2015-05-22,10:51,01 - Clear,01 - Dry,01 - Traffic signal,02 - Intersection related,01 - Daylight,02 - Non-fatal injury,03 - Rear end,Carleto
1686,GREENBANK RD @ MARKETPLACE AVE,364008.8629,5014603.457,-75.7454519,45.26889587,2015-05-18,13:39,02 - Rain,02 - Wet,01 - Traffic signal,03 - At intersection,01 - Daylight,02 - Non-fatal injury,02 - Angle,New Barrhaven
1687,BANK ST @ EVENING SHADOW AVE,379659.7271,5013716.939,-75.54615829,45.25942766,2015-12-10,16:42,01 - Clear,01 - Dry,02 - Stop sign,02 - Intersection related,05 - Dusk,02 - Non-fatal injury,03 - Rear end,Greely
1688,INNES RD btwn WILDFLOWER DR & CHAPELIER PRIV,382945.4299,5035695.857,-75.50082436,45.45682117,2015-05-21,16:17,01 - Clear,01 - Dry,10 - No control,01 - Non intersection,01 - Daylight,02 - Non-fatal injury,03 - Rear end,Queenswood Heights
1689,COLONNADE RD @ PRINCE OF WALES DR,367397.1578,5023268.978,-75.70118163,45.34657364,2015-06-09,15:03,02 - Rain,02 - Wet,01 - Traffic signal,02 - Intersection related,01 - Daylight,02 - Non-fatal injury,03 - Rear end,Industrial Park
1690,2ND LINE RD @ OSGOODE MAIN ST,376057.5181,5001706.333,-75.59376834,45.15173306,2015-06-09,21:00,01 - Clear,01 - Dry,02 - Stop sign,03 - At intersection,05 - Dusk,02 - Non-fatal injury,02 - Angle,Kars - Osgoode
1691,DUNNING RD btwn GIROUX RD & COLONIAL RD,393469.2586,5035043.735,-75.36640808,45.44969802,2015-05-15,19:13,01 - Clear,01 - Dry,10 - No control,01 - Non intersection,01 - Daylight,02 - Non-fatal injury,07 - SMV other,Cumberland - Estates
1692,INNES RD @ JEANNE D'ARC BLVD/MER BLEUE RD,382638.4743,5035568.635,-75.50476866,45.4557108,2015-05-06,8:40,01 - Clear,01 - Dry,01 - Traffic signal,02 - Intersection related,01 - Daylight,02 - Non-fatal injury,03 - Rear end,Chapel Hill South
1693,TYRRELL PL @ MOODIE DR,357324.8613,5019854.473,-75.83006943,45.31667624,2015-06-09,15:51,01 - Clear,01 - Dry,01 - Traffic signal,03 - At intersection,01 - Daylight,02 - Non-fatal injury,05 - Turning movement,Bells Corners East
1694,CYRVILLE RD btwn STAR TOP RD & MEADOWBROOK RD,374284.9303,5031328.965,-75.61216062,45.41844519,2015-07-07,11:20,01 - Clear,01 - Dry,10 - No control,04 - At/near private drive,01 - Daylight,02 - Non-fatal injury,03 - Rear end,Industrial Park
1695,BANK ST btwn ANALDEA DR & ROTARY WAY,375610.8175,5021019.818,-75.59669918,45.32555555,2015-02-26,17:41,01 - Clear,01 - Dry,10 - No control,01 - Non intersection,05 - Dusk,03 - P.D. only,03 - Rear end,Greenbelt
1696,PRINCE OF WALES DR @ STRANDHERD DR,367174.3259,5014824.673,-75.70508777,45.27061274,2015-04-01,12:26,01 - Clear,01 - Dry,01 - Traffic signal,02 - Intersection related,01 - Daylight,02 - Non-fatal injury,99 - Other,Greenbelt
1697,HIGHWAY 417 btwn HWY417 IC122 RAMP61 & HWY417 IC121B RAMP16,365808.9004,5029207.288,-75.72071436,45.40014533,2015-10-01,20:00,01 - Clear,01 - Dry,10 - No control,01 - Non intersection,07 - Dark,02 - Non-fatal injury,07 - SMV other,Civi
1698,COLDREY AVE @ KIRKWOOD AVE,364437.0054,5027138.23,-75.73848649,45.38164654,2015-05-26,9:43,01 - Clear,01 - Dry,01 - Traffic signal,03 - At intersection,01 - Daylight,02 - Non-fatal injury,05 - Turning movement,Carlington
1699,CHARLEMAGNE BLVD @ GARDENWAY DR/BOTTRIELL WAY ,384050.2405,5037034.204,-75.48648459,45.46873796,2015-05-20,15:23,01 - Clear,01 - Dry,01 - Traffic signal,03 - At intersection,01 - Daylight,02 - Non-fatal injury,07 - SMV other,Fallingbrook
1700,RIVERSIDE DR NB btwn SMYTH RD SOUTH SIDE RAMP & SMYTH RD NORTH SIDE RA,369831.5419,5029173.612,-75.66934161,45.39948023,2015-05-22,12:01,02 - Rain,02 - Wet,10 - No control,01 - Non intersection,01 - Daylight,02 - Non-fatal injury,03 - Rear end,Industrial Park
1701,BERRIGAN DR btwn CROXLEY WAY & CLARIDGE DR,364499.2234,5015757.456,-75.73906461,45.2792381,2015-05-18,7:59,01 - Clear,01 - Dry,10 - No control,01 - Non intersection,01 - Daylight,02 - Non-fatal injury,06 - SMV unattended vehicle,New Barrhaven
1702,BASELINE RD/HERON RD @ PRINCE OF WALES DR,366875.1479,5026438.172,-75.70744444,45.37513579,2015-06-10,17:12,02 - Rain,02 - Wet,01 - Traffic signal,02 - Intersection related,01 - Daylight,02 - Non-fatal injury,03 - Rear end,Civic Hospital - Experimental Farm - Central Park
1703,DWYER HILL RD @ ROGER STEVENS DR,354336.3225,4989352.369,-75.87121286,45.04242342,2015-06-11,16:45,01 - Clear,01 - Dry,02 - Stop sign,03 - At intersection,01 - Daylight,02 - Non-fatal injury,02 - Angle,Munster Hamlet - Richmond
1704,REGIONAL ROAD 174 btwn TRANSIT & OR174 IC105 RAMP51,377151.7883,5035726.809,-75.5748878,45.45772359,2015-05-07,16:55,01 - Clear,01 - Dry,10 - No control,01 - Non intersection,01 - Daylight,02 - Non-fatal injury,03 - Rear end,Greenbelt
1705,TERRY FOX DR btwn MARCH RD & MCKINLEY DR,349883.5343,5023415.717,-75.92465057,45.34923843,2015-05-21,9:09,01 - Clear,01 - Dry,10 - No control,01 - Non intersection,01 - Daylight,02 - Non-fatal injury,03 - Rear end,South March
1706,DATA CENTRE RD @ RIVERSIDE DR,368898.4129,5027669.497,-75.68145479,45.38603273,2015-05-20,15:36,01 - Clear,01 - Dry,01 - Traffic signal,02 - Intersection related,01 - Daylight,02 - Non-fatal injury,03 - Rear end,Alta Vista
1707,DON REID DR @ ST. LAURENT BLVD,372711.9238,5027039.362,-75.63284789,45.38000368,2015-05-25,12:29,02 - Rain,02 - Wet,02 - Stop sign,03 - At intersection,01 - Daylight,02 - Non-fatal injury,05 - Turning movement,South Keys - Heron Gate - Greenboro West
1708,UPLANDS DR btwn RATAN CRT & ROYALTON PRIV,369208.5704,5023591.774,-75.67802605,45.34931408,2015-06-11,15:23,01 - Clear,01 - Dry,10 - No control,01 - Non intersection,01 - Daylight,02 - Non-fatal injury,07 - SMV other,Hunt Club East - Western Community
1709,MERIVALE RD btwn 210 S OF MEADOWLANDS DR/MERIVALE PL SC & FAMILY BROWN,364972.755,5023465.542,-75.73209329,45.34855448,2015-06-13,12:50,01 - Clear,01 - Dry,10 - No control,01 - Non intersection,01 - Daylight,02 - Non-fatal injury,03 - Rear end,Borden Farm - Stewart Farm - Parkwood Hills - Fisher Glen
1710,GREENBANK RD @ BERRIGAN DR/WESSEX RD,363723.6817,5015274.979,-75.7490062,45.27496219,2015-05-12,21:20,01 - Clear,01 - Dry,01 - Traffic signal,02 - Intersection related,07 - Dark,02 - Non-fatal injury,03 - Rear end,New Barrhaven
1711,MAJESTIC DR @ WOODROFFE AVE,363526.7295,5021571.974,-75.75077019,45.33163888,2015-04-30,11:15,01 - Clear,01 - Dry,01 - Traffic signal,02 - Intersection related,01 - Daylight,02 - Non-fatal injury,03 - Rear end,Woodvale - Craig Henry - Manordale - Estates of Arlington Wo
1712,CHARLEMAGNE BLVD @ PRINCESS LOUISE DR W/VALADE,383520.0101,5037973.181,-75.4931141,45.47724598,2015-05-20,18:40,01 - Clear,01 - Dry,01 - Traffic signal,03 - At intersection,01 - Daylight,02 - Non-fatal injury,05 - Turning movement,Fallingbrook
1713,HIGHWAY 417 btwn HWY417 IC138 RAMP61 & HWY417 IC134 RAMP36,355352.6454,5021664.452,-75.85503773,45.33310746,2015-07-13,10:55,01 - Clear,01 - Dry,10 - No control,01 - Non intersection,01 - Daylight,02 - Non-fatal injury,03 - Rear end,Greenbelt
1714,HUNT CLUB RD btwn WEST HUNT CLUB RD & TURN LANE,367840.8769,5021893.96,-75.69569498,45.33416177,2015-06-02,18:20,01 - Clear,01 - Dry,10 - No control,01 - Non intersection,01 - Daylight,02 - Non-fatal injury,03 - Rear end,Hunt Club Woods - Quintarra - Revelstoke - Riverside South P
1715,BENTLEY AVE @ SUNDERLAND ST,366151.4208,5021836.858,-75.71725488,45.33379772,2015-06-12,6:48,01 - Clear,01 - Dry,02 - Stop sign,03 - At intersection,01 - Daylight,02 - Non-fatal injury,02 - Angle,Industrial Park
1716,PARKDALE AVE @ GLADSTONE AVE,365216.9212,5029119.22,-75.72828599,45.39940425,2015-06-13,15:33,01 - Clear,01 - Dry,01 - Traffic signal,03 - At intersection,01 - Daylight,02 - Non-fatal injury,02 - Angle,Civi
1717,TERRY FOX DR S @ DIDSBURY RD/CENTRUM KANATA SC,350625.6448,5018913.981,-75.91559707,45.30868265,2015-05-14,8:47,01 - Clear,01 - Dry,01 - Traffic signal,03 - At intersection,01 - Daylight,02 - Non-fatal injury,07 - SMV other,Kanata
1718,LAURIER AVE   W btwn LYON ST N & KENT ST,367175.3936,5031082.326,-75.70302416,45.41689596,2015-02-13,12:53,01 - Clear,02 - Wet,10 - No control,04 - At/near private drive,01 - Daylight,02 - Non-fatal injury,02 - Angle,Downtown
1719,CUMMINGS AVE @ OGILVIE RD,372748.7202,5032168.176,-75.63167141,45.42614689,2015-05-21,8:00,01 - Clear,01 - Dry,01 - Traffic signal,03 - At intersection,01 - Daylight,02 - Non-fatal injury,02 - Angle,Cummings
1720,PARKDALE AVE @ SCOTT ST,364949.7036,5029725.114,-75.73162499,45.40487896,2015-05-21,8:35,01 - Clear,01 - Dry,01 - Traffic signal,03 - At intersection,01 - Daylight,02 - Non-fatal injury,02 - Angle,Islan
1721,GREENBANK RD @ 207 S OF BELLMAN DR/GREENBANK S,361337.1726,5020828.24,-75.77878701,45.32512659,2015-06-08,15:53,02 - Rain,02 - Wet,01 - Traffic signal,02 - Intersection related,01 - Daylight,02 - Non-fatal injury,03 - Rear end,Nepean
1722,TERRY FOX DR btwn CASTLEFRANK RD & TRANS CANADA TRAIL,353123.2866,5016152.463,-75.88401617,45.28366645,2015-06-07,16:56,01 - Clear,01 - Dry,10 - No control,01 - Non intersection,01 - Daylight,02 - Non-fatal injury,03 - Rear end,Glen Cairn - Kanata South Business Park
1723,LAURIER AVE   W btwn O'CONNOR ST & METCALFE ST,367766.4835,5031435.993,-75.6954273,45.4200252,2015-06-12,12:03,02 - Rain,02 - Wet,10 - No control,01 - Non intersection,01 - Daylight,02 - Non-fatal injury,07 - SMV other,Downtown
1724,KANATA AVE @ TERRY FOX DR,349306.8814,5019212.345,-75.93238729,45.31145223,2015-06-09,11:13,02 - Rain,02 - Wet,01 - Traffic signal,03 - At intersection,01 - Daylight,02 - Non-fatal injury,02 - Angle,Kanata Lakes - Marchwood Lakeside - Morgan's Grant - Kanata
1725,DEAKIN ST @ PRINCE OF WALES DR,367389.6972,5021523.741,-75.70149759,45.33087099,2015-06-09,11:32,02 - Rain,02 - Wet,01 - Traffic signal,02 - Intersection related,01 - Daylight,02 - Non-fatal injury,03 - Rear end,Industrial Park
1726,REGIONAL ROAD 174 btwn OR174 IC112 RAMP51 & OR174 IC112 RAMP15,375024.7117,5032996.55,-75.60247152,45.43337534,2015-06-12,15:34,02 - Rain,02 - Wet,10 - No control,01 - Non intersection,01 - Daylight,02 - Non-fatal injury,03 - Rear end,Greenbelt
1727,BAYCREST DR btwn HERON RD & CEDARWOOD DR,371198.3945,5026843.65,-75.65219797,45.37838781,2015-05-14,22:28,01 - Clear,01 - Dry,10 - No control,04 - At/near private drive,07 - Dark,02 - Non-fatal injury,02 - Angle,Ledbury - Heron Gate - Ridgemont - Elmwood
1728,MONTREAL RD @ PARK ST,370512.4714,5033315.704,-75.66009254,45.43668552,2015-02-02,8:15,03 - Snow,03 - Loose snow,02 - Stop sign,03 - At intersection,01 - Daylight,02 - Non-fatal injury,05 - Turning movement,Vanier North
1729,INNES RD @ STAR TOP RD/WINDMILL LANE,374146.7619,5030664.151,-75.6140194,45.41247724,2015-05-22,15:08,01 - Clear,01 - Dry,01 - Traffic signal,02 - Intersection related,01 - Daylight,02 - Non-fatal injury,04 - Sideswipe,Industrial Park