Record,Location,X,Y,lon,lat,Date,Time,Environment,Road_Surface,Traffic_Control,Collision_Location,Light,Collision_Classification,Impact_type,Neighborhood
1730,TENTH LINE RD btwn AMIENS ST & 275 N OF DES EPINETTES AVE/FALLINGBROOK,383429.1243,5037385.522,-75.49437047,45.471969,2015-06-10,18:51,02 - Rain,02 - Wet,10 - No control,01 - Non intersection,01 - Daylight,02 - Non-fatal injury,03 - Rear end,Orl¨¦ans
1731,MERIVALE RD @ CAPILANO DR/WITHROW AVE,364642.429,5024228.129,-75.73621614,45.3554444,2015-06-11,14:41,01 - Clear,01 - Dry,01 - Traffic signal,03 - At intersection,01 - Daylight,02 - Non-fatal injury,03 - Rear end,Cityview - Skyline - Fisher Heights
1732,COLONNADE RD @ MERIVALE RD,365362.2536,5022542.695,-75.72723607,45.3402173,2015-06-10,9:06,01 - Clear,01 - Dry,01 - Traffic signal,03 - At intersection,01 - Daylight,02 - Non-fatal injury,07 - SMV other,Tanglewood
1733,ALBION RD/COLLISTON CRES E @ WALKLEY RD,371034.1034,5026353.58,-75.65436121,45.37399388,2015-06-12,15:38,02 - Rain,02 - Wet,01 - Traffic signal,03 - At intersection,01 - Daylight,02 - Non-fatal injury,07 - SMV other,Ledbury - Heron Gate - Ridgemont - Elmwood
1734,ECCLES ST @ PRESTON ST,366329.6969,5030076.203,-75.71395427,45.40791802,2015-06-15,18:00,01 - Clear,01 - Dry,02 - Stop sign,03 - At intersection,01 - Daylight,02 - Non-fatal injury,07 - SMV other,Little Italy
1735,PRINCE OF WALES DR btwn WATERBRIDGE DR & CRESTWAY DR,367328.8259,5016081.17,-75.70296071,45.28190488,2015-05-15,9:34,01 - Clear,01 - Dry,10 - No control,01 - Non intersection,01 - Daylight,02 - Non-fatal injury,03 - Rear end,Greenbelt
1736,MOODIE DR @ RICHMOND RD N,357392.5188,5019689.209,-75.8292241,45.31518411,2015-05-15,10:49,01 - Clear,01 - Dry,02 - Stop sign,03 - At intersection,01 - Daylight,02 - Non-fatal injury,02 - Angle,Bells Corners East
1737,RIVERSIDE DR @ TREMBLAY RD/HWY417 IC117 RAMP52,370802.0781,5031015.426,-75.65669957,45.41596132,2015-01-27,14:35,01 - Clear,01 - Dry,01 - Traffic signal,03 - At intersection,01 - Daylight,02 - Non-fatal injury,02 - Angle,Industrial Park
1738,BAYSHORE DR @ WOODRIDGE CRES N,359072.871,5023874.718,-75.80733511,45.35271762,2015-06-14,14:59,01 - Clear,01 - Dry,01 - Traffic signal,03 - At intersection,01 - Daylight,02 - Non-fatal injury,05 - Turning movement,Bayshore
1739,GREENBANK RD @ 207 S OF BELLMAN DR/GREENBANK S,361336.9589,5020826.398,-75.77878994,45.32511003,2015-06-16,9:48,01 - Clear,01 - Dry,01 - Traffic signal,02 - Intersection related,01 - Daylight,02 - Non-fatal injury,03 - Rear end,Nepean
1740,AIRPORT PKWY btwn RAMP & RAMP (4),371304.4442,5021637.623,-75.65154435,45.33153561,2015-06-10,17:20,02 - Rain,02 - Wet,10 - No control,01 - Non intersection,01 - Daylight,02 - Non-fatal injury,05 - Turning movement,Hunt Club - Ottawa Airport
1741,MAITLAND AVE btwn CARLING AVE & DUNCAN PL,362953.5087,5026460.059,-75.75750772,45.37566917,2015-05-04,15:05,02 - Rain,02 - Wet,10 - No control,01 - Non intersection,01 - Daylight,02 - Non-fatal injury,03 - Rear end,Carlingwood West - Glabar Park - McKellar Heights
1742,HAWTHORNE RD @ HUNT CLUB RD,375508.4706,5026406.169,-75.59723445,45.37402985,2015-05-05,12:46,01 - Clear,01 - Dry,01 - Traffic signal,02 - Intersection related,01 - Daylight,02 - Non-fatal injury,03 - Rear end,Industrial Park
1743,INDUSTRIAL AVE/INNES RD @ ST. LAURENT BLVD,373101.1688,5030004.486,-75.62746782,45.40664472,2015-05-12,16:15,01 - Clear,01 - Dry,01 - Traffic signal,02 - Intersection related,01 - Daylight,02 - Non-fatal injury,03 - Rear end,Industrial Park
1744,STRANDHERD DR btwn GREENBANK RD & Continuation of STRANDHERD DR,363986.0179,5014815.21,-75.74571777,45.27080315,2015-06-17,19:19,01 - Clear,01 - Dry,10 - No control,04 - At/near private drive,01 - Daylight,02 - Non-fatal injury,02 - Angle,New Barrhaven
1745,HIGHWAY 417 btwn HWY417 IC127 RAMP35 & HWY417 IC127 RAMP25,362167.8855,5024864.427,-75.76772286,45.36137658,2015-10-14,9:25,01 - Clear,01 - Dry,10 - No control,01 - Non intersection,01 - Daylight,02 - Non-fatal injury,03 - Rear end,Carlingwood West - Glabar Park - McKellar Heights
1746,CRICHTON ST @ DUFFERIN RD,368695.9798,5033632.688,-75.68326657,45.43970598,2015-05-21,8:15,01 - Clear,01 - Dry,02 - Stop sign,02 - Intersection related,01 - Daylight,02 - Non-fatal injury,03 - Rear end,New Edinburgh
1747,VIEWMOUNT DR btwn OAKRIDGE BLVD & PALSEN ST,363795.3523,5023001.939,-75.74717293,45.34448305,2015-06-20,14:39,01 - Clear,01 - Dry,10 - No control,01 - Non intersection,01 - Daylight,02 - Non-fatal injury,04 - Sideswipe,Crestview - Meadowlands
1748,WEST HUNT CLUB RD @ CLEOPATRA DR/LANCELOT DR,365236.4207,5021730.692,-75.7289407,45.33292185,2015-06-12,10:22,02 - Rain,02 - Wet,01 - Traffic signal,02 - Intersection related,01 - Daylight,02 - Non-fatal injury,03 - Rear end,Tanglewood
1749,RIVER RD btwn ROGER STEVENS DR & DOYLE RD,373751.0643,5003624.966,-75.62283275,45.16922573,2015-05-15,16:24,01 - Clear,01 - Dry,10 - No control,01 - Non intersection,01 - Daylight,02 - Non-fatal injury,07 - SMV other,Kars - Osgoode
1750,VIEWMOUNT DR btwn MERIVALE RD & GRANT CARMAN DR,365264.5405,5022991.266,-75.72842793,45.34426191,2015-05-08,14:56,01 - Clear,01 - Dry,10 - No control,04 - At/near private drive,01 - Daylight,02 - Non-fatal injury,05 - Turning movement,Borden Farm - Stewart Farm - Parkwood Hills - Fisher Glen
1751,BOURASSA ST @ ST. LAURENT BLVD,373237.6959,5029693.075,-75.62576714,45.40382945,2015-05-05,18:35,01 - Clear,01 - Dry,01 - Traffic signal,02 - Intersection related,01 - Daylight,02 - Non-fatal injury,07 - SMV other,Industrial Park
1752,CYRVILLE RD @ INNES RD,375048.6886,5031119.082,-75.60243287,45.41648051,2015-05-08,21:40,01 - Clear,08 - Loose sand or gravel,01 - Traffic signal,02 - Intersection related,07 - Dark,02 - Non-fatal injury,07 - SMV other,Industrial Park
1753,RAYMOND ST/HWY 417 ROCHEST IC121BR16 @ ROCHEST,366737.7,5029618.199,-75.70880004,45.40376104,2015-05-23,7:02,01 - Clear,01 - Dry,01 - Traffic signal,02 - Intersection related,01 - Daylight,02 - Non-fatal injury,07 - SMV other,Centretown West
1754,BANK ST @ SUNNYSIDE AVE,368735.4294,5028581.189,-75.68341778,45.39425075,2015-05-26,7:02,01 - Clear,01 - Dry,01 - Traffic signal,03 - At intersection,01 - Daylight,02 - Non-fatal injury,04 - Sideswipe,Old Ottawa South
1755,HWY 417 WOODROFF IC127R53 @ WOODROFFE AVE,362206.4441,5024628.012,-75.76725818,45.35924618,2015-05-26,17:08,01 - Clear,01 - Dry,03 - Yield sign,02 - Intersection related,01 - Daylight,02 - Non-fatal injury,03 - Rear end,Iris
1756,MORRISON DR @ GREENBANK RD,360555.5607,5023128.16,-75.7884977,45.34588379,2015-08-18,18:46,01 - Clear,01 - Dry,02 - Stop sign,02 - Intersection related,01 - Daylight,02 - Non-fatal injury,03 - Rear end,Iris
1757,LEMIEUX ST @ ST. LAURENT BLVD,372390.2833,5031742.925,-75.63630976,45.42235541,2015-09-08,21:27,01 - Clear,01 - Dry,01 - Traffic signal,02 - Intersection related,07 - Dark,02 - Non-fatal injury,02 - Angle,Overbrook
1758,DALHOUSIE ST @ RIDEAU ST,368205.9884,5032228.662,-75.68970994,45.42711767,2015-09-04,12:35,01 - Clear,01 - Dry,01 - Traffic signal,02 - Intersection related,01 - Daylight,02 - Non-fatal injury,03 - Rear end,Byward Market - Parliament Hill
1759,LESTER RD btwn ALBION RD & UPLANDS DR,371543.6048,5021510.117,-75.6485107,45.33036564,2015-09-11,11:29,01 - Clear,01 - Dry,10 - No control,01 - Non intersection,01 - Daylight,02 - Non-fatal injury,07 - SMV other,Greenbelt
1760,RUSSELL AVE @ LAURIER AVE,369037.4178,5032215.847,-75.67908753,45.4269265,2015-08-18,13:28,01 - Clear,01 - Dry,02 - Stop sign,03 - At intersection,01 - Daylight,02 - Non-fatal injury,02 - Angle,Sandy Hill
1761,BEARBROOK RD btwn CENTREPARK DR & NORTHPARK DR,377836.8056,5033242.969,-75.56649884,45.43530441,2015-09-04,17:44,01 - Clear,01 - Dry,10 - No control,04 - At/near private drive,01 - Daylight,02 - Non-fatal injury,05 - Turning movement,Blackburn Hamlet
1762,HWY 417 INNES IC112R68 @ INNES RD,374641.7583,5030922.01,-75.6076595,45.4147481,2015-04-13,16:52,01 - Clear,01 - Dry,01 - Traffic signal,03 - At intersection,01 - Daylight,02 - Non-fatal injury,99 - Other,Industrial Park
1763,INNES RD/PRESTWICK DR @ LANTHIER DR,383540.7631,5035988.204,-75.49316673,45.45938461,2015-09-19,11:07,01 - Clear,01 - Dry,01 - Traffic signal,03 - At intersection,01 - Daylight,02 - Non-fatal injury,05 - Turning movement,Queenswood Heights
1764,BASELINE RD btwn ST. HELEN'S PL & CLYDE AVE,364113.6222,5024735.491,-75.74290396,45.36005451,2015-09-21,6:05,01 - Clear,01 - Dry,10 - No control,01 - Non intersection,07 - Dark,02 - Non-fatal injury,07 - SMV other,Braemar Park - Bel Air Heights - Copeland Park
1765,WEST HUNT CLUB RD @ CLEOPATRA DR/LANCELOT DR,365235.7,5021732.044,-75.72894972,45.33293408,2015-09-21,12:01,01 - Clear,01 - Dry,01 - Traffic signal,02 - Intersection related,01 - Daylight,02 - Non-fatal injury,03 - Rear end,Tanglewood
1766,SMYTH RD/OTHELLO AVE @ RUSSELL RD W,373255.3772,5029374.308,-75.62558555,45.4009596,2015-09-08,12:01,01 - Clear,01 - Dry,01 - Traffic signal,02 - Intersection related,01 - Daylight,02 - Non-fatal injury,03 - Rear end,Elmvale - Eastway - Riverview - Riverview Park West
1767,BAY ST @ SPARKS ST,366857.4192,5031279.229,-75.70706176,45.41869591,2015-06-19,19:40,01 - Clear,01 - Dry,01 - Traffic signal,03 - At intersection,01 - Daylight,02 - Non-fatal injury,05 - Turning movement,Downtown
1768,BRONSON AVE btwn FOURTH AVE & MADAWASKA DR,367595.9658,5028985.416,-75.69791808,45.39799098,2015-09-01,17:43,01 - Clear,01 - Dry,10 - No control,01 - Non intersection,01 - Daylight,02 - Non-fatal injury,04 - Sideswipe,The Glebe
1769,ALERT RD/AIRPORT PKWY/UPLANDS DR RAMP 62 @ LES,371306.7078,5021354.142,-75.65155356,45.32898471,2015-09-15,16:25,01 - Clear,01 - Dry,01 - Traffic signal,03 - At intersection,01 - Daylight,02 - Non-fatal injury,01 - Approaching,Greenbelt
1770,WEST HUNT CLUB RD EB btwn ROYDON PL/SUNDERLAND ST & 545 E OF ROYDON PL,366063.077,5022214.535,-75.71833514,45.33720372,2015-07-13,12:32,01 - Clear,01 - Dry,10 - No control,01 - Non intersection,01 - Daylight,02 - Non-fatal injury,03 - Rear end,Industrial Park
1771,HAWTHORNE RD btwn DAVIDSON RD & LEITRIM RD,376644.4622,5023657.51,-75.58313218,45.34918325,2015-09-20,1:03,01 - Clear,01 - Dry,10 - No control,01 - Non intersection,07 - Dark,02 - Non-fatal injury,07 - SMV other,Greenbelt
1772,BRIAN COBURN BLVD @ TENTH LINE RD,384428.3389,5035022.308,-75.48197576,45.45059377,2015-09-20,14:25,01 - Clear,01 - Dry,01 - Traffic signal,02 - Intersection related,01 - Daylight,02 - Non-fatal injury,03 - Rear end,Avalon
1773,CHARLEMAGNE BLVD btwn MERKLEY DR & VALIN ST,384707.6271,5037685.64,-75.47797281,45.47452406,2015-09-23,7:15,01 - Clear,01 - Dry,10 - No control,04 - At/near private drive,01 - Daylight,02 - Non-fatal injury,03 - Rear end,Fallingbrook
1774,MEADOWLANDS DR/TALLWOOD DR @ WOODROFFE AVE,363056.837,5022730.437,-75.75662814,45.34210182,2015-08-03,23:44,01 - Clear,01 - Dry,01 - Traffic signal,02 - Intersection related,07 - Dark,02 - Non-fatal injury,03 - Rear end,Crestview - Meadowlands
1775,BRONSON AVE @ FLORA ST,367192.4246,5029939.479,-75.70295124,45.40661145,2015-08-06,17:50,01 - Clear,01 - Dry,02 - Stop sign,02 - Intersection related,01 - Daylight,02 - Non-fatal injury,07 - SMV other,Centretown West
1776,LEES AVE / GRAHAM AVE @ MAIN ST,369002.4275,5030559.489,-75.67975047,45.4120264,2015-09-09,18:21,01 - Clear,01 - Dry,01 - Traffic signal,02 - Intersection related,01 - Daylight,02 - Non-fatal injury,03 - Rear end,Old Ottawa East
1777,PRESTON ST @ SOMERSET ST,366307.4791,5030127.788,-75.71423164,45.40838412,2015-10-01,17:28,01 - Clear,01 - Dry,01 - Traffic signal,03 - At intersection,01 - Daylight,02 - Non-fatal injury,07 - SMV other,Little Italy
1778,INNES RD btwn PRESTWICK DR & TENTH LINE RD,383802.9783,5036094.407,-75.48979733,45.46031053,2015-08-14,15:30,01 - Clear,01 - Dry,10 - No control,04 - At/near private drive,01 - Daylight,02 - Non-fatal injury,04 - Sideswipe,Queenswood Heights
1779,TERRY FOX DR btwn HALKIRK AVE & CASTLEFRANK RD,352924.0991,5016387.33,-75.88653231,45.28579351,2015-07-06,1:49,01 - Clear,01 - Dry,10 - No control,01 - Non intersection,07 - Dark,02 - Non-fatal injury,07 - SMV other,Glen Cairn - Kanata South Business Park
1780,CARLING AVE @ CLYDE AVE/COLE AVE,363521.4113,5026850.182,-75.75021108,45.37913208,2015-09-15,14:46,01 - Clear,01 - Dry,01 - Traffic signal,03 - At intersection,01 - Daylight,02 - Non-fatal injury,05 - Turning movement,Carlingwood - McKellar Park - Laurentien View
1781,INGLEWOOD PL @ PARKDALE AVE,365569.7798,5028310.003,-75.72387897,45.39209256,2015-09-16,15:24,01 - Clear,01 - Dry,01 - Traffic signal,02 - Intersection related,01 - Daylight,02 - Non-fatal injury,03 - Rear end,Civic Hospital - Experimental Farm - Central Park
1782,TERRY FOX DR btwn MARCH VALLEY RD & HERZBERG RD,351071.2924,5023596.835,-75.90947642,45.35079081,2015-09-17,16:23,01 - Clear,01 - Dry,10 - No control,01 - Non intersection,01 - Daylight,02 - Non-fatal injury,07 - SMV other,South March
1783,MERIVALE RD btwn CLYDE AVE & RITA AVE,364600.551,5024324.164,-75.73673898,45.35631208,2015-08-28,14:21,01 - Clear,01 - Dry,10 - No control,01 - Non intersection,01 - Daylight,02 - Non-fatal injury,03 - Rear end,Cityview - Skyline - Fisher Heights
1784,BLAIR RD @ OGILVIE RD,374506.2823,5033198.215,-75.6090681,45.43524168,2015-09-15,16:41,01 - Clear,01 - Dry,01 - Traffic signal,02 - Intersection related,01 - Daylight,02 - Non-fatal injury,03 - Rear end,Industrial Park
1785,RICHARDSON SIDE RD btwn GREY STONE DR & PENNYCROSS LANE,343822.8114,5014964.772,-76.00265901,45.27355693,2015-09-21,22:05,01 - Clear,01 - Dry,10 - No control,01 - Non intersection,07 - Dark,02 - Non-fatal injury,07 - SMV other,Stittsville - Basswood
1786,HOLLAND AVE @ WELLINGTON ST,364931.1428,5029153.194,-75.7319318,45.39973455,2015-09-21,9:35,01 - Clear,01 - Dry,01 - Traffic signal,03 - At intersection,01 - Daylight,02 - Non-fatal injury,07 - SMV other,Islan
1787,BRONSON AVE btwn UNIVERSITY RD & BREWER WAY,367997.6651,5027960.016,-75.6929191,45.38872859,2015-09-13,11:53,02 - Rain,02 - Wet,10 - No control,01 - Non intersection,01 - Daylight,02 - Non-fatal injury,03 - Rear end,Carleto
1788,CLYDE AVE @ MAITLAND AVE,364248.9728,5025140.157,-75.74112778,45.36368417,2015-09-03,17:17,01 - Clear,01 - Dry,03 - Yield sign,03 - At intersection,01 - Daylight,02 - Non-fatal injury,05 - Turning movement,Civic Hospital - Experimental Farm - Central Park
1789,BANK ST @ RIVERSIDE DR N,369225.7159,5027983.906,-75.67723448,45.38883165,2015-09-15,17:32,01 - Clear,01 - Dry,01 - Traffic signal,02 - Intersection related,01 - Daylight,02 - Non-fatal injury,04 - Sideswipe,Alta Vista
1790,NAVAN RD btwn MUSTANG ST & TO BE DETERMINED,388187.9073,5032223.093,-75.43439319,45.42497085,2015-09-15,19:05,01 - Clear,01 - Dry,10 - No control,01 - Non intersection,01 - Daylight,02 - Non-fatal injury,07 - SMV other,Navan
1791,ALBERT ST btwn BANK ST & O'CONNOR ST,367519.0294,5031508.979,-75.69857962,45.42070413,2015-09-18,11:30,01 - Clear,01 - Dry,10 - No control,04 - At/near private drive,01 - Daylight,02 - Non-fatal injury,04 - Sideswipe,Downtown
1792,RICHMOND RD btwn CLEARY AVE & REDWOOD AVE,361967.3611,5027191.227,-75.77001296,45.38232929,2015-09-21,14:47,01 - Clear,01 - Dry,10 - No control,04 - At/near private drive,01 - Daylight,02 - Non-fatal injury,05 - Turning movement,Woodroffe - Lincoln Heights
1793,RIDEAU ST @ NICHOLAS ST,368142.1557,5032184.937,-75.69053122,45.42673003,2015-07-06,18:13,01 - Clear,01 - Dry,02 - Stop sign,03 - At intersection,01 - Daylight,02 - Non-fatal injury,05 - Turning movement,Byward Market - Parliament Hill
1794,HUNT CLUB RD @ HWY417 HUNT CLUB IC108 RAMP52,376416.5641,5027444.644,-75.58549128,45.38328129,2015-04-28,15:45,01 - Clear,01 - Dry,02 - Stop sign,02 - Intersection related,01 - Daylight,02 - Non-fatal injury,03 - Rear end,Greenbelt
1795,BYRON AVE @ ROOSEVELT AVE,363036.4101,5028061.909,-75.75626037,45.39007551,2015-09-18,13:57,01 - Clear,01 - Dry,01 - Traffic signal,03 - At intersection,01 - Daylight,02 - Non-fatal injury,05 - Turning movement,Carlingwood - McKellar Park - Laurentien View
1796,ARGYLE AVE @ O'CONNOR ST,368183.9901,5030485.213,-75.69021531,45.4114327,2015-09-17,9:36,01 - Clear,01 - Dry,01 - Traffic signal,03 - At intersection,01 - Daylight,02 - Non-fatal injury,02 - Angle,Centretown
1797,ALBION RD @ BANK ST,371946.7279,5024128.418,-75.64301301,45.35388582,2015-09-19,14:47,01 - Clear,01 - Dry,01 - Traffic signal,02 - Intersection related,01 - Daylight,02 - Non-fatal injury,03 - Rear end,Emerald Woods - Sawmill Creek
1798,MARCH RD btwn KLONDIKE RD & MORGAN'S GRANT WAY,349557.1047,5023733.906,-75.9287874,45.35212248,2015-09-22,8:44,01 - Clear,01 - Dry,10 - No control,01 - Non intersection,01 - Daylight,02 - Non-fatal injury,07 - SMV other,South March
1799,BELFAST RD @ ST. LAURENT BLVD,372860.7241,5030577.481,-75.63045998,45.41182368,2015-09-22,9:40,01 - Clear,01 - Dry,01 - Traffic signal,03 - At intersection,01 - Daylight,02 - Non-fatal injury,05 - Turning movement,Industrial Park
1800,ALBION RD @ BANK ST,371946.0072,5024129.139,-75.64302211,45.35389237,2015-09-17,15:13,01 - Clear,01 - Dry,01 - Traffic signal,03 - At intersection,01 - Daylight,02 - Non-fatal injury,07 - SMV other,Emerald Woods - Sawmill Creek
1801,SMYTH RD/OTHELLO AVE @ RUSSELL RD W,373256.8395,5029373.01,-75.62556705,45.40094778,2015-08-24,14:15,01 - Clear,01 - Dry,01 - Traffic signal,02 - Intersection related,01 - Daylight,02 - Non-fatal injury,03 - Rear end,Elmvale - Eastway - Riverview - Riverview Park West
1802,RAMSAYVILLE RD @ WALKLEY EXTENSION RD,376464.7446,5029419.469,-75.58458929,45.40104477,2015-10-09,10:49,02 - Rain,02 - Wet,10 - No control,03 - At intersection,01 - Daylight,02 - Non-fatal injury,07 - SMV other,Greenbelt
1803,AIRPORT PKWY btwn RAMP & TO BE DETERMINED,369210.8751,5026075.831,-75.67767291,45.37166474,2015-09-24,16:28,01 - Clear,01 - Dry,10 - No control,01 - Non intersection,01 - Daylight,02 - Non-fatal injury,07 - SMV other,Riverside Park
1804,BURRIS LANE @ MERIVALE RD,364879.5714,5025068.248,-75.73308759,45.36298338,2015-09-14,5:50,02 - Rain,02 - Wet,01 - Traffic signal,02 - Intersection related,07 - Dark,02 - Non-fatal injury,03 - Rear end,Cityview - Skyline - Fisher Heights
1805,HWY 417 MAITLAND IC126R52 @ MAITLAND AVE,363205.5071,5025834.112,-75.75436455,45.37001602,2015-09-19,13:26,01 - Clear,01 - Dry,03 - Yield sign,03 - At intersection,01 - Daylight,02 - Non-fatal injury,03 - Rear end,Braemar Park - Bel Air Heights - Copeland Park
1806,MAPLE GROVE RD @ TERRY FOX DR,351554.3293,5017862.663,-75.90385359,45.29916141,2015-07-17,10:45,01 - Clear,01 - Dry,01 - Traffic signal,02 - Intersection related,01 - Daylight,02 - Non-fatal injury,07 - SMV other,Katimavik - Hazeldean
1807,BYRON AVE @ REDWOOD AVE,361997.9653,5027179.615,-75.76962355,45.38222231,2015-09-18,15:37,01 - Clear,01 - Dry,02 - Stop sign,03 - At intersection,01 - Daylight,02 - Non-fatal injury,02 - Angle,Carlingwood - McKellar Park - Laurentien View
1808,GREY NUNS DR @ ST. JOSEPH BLVD,380156.4561,5036666.229,-75.53633056,45.46585817,2015-09-22,9:45,01 - Clear,01 - Dry,01 - Traffic signal,02 - Intersection related,01 - Daylight,02 - Non-fatal injury,03 - Rear end,Industrial Park
1809,APPLE ORCHARD RD btwn BYLES WAY & DEER VALLEY CRES,375189.394,5011930.836,-75.60336372,45.24381827,2015-07-14,22:34,01 - Clear,01 - Dry,10 - No control,01 - Non intersection,07 - Dark,02 - Non-fatal injury,07 - SMV other,Greely
1810,FALLOWFIELD RD @ WOODROFFE AVE,365085.15,5017903.55,-75.73133619,45.29849856,2015-07-22,22:34,01 - Clear,01 - Dry,01 - Traffic signal,02 - Intersection related,07 - Dark,02 - Non-fatal injury,03 - Rear end,New Barrhaven
1811,RIDEAU ST btwn KING EDWARD AVE & NELSON ST,368529.7252,5032422.598,-75.6855481,45.42883321,2015-09-17,17:37,01 - Clear,01 - Dry,10 - No control,01 - Non intersection,01 - Daylight,02 - Non-fatal injury,07 - SMV other,Lowe
1812,TENTH LINE RD @ CHARLEMAGNE BLVD S/DES EPINETT,383640.9751,5036900.456,-75.49173924,45.46758093,2015-08-26,18:01,01 - Clear,01 - Dry,01 - Traffic signal,03 - At intersection,01 - Daylight,02 - Non-fatal injury,05 - Turning movement,Orl¨¦ans
1813,EAGLESON RD @ MICHAEL COWPLAND DR/STONEHAVEN D,354383.3467,5016623.084,-75.86790794,45.28781345,2015-09-21,9:00,01 - Clear,01 - Dry,01 - Traffic signal,02 - Intersection related,01 - Daylight,02 - Non-fatal injury,05 - Turning movement,Glen Cairn - Kanata South Business Park
1814,DONALD ST @ ST. LAURENT BLVD,372094.7532,5032471.805,-75.63998613,45.42894203,2015-09-23,6:10,01 - Clear,01 - Dry,01 - Traffic signal,03 - At intersection,03 - Dawn,02 - Non-fatal injury,05 - Turning movement,Overbrook
1815,CATHERINE ST/HWY 417 O'CONN IC119BR76 @ O'CONN,368243.7892,5030392.567,-75.68946333,45.41059368,2015-08-14,11:53,01 - Clear,01 - Dry,01 - Traffic signal,03 - At intersection,01 - Daylight,02 - Non-fatal injury,07 - SMV other,Centretown
1816,HUNT CLUB RD @ RIVERSIDE DR,368036.703,5021946.58,-75.69319006,45.33461761,2015-09-22,20:16,01 - Clear,01 - Dry,01 - Traffic signal,02 - Intersection related,07 - Dark,02 - Non-fatal injury,03 - Rear end,Hunt Club Woods - Quintarra - Revelstoke - Riverside South P
1817,HERON RD btwn JEFFERSON ST & TURN LANE,372178.0664,5027096.257,-75.63965605,45.38056714,2015-08-02,7:52,01 - Clear,01 - Dry,10 - No control,04 - At/near private drive,01 - Daylight,02 - Non-fatal injury,02 - Angle,Ledbury - Heron Gate - Ridgemont - Elmwood
1818,PRINCE OF WALES DR btwn JOCKVALE RD & MAPLEHILL WAY,366721.9492,5012306.749,-75.7111662,45.24799654,2015-08-18,16:50,01 - Clear,01 - Dry,10 - No control,01 - Non intersection,01 - Daylight,02 - Non-fatal injury,03 - Rear end,New Barrhaven
1819,WALKLEY RD @ 158 E OF HEATHERINGTON RD,371899.2843,5026870.174,-75.64324612,45.37855969,2015-09-21,13:12,01 - Clear,01 - Dry,01 - Traffic signal,03 - At intersection,01 - Daylight,02 - Non-fatal injury,02 - Angle,Ledbury - Heron Gate - Ridgemont - Elmwood
1820,TERRY FOX DR S @ DIDSBURY RD/CENTRUM KANATA SC,350623.5948,5018915.202,-75.9156231,45.30869377,2015-08-27,12:15,01 - Clear,01 - Dry,01 - Traffic signal,02 - Intersection related,01 - Daylight,02 - Non-fatal injury,03 - Rear end,Kanata
1821,BANK ST btwn OHIO ST & BELANGER AVE,369601.1073,5027527.368,-75.67250088,45.38468924,2015-08-27,17:40,01 - Clear,01 - Dry,10 - No control,04 - At/near private drive,01 - Daylight,02 - Non-fatal injury,03 - Rear end,Alta Vista
1822,CYR AVE @ MCARTHUR AVE,370354.7116,5032708.227,-75.66218962,45.43123451,2015-09-01,9:02,01 - Clear,01 - Dry,02 - Stop sign,03 - At intersection,01 - Daylight,02 - Non-fatal injury,02 - Angle,Vanier South
1823,HUNT CLUB RD @ BRIDLE PATH DR/DAZE ST,371292.4496,5023863.423,-75.65139821,45.35156382,2015-09-01,16:34,01 - Clear,01 - Dry,01 - Traffic signal,02 - Intersection related,01 - Daylight,02 - Non-fatal injury,03 - Rear end,South Keys - Heron Gate - Greenboro West
1824,FIELD ST @ WOODROFFE AVE,362417.6923,5024105.426,-75.76462292,45.35452667,2015-08-07,15:57,01 - Clear,01 - Dry,02 - Stop sign,02 - Intersection related,01 - Daylight,02 - Non-fatal injury,03 - Rear end,Iris
1825,PRINCE OF WALES DR @ MEADOWLANDS DR/HOG'S BACK,367371.9189,5025695.279,-75.70119655,45.36840723,2015-08-08,15:36,01 - Clear,01 - Dry,01 - Traffic signal,03 - At intersection,01 - Daylight,02 - Non-fatal injury,05 - Turning movement,Carleton Heights - Rideauview
1826,MONTREAL RD btwn DEN HAAG DR & CODD'S RD,372602.9076,5034329.103,-75.63323693,45.44560399,2015-09-04,12:25,01 - Clear,01 - Dry,10 - No control,04 - At/near private drive,01 - Daylight,02 - Non-fatal injury,02 - Angle,Carson Grove - Carson Meadows
1827,CEDARVIEW RD @ HWY 416 WESTHUNT IC72R42,359597.0752,5019763.596,-75.80110056,45.31568487,2015-08-20,13:04,02 - Rain,02 - Wet,10 - No control,02 - Intersection related,01 - Daylight,02 - Non-fatal injury,03 - Rear end,Greenbelt
1828,PARKDALE AVE btwn WELLINGTON ST W & GLADSTONE AVE,365211.6567,5029131.174,-75.72835176,45.39951227,2015-09-19,14:52,01 - Clear,01 - Dry,10 - No control,01 - Non intersection,01 - Daylight,02 - Non-fatal injury,03 - Rear end,Islan
1829,MAITLAND AVE btwn HWY417 IC126 RAMP25 & WOODWARD DR,363271.5324,5025672.978,-75.75354078,45.36856065,2015-09-04,14:56,01 - Clear,01 - Dry,10 - No control,01 - Non intersection,01 - Daylight,02 - Non-fatal injury,05 - Turning movement,Braemar Park - Bel Air Heights - Copeland Park
1830,ST. LAURENT BLVD/DUNBARTON CRT @ BRITTANY DR,371331.303,5034336.369,-75.64948977,45.44579156,2015-09-04,13:45,01 - Clear,01 - Dry,01 - Traffic signal,03 - At intersection,01 - Daylight,02 - Non-fatal injury,05 - Turning movement,Cemetery