Record,Location,X,Y,lon,lat,Date,Time,Environment,Road_Surface,Traffic_Control,Collision_Location,Light,Collision_Classification,Impact_type,Neighborhood
1928,COLONEL BY DR btwn COLONEL BY DR NB ON RAMP 35 & BRONSON PL,367764.7524,5028513.925,-75.69582259,45.39373348,2015-11-15,18:33,01 - Clear,01 - Dry,10 - No control,01 - Non intersection,07 - Dark,02 - Non-fatal injury,02 - Angle,Old Ottawa South
1929,AVIATION PKWY @ MONTREAL RD,372143.5102,5034114.343,-75.63913839,45.4437161,2015-11-19,17:40,02 - Rain,02 - Wet,01 - Traffic signal,03 - At intersection,07 - Dark,02 - Non-fatal injury,07 - SMV other,Rockcliffe - Manor Park
1930,PRESTON ST @ PRINCE OF WALES DR/QUEEN ELIZABET,366899.9821,5028771.984,-75.70683377,45.39613265,2015-11-20,19:20,01 - Clear,01 - Dry,01 - Traffic signal,03 - At intersection,07 - Dark,02 - Non-fatal injury,05 - Turning movement,The Glebe
1931,HIGHWAY 417 btwn HWY417 IC121B RAMP51 & HWY417 IC121A RAMP51,367036.7268,5029654.963,-75.70497596,45.40406531,2015-01-31,14:35,01 - Clear,02 - Wet,10 - No control,01 - Non intersection,01 - Daylight,02 - Non-fatal injury,03 - Rear end,The Glebe Annex
1932,HIGHWAY 417 btwn HWY417 IC118 RAMP35 & HWY417 IC117 RAMP51,370403.4537,5031128.187,-75.66177718,45.41701339,2015-05-26,17:21,01 - Clear,01 - Dry,10 - No control,01 - Non intersection,01 - Daylight,02 - Non-fatal injury,03 - Rear end,Industrial Park
1933,HIGHWAY 417 btwn HWY417 IC127 RAMP35 & HWY417 IC127 RAMP25,362115.8999,5024821.828,-75.76839132,45.36099753,2015-02-26,7:40,01 - Clear,01 - Dry,10 - No control,01 - Non intersection,01 - Daylight,02 - Non-fatal injury,03 - Rear end,Whitehaven - Queensway Terrace North
1934,HIGHWAY 417 btwn HWY 417 ANDERSON IC104R61 & HWY 417 BOUNDARY IC96R16,381848.1693,5025587.18,-75.51643201,45.36599278,2015-05-07,5:45,01 - Clear,01 - Dry,10 - No control,01 - Non intersection,03 - Dawn,02 - Non-fatal injury,07 - SMV other,Greenbelt
1935,HIGHWAY 417 btwn HWY417 IC119A RAMP75 & HWY417 IC118 RAMP57,368670.0303,5030553.493,-75.68399752,45.41200287,2015-05-07,10:35,01 - Clear,01 - Dry,10 - No control,01 - Non intersection,01 - Daylight,02 - Non-fatal injury,03 - Rear end,The Glebe
1936,HIGHWAY 417 btwn HWY417 IC131 RAMP66 & HWY417 IC130 RAMP26,359231.2348,5023082.07,-75.80540136,45.34557309,2015-02-26,10:10,01 - Clear,01 - Dry,10 - No control,01 - Non intersection,01 - Daylight,02 - Non-fatal injury,07 - SMV other,Bayshore
1937,OTTAWA RIVER PKWY EB btwn TRANSIT & TURN LANE (2),361315.4112,5026811.492,-75.77838071,45.37896537,2015-07-12,21:16,01 - Clear,01 - Dry,10 - No control,01 - Non intersection,05 - Dusk,02 - Non-fatal injury,07 - SMV other,Woodroffe - Lincoln Heights
1938,HIGHWAY 417 btwn HWY417 IC117 RAMP51 & HWY417 IC117 RAMP35,370742.8723,5031179.807,-75.65743395,45.41744594,2015-05-09,16:35,01 - Clear,01 - Dry,10 - No control,01 - Non intersection,01 - Daylight,02 - Non-fatal injury,03 - Rear end,Industrial Park
1939,HIGHWAY 417 btwn HWY417 IC115 RAMP51 & HWY417 IC115 RAMP35,372348.6931,5031484.592,-75.63687657,45.42003507,2015-05-10,8:20,01 - Clear,01 - Dry,10 - No control,01 - Non intersection,01 - Daylight,02 - Non-fatal injury,03 - Rear end,Industrial Park
1940,HWY417 IC112 RAMP64 btwn HWY417 IC112 RAMP68 & HIGHWAY 417,374713.2493,5030827.391,-75.60675963,45.41388963,2015-05-27,18:30,01 - Clear,01 - Dry,10 - No control,01 - Non intersection,01 - Daylight,02 - Non-fatal injury,07 - SMV other,Industrial Park
1941,HIGHWAY 417 btwn HWY417 IC131 RAMP66 & HWY417 IC130 RAMP26,358979.9712,5023050.301,-75.80861099,45.34530669,2015-05-29,20:30,01 - Clear,01 - Dry,10 - No control,01 - Non intersection,05 - Dusk,02 - Non-fatal injury,04 - Sideswipe,Bayshore
1942,OTTAWA RIVER PKWY @ ISLAND PARK DR,363300.0569,5029460.241,-75.75272779,45.40263549,2015-12-08,18:30,01 - Clear,01 - Dry,01 - Traffic signal,02 - Intersection related,07 - Dark,02 - Non-fatal injury,03 - Rear end,Westboro
1943,HIGHWAY 417 btwn HWY417 IC124 RAMP76 & HWY417 IC124 RAMP67,364340.051,5027419.035,-75.73969053,45.38418143,2015-05-12,5:32,01 - Clear,01 - Dry,10 - No control,01 - Non intersection,03 - Dawn,02 - Non-fatal injury,07 - SMV other,Westboro
1944,HIGHWAY 417 btwn HWY417 IC118 RAMP57 & HWY417 IC118 RAMP35,369406.7676,5031006.376,-75.67452658,45.41601012,2015-05-12,11:25,01 - Clear,01 - Dry,10 - No control,01 - Non intersection,01 - Daylight,02 - Non-fatal injury,03 - Rear end,Old Ottawa East
1945,HIGHWAY 417 btwn HWY417 IC127 RAMP35 & HWY417 IC127 RAMP25,362097.8494,5024806.666,-75.76862347,45.36086258,2015-02-23,8:50,01 - Clear,01 - Dry,10 - No control,01 - Non intersection,01 - Daylight,02 - Non-fatal injury,03 - Rear end,Whitehaven - Queensway Terrace North
1946,HIGHWAY 417 btwn HWY417 IC112 RAMP64 & HIGHWAY 417,374949.4105,5030710.122,-75.6037594,45.41281087,2015-02-27,13:34,01 - Clear,01 - Dry,10 - No control,01 - Non intersection,01 - Daylight,02 - Non-fatal injury,04 - Sideswipe,Industrial Park
1947,HIGHWAY 417 btwn HWY417 IC127 RAMP25 & HWY417 IC126 RAMP51,363169.7235,5025831.48,-75.75482165,45.36999532,2015-06-01,8:36,01 - Clear,01 - Dry,10 - No control,01 - Non intersection,01 - Daylight,02 - Non-fatal injury,03 - Rear end,Braemar Park - Bel Air Heights - Copeland Park
1948,HIGHWAY 417 btwn HWY417 IC117 RAMP61 & HWY417 IC115 RAMP36,371536.3741,5031421.684,-75.64726358,45.41954701,2015-06-02,7:00,02 - Rain,02 - Wet,10 - No control,01 - Non intersection,01 - Daylight,02 - Non-fatal injury,03 - Rear end,Overbrook
1949,HWY 417 WOODROFF IC127R63 @ WOODROFFE AVE,362109.4017,5024871.648,-75.76846848,45.36144634,2015-05-14,14:50,01 - Clear,01 - Dry,10 - No control,02 - Intersection related,01 - Daylight,02 - Non-fatal injury,03 - Rear end,Whitehaven - Queensway Terrace North
1950,HIGHWAY 417 btwn HWY417 IC115 RAMP25 & REGIONAL ROAD 174,373248.3321,5031690.368,-75.62535392,45.4217991,2015-06-02,16:42,01 - Clear,01 - Dry,10 - No control,01 - Non intersection,01 - Daylight,02 - Non-fatal injury,04 - Sideswipe,Industrial Park
1951,HIGHWAY 417 btwn HWY417 IC124 RAMP67 & HWY417 IC123 RAMP62,364772.116,5028057.48,-75.7340961,45.38988917,2015-02-27,17:03,01 - Clear,01 - Dry,10 - No control,01 - Non intersection,01 - Daylight,02 - Non-fatal injury,03 - Rear end,Westboro
1952,HIGHWAY 416 btwn HIGHWAY 416 & HWY416 IC57 RAMP53,364880.6319,5007762.47,-75.73516949,45.20726643,2015-03-02,11:18,01 - Clear,01 - Dry,10 - No control,01 - Non intersection,01 - Daylight,02 - Non-fatal injury,07 - SMV other,Manotick - North Gower
1953,HWY417 IC119B RAMP57 btwn HIGHWAY 417 & O'CONNOR ST,368139.5989,5030228.739,-75.69081535,45.40912905,2015-02-18,21:00,03 - Snow,02 - Wet,10 - No control,01 - Non intersection,07 - Dark,02 - Non-fatal injury,07 - SMV other,The Glebe
1954,HIGHWAY 417 btwn REGIONAL ROAD 174 & HWY417 IC113 RAMP85,373538.5848,5031789.285,-75.62163165,45.42266065,2015-08-25,18:00,01 - Clear,01 - Dry,10 - No control,01 - Non intersection,01 - Daylight,02 - Non-fatal injury,07 - SMV other,Pineview
1955,HIGHWAY 417 btwn Continuation of HIGHWAY 417 & HWY417 IC134 RAMP51,355555.8458,5021732.608,-75.85243842,45.33370607,2015-02-12,7:55,01 - Clear,04 - Slush,10 - No control,01 - Non intersection,01 - Daylight,02 - Non-fatal injury,03 - Rear end,Greenbelt
1956,HIGHWAY 416 btwn HWY416 IC75A RAMP43 & HWY416 IC72 RAMP34,359147.2362,5020944.498,-75.80670794,45.32634566,2015-02-03,7:10,01 - Clear,06 - Ice,10 - No control,01 - Non intersection,03 - Dawn,02 - Non-fatal injury,07 - SMV other,Greenbelt
1957,HIGHWAY 417 btwn Continuation of HIGHWAY 417 & HWY417 IC134 RAMP51,355504.4476,5021702.366,-75.85309724,45.33343766,2015-02-03,8:00,01 - Clear,02 - Wet,10 - No control,01 - Non intersection,01 - Daylight,02 - Non-fatal injury,03 - Rear end,Greenbelt
1958,HIGHWAY 417 btwn HWY417 IC124 RAMP67 & HWY417 IC123 RAMP62,364599.0452,5027769.703,-75.73634106,45.38731461,2015-08-31,15:30,01 - Clear,01 - Dry,10 - No control,01 - Non intersection,01 - Daylight,02 - Non-fatal injury,07 - SMV other,Westboro
1959,HIGHWAY 417 btwn HWY417 IC126 RAMP61 & HWY417 IC124 RAMP76,363670.1164,5026533.307,-75.74835027,45.3762684,2015-12-19,3:49,03 - Snow,06 - Ice,10 - No control,01 - Non intersection,07 - Dark,02 - Non-fatal injury,07 - SMV other,Carlingwood West - Glabar Park - McKellar Heights
1960,HIGHWAY 417 btwn HWY417 IC123 RAMP62 & HWY417 IC122 RAMP16,365129.484,5028712.094,-75.72945253,45.39574856,2015-12-24,7:37,01 - Clear,02 - Wet,10 - No control,01 - Non intersection,03 - Dawn,02 - Non-fatal injury,04 - Sideswipe,Civic Hospital - Experimental Farm - Central Park
1961,HIGHWAY 417 btwn HWY417 IC118 RAMP76 & HWY417 IC118 RAMP67,369483.3019,5031074.246,-75.67353991,45.41661371,2015-01-10,22:30,01 - Clear,02 - Wet,10 - No control,01 - Non intersection,07 - Dark,02 - Non-fatal injury,04 - Sideswipe,Sandy Hill
1962,HIGHWAY 417 btwn HWY417 IC124 RAMP76 & HWY417 IC124 RAMP67,364339.329,5027415.425,-75.73970019,45.38414901,2015-02-06,10:50,01 - Clear,02 - Wet,10 - No control,01 - Non intersection,01 - Daylight,02 - Non-fatal injury,07 - SMV other,Westboro
1963,OTTAWA RIVER PKWY EB btwn TRANSIT & TURN LANE (1),362656.0629,5029023.662,-75.76100461,45.39876074,2015-09-07,14:55,01 - Clear,01 - Dry,10 - No control,01 - Non intersection,01 - Daylight,02 - Non-fatal injury,03 - Rear end,Westboro
1964,SUSSEX DR btwn BOLTON ST & BOTELER ST,367447.7774,5032920.341,-75.69931046,45.43340949,2015-09-08,1:00,01 - Clear,01 - Dry,10 - No control,01 - Non intersection,07 - Dark,02 - Non-fatal injury,07 - SMV other,Byward Market - Parliament Hill
1965,HWY 416 ACRES IC75R24 @ HOLLY ACRES RD,358758.6864,5022869.896,-75.81145427,45.34370045,2015-12-29,11:50,03 - Snow,03 - Loose snow,01 - Traffic signal,03 - At intersection,01 - Daylight,02 - Non-fatal injury,03 - Rear end,Greenbelt
1966,COLONEL BY DR @ SENECA ST,368071.526,5028522.197,-75.69190385,45.39378026,2015-09-13,11:49,02 - Rain,02 - Wet,02 - Stop sign,02 - Intersection related,01 - Daylight,02 - Non-fatal injury,03 - Rear end,Old Ottawa South
1967,HWY417 IC104 RAMP61 btwn ANDERSON RD & HIGHWAY 417,380175.879,5026153.7,-75.53769035,45.3712718,2015-09-04,17:30,01 - Clear,01 - Dry,10 - No control,01 - Non intersection,01 - Daylight,02 - Non-fatal injury,07 - SMV other,Greenbelt
1968,HWY417 IC104 RAMP61 btwn ANDERSON RD & HIGHWAY 417,380110.175,5026230.956,-75.53851728,45.37197396,2015-09-06,14:27,01 - Clear,01 - Dry,10 - No control,01 - Non intersection,01 - Daylight,02 - Non-fatal injury,99 - Other,Greenbelt
1969,IONA ST @ ISLAND PARK DR,364345.5898,5028385.369,-75.73950322,45.39287585,2015-09-20,14:08,01 - Clear,01 - Dry,01 - Traffic signal,02 - Intersection related,01 - Daylight,02 - Non-fatal injury,03 - Rear end,Westboro
1970,HWY417 IC117 RAMP51 btwn HIGHWAY 417 & HWY417 IC117 RAMP53,370473.5582,5031132.153,-75.66088102,45.41704249,2015-09-08,12:01,01 - Clear,01 - Dry,10 - No control,01 - Non intersection,01 - Daylight,02 - Non-fatal injury,07 - SMV other,Industrial Park
1971,HIGHWAY 417 btwn Continuation of HIGHWAY 417 & HWY417 IC134 RAMP51,355528.3291,5021711.442,-75.85279164,45.3335176,2015-10-15,6:35,01 - Clear,01 - Dry,10 - No control,01 - Non intersection,07 - Dark,02 - Non-fatal injury,03 - Rear end,Greenbelt
1972,ROCKCLIFFE PKWY btwn ACACIA AVE & HILLSDALE RD,368766.192,5035560.953,-75.68211848,45.45704931,2015-08-19,21:33,01 - Clear,01 - Dry,10 - No control,01 - Non intersection,07 - Dark,02 - Non-fatal injury,07 - SMV other,Rockcliffe - Manor Park
1973,QUEEN ELIZABETH DRWY btwn PATTERSON AVE & MONKLAND AVE,368760.2716,5030301.401,-75.68287742,45.40972639,2015-09-12,15:55,02 - Rain,02 - Wet,10 - No control,01 - Non intersection,01 - Daylight,02 - Non-fatal injury,01 - Approaching,The Glebe
1974,OTTAWA RIVER PKWY WB btwn TUNNEY'S PASTURE/REMIC RAPIDS ENT & PARKDALE,363525.7172,5029848.816,-75.74979921,45.40611292,2015-09-14,10:56,01 - Clear,01 - Dry,10 - No control,01 - Non intersection,01 - Daylight,02 - Non-fatal injury,07 - SMV other,Island Park
1975,HIGHWAY 417 btwn HWY417 IC127 RAMP35 & HWY417 IC127 RAMP25,362146.3447,5024846.047,-75.76799993,45.36121296,2015-09-10,14:55,01 - Clear,01 - Dry,10 - No control,01 - Non intersection,01 - Daylight,02 - Non-fatal injury,07 - SMV other,Carlingwood West - Glabar Park - McKellar Heights
1976,HWY417 IC127 RAMP25 btwn WOODROFFE AVE & HIGHWAY 417,362175.8277,5024717.135,-75.76763859,45.36005061,2015-10-16,8:20,01 - Clear,01 - Dry,10 - No control,01 - Non intersection,01 - Daylight,02 - Non-fatal injury,07 - SMV other,Braemar Park - Bel Air Heights - Copeland Park
1977,HIGHWAY 417 btwn TRANSIT & HWY417 IC127 RAMP16,361829.9793,5024624.716,-75.7720634,45.35924725,2015-10-16,12:10,01 - Clear,01 - Dry,10 - No control,01 - Non intersection,01 - Daylight,02 - Non-fatal injury,04 - Sideswipe,Whitehaven - Queensway Terrace North
1978,OTTAWA RIVER PKWY WB btwn TRANSIT & TURN LANE,362967.8793,5029231.335,-75.75699763,45.40060351,2015-09-24,17:38,01 - Clear,01 - Dry,10 - No control,01 - Non intersection,01 - Daylight,02 - Non-fatal injury,07 - SMV other,Westboro
1979,AVIATION PKWY btwn MONTREAL RD & LA CITE PRIV (2),372230.0935,5033974.711,-75.63805085,45.44245141,2015-09-27,17:59,01 - Clear,01 - Dry,10 - No control,04 - At/near private drive,01 - Daylight,02 - Non-fatal injury,02 - Angle,Carson Grove - Carson Meadows
1980,ISLAND PARK DR @ MERIVALE RD,364655.4267,5028017.424,-75.73559107,45.38953874,2015-09-28,19:14,01 - Clear,02 - Wet,01 - Traffic signal,03 - At intersection,05 - Dusk,02 - Non-fatal injury,02 - Angle,Westboro
1981,OTTAWA RIVER PKWY WB btwn TUNNEY'S PASTURE/REMIC RAPIDS ENT & PARKDALE,364595.7836,5030473.314,-75.73605494,45.41164142,2015-10-05,19:25,01 - Clear,01 - Dry,10 - No control,01 - Non intersection,07 - Dark,02 - Non-fatal injury,07 - SMV other,Island Park
1982,BOOTH ST @ OTTAWA RIVER PKWY/WELLINGTON ST,366265.7889,5031010.101,-75.71465416,45.4163266,2015-10-14,17:09,01 - Clear,01 - Dry,01 - Traffic signal,02 - Intersection related,01 - Daylight,02 - Non-fatal injury,03 - Rear end,LeBreton Flats
1983,HIGHWAY 417 btwn HWY417 IC129 RAMP76 & HWY417 IC129 RAMP26,360405.7004,5023515.698,-75.79036636,45.34938275,2015-11-28,14:45,01 - Clear,01 - Dry,10 - No control,01 - Non intersection,01 - Daylight,02 - Non-fatal injury,03 - Rear end,Whitehaven - Queensway Terrace North
1984,RAMP btwn HIGHWAY 7 & HWY417 IC145 RAMP56,346083.7118,5014717.895,-75.97386582,45.27120632,2015-11-30,9:10,01 - Clear,01 - Dry,10 - No control,01 - Non intersection,01 - Daylight,02 - Non-fatal injury,07 - SMV other,Stittsville - Basswood
1985,HIGHWAY 417 btwn HIGHWAY 417 & HIGHWAY 417 (2),375427.8884,5030128.079,-75.59773043,45.40752583,2015-08-19,18:00,01 - Clear,01 - Dry,10 - No control,01 - Non intersection,01 - Daylight,02 - Non-fatal injury,04 - Sideswipe,Industrial Park
1986,HIGHWAY 17 btwn HUNT LINE RD & OLD BARN RD,324249.8204,5027235.658,-76.25162875,45.38479179,2015-11-30,22:00,01 - Clear,01 - Dry,10 - No control,01 - Non intersection,07 - Dark,02 - Non-fatal injury,07 - SMV other,Mississipp
1987,MARIONVILLE RD btwn 8TH LINE RD & 9TH LINE RD,389433.8373,5001955.585,-75.42363785,45.15249926,2015-12-02,15:40,01 - Clear,01 - Dry,10 - No control,01 - Non intersection,01 - Daylight,02 - Non-fatal injury,07 - SMV other,Osgoode
1988,HWY417 IC120A RAMP52 btwn HIGHWAY 417 & KENT ST,367897.0983,5030041.558,-75.69393702,45.40746675,2015-01-18,22:25,01 - Clear,01 - Dry,10 - No control,01 - Non intersection,07 - Dark,02 - Non-fatal injury,07 - SMV other,The Glebe
1989,HWY417 IC113 RAMP67 btwn HWY417 IC113 RAMP35 & REGIONAL ROAD 174,373383.0825,5031819.614,-75.62361426,45.42294879,2015-08-21,13:10,01 - Clear,01 - Dry,10 - No control,01 - Non intersection,01 - Daylight,02 - Non-fatal injury,07 - SMV other,Industrial Park
1990,HIGHWAY 417 btwn HWY417 IC124 RAMP76 & HWY417 IC124 RAMP67,364371.8199,5027458.746,-75.7392801,45.38453604,2015-08-21,15:05,01 - Clear,01 - Dry,10 - No control,01 - Non intersection,01 - Daylight,02 - Non-fatal injury,03 - Rear end,Westboro
1991,HIGHWAY 417 btwn HWY417 IC118 RAMP35 & HWY417 IC117 RAMP51,369816.8759,5031136.339,-75.66927008,45.41714149,2015-12-03,16:57,"07 - Fog, mist, smoke, dust",02 - Wet,10 - No control,01 - Non intersection,07 - Dark,02 - Non-fatal injury,03 - Rear end,Old Ottawa East
1992,HIGHWAY 417 btwn HWY417 IC121A RAMP16 & HWY417 IC121A RAMP61,366986.5384,5029657.49,-75.70561669,45.40409251,2015-12-03,18:35,01 - Clear,01 - Dry,10 - No control,01 - Non intersection,07 - Dark,02 - Non-fatal injury,03 - Rear end,Centretown West
1993,HIGHWAY 417 btwn HWY417 IC119A RAMP75 & HWY417 IC118 RAMP57,368718.7746,5030577.572,-75.6833717,45.41221507,2015-01-29,10:20,01 - Clear,06 - Ice,10 - No control,01 - Non intersection,01 - Daylight,02 - Non-fatal injury,03 - Rear end,Old Ottawa East
1994,HIGHWAY 7 btwn HWY417 IC145 RAMP55 & RAMP,346300.2559,5013253.073,-75.97122861,45.25801249,2015-08-22,11:43,01 - Clear,01 - Dry,10 - No control,01 - Non intersection,01 - Daylight,02 - Non-fatal injury,07 - SMV other,Stittsville - Basswood
1995,HIGHWAY 416 btwn HWY416 IC66 RAMP53 & HWY416 IC57 RAMP34,363777.1432,5009866.569,-75.74896656,45.22629254,2015-08-22,12:35,01 - Clear,01 - Dry,10 - No control,01 - Non intersection,01 - Daylight,02 - Non-fatal injury,07 - SMV other,New Barrhaven
1996,HIGHWAY 416 btwn HWY416 IC75A RAMP43 & HWY416 IC72 RAMP34,358960.1788,5021428.117,-75.8090411,45.33071174,2015-08-23,16:40,01 - Clear,01 - Dry,10 - No control,01 - Non intersection,01 - Daylight,02 - Non-fatal injury,07 - SMV other,Greenbelt
1997,HIGHWAY 417 btwn HWY417 IC129 RAMP25 & TRANSIT,361729.6183,5024514.969,-75.77335696,45.35826791,2015-08-25,6:45,01 - Clear,01 - Dry,10 - No control,01 - Non intersection,01 - Daylight,02 - Non-fatal injury,03 - Rear end,Iris
1998,HWY417 IC131 RAMP55 btwn HIGHWAY 417 & HWY416 IC75B RAMP25,358363.2277,5022758.768,-75.81651224,45.34273083,2015-08-25,12:30,01 - Clear,01 - Dry,10 - No control,01 - Non intersection,01 - Daylight,02 - Non-fatal injury,07 - SMV other,Greenbelt
1999,HIGHWAY 416 btwn HWY416 IC75A RAMP26 & HWY416 IC72 RAMP62,358925.3438,5021557.53,-75.80947133,45.3318789,2015-02-02,11:15,03 - Snow,03 - Loose snow,10 - No control,01 - Non intersection,01 - Daylight,02 - Non-fatal injury,07 - SMV other,Briar Green - Leslie Park
2000,HWY 417 WOODROFF IC127R62 @ WOODROFFE AVE,362050.1959,5025019.662,-75.76920701,45.362783,2015-01-23,11:40,01 - Clear,01 - Dry,03 - Yield sign,02 - Intersection related,01 - Daylight,02 - Non-fatal injury,99 - Other,Whitehaven - Queensway Terrace North
2001,HIGHWAY 417 btwn HWY417 IC117 RAMP26 & HWY417 IC117 RAMP61,370951.894,5031280.744,-75.65474998,45.41833439,2015-01-30,11:57,01 - Clear,02 - Wet,10 - No control,01 - Non intersection,01 - Daylight,02 - Non-fatal injury,03 - Rear end,Industrial Park
2002,HIGHWAY 417 btwn HWY417 IC155 RAMP35 & HWY417 IC155 RAMP25,339556.974,5019306.474,-76.05672059,45.3128495,2015-01-30,10:56,01 - Clear,06 - Ice,10 - No control,01 - Non intersection,01 - Daylight,02 - Non-fatal injury,07 - SMV other,Carp - Hardwood Plains
2003,HIGHWAY 417 btwn HWY417 IC163 RAMP61 & HWY417 IC155 RAMP36,336111.6339,5020241.657,-76.10060112,45.32142683,2015-08-09,15:30,01 - Clear,01 - Dry,10 - No control,01 - Non intersection,01 - Daylight,02 - Non-fatal injury,03 - Rear end,Carp - Hardwood Plains
2004,HIGHWAY 416 btwn HWY416 IC75B RAMP25 & HWY416 IC75A RAMP26,358578.9856,5022348.911,-75.81380383,45.33902641,2015-08-10,18:40,01 - Clear,01 - Dry,10 - No control,01 - Non intersection,01 - Daylight,02 - Non-fatal injury,04 - Sideswipe,Greenbelt
2005,HIGHWAY 417 btwn HWY417 IC119A RAMP67 & HWY417 IC118 RAMP76,368681.2295,5030584.792,-75.68385039,45.41228346,2015-11-09,16:25,01 - Clear,01 - Dry,10 - No control,01 - Non intersection,05 - Dusk,02 - Non-fatal injury,03 - Rear end,Centretown
2006,HIGHWAY 417 btwn HWY417 IC138 RAMP51 & HWY417 IC138 RAMP35,352778.7433,5020100.909,-75.88802574,45.3192191,2015-11-10,7:15,01 - Clear,01 - Dry,10 - No control,01 - Non intersection,01 - Daylight,02 - Non-fatal injury,03 - Rear end,Katimavik - Hazeldean
2007,HIGHWAY 416 btwn HWY416 IC42 RAMP24 & END,371701.8197,4994705.622,-75.65009228,45.08916645,2015-01-30,0:05,03 - Snow,03 - Loose snow,10 - No control,01 - Non intersection,07 - Dark,02 - Non-fatal injury,04 - Sideswipe,Manotick - North Gower
2008,HIGHWAY 417 btwn HWY417 IC122 RAMP16 & HWY417 IC122 RAMP61,365345.3625,5028904.76,-75.72667186,45.39746349,2015-08-19,8:43,01 - Clear,01 - Dry,10 - No control,01 - Non intersection,01 - Daylight,02 - Non-fatal injury,07 - SMV other,Civi
2009,HIGHWAY 417 btwn HWY417 IC126 RAMP61 & HWY417 IC124 RAMP76,363192.1062,5025909.459,-75.75452671,45.3706951,2015-01-30,19:07,01 - Clear,01 - Dry,10 - No control,01 - Non intersection,07 - Dark,02 - Non-fatal injury,03 - Rear end,Carlingwood West - Glabar Park - McKellar Heights
2010,HIGHWAY 417 btwn HWY417 IC134 RAMP35 & HWY417 IC134 RAMP25,356537.6005,5022309.024,-75.8398534,45.33882101,2015-07-03,14:55,01 - Clear,01 - Dry,10 - No control,01 - Non intersection,01 - Daylight,02 - Non-fatal injury,07 - SMV other,Greenbelt
2011,HIGHWAY 417 btwn HWY417 IC124 RAMP67 & HWY417 IC123 RAMP62,364763.4517,5028045.206,-75.73420824,45.38977948,2015-07-03,17:48,01 - Clear,01 - Dry,10 - No control,01 - Non intersection,01 - Daylight,02 - Non-fatal injury,03 - Rear end,Westboro
2012,HWY417 IC112 RAMP66 btwn HIGHWAY 417 & INNES RD,374466.1374,5030925.766,-75.60990254,45.4147994,2015-01-14,7:10,01 - Clear,06 - Ice,10 - No control,01 - Non intersection,03 - Dawn,02 - Non-fatal injury,07 - SMV other,Industrial Park
2013,HIGHWAY 417 btwn HWY417 IC110 RAMP55 & HWY417 IC110 RAMP65,375804.5988,5028611.278,-75.59313694,45.39384036,2015-01-15,15:45,01 - Clear,01 - Dry,10 - No control,01 - Non intersection,01 - Daylight,02 - Non-fatal injury,07 - SMV other,Greenbelt
2014,HWY 417 WOODROFF IC127R62 @ WOODROFFE AVE,362051.64,5025020.384,-75.7691885,45.36278937,2015-06-09,15:45,01 - Clear,01 - Dry,03 - Yield sign,02 - Intersection related,01 - Daylight,02 - Non-fatal injury,03 - Rear end,Whitehaven - Queensway Terrace North
2015,HIGHWAY 416 btwn HWY416 IC75A RAMP26 & HWY416 IC72 RAMP62,359244.1814,5020417.924,-75.80552923,45.3216,2015-01-12,9:45,01 - Clear,04 - Slush,10 - No control,01 - Non intersection,01 - Daylight,02 - Non-fatal injury,07 - SMV other,Greenbelt
2016,HIGHWAY 417 btwn HWY417 IC120A RAMP52 & HWY417 IC119B RAMP57,367929.1539,5030090.998,-75.69352122,45.40790871,2015-06-11,23:03,01 - Clear,01 - Dry,10 - No control,01 - Non intersection,07 - Dark,02 - Non-fatal injury,03 - Rear end,The Glebe
2017,HIGHWAY 417 btwn HWY417 IC118 RAMP67 & HWY417 IC117 RAMP36,369843.5907,5031155.112,-75.6689263,45.41730792,2015-07-07,16:46,01 - Clear,01 - Dry,10 - No control,01 - Non intersection,01 - Daylight,02 - Non-fatal injury,03 - Rear end,Sandy Hill
2018,HIGHWAY 416 btwn HWY416 IC66 RAMP62 & HWY416 IC72 RAMP24,359823.363,5019041.738,-75.79829479,45.30917185,2015-01-13,20:50,01 - Clear,01 - Dry,10 - No control,01 - Non intersection,07 - Dark,02 - Non-fatal injury,07 - SMV other,Greenbelt
2019,HIGHWAY 417 btwn HWY417 IC117 RAMP36 & HWY417 IC117 RAMP26,370743.5944,5031192.803,-75.65742299,45.4175628,2015-06-12,9:53,02 - Rain,02 - Wet,10 - No control,01 - Non intersection,01 - Daylight,02 - Non-fatal injury,03 - Rear end,Industrial Park
2020,HIGHWAY 417 btwn HWY417 IC122 RAMP61 & HWY417 IC121B RAMP16,365794.4599,5029198.623,-75.72089987,45.40006862,2015-07-08,12:38,01 - Clear,01 - Dry,10 - No control,01 - Non intersection,01 - Daylight,02 - Non-fatal injury,99 - Other,Civi
2021,TRANSITWAY - LINCOLN FIEL @ OTTAWA RIVER PKWY ,360925.4978,5025496.998,-75.78350831,45.36716899,2015-05-24,16:15,01 - Clear,01 - Dry,01 - Traffic signal,02 - Intersection related,01 - Daylight,02 - Non-fatal injury,03 - Rear end,Woodroffe - Lincoln Heights
2022,COLONEL BY DR @ SENECA ST,368075.9611,5028517.452,-75.69184782,45.39373716,2015-05-25,14:05,02 - Rain,02 - Wet,02 - Stop sign,02 - Intersection related,01 - Daylight,02 - Non-fatal injury,03 - Rear end,Old Ottawa South
2023,HIGHWAY 417 btwn HWY417 IC122 RAMP61 & HWY417 IC121B RAMP16,365810.7927,5029205.213,-75.72069045,45.4001265,2015-01-19,17:50,01 - Clear,02 - Wet,10 - No control,01 - Non intersection,07 - Dark,02 - Non-fatal injury,03 - Rear end,Civi
2024,HIGHWAY 417 btwn HWY417 IC142 RAMP51 & HWY417 IC142 RAMP35,348812.2851,5017099.622,-75.93888232,45.29247245,2015-06-15,13:44,01 - Clear,01 - Dry,10 - No control,01 - Non intersection,01 - Daylight,02 - Non-fatal injury,99 - Other,Stittsville - Basswood