Record,Location,X,Y,lon,lat,Date,Time,Environment,Road_Surface,Traffic_Control,Collision_Location,Light,Collision_Classification,Impact_type,Neighborhood
2025,QUEEN ELIZABETH DRWY @ SOMERSET ST,368570.9094,5031474.452,-75.68514458,45.42029838,2015-05-26,15:33,01 - Clear,01 - Dry,02 - Stop sign,03 - At intersection,01 - Daylight,02 - Non-fatal injury,07 - SMV other,Golden Triangle
2026,HIGHWAY 417 btwn HWY417 IC119B RAMP57 & HWY417 IC119A RAMP75,368424.8413,5030423.543,-75.6871465,45.41085595,2015-06-15,17:10,01 - Clear,01 - Dry,10 - No control,01 - Non intersection,01 - Daylight,02 - Non-fatal injury,03 - Rear end,The Glebe
2027,HIGHWAY 417 btwn HWY417 IC138 RAMP61 & HWY417 IC134 RAMP36,355528.9053,5021765.75,-75.85277872,45.33400623,2015-06-16,2:02,01 - Clear,01 - Dry,10 - No control,01 - Non intersection,07 - Dark,02 - Non-fatal injury,07 - SMV other,Greenbelt
2028,HIGHWAY 417 btwn HWY417 IC163 RAMP61 & HWY417 IC155 RAMP36,336139.935,5020233.115,-76.10024067,45.3213487,2015-11-06,7:00,01 - Clear,01 - Dry,10 - No control,01 - Non intersection,03 - Dawn,02 - Non-fatal injury,07 - SMV other,Carp - Hardwood Plains
2029,HIGHWAY 416 btwn HWY416 IC66 RAMP24 & HWY416 IC57 RAMP62,360940.2463,5013014.443,-75.78473427,45.2548494,2015-11-06,15:00,01 - Clear,01 - Dry,10 - No control,01 - Non intersection,01 - Daylight,02 - Non-fatal injury,04 - Sideswipe,Munster Hamlet - Richmond
2030,HIGHWAY 417 btwn HWY417 IC121A RAMP51 & HWY417 IC120A RAMP52,367257.6655,5029730.053,-75.70214441,45.40472127,2015-11-07,18:40,01 - Clear,01 - Dry,10 - No control,01 - Non intersection,07 - Dark,02 - Non-fatal injury,03 - Rear end,Centretown West
2031,HIGHWAY 417 btwn HWY417 IC122 RAMP51 & HWY417 IC122 RAMP15,365333.0941,5028873.826,-75.72683235,45.39718622,2015-11-08,13:29,01 - Clear,01 - Dry,10 - No control,01 - Non intersection,01 - Daylight,02 - Non-fatal injury,04 - Sideswipe,Civi
2032,HIGHWAY 417 btwn HIGHWAY 417 & HWY417 IC140 RAMP51,349437.3395,5017657.855,-75.93086357,45.29745618,2015-06-18,19:55,02 - Rain,02 - Wet,10 - No control,01 - Non intersection,01 - Daylight,02 - Non-fatal injury,07 - SMV other,Kanata Lakes - Marchwood Lakeside - Morgan's Grant - Kanata
2033,HIGHWAY 417 btwn HWY417 IC121A RAMP16 & HWY417 IC121A RAMP61,367282.9362,5029767.598,-75.70181687,45.40505684,2015-06-19,16:51,01 - Clear,01 - Dry,10 - No control,01 - Non intersection,01 - Daylight,02 - Non-fatal injury,03 - Rear end,The Glebe
2034,PARKDALE AVE WB OFF RAMP/OTTAWA RIVER PKWY btwn OTTAWA RIVER PKWY & PA,364656.6472,5030587.896,-75.73526351,45.4126672,2015-06-12,15:30,02 - Rain,02 - Wet,10 - No control,01 - Non intersection,01 - Daylight,02 - Non-fatal injury,01 - Approaching,Mechanicsville
2035,HIGHWAY 417 btwn HWY417 IC115 RAMP36 & HWY417 IC115 RAMP26,372470.1471,5031521.905,-75.63531971,45.42035905,2015-01-21,16:35,01 - Clear,01 - Dry,10 - No control,01 - Non intersection,05 - Dusk,02 - Non-fatal injury,03 - Rear end,Overbrook
2036,HIGHWAY 417 btwn HWY417 IC117 RAMP61 & HWY417 IC115 RAMP36,371559.1002,5031423.514,-75.64697297,45.4195613,2015-06-20,11:00,01 - Clear,01 - Dry,10 - No control,01 - Non intersection,01 - Daylight,02 - Non-fatal injury,03 - Rear end,Overbrook
2037,ISLAND PARK DR @ SCOTT ST,363835.3592,5029043.222,-75.74594042,45.39883829,2015-06-13,11:18,01 - Clear,01 - Dry,01 - Traffic signal,02 - Intersection related,01 - Daylight,02 - Non-fatal injury,04 - Sideswipe,Island Park
2038,HIGHWAY 417 btwn HWY417 IC122 RAMP61 & HWY417 IC121B RAMP16,365743.9184,5029169.02,-75.72154905,45.39980666,2015-01-21,18:35,01 - Clear,01 - Dry,10 - No control,01 - Non intersection,07 - Dark,02 - Non-fatal injury,03 - Rear end,Civi
2039,OTTAWA RIVER PKWY WB btwn TRANSIT & TURN LANE,363057.5832,5029266.22,-75.75584778,45.40090994,2015-06-17,11:45,00 - Unknown,00 - Unknown,10 - No control,01 - Non intersection,01 - Daylight,02 - Non-fatal injury,04 - Sideswipe,Westboro
2040,ROCKCLIFFE PKWY btwn BIRCH AVE EXT./ROCKCLIFFE PKWY & ROCKCLIFFE PRKY ,371323.0401,5035676.98,-75.64941408,45.45785452,2015-06-18,18:42,01 - Clear,01 - Dry,10 - No control,01 - Non intersection,01 - Daylight,02 - Non-fatal injury,04 - Sideswipe,Gloucester
2041,HWY417 IC104 RAMP16 btwn ANDERSON RD & HIGHWAY 417,380014.3108,5026241.627,-75.53973938,45.37208027,2015-06-24,19:28,01 - Clear,00 - Unknown,10 - No control,01 - Non intersection,01 - Daylight,02 - Non-fatal injury,07 - SMV other,Greenbelt
2042,HIGHWAY 417 btwn HWY417 IC163 RAMP15 & HWY417 IC155 RAMP51,336047.5162,5020213.62,-76.10142073,45.32117739,2015-06-29,20:15,01 - Clear,01 - Dry,10 - No control,01 - Non intersection,05 - Dusk,02 - Non-fatal injury,04 - Sideswipe,Carp - Hardwood Plains
2043,HIGHWAY 417 btwn HWY417 IC118 RAMP76 & HWY417 IC118 RAMP67,369699.9084,5031147.17,-75.67076301,45.4172498,2015-06-30,6:25,01 - Clear,01 - Dry,10 - No control,01 - Non intersection,01 - Daylight,02 - Non-fatal injury,07 - SMV other,Sandy Hill
2044,HIGHWAY 417 btwn HWY417 IC127 RAMP67 & HWY417 IC126 RAMP16,362711.1281,5025311.259,-75.76073681,45.36535247,2015-06-30,6:30,01 - Clear,01 - Dry,10 - No control,01 - Non intersection,01 - Daylight,02 - Non-fatal injury,07 - SMV other,Carlingwood West - Glabar Park - McKellar Heights
2045,BASELINE RD/HWY 416 RICHMOND IC75R53 @ RICHMON,358635.885,5021821.965,-75.8131352,45.33428056,2015-11-05,11:13,01 - Clear,01 - Dry,01 - Traffic signal,02 - Intersection related,01 - Daylight,02 - Non-fatal injury,03 - Rear end,Greenbelt
2046,BAYVIEW RD/BURNSIDE AVE @ SLIDELL ST,365163.698,5030241.489,-75.72882837,45.40950676,2015-08-27,8:57,01 - Clear,01 - Dry,11 - Roundabout,03 - At intersection,01 - Daylight,02 - Non-fatal injury,02 - Angle,Mechanicsville
2047,HAWTHORNE RD btwn LEITRIM RD & LOUISEIZE RD,377118.7973,5022524.646,-75.57724519,45.33894154,2015-11-05,2:40,01 - Clear,01 - Dry,10 - No control,01 - Non intersection,07 - Dark,02 - Non-fatal injury,03 - Rear end,Greenbelt
2048,GLADSTONE AVE btwn PRESTON ST & ROCHESTER ST,366522.8592,5029728.054,-75.71153043,45.40476847,2015-10-29,16:32,01 - Clear,01 - Dry,10 - No control,04 - At/near private drive,01 - Daylight,02 - Non-fatal injury,02 - Angle,Little Italy
2049,BASELINE RD @ WOODROFFE AVE,362548.9695,5023770.865,-75.76298664,45.35150551,2015-11-15,8:22,01 - Clear,01 - Dry,01 - Traffic signal,03 - At intersection,01 - Daylight,02 - Non-fatal injury,04 - Sideswipe,Iris
2050,BREWER RD @ BRONSON AVE,368109.7678,5027765.355,-75.69151258,45.38696696,2015-11-03,17:37,01 - Clear,01 - Dry,01 - Traffic signal,03 - At intersection,07 - Dark,02 - Non-fatal injury,05 - Turning movement,Carleto
2051,ALTA VISTA DR @ SMYTH RD,370432.7159,5029080.476,-75.66167594,45.39858613,2015-10-21,11:44,01 - Clear,01 - Dry,01 - Traffic signal,02 - Intersection related,01 - Daylight,02 - Non-fatal injury,03 - Rear end,Alta Vista
2052,EAGLESON RD @ COPE DR/CADENCE GT,354620.6395,5016027.438,-75.86494291,45.28243692,2015-11-06,19:38,01 - Clear,01 - Dry,01 - Traffic signal,03 - At intersection,07 - Dark,02 - Non-fatal injury,05 - Turning movement,Bridlewood - Emerald Meadows
2053,ELGIN ST @ GLADSTONE AVE,368385.4367,5030844.207,-75.68759561,45.41464453,2015-11-02,17:42,01 - Clear,01 - Dry,01 - Traffic signal,03 - At intersection,07 - Dark,02 - Non-fatal injury,05 - Turning movement,Centretown
2054,JOCKVALE RD/RIDEAU VALLEY DR @ PRINCE OF WALES,366710.1407,5012194.986,-75.71133054,45.24699193,2015-11-15,20:35,01 - Clear,01 - Dry,01 - Traffic signal,03 - At intersection,07 - Dark,02 - Non-fatal injury,05 - Turning movement,New Barrhaven
2055,ALBERT ST @ LYON ST,367062.7002,5031219.944,-75.70444653,45.41814424,2015-11-02,11:15,01 - Clear,01 - Dry,01 - Traffic signal,02 - Intersection related,01 - Daylight,02 - Non-fatal injury,04 - Sideswipe,Downtown
2056,REGIONAL ROAD 174 EB btwn HWY417 IC113 RAMP65 & OR174 BLAIR IC112 RAMP51,374187.89,5032361.76,-75.61325492,45.42774737,2015-01-05,16:20,01 - Clear,01 - Dry,10 - No control,01 - Non intersection,01 - Daylight,02 - Non-fatal injury,03 - Rear end,Pineview
2057,SMIRLE AVE @ WELLINGTON ST,364669.9835,5029066.196,-75.73527791,45.39897414,2015-09-01,18:15,01 - Clear,01 - Dry,01 - Traffic signal,03 - At intersection,01 - Daylight,02 - Non-fatal injury,05 - Turning movement,Island Park
2058,MONTREAL RD @ CARSON'S RD/CODD'S RD,372771.4391,5034398.22,-75.6310732,45.44620951,2015-11-01,16:36,01 - Clear,01 - Dry,01 - Traffic signal,02 - Intersection related,05 - Dusk,02 - Non-fatal injury,07 - SMV other,Carson Grove - Carson Meadows
2059,BRONSON AVE @ GLADSTONE AVE,367133.7017,5030079.762,-75.7036836,45.4078789,2015-11-08,10:28,01 - Clear,01 - Dry,01 - Traffic signal,03 - At intersection,01 - Daylight,02 - Non-fatal injury,07 - SMV other,Centretown West
2060,HAWTHORNE RD/RUSSELL RD @ WALKLEY RD,374674.7439,5028498.46,-75.60758153,45.39293893,2015-11-03,15:57,01 - Clear,01 - Dry,01 - Traffic signal,02 - Intersection related,01 - Daylight,02 - Non-fatal injury,03 - Rear end,Sheffield Glen
2061,BRONSON AVE btwn BRONSON AVE NB ON RAMP 42 & BRONSON AVE SB ON RAMP 43,367759.5198,5028413.047,-75.69590229,45.39282628,2015-11-03,20:18,01 - Clear,01 - Dry,10 - No control,01 - Non intersection,07 - Dark,02 - Non-fatal injury,03 - Rear end,Carleton University
2062,JEANNE D'ARC BLVD @ ORLEANS BLVD S,380942.1859,5036249.499,-75.52634854,45.46202356,2015-10-01,19:48,01 - Clear,01 - Dry,01 - Traffic signal,03 - At intersection,07 - Dark,02 - Non-fatal injury,05 - Turning movement,Orleans Village - Chateauneuf
2063,ANDERSON RD btwn RIDGE RD & RUSSELL RD,379103.9205,5028319.886,-75.55104792,45.39087628,2015-10-04,12:13,01 - Clear,01 - Dry,10 - No control,01 - Non intersection,01 - Daylight,02 - Non-fatal injury,07 - SMV other,Greenbelt
2064,BANK ST @ RIVERSIDE DR N,369226.4366,5027982.465,-75.67722546,45.38881862,2015-05-07,11:36,01 - Clear,01 - Dry,01 - Traffic signal,03 - At intersection,01 - Daylight,02 - Non-fatal injury,02 - Angle,Alta Vista
2065,ST. LAURENT BLVD btwn CONROY RD & THURSTON DR,373596.9459,5027452.262,-75.62149103,45.38363242,2015-06-11,8:10,01 - Clear,01 - Dry,10 - No control,04 - At/near private drive,01 - Daylight,02 - Non-fatal injury,02 - Angle,Industrial Park
2066,RIVERSIDE DR NB btwn INDUSTRIAL AVE & TREMBLAY RD,370689.7637,5030606.607,-75.65818909,45.41229352,2015-09-11,13:58,01 - Clear,01 - Dry,10 - No control,01 - Non intersection,01 - Daylight,02 - Non-fatal injury,03 - Rear end,Industrial Park
2067,PAUL ANKA DR btwn UPLANDS DR & MCCARTHY RD,369469.9757,5023590.291,-75.67469057,45.34927668,2015-11-02,16:48,01 - Clear,01 - Dry,10 - No control,01 - Non intersection,05 - Dusk,02 - Non-fatal injury,07 - SMV other,Hunt Club East - Western Community
2068,BANK ST @ ROSEBERY AVE,368123.4289,5030066.634,-75.69104272,45.40767194,2015-10-26,10:47,01 - Clear,01 - Dry,02 - Stop sign,03 - At intersection,01 - Daylight,02 - Non-fatal injury,02 - Angle,The Glebe
2069,LEITRIM RD @ ALBION RD,373497.8086,5020419.257,-75.62373395,45.32036189,2015-07-04,23:33,01 - Clear,01 - Dry,01 - Traffic signal,03 - At intersection,07 - Dark,02 - Non-fatal injury,05 - Turning movement,Greenbelt
2070,CAMPEAU DR/HWY 417 MARCH IC138R63 @ MARCH RD,352842.3456,5020476.106,-75.88717813,45.32259085,2015-11-05,22:15,01 - Clear,01 - Dry,01 - Traffic signal,03 - At intersection,07 - Dark,02 - Non-fatal injury,02 - Angle,Greenbelt
2071,JEANNE D'ARC BLVD @ ORLEANS BLVD S,380939.3031,5036250.219,-75.52638528,45.46203036,2015-11-07,12:37,01 - Clear,01 - Dry,01 - Traffic signal,03 - At intersection,01 - Daylight,02 - Non-fatal injury,05 - Turning movement,Orleans Village - Chateauneuf
2072,RIVERSIDE DR @ UPLANDS DR/KIMBERWICK CRES N,368193.9953,5022793.861,-75.69107489,45.34222708,2015-10-13,10:35,02 - Rain,02 - Wet,01 - Traffic signal,03 - At intersection,01 - Daylight,02 - Non-fatal injury,07 - SMV other,Hunt Club Woods - Quintarra - Revelstoke - Riverside South P
2073,BANK ST btwn RIVERSIDE DR & RIVERSIDE DR,369259.4429,5027944.578,-75.67680894,45.38847469,2015-10-19,16:12,02 - Rain,02 - Wet,10 - No control,04 - At/near private drive,01 - Daylight,02 - Non-fatal injury,02 - Angle,Alta Vista
2074,BANK ST @ SOMERSET ST,367696.1443,5030915.204,-75.69639247,45.41534563,2015-11-16,11:02,01 - Clear,01 - Dry,01 - Traffic signal,03 - At intersection,01 - Daylight,02 - Non-fatal injury,07 - SMV other,Centretown
2075,SCOTT ST btwn PARKDALE AVE & PINEHURST AVE,364963.3973,5029731.965,-75.73144924,45.40493943,2015-05-18,19:34,01 - Clear,01 - Dry,10 - No control,04 - At/near private drive,01 - Daylight,02 - Non-fatal injury,02 - Angle,Mechanicsville
2076,OTTAWA RIVER PKWY OFFR-EB @ PARKDALE AVE,364682.7505,5030332.881,-75.73496102,45.4103704,2015-06-26,13:34,01 - Clear,01 - Dry,03 - Yield sign,02 - Intersection related,01 - Daylight,02 - Non-fatal injury,03 - Rear end,Tunney's Pasture
2077,RIVERSIDE DR btwn FROBISHER LANE & HINCKS LANE,370239.3573,5029897.407,-75.66403703,45.40595467,2015-09-22,8:20,01 - Clear,01 - Dry,10 - No control,04 - At/near private drive,01 - Daylight,02 - Non-fatal injury,01 - Approaching,Industrial Park
2078,KAKULU RD @ ANIK WAY/PICKFORD DR W,352708.6207,5018913.816,-75.8890349,45.30854217,2015-10-28,8:10,01 - Clear,01 - Dry,02 - Stop sign,03 - At intersection,01 - Daylight,02 - Non-fatal injury,02 - Angle,Katimavik - Hazeldean
2079,DUCLOS AVE/BARRINGTON ST @ VISENEAU DR,381525.6886,5035523.921,-75.51900144,45.45543157,2015-10-29,11:53,01 - Clear,01 - Dry,02 - Stop sign,03 - At intersection,01 - Daylight,02 - Non-fatal injury,07 - SMV other,Orleans Village - Chateauneuf
2080,MILTON RD @ NAVAN RD,387268.0681,5031811.44,-75.44621463,45.42137625,2015-09-02,6:35,01 - Clear,01 - Dry,02 - Stop sign,02 - Intersection related,03 - Dawn,02 - Non-fatal injury,03 - Rear end,Navan - Vars
2081,KENT ST @ LAURIER AVE,367316.699,5031164.228,-75.70120847,45.41762028,2015-09-08,11:50,01 - Clear,01 - Dry,01 - Traffic signal,03 - At intersection,01 - Daylight,02 - Non-fatal injury,05 - Turning movement,Downtown
2082,CARLING AVE btwn DAVIDSON'S SIDE RD & GRANDVIEW RD,355227.6316,5024113.413,-75.85638292,45.35515248,2015-11-09,18:23,01 - Clear,01 - Dry,10 - No control,01 - Non intersection,07 - Dark,02 - Non-fatal injury,07 - SMV other,Crystal Bay - Lakeview Park - Britannia Village
2083,DALMENY RD @ NIXON DR,375592.7581,4997713.559,-75.60024344,45.11585321,2015-11-10,7:15,"07 - Fog, mist, smoke, dust",01 - Dry,02 - Stop sign,03 - At intersection,03 - Dawn,02 - Non-fatal injury,02 - Angle,Kars - Osgoode
2084,PARKDALE AVE @ GLADSTONE AVE,365215.981,5029118.201,-75.72829812,45.39939516,2015-10-23,11:40,01 - Clear,01 - Dry,01 - Traffic signal,02 - Intersection related,01 - Daylight,02 - Non-fatal injury,03 - Rear end,Civi
2085,HEMLOCK RD @ ST. LAURENT BLVD,371144.9882,5034781.237,-75.6518113,45.44981198,2015-11-16,12:40,01 - Clear,01 - Dry,01 - Traffic signal,02 - Intersection related,01 - Daylight,02 - Non-fatal injury,07 - SMV other,Cemetery
2086,CUMBERLAND ST @ RIDEAU ST,368374.511,5032329.614,-75.68754351,45.4280107,2015-09-03,14:54,01 - Clear,01 - Dry,01 - Traffic signal,03 - At intersection,01 - Daylight,02 - Non-fatal injury,07 - SMV other,Byward Market - Parliament Hill
2087,BASELINE RD @ CEDARVIEW RD,358967.6649,5021674.13,-75.80891868,45.3329248,2015-08-23,16:03,01 - Clear,01 - Dry,01 - Traffic signal,03 - At intersection,01 - Daylight,02 - Non-fatal injury,05 - Turning movement,Briar Green - Leslie Park
2088,DALHOUSIE ST @ MURRAY ST,368001.4198,5032573.955,-75.69227962,45.43024301,2015-11-03,9:49,01 - Clear,01 - Dry,01 - Traffic signal,02 - Intersection related,01 - Daylight,02 - Non-fatal injury,07 - SMV other,Byward Market
2089,MERIVALE RD @ EMERALD PLAZA SC,364736.0947,5024006.23,-75.73504767,45.35343978,2015-07-18,15:39,01 - Clear,01 - Dry,01 - Traffic signal,02 - Intersection related,01 - Daylight,02 - Non-fatal injury,03 - Rear end,Crestview - Meadowlands
2090,CORKSTOWN RD btwn MARCH RD & MOODIE DR,353500.45,5020670.518,-75.87876481,45.32429485,2015-11-16,15:20,01 - Clear,01 - Dry,10 - No control,01 - Non intersection,01 - Daylight,02 - Non-fatal injury,07 - SMV other,Greenbelt
2091,CATHERINE ST @ LYON ST/HWY 417 LYON IC120BR36,367746.9859,5030092.925,-75.69584795,45.40794245,2015-10-06,13:12,01 - Clear,01 - Dry,01 - Traffic signal,03 - At intersection,01 - Daylight,02 - Non-fatal injury,07 - SMV other,Centretown
2092,STITTSVILLE MAIN ST btwn ETTA ST & EAST HEALEY AVE,350914.7617,5011305.024,-75.91261699,45.24019591,2015-09-04,4:57,01 - Clear,01 - Dry,10 - No control,01 - Non intersection,07 - Dark,02 - Non-fatal injury,07 - SMV other,Stittsville - Basswood
2093,CRETE PL @ MCARTHUR AVE,370527.7118,5032726.229,-75.65997646,45.43138025,2015-10-28,15:37,02 - Rain,02 - Wet,02 - Stop sign,03 - At intersection,01 - Daylight,02 - Non-fatal injury,02 - Angle,Vanier South
2094,HUNTMAR DR @ PALLADIUM DR S,349674.8859,5017365.076,-75.92786145,45.29480653,2015-11-12,17:28,02 - Rain,02 - Wet,01 - Traffic signal,03 - At intersection,07 - Dark,02 - Non-fatal injury,05 - Turning movement,Stittsville - Basswood
2095,ST. LAURENT BLVD @ QUEEN MARY ST,372214.724,5032177.226,-75.63849342,45.42627999,2015-10-28,7:58,01 - Clear,01 - Dry,02 - Stop sign,02 - Intersection related,01 - Daylight,02 - Non-fatal injury,07 - SMV other,Overbrook
2096,INNES RD @ STAR TOP RD/WINDMILL LANE,374147.7258,5030666.2,-75.61400679,45.41249558,2015-10-27,10:00,01 - Clear,01 - Dry,01 - Traffic signal,03 - At intersection,01 - Daylight,02 - Non-fatal injury,02 - Angle,Industrial Park
2097,ALBION RD/COLLISTON CRES E @ WALKLEY RD,371033.6021,5026354.723,-75.65436745,45.37400421,2015-10-19,13:55,01 - Clear,01 - Dry,01 - Traffic signal,03 - At intersection,01 - Daylight,02 - Non-fatal injury,07 - SMV other,Ledbury - Heron Gate - Ridgemont - Elmwood
2098,HWY 417 MAITLAND IC126R26/62 @ MAITLAND AVE,363145.9333,5025984.058,-75.75510732,45.37137017,2015-09-12,19:35,02 - Rain,02 - Wet,01 - Traffic signal,03 - At intersection,05 - Dusk,02 - Non-fatal injury,05 - Turning movement,Carlingwood West - Glabar Park - McKellar Heights
2099,WALKLEY RD btwn AIRPORT PKWY & TRANSIT,370013.4234,5025758.279,-75.66746986,45.36873328,2015-09-30,14:16,01 - Clear,01 - Dry,10 - No control,01 - Non intersection,01 - Daylight,02 - Non-fatal injury,07 - SMV other,Riverside Park
2100,DECARIE DR btwn GRENOBLE CRES & GRENOBLE CRES,381073.128,5038827.164,-75.52427423,45.48520097,2015-11-02,12:50,01 - Clear,01 - Dry,10 - No control,01 - Non intersection,01 - Daylight,02 - Non-fatal injury,07 - SMV other,Orleans South West
2101,CLEMOW AVE @ BRONSON AVE,367420.4658,5029398.229,-75.70010708,45.40172107,2015-11-10,18:04,01 - Clear,01 - Dry,02 - Stop sign,02 - Intersection related,07 - Dark,02 - Non-fatal injury,03 - Rear end,The Glebe
2102,BANK ST @ CAHILL DR/DAZE ST,371306.815,5024316.367,-75.65115396,45.3556379,2015-07-11,14:15,01 - Clear,01 - Dry,01 - Traffic signal,03 - At intersection,01 - Daylight,02 - Non-fatal injury,05 - Turning movement,South Keys - Heron Gate - Greenboro West
2103,BRONSON AVE @ POWELL AVE,367388.0591,5029477.304,-75.70051096,45.40243546,2015-10-27,14:37,01 - Clear,01 - Dry,01 - Traffic signal,03 - At intersection,01 - Daylight,02 - Non-fatal injury,07 - SMV other,The Glebe
2104,WOODROFFE AVE btwn HWY417 IC127 RAMP53 & IRIS ST,362213.5029,5024614.853,-75.76716961,45.3591272,2015-10-27,14:41,01 - Clear,01 - Dry,10 - No control,01 - Non intersection,01 - Daylight,02 - Non-fatal injury,03 - Rear end,Iris
2105,AVENUE RD/ECHO DR @ RIVERDALE AVE,369113.0055,5029042.425,-75.67853575,45.39836622,2015-10-29,11:25,02 - Rain,02 - Wet,02 - Stop sign,03 - At intersection,01 - Daylight,02 - Non-fatal injury,07 - SMV other,Old Ottawa East
2106,MONTREAL RD @ SHEFFORD RD,376125.7305,5034853.214,-75.5881323,45.44996903,2015-11-11,7:49,01 - Clear,01 - Dry,01 - Traffic signal,03 - At intersection,01 - Daylight,02 - Non-fatal injury,05 - Turning movement,Beacon Hill South - Cardinal Heights
2107,ST. LAURENT BLVD btwn DWELLINGHAM PRIV & TAWNEY RD,373554.0653,5028909.976,-75.62183543,45.39675249,2015-10-29,15:00,01 - Clear,01 - Dry,10 - No control,04 - At/near private drive,01 - Daylight,02 - Non-fatal injury,07 - SMV other,Hawthorn
2108,TENTH LINE RD @ VANGUARD DR,384072.7632,5035874.203,-75.48638366,45.45829878,2015-11-01,17:08,01 - Clear,01 - Dry,01 - Traffic signal,02 - Intersection related,07 - Dark,02 - Non-fatal injury,02 - Angle,Avalon
2109,BASELINE RD btwn NAVAHO DR & DEERFIELD DR,363110.5662,5024110.098,-75.75577993,45.35451143,2015-11-17,0:36,01 - Clear,01 - Dry,10 - No control,04 - At/near private drive,07 - Dark,02 - Non-fatal injury,04 - Sideswipe,Braemar Park - Bel Air Heights - Copeland Park
2110,HINCKS LANE @ RIVERSIDE DR,370165.7974,5030206.255,-75.66493568,45.40874044,2015-10-27,14:42,01 - Clear,01 - Dry,01 - Traffic signal,02 - Intersection related,01 - Daylight,02 - Non-fatal injury,03 - Rear end,Industrial Park
2111,RIDEAU ST btwn 88 W OF WILLIAM ST & WILLIAM ST,368032.373,5032114.789,-75.69194303,45.4261088,2015-10-20,21:55,01 - Clear,01 - Dry,10 - No control,01 - Non intersection,07 - Dark,02 - Non-fatal injury,07 - SMV other,Byward Market - Parliament Hill
2112,STAGECOACH RD btwn DALMENY RD & FAWN LANE,378262.2738,4998355.79,-75.5662248,45.12135958,2015-10-23,13:50,01 - Clear,01 - Dry,10 - No control,01 - Non intersection,01 - Daylight,02 - Non-fatal injury,07 - SMV other,Kars - Osgoode
2113,RICHMOND RD @ STONEHAVEN DR,356782.3618,5015891.797,-75.83740374,45.28105986,2015-10-20,17:35,01 - Clear,01 - Dry,01 - Traffic signal,03 - At intersection,07 - Dark,02 - Non-fatal injury,07 - SMV other,Bridlewood - Emerald Meadows
2114,SLACK RD @ WOODROFFE AVE,364234.1429,5019974.332,-75.74193763,45.31720387,2015-11-04,12:06,01 - Clear,01 - Dry,01 - Traffic signal,03 - At intersection,01 - Daylight,02 - Non-fatal injury,05 - Turning movement,Greenbelt
2115,TRIM RD btwn WALL RD & NAVAN RD,387638.8768,5034642.5,-75.44100088,45.44680349,2015-10-29,15:28,01 - Clear,01 - Dry,10 - No control,04 - At/near private drive,01 - Daylight,02 - Non-fatal injury,03 - Rear end,Navan - Vars
2116,CASTLEFRANK RD @ PARSONS RIDGE RD,352227.6118,5018247.822,-75.89523245,45.30258204,2015-10-28,18:53,02 - Rain,02 - Wet,02 - Stop sign,02 - Intersection related,07 - Dark,02 - Non-fatal injury,03 - Rear end,Katimavik - Hazeldean
2117,SULLIVAN AVE @ WESTWOOD DR,363512.4123,5022698.582,-75.75081916,45.34177721,2015-11-06,22:22,01 - Clear,01 - Dry,03 - Yield sign,03 - At intersection,07 - Dark,02 - Non-fatal injury,02 - Angle,Crestview - Meadowlands
2118,BASELINE RD btwn 207 E OF CLYDE AVE & LOBLAWS SC,364711.6601,5025111.839,-75.73522549,45.36338998,2015-08-11,15:48,01 - Clear,01 - Dry,10 - No control,01 - Non intersection,01 - Daylight,02 - Non-fatal injury,03 - Rear end,Civic Hospital - Experimental Farm - Central Park
2119,FALLOWFIELD RD @ WOLFGANG DR,363406.6905,5016943.095,-75.75284897,45.28999841,2015-08-25,8:50,01 - Clear,01 - Dry,02 - Stop sign,03 - At intersection,01 - Daylight,02 - Non-fatal injury,02 - Angle,Greenbelt
2120,ROYDON PL btwn WOODFIELD DR & WEST HUNT CLUB RD,365579.082,5022364.105,-75.72449157,45.33859162,2015-10-28,12:08,02 - Rain,02 - Wet,10 - No control,04 - At/near private drive,01 - Daylight,02 - Non-fatal injury,02 - Angle,Industrial Park
2121,CASTLEFRANK RD @ KATIMAVIK RD,351950.4529,5018942.435,-75.89870034,45.308851,2015-10-28,12:24,02 - Rain,02 - Wet,01 - Traffic signal,03 - At intersection,01 - Daylight,02 - Non-fatal injury,02 - Angle,Katimavik - Hazeldean
2122,EAGLESON RD @ FALLOWFIELD RD,355962.3548,5012594.766,-75.84819495,45.2514526,2015-10-22,8:08,01 - Clear,02 - Wet,01 - Traffic signal,02 - Intersection related,01 - Daylight,02 - Non-fatal injury,03 - Rear end,Stittsville - Basswood
2123,RICHMOND RD btwn MOODIE DR & BLACK FOREST LANE,357413.109,5019698.48,-75.82896052,45.31526599,2015-10-21,18:30,01 - Clear,01 - Dry,10 - No control,01 - Non intersection,05 - Dusk,02 - Non-fatal injury,07 - SMV other,Bells Corners East
2124,BRIAN GOOD AVE @ EARL ARMSTRONG RD,368110.0352,5014834.153,-75.69316285,45.27061443,2015-10-11,11:48,01 - Clear,01 - Dry,02 - Stop sign,02 - Intersection related,01 - Daylight,02 - Non-fatal injury,02 - Angle,Greenbelt
2125,BOYER RD @ ORLEANS BLVD,380977.7464,5035508.928,-75.52600862,45.45535662,2015-11-04,13:51,01 - Clear,01 - Dry,02 - Stop sign,03 - At intersection,01 - Daylight,02 - Non-fatal injury,07 - SMV other,Orleans Village - Chateauneuf
2126,INDUSTRIAL AVE @ RIVERSIDE DR,370683.9979,5030592.193,-75.65826468,45.41216437,2015-11-04,14:13,01 - Clear,01 - Dry,01 - Traffic signal,02 - Intersection related,01 - Daylight,02 - Non-fatal injury,05 - Turning movement,Industrial Park