Record,Location,X,Y,lon,lat,Date,Time,Environment,Road_Surface,Traffic_Control,Collision_Location,Light,Collision_Classification,Impact_type,Neighborhood
2230,SAUNDERSON DR @ SMYTH RD,372793.7313,5029323.19,-75.63148875,45.40054465,2015-11-21,12:32,01 - Clear,01 - Dry,01 - Traffic signal,03 - At intersection,01 - Daylight,02 - Non-fatal injury,02 - Angle,Elmvale - Eastway - Riverview - Riverview Park West
2231,HERON RD btwn JEFFERSON ST & TURN LANE,372071.8598,5027085.977,-75.64101344,45.38048485,2015-11-10,10:15,01 - Clear,01 - Dry,10 - No control,04 - At/near private drive,01 - Daylight,02 - Non-fatal injury,02 - Angle,Ledbury - Heron Gate - Ridgemont - Elmwood
2232,KING EDWARD AVE @ WILBROD ST,368675.7085,5032138.502,-75.6837195,45.4262637,2015-10-19,10:00,01 - Clear,01 - Dry,01 - Traffic signal,02 - Intersection related,01 - Daylight,02 - Non-fatal injury,07 - SMV other,Sandy Hill
2233,CEDARWOOD DR btwn WALKLEY RD & BAYCREST DR,371179.6423,5026488.03,-75.65248518,45.37518985,2015-11-16,9:23,01 - Clear,01 - Dry,10 - No control,01 - Non intersection,01 - Daylight,02 - Non-fatal injury,04 - Sideswipe,Ledbury - Heron Gate - Ridgemont - Elmwood
2234,CARLING AVE/STATION RD @ MARCH RD,350908.3375,5022244.706,-75.91168202,45.33863481,2015-10-19,21:25,02 - Rain,02 - Wet,01 - Traffic signal,02 - Intersection related,07 - Dark,02 - Non-fatal injury,03 - Rear end,South March
2235,CHAPEL ST @ RIDEAU ST,368892.4083,5032644.352,-75.6808847,45.43079533,2015-11-12,19:21,02 - Rain,02 - Wet,01 - Traffic signal,02 - Intersection related,07 - Dark,02 - Non-fatal injury,07 - SMV other,Lower Town
2236,SMYTH RD @ BOTSFORD ST/DAUPHIN RD,372243.8261,5029262.752,-75.63852037,45.40005405,2015-07-15,17:08,01 - Clear,01 - Dry,01 - Traffic signal,03 - At intersection,01 - Daylight,02 - Non-fatal injury,07 - SMV other,Elmvale - Eastway - Riverview - Riverview Park West
2237,RIVERSIDE DR NB btwn INDUSTRIAL AVE & TREMBLAY RD,370689.0429,5030603.004,-75.65819878,45.41226117,2015-11-03,12:30,01 - Clear,01 - Dry,10 - No control,01 - Non intersection,01 - Daylight,02 - Non-fatal injury,03 - Rear end,Industrial Park
2238,BLAIR RD @ REGIONAL RD 174 N/OR174 IC112 RAMP61,374634.2016,5032993.103,-75.60746243,45.43338343,2015-11-25,6:55,"07 - Fog, mist, smoke, dust",01 - Dry,01 - Traffic signal,02 - Intersection related,03 - Dawn,02 - Non-fatal injury,03 - Rear end,Industrial Park
2239,CONROY RD @ QUEENSDALE AVE,374350.2984,5024043.151,-75.61235211,45.35288435,2015-11-25,7:04,01 - Clear,02 - Wet,02 - Stop sign,02 - Intersection related,03 - Dawn,02 - Non-fatal injury,03 - Rear end,Blossom Park - Blossom Park West - Sawmill Creek/ Timbermill
2240,KANATA AVE @ TERRY FOX DR,349306.5882,5019212.666,-75.932391,45.31145514,2015-11-25,18:12,01 - Clear,01 - Dry,01 - Traffic signal,03 - At intersection,07 - Dark,02 - Non-fatal injury,02 - Angle,Kanata Lakes - Marchwood Lakeside - Morgan's Grant - Kanata
2241,JEANNE D'ARC BLVD @ ORLEANS BLVD S,380941.0365,5036250.622,-75.52636306,45.46203379,2015-11-25,18:15,01 - Clear,01 - Dry,01 - Traffic signal,03 - At intersection,07 - Dark,02 - Non-fatal injury,05 - Turning movement,Orleans Village - Chateauneuf
2242,STRANDHERD DR @ 210 W OF WOODROFFE AVE,365925.0638,5015320.394,-75.72094612,45.27518291,2015-11-17,10:44,01 - Clear,01 - Dry,01 - Traffic signal,02 - Intersection related,01 - Daylight,02 - Non-fatal injury,07 - SMV other,New Barrhaven
2243,RICHMOND RD @ EDGEWORTH AVE/MCEWEN AVE,361076.39,5025882.922,-75.78153823,45.37062941,2015-11-03,8:20,01 - Clear,01 - Dry,01 - Traffic signal,02 - Intersection related,01 - Daylight,02 - Non-fatal injury,03 - Rear end,Woodroffe - Lincoln Heights
2244,HUNT CLUB RD @ RIVERSIDE DR,368037.4237,5021945.138,-75.69318105,45.33460457,2015-11-15,14:47,01 - Clear,01 - Dry,01 - Traffic signal,02 - Intersection related,01 - Daylight,02 - Non-fatal injury,03 - Rear end,Hunt Club Woods - Quintarra - Revelstoke - Riverside South P
2245,VANIER PKWY SB btwn RIVERSIDE DR & TO BE DETERMINED,370789.9816,5031374.209,-75.65680606,45.41919064,2015-11-05,12:30,01 - Clear,01 - Dry,10 - No control,07 - Overpass or bridge,01 - Daylight,02 - Non-fatal injury,03 - Rear end,Overbrook
2246,RIVERSIDE DR @ SMYTH RD NORTH SIDE RAMP,369936.8453,5029316.385,-75.66797784,45.40075506,2015-11-17,15:03,01 - Clear,01 - Dry,01 - Traffic signal,02 - Intersection related,01 - Daylight,02 - Non-fatal injury,03 - Rear end,Industrial Park
2247,LOUISA ST btwn LEBRETON ST N & BELL ST N,366974.1841,5029846.151,-75.70575071,45.40579113,2015-10-23,23:45,01 - Clear,01 - Dry,10 - No control,04 - At/near private drive,07 - Dark,02 - Non-fatal injury,07 - SMV other,Centretown West
2248,NATIONAL CAPITAL COMM DRWY btwn MORNINGSIDE LANE & MAPLE DR,366630.194,5027986.104,-75.71037776,45.38908538,2015-10-25,12:48,01 - Clear,01 - Dry,10 - No control,01 - Non intersection,01 - Daylight,02 - Non-fatal injury,03 - Rear end,Civic Hospital - Experimental Farm - Central Park
2249,BAY ST @ SPARKS ST,366857.4192,5031278.509,-75.70706185,45.41868943,2015-08-14,16:11,01 - Clear,01 - Dry,01 - Traffic signal,02 - Intersection related,01 - Daylight,02 - Non-fatal injury,05 - Turning movement,Downtown
2250,CONROY RD @ THURSTON DR,373203.0891,5026795.056,-75.62661088,45.37775773,2015-11-10,20:30,01 - Clear,01 - Dry,01 - Traffic signal,03 - At intersection,07 - Dark,02 - Non-fatal injury,02 - Angle,Industrial Park
2251,CHATELAIN AVE @ MERIVALE RD,364844.4251,5026765.184,-75.73332992,45.37825514,2015-11-16,16:38,01 - Clear,01 - Dry,02 - Stop sign,03 - At intersection,05 - Dusk,02 - Non-fatal injury,01 - Approaching,Carlington
2252,HWY 417 INNES IC112R57 @ INNES RD,374298.33,5030754.09,-75.6120705,45.41327143,2015-11-03,15:21,01 - Clear,01 - Dry,01 - Traffic signal,03 - At intersection,01 - Daylight,02 - Non-fatal injury,02 - Angle,Industrial Park
2253,TIFFANY CRES btwn TIFFANY PL & TIFFANY PL,351498.3606,5020441.072,-75.90432419,45.3223663,2015-08-18,10:29,01 - Clear,01 - Dry,10 - No control,01 - Non intersection,01 - Daylight,02 - Non-fatal injury,06 - SMV unattended vehicle,Beaverbrook
2254,GLADSTONE AVE @ BEVERLEY AVE,365385.7015,5029194.919,-75.72612103,45.40007079,2015-11-10,9:00,01 - Clear,01 - Dry,02 - Stop sign,02 - Intersection related,01 - Daylight,02 - Non-fatal injury,07 - SMV other,Civi
2255,MONTREAL RD btwn DEN HAAG DR & CODD'S RD,372456.6033,5034257.678,-75.63511683,45.44497552,2015-11-17,8:44,01 - Clear,01 - Dry,10 - No control,04 - At/near private drive,01 - Daylight,02 - Non-fatal injury,04 - Sideswipe,Carson Grove - Carson Meadows
2256,REGIONAL ROAD 174 EB btwn OR174 IC109 RAMP55 & TRANSIT,376478.1629,5034993.755,-75.58360671,45.45119747,2015-11-17,10:48,01 - Clear,01 - Dry,10 - No control,01 - Non intersection,01 - Daylight,02 - Non-fatal injury,03 - Rear end,Greenbelt
2257,CARLING AVE EB btwn HWY417 IC124 RAMP57 & KIRKWOOD AVE,364273.6224,5027227.399,-75.74056182,45.38246276,2015-11-07,9:55,01 - Clear,01 - Dry,10 - No control,01 - Non intersection,01 - Daylight,02 - Non-fatal injury,03 - Rear end,Carlington
2258,TENTH LINE RD @ CHARLEMAGNE BLVD S/DES EPINETT,383640.9751,5036900.456,-75.49173924,45.46758093,2015-11-12,7:09,02 - Rain,02 - Wet,01 - Traffic signal,03 - At intersection,03 - Dawn,02 - Non-fatal injury,05 - Turning movement,Orl¨¦ans
2259,MACKENZIE AVE @ RIDEAU ST,367869.6992,5032009.22,-75.69403518,45.42517361,2015-10-01,14:25,01 - Clear,01 - Dry,01 - Traffic signal,02 - Intersection related,01 - Daylight,02 - Non-fatal injury,07 - SMV other,Byward Market - Parliament Hill
2260,RIVERSIDE DR @ HERON RD,368120.7204,5026647.265,-75.69151613,45.3769057,2015-10-19,8:18,01 - Clear,01 - Dry,01 - Traffic signal,02 - Intersection related,01 - Daylight,02 - Non-fatal injury,03 - Rear end,Riverside Park
2261,ST. LAURENT BLVD/DUNBARTON CRT @ BRITTANY DR,371331.7167,5034335.514,-75.6494846,45.44578383,2015-10-10,15:54,01 - Clear,01 - Dry,01 - Traffic signal,02 - Intersection related,01 - Daylight,02 - Non-fatal injury,01 - Approaching,Cemetery
2262,BASELINE RD btwn MERIVALE RD & FARLANE BLVD,365145.5072,5025382.091,-75.72965491,45.36578445,2015-07-11,17:17,01 - Clear,01 - Dry,10 - No control,04 - At/near private drive,01 - Daylight,02 - Non-fatal injury,02 - Angle,Civic Hospital - Experimental Farm - Central Park
2263,BOND ST @ CROYDON AVE,360626.6771,5025110.154,-75.78736643,45.36371205,2015-10-01,15:07,01 - Clear,01 - Dry,02 - Stop sign,02 - Intersection related,01 - Daylight,02 - Non-fatal injury,07 - SMV other,Woodroffe - Lincoln Heights
2264,JOCKVALE RD btwn GOLFLINKS DR & PRINCE OF WALES DR,366523.0302,5012353.595,-75.71369421,45.24843553,2015-09-24,16:40,01 - Clear,01 - Dry,10 - No control,01 - Non intersection,01 - Daylight,02 - Non-fatal injury,03 - Rear end,New Barrhaven
2265,EDGECLIFFE AVE @ CALDWELL AVE,364346.0337,5026250.856,-75.73975502,45.37366984,2015-10-07,18:26,01 - Clear,01 - Dry,10 - No control,03 - At intersection,07 - Dark,02 - Non-fatal injury,02 - Angle,Carlington
2266,CONROY RD btwn JOHNSTON RD & LORRY GREENBERG DR,373432.1224,5026218.009,-75.62376706,45.37254331,2015-10-10,18:44,01 - Clear,01 - Dry,10 - No control,04 - At/near private drive,07 - Dark,02 - Non-fatal injury,07 - SMV other,Greenboro East
2267,WEST HUNT CLUB RD @ ANTARES DR/LASER ST,367107.7113,5022082.583,-75.70502439,45.33592445,2015-07-21,17:30,01 - Clear,01 - Dry,01 - Traffic signal,02 - Intersection related,01 - Daylight,02 - Non-fatal injury,03 - Rear end,Industrial Park
2268,BAYSHORE DR btwn CARLING AVE & WOODRIDGE CRES N,359027.1211,5023948.675,-75.80791084,45.35338663,2015-06-30,16:45,01 - Clear,01 - Dry,10 - No control,01 - Non intersection,01 - Daylight,02 - Non-fatal injury,07 - SMV other,Bayshore
2269,BASELINE RD/HERON RD @ PRINCE OF WALES DR,366872.5718,5026439.507,-75.70747716,45.37514803,2015-07-16,10:26,01 - Clear,01 - Dry,01 - Traffic signal,02 - Intersection related,01 - Daylight,02 - Non-fatal injury,03 - Rear end,Civic Hospital - Experimental Farm - Central Park
2270,MAITLAND AVE @ WOODWARD DR,363273.6946,5025662.167,-75.75351446,45.36846319,2015-09-18,17:38,01 - Clear,01 - Dry,01 - Traffic signal,02 - Intersection related,01 - Daylight,02 - Non-fatal injury,05 - Turning movement,Braemar Park - Bel Air Heights - Copeland Park
2271,GLENORA ST btwn HAZEL ST & HERRIDGE ST,369142.1106,5030029.891,-75.67803519,45.40724843,2015-09-08,12:10,01 - Clear,01 - Dry,10 - No control,01 - Non intersection,01 - Daylight,02 - Non-fatal injury,06 - SMV unattended vehicle,Old Ottawa East
2272,ORLEANS BLVD btwn ST. LOUIS DR & BROKEN OAK DR,379794.6319,5038378.263,-75.54069565,45.48130065,2015-10-08,12:47,01 - Clear,01 - Dry,10 - No control,01 - Non intersection,01 - Daylight,02 - Non-fatal injury,07 - SMV other,Orleans South West
2273,RIDEAU ST @ NICHOLAS ST,368141.435,5032184.217,-75.69054052,45.42672362,2015-08-03,17:15,01 - Clear,01 - Dry,02 - Stop sign,02 - Intersection related,01 - Daylight,02 - Non-fatal injury,03 - Rear end,Byward Market - Parliament Hill
2274,HUNT CLUB RD @ LORRY GREENBERG DR/SABLE RIDGE ,372823.7387,5024806.424,-75.63172779,45.35990173,2015-10-11,17:11,01 - Clear,01 - Dry,01 - Traffic signal,02 - Intersection related,01 - Daylight,02 - Non-fatal injury,03 - Rear end,Greenboro East
2275,MERIVALE RD btwn KIMWAY CRES & LOBLAWS SC,364785.1469,5024902.428,-75.73431293,45.36149945,2015-09-03,12:46,01 - Clear,01 - Dry,10 - No control,04 - At/near private drive,01 - Daylight,02 - Non-fatal injury,05 - Turning movement,Cityview - Skyline - Fisher Heights
2276,BREWER RD @ BRONSON AVE,368110.4885,5027766.076,-75.69150329,45.38697338,2015-09-12,11:36,02 - Rain,02 - Wet,01 - Traffic signal,03 - At intersection,01 - Daylight,02 - Non-fatal injury,05 - Turning movement,Carleto
2277,STONECREST RD btwn NEEDHAMS SIDE RD & KILKENNY DR,337643.5789,5030201.661,-76.08039866,45.41098098,2015-10-08,14:40,01 - Clear,01 - Dry,10 - No control,01 - Non intersection,01 - Daylight,02 - Non-fatal injury,07 - SMV other,Car
2278,CARLING AVE @ CROYDON AVE,360660.122,5025041.436,-75.78694731,45.36309106,2015-10-12,13:59,01 - Clear,01 - Dry,01 - Traffic signal,02 - Intersection related,01 - Daylight,02 - Non-fatal injury,03 - Rear end,Whitehaven - Queensway Terrace North
2279,BEAUPARC PRIV @ CYRVILLE RD,373065.166,5031805.48,-75.62767823,45.42285272,2015-07-15,14:44,01 - Clear,01 - Dry,02 - Stop sign,03 - At intersection,01 - Daylight,03 - P.D. only,05 - Turning movement,Industrial Park
2280,LISGAR ST @ O'CONNOR ST,367764.1517,5031159.938,-75.69549237,45.41754156,2015-07-21,10:21,02 - Rain,02 - Wet,01 - Traffic signal,03 - At intersection,01 - Daylight,02 - Non-fatal injury,07 - SMV other,Centretown
2281,HAWTHORNE RD @ LEITRIM RD,377037.3203,5022709.142,-75.57825773,45.34060994,2015-09-23,13:41,01 - Clear,01 - Dry,01 - Traffic signal,03 - At intersection,01 - Daylight,02 - Non-fatal injury,02 - Angle,Greenbelt
2282,LOVITT RD @ RICHMOND RD,359667.2034,5023803.056,-75.79975838,45.35202656,2015-09-25,12:09,01 - Clear,01 - Dry,02 - Stop sign,02 - Intersection related,01 - Daylight,02 - Non-fatal injury,07 - SMV other,Whitehaven - Queensway Terrace North
2283,RIVERSIDE DR @ HERON RD,368120.7204,5026647.265,-75.69151613,45.3769057,2015-10-03,11:15,01 - Clear,01 - Dry,01 - Traffic signal,02 - Intersection related,01 - Daylight,02 - Non-fatal injury,03 - Rear end,Riverside Park
2284,WALLER ST btwn BESSERER ST & DALY AVE,368338.2971,5032130.179,-75.68803199,45.42621955,2015-08-30,17:09,01 - Clear,01 - Dry,10 - No control,01 - Non intersection,01 - Daylight,02 - Non-fatal injury,03 - Rear end,Byward Market - Parliament Hill
2285,BLAIR RD @ OGILVIE RD,374507.7237,5033197.494,-75.60904978,45.43523505,2015-10-08,15:40,01 - Clear,01 - Dry,01 - Traffic signal,03 - At intersection,01 - Daylight,02 - Non-fatal injury,04 - Sideswipe,Industrial Park
2286,LYON ST @ WELLINGTON ST,366935.9917,5031425.806,-75.70603941,45.42000779,2015-10-12,14:17,01 - Clear,01 - Dry,01 - Traffic signal,03 - At intersection,01 - Daylight,02 - Non-fatal injury,04 - Sideswipe,Downtown
2287,CARLING AVE @ KIRKWOOD AVE S,364353.1419,5027337.189,-75.73953326,45.38344388,2015-10-12,18:39,01 - Clear,01 - Dry,01 - Traffic signal,02 - Intersection related,07 - Dark,02 - Non-fatal injury,03 - Rear end,Carlington
2288,GEORGE ST btwn SUSSEX DR & 26 W OF BYWARD MARKET/FREIMAN MALL,367882.9096,5032136.819,-75.69385004,45.42632051,2015-09-26,19:21,01 - Clear,01 - Dry,10 - No control,04 - At/near private drive,05 - Dusk,02 - Non-fatal injury,02 - Angle,Byward Market
2289,BRIDLE PARK DR btwn EQUESTRIAN DR & RIVERGREEN CRES,355304.0904,5016278.185,-75.85620608,45.28464442,2015-09-27,3:14,01 - Clear,01 - Dry,10 - No control,01 - Non intersection,07 - Dark,02 - Non-fatal injury,03 - Rear end,Bridlewood - Emerald Meadows
2290,EARL MULLIGAN DR @ WOODROFFE AVE,365250.7012,5017505.379,-75.72927406,45.29490162,2015-09-25,13:37,01 - Clear,01 - Dry,01 - Traffic signal,03 - At intersection,01 - Daylight,02 - Non-fatal injury,05 - Turning movement,Greenbelt
2291,TENTH LINE RD @ CHARLEMAGNE BLVD S/DES EPINETT,383640.9751,5036900.456,-75.49173924,45.46758093,2015-09-02,18:08,01 - Clear,01 - Dry,01 - Traffic signal,03 - At intersection,01 - Daylight,02 - Non-fatal injury,05 - Turning movement,Orl¨¦ans
2292,RIVERSIDE DR btwn RIDGEWOOD AVE & BAYPORT PRIV,368287.9119,5025583.226,-75.6895184,45.36731663,2015-09-11,16:12,01 - Clear,01 - Dry,10 - No control,01 - Non intersection,01 - Daylight,02 - Non-fatal injury,03 - Rear end,Riverside Park
2293,QUEEN ST btwn METCALFE ST & ELGIN ST,367658.0714,5031685.263,-75.69678063,45.4222778,2015-10-08,16:52,01 - Clear,01 - Dry,10 - No control,01 - Non intersection,01 - Daylight,02 - Non-fatal injury,07 - SMV other,Downtown
2294,MERIVALE RD @ FAMILY BROWN LANE,365004.2384,5023386.028,-75.73170123,45.34783632,2015-09-24,16:30,01 - Clear,01 - Dry,01 - Traffic signal,02 - Intersection related,01 - Daylight,02 - Non-fatal injury,03 - Rear end,Borden Farm - Stewart Farm - Parkwood Hills - Fisher Glen
2295,WEST HUNT CLUB RD WB btwn MERIVALE RD & ROYDON PL,365801.4554,5022062.463,-75.72169165,45.33585819,2015-10-04,12:55,01 - Clear,01 - Dry,10 - No control,01 - Non intersection,01 - Daylight,02 - Non-fatal injury,03 - Rear end,Industrial Park
2296,RIVERSIDE DR @ BROOKFIELD RD/HOG'S BACK RD,368168.4317,5026222.882,-75.69096147,45.3730829,2015-10-09,7:28,02 - Rain,02 - Wet,01 - Traffic signal,02 - Intersection related,01 - Daylight,02 - Non-fatal injury,04 - Sideswipe,Riverside Park
2297,NASKAPI DR @ OGILVIE RD,375600.0043,5034689.229,-75.59487623,45.44854705,2015-10-13,7:31,01 - Clear,01 - Dry,02 - Stop sign,03 - At intersection,01 - Daylight,02 - Non-fatal injury,02 - Angle,Beacon Hill North
2298,INNES RD @ JEANNE D'ARC BLVD/MER BLEUE RD,382637.7536,5035565.752,-75.50477833,45.45568494,2015-10-02,10:17,01 - Clear,01 - Dry,01 - Traffic signal,03 - At intersection,01 - Daylight,02 - Non-fatal injury,05 - Turning movement,Chapel Hill South
2299,VANIER PKWY NB btwn MONTREAL RD & MCARTHUR AVE,370198.5248,5032794.73,-75.66417404,45.43202745,2015-07-22,7:39,01 - Clear,01 - Dry,10 - No control,01 - Non intersection,01 - Daylight,02 - Non-fatal injury,04 - Sideswipe,Vanier South
2300,CARP RD @ CAVANMORE RD,345801.2835,5017622.832,-75.977225,45.29736263,2015-10-16,10:55,01 - Clear,01 - Dry,02 - Stop sign,03 - At intersection,01 - Daylight,02 - Non-fatal injury,05 - Turning movement,Stittsville - Basswood
2301,MILL HILL RD @ ROBERTSON RD,356241.6562,5019958.386,-75.84387351,45.31769146,2015-10-16,13:29,01 - Clear,01 - Dry,02 - Stop sign,02 - Intersection related,01 - Daylight,02 - Non-fatal injury,02 - Angle,Bells Corners West
2302,BANK ST @ WILTON CRES,368577.7102,5028966.186,-75.68538218,45.39772922,2015-09-25,12:22,01 - Clear,01 - Dry,02 - Stop sign,03 - At intersection,01 - Daylight,02 - Non-fatal injury,05 - Turning movement,The Glebe
2303,AIRPORT PKWY btwn RAMP & RAMP (1),368929.2623,5026221.807,-75.68124891,45.37300402,2015-09-28,16:46,02 - Rain,02 - Wet,10 - No control,01 - Non intersection,01 - Daylight,02 - Non-fatal injury,03 - Rear end,Riverside Park
2304,RICHMOND RD btwn PERTH ST & CAMBRIAN RD,358922.5969,5008111.878,-75.81097191,45.2108932,2015-09-28,17:45,02 - Rain,02 - Wet,10 - No control,01 - Non intersection,01 - Daylight,02 - Non-fatal injury,07 - SMV other,Munster Hamlet - Richmond
2305,BLAIR RD @ INNES RD,375578.7349,5031439.195,-75.59561533,45.4193073,2015-10-06,12:04,01 - Clear,01 - Dry,01 - Traffic signal,02 - Intersection related,01 - Daylight,02 - Non-fatal injury,03 - Rear end,Greenbelt
2306,HERZBERG RD @ TURTLE POINT PRIV,351793.7615,5022881.258,-75.90032462,45.34430388,2015-09-24,17:16,01 - Clear,01 - Dry,02 - Stop sign,03 - At intersection,01 - Daylight,02 - Non-fatal injury,05 - Turning movement,Kanata Lakes - Marchwood Lakeside - Morgan's Grant - Kanata
2307,LEITRIM RD btwn 810 W OF HAWTHORNE & BANK ST,376551.6781,5022284.775,-75.58451523,45.33684152,2015-10-16,12:44,01 - Clear,01 - Dry,10 - No control,01 - Non intersection,01 - Daylight,02 - Non-fatal injury,07 - SMV other,Greenbelt
2308,PRINCE OF WALES DR @ STRANDHERD DR,367174.5691,5014823.11,-75.70508487,45.27059866,2015-09-26,0:31,01 - Clear,01 - Dry,01 - Traffic signal,02 - Intersection related,07 - Dark,02 - Non-fatal injury,03 - Rear end,Greenbelt
2309,RENAUD RD @ NAVAN RD,381814.5711,5032742.419,-75.5157437,45.43037407,2015-10-05,17:25,01 - Clear,01 - Dry,01 - Traffic signal,02 - Intersection related,01 - Daylight,02 - Non-fatal injury,03 - Rear end,Chapel Hill South
2310,DONALD ST @ ST. LAURENT BLVD,372092.9922,5032473.666,-75.64000837,45.42895894,2015-10-05,15:18,01 - Clear,01 - Dry,01 - Traffic signal,02 - Intersection related,01 - Daylight,02 - Non-fatal injury,03 - Rear end,Overbrook
2311,PRINCE OF WALES DR @ FAIRPARK DR,367269.0111,5015413.172,-75.70380715,45.27589961,2015-09-28,18:15,02 - Rain,02 - Wet,02 - Stop sign,02 - Intersection related,05 - Dusk,02 - Non-fatal injury,03 - Rear end,Chapman Mills - Rideau Crest - Davidson Heights
2312,BLAIR RD @ REGIONAL RD 174 N/OR174 IC112 RAMP61,374633.2899,5032990.494,-75.60747445,45.43336005,2015-10-13,9:49,02 - Rain,02 - Wet,01 - Traffic signal,02 - Intersection related,01 - Daylight,02 - Non-fatal injury,99 - Other,Industrial Park
2313,HIGHLAND AVE @ WELLESLEY AVE,363257.9703,5026786.176,-75.75358214,45.37857819,2015-10-10,13:33,01 - Clear,01 - Dry,03 - Yield sign,03 - At intersection,01 - Daylight,02 - Non-fatal injury,02 - Angle,Carlingwood - McKellar Park - Laurentien View
2314,SOUTHMORE DR @ WALKLEY RD,369710.201,5025574.611,-75.67136459,45.36710884,2015-10-06,18:58,01 - Clear,01 - Dry,02 - Stop sign,02 - Intersection related,07 - Dark,02 - Non-fatal injury,03 - Rear end,Riverside Park
2315,BRONSON AVE @ GLADSTONE AVE,367132.981,5030080.483,-75.70369271,45.40788546,2015-10-08,9:43,01 - Clear,01 - Dry,01 - Traffic signal,03 - At intersection,01 - Daylight,02 - Non-fatal injury,07 - SMV other,Centretown West
2316,HERZBERG RD @ CARLING AVE,352038.3407,5022300.853,-75.8972592,45.33906486,2015-09-21,16:54,01 - Clear,01 - Dry,01 - Traffic signal,02 - Intersection related,01 - Daylight,02 - Non-fatal injury,03 - Rear end,Kanata Lakes - Marchwood Lakeside - Morgan's Grant - Kanata
2317,HAZELDEAN RD @ HUNTMAR DR/IBER RD,350941.8772,5016079.072,-75.91182822,45.28315263,2015-10-05,13:52,01 - Clear,01 - Dry,01 - Traffic signal,03 - At intersection,01 - Daylight,02 - Non-fatal injury,03 - Rear end,Stittsville
2318,HAWTHORNE RD @ HUNT CLUB RD,375507.0292,5026407.61,-75.59725264,45.37404297,2015-10-09,11:30,02 - Rain,02 - Wet,01 - Traffic signal,02 - Intersection related,01 - Daylight,02 - Non-fatal injury,03 - Rear end,Industrial Park
2319,BRIAN COBURN BLVD @ PORTOBELLO BLVD,385750.8946,5035488.727,-75.46499328,45.45463823,2015-09-25,8:17,01 - Clear,01 - Dry,02 - Stop sign,02 - Intersection related,01 - Daylight,02 - Non-fatal injury,03 - Rear end,Avalon
2320,BANK ST @ GILMOUR ST,367785.984,5030774.211,-75.69526274,45.41406894,2015-07-17,14:13,01 - Clear,01 - Dry,01 - Traffic signal,02 - Intersection related,01 - Daylight,02 - Non-fatal injury,03 - Rear end,Centretown
2321,BELFAST RD @ TRAINYARDS,371883.4416,5030912.493,-75.64289867,45.41493234,2015-10-10,15:14,01 - Clear,01 - Dry,01 - Traffic signal,03 - At intersection,01 - Daylight,02 - Non-fatal injury,02 - Angle,Industrial Park
2322,EARL ARMSTRONG RD @ RIVER RD,367572.7185,5014683.316,-75.70002893,45.26930538,2015-09-30,13:00,01 - Clear,01 - Dry,01 - Traffic signal,03 - At intersection,01 - Daylight,02 - Non-fatal injury,07 - SMV other,Gloucester
2323,HAZELDEAN RD btwn YOUNG RD & CASTLEFRANK RD,352494.881,5017509.637,-75.8918956,45.29592157,2015-09-29,12:30,02 - Rain,02 - Wet,10 - No control,01 - Non intersection,01 - Daylight,02 - Non-fatal injury,03 - Rear end,Glen Cairn - Kanata South Business Park
2324,MONTREAL RD @ ST. LAURENT BLVD,371545.7029,5033817.234,-75.64681969,45.44110019,2015-10-14,6:46,01 - Clear,01 - Dry,01 - Traffic signal,02 - Intersection related,03 - Dawn,02 - Non-fatal injury,03 - Rear end,Cummings
2325,ELGIN ST @ FRANK ST,368356.9904,5030888.212,-75.68795334,45.41504306,2015-07-24,14:17,01 - Clear,01 - Dry,02 - Stop sign,03 - At intersection,01 - Daylight,02 - Non-fatal injury,02 - Angle,Centretown
2326,HAWTHORNE RD @ RUSSELL RD,374834.3015,5028069.621,-75.60560482,45.38906451,2015-09-26,10:39,01 - Clear,01 - Dry,01 - Traffic signal,03 - At intersection,01 - Daylight,02 - Non-fatal injury,05 - Turning movement,Industrial Park
2327,GREENBANK RD @ WEST HUNT CLUB RD,361479.677,5020502.84,-75.77700655,45.32218715,2015-09-26,16:05,01 - Clear,01 - Dry,01 - Traffic signal,02 - Intersection related,01 - Daylight,02 - Non-fatal injury,03 - Rear end,Greenbelt
2328,HOLLAND AVE @ 95 N OF SHERWOOD DR/FISHER PARK ,365111.7818,5028733.855,-75.72967595,45.39594589,2015-09-28,15:02,02 - Rain,02 - Wet,01 - Traffic signal,02 - Intersection related,01 - Daylight,02 - Non-fatal injury,03 - Rear end,Island Park
2329,WEST HUNT CLUB RD @ 354 E OF WOODROFFE AVE/REC,363982.687,5021425.57,-75.74497114,45.33028325,2015-09-28,16:43,02 - Rain,02 - Wet,01 - Traffic signal,02 - Intersection related,01 - Daylight,02 - Non-fatal injury,03 - Rear end,Tanglewood
2330,RIVERSIDE DR @ TREMBLAY RD/HWY417 IC117 RAMP52,370801.4195,5031015.688,-75.65670795,45.41596374,2015-10-11,16:32,01 - Clear,01 - Dry,01 - Traffic signal,02 - Intersection related,01 - Daylight,02 - Non-fatal injury,03 - Rear end,Industrial Park