Record,Location,X,Y,lon,lat,Date,Time,Environment,Road_Surface,Traffic_Control,Collision_Location,Light,Collision_Classification,Impact_type,Neighborhood
2331,APPLEFORD ST @ OGILVIE RD,375315.2857,5033687.943,-75.59865917,45.43956685,2015-10-13,17:28,01 - Clear,01 - Dry,01 - Traffic signal,02 - Intersection related,01 - Daylight,02 - Non-fatal injury,04 - Sideswipe,Beacon Hill South - Cardinal Heights
2332,GREENBANK RD @ BELLMAN DR/BATEMAN DR,361257.3962,5021017.129,-75.77978305,45.32683263,2015-09-30,16:12,01 - Clear,01 - Dry,01 - Traffic signal,02 - Intersection related,01 - Daylight,02 - Non-fatal injury,03 - Rear end,Sheahan Estates - Trend Village - Arlington Woods
2333,CASSIDY RD btwn NORTHSIDE RD & DANTE AVE,358881.0911,5021408.704,-75.81005212,45.33054316,2015-07-03,0:05,01 - Clear,01 - Dry,10 - No control,01 - Non intersection,07 - Dark,02 - Non-fatal injury,07 - SMV other,Bells Corners East
2334,MONTREAL RD btwn CLOVELLY RD & ELWOOD ST,374331.5066,5034406.016,-75.61113104,45.4461262,2015-10-06,14:30,01 - Clear,01 - Dry,10 - No control,04 - At/near private drive,01 - Daylight,02 - Non-fatal injury,05 - Turning movement,Beacon Hill South - Cardinal Heights
2335,BASELINE RD btwn NAVAHO DR & COLLEGE SQUARE SC,363080.9952,5024093.643,-75.75615926,45.35436583,2015-10-15,9:27,02 - Rain,02 - Wet,10 - No control,01 - Non intersection,01 - Daylight,02 - Non-fatal injury,07 - SMV other,Braemar Park - Bel Air Heights - Copeland Park
2336,FISHER AVE @ SHILLINGTON AVE,365625.9719,5027296.906,-75.72328624,45.38297205,2015-10-16,8:46,01 - Clear,01 - Dry,01 - Traffic signal,02 - Intersection related,01 - Daylight,02 - Non-fatal injury,03 - Rear end,Carlington
2337,AVIATION PKWY @ MONTREAL RD,372148.158,5034108.222,-75.63907982,45.44366058,2015-08-10,18:38,01 - Clear,01 - Dry,01 - Traffic signal,02 - Intersection related,01 - Daylight,02 - Non-fatal injury,03 - Rear end,Cummings
2338,BEECH ST btwn RAILWAY ST & PRESTON ST,366552.8381,5029212.965,-75.711212,45.40013119,2015-09-28,19:17,01 - Clear,02 - Wet,10 - No control,01 - Non intersection,07 - Dark,02 - Non-fatal injury,07 - SMV other,Centretown West
2339,HERON RD @ 155 W OF BANK ST/CANADIAN TIRE SC,369847.8238,5026830.415,-75.66944252,45.37839542,2015-10-14,18:08,01 - Clear,01 - Dry,01 - Traffic signal,03 - At intersection,01 - Daylight,02 - Non-fatal injury,02 - Angle,Alta Vista
2340,EAGLESON RD @ PERTH ST/RICHMOND RD,358016.3512,5007410.706,-75.8225833,45.20465289,2015-09-03,7:14,01 - Clear,01 - Dry,01 - Traffic signal,02 - Intersection related,01 - Daylight,02 - Non-fatal injury,03 - Rear end,Munster Hamlet - Richmond
2341,BRONSON AVE @ CARLING AVE/GLEBE AVE,367448.4277,5029334.481,-75.69975804,45.40114498,2015-09-30,15:00,01 - Clear,01 - Dry,01 - Traffic signal,02 - Intersection related,01 - Daylight,02 - Non-fatal injury,07 - SMV other,The Glebe
2342,BANK ST btwn BLAIS RD & RIDEAU RD,376524.2237,5018841.957,-75.58536407,45.30586733,2015-10-04,12:41,01 - Clear,01 - Dry,10 - No control,04 - At/near private drive,01 - Daylight,02 - Non-fatal injury,03 - Rear end,Greenbelt
2343,INNES RD @ TENTH LINE RD,383951.7603,5036159.921,-75.48788462,45.46088313,2015-10-15,9:33,01 - Clear,01 - Dry,01 - Traffic signal,02 - Intersection related,01 - Daylight,02 - Non-fatal injury,03 - Rear end,Queenswood Heights
2344,ALTA VISTA DR @ RANDALL AVE,370409.4423,5027366.182,-75.66220111,45.3831637,2015-10-15,16:31,02 - Rain,02 - Wet,01 - Traffic signal,02 - Intersection related,01 - Daylight,02 - Non-fatal injury,07 - SMV other,Alta Vista
2345,CALDWELL AVE @ MERIVALE RD,364907.398,5026229.331,-75.73259115,45.37342823,2015-10-16,11:45,01 - Clear,01 - Dry,01 - Traffic signal,03 - At intersection,01 - Daylight,02 - Non-fatal injury,05 - Turning movement,Civic Hospital - Experimental Farm - Central Park
2346,DOZOIS RD btwn LONGSHADOW ST & RIDEAU BEND CRES,371806.6584,5011821.003,-75.64646367,45.24316015,2015-10-16,14:31,01 - Clear,01 - Dry,10 - No control,01 - Non intersection,01 - Daylight,02 - Non-fatal injury,07 - SMV other,Manotick
2347,"EGLISE, RUE DE L @ MONTREAL RD",371158.4309,5033633.947,-75.65179418,45.43948792,2015-10-07,19:16,01 - Clear,01 - Dry,01 - Traffic signal,03 - At intersection,07 - Dark,02 - Non-fatal injury,05 - Turning movement,Vanier South
2348,CHARLEMAGNE BLVD @ WATTERS RD,384558.1999,5038047.783,-75.4798249,45.47779936,2015-09-29,11:48,02 - Rain,02 - Wet,02 - Stop sign,02 - Intersection related,01 - Daylight,02 - Non-fatal injury,02 - Angle,Fallingbrook
2349,BELFAST RD btwn TRAINYARDS DR & ST. LAURENT BLVD,372843.4268,5030573.157,-75.63068154,45.41178646,2015-10-15,12:23,01 - Clear,01 - Dry,10 - No control,04 - At/near private drive,01 - Daylight,02 - Non-fatal injury,02 - Angle,Industrial Park
2350,MERIVALE RD btwn RAVEN AVE & LAROSE AVE,364844.4169,5026883.067,-75.73331569,45.37931583,2015-10-18,18:00,01 - Clear,01 - Dry,10 - No control,01 - Non intersection,05 - Dusk,02 - Non-fatal injury,04 - Sideswipe,Carlington
2351,RICHMOND RD btwn WOODROFFE AVE & LOCKHART AVE,361599.8215,5026674.613,-75.77476524,45.37771075,2015-09-10,15:56,01 - Clear,01 - Dry,10 - No control,01 - Non intersection,01 - Daylight,02 - Non-fatal injury,07 - SMV other,Carlingwood - McKellar Park - Laurentien View
2352,RICHMOND RD btwn KHYMER CRT & STEEPLE HILL CRES,357322.3229,5014550.722,-75.83066344,45.2689525,2015-10-05,7:09,01 - Clear,01 - Dry,10 - No control,01 - Non intersection,01 - Daylight,02 - Non-fatal injury,01 - Approaching,Greenbelt
2353,RIVER RD btwn LOWEN DR & BALMORAL DR,368000.4618,5018512.259,-75.69409061,45.30371944,2015-10-16,16:54,01 - Clear,01 - Dry,10 - No control,01 - Non intersection,01 - Daylight,02 - Non-fatal injury,07 - SMV other,Nepean
2354,MONTREAL RD @ VANIER PKWY,370074.1512,5033064.511,-75.66572766,45.43446645,2015-07-09,21:17,01 - Clear,01 - Dry,01 - Traffic signal,02 - Intersection related,07 - Dark,02 - Non-fatal injury,03 - Rear end,Vanier
2355,CASTLEFRANK RD @ TERRY FOX DR,352994.7297,5016303.727,-75.88564011,45.28503639,2015-08-13,16:33,01 - Clear,01 - Dry,01 - Traffic signal,02 - Intersection related,01 - Daylight,02 - Non-fatal injury,02 - Angle,Glen Cairn - Kanata South Business Park
2356,RIVER RD btwn LOWEN DR & BALMORAL DR,367967.0522,5018170.478,-75.69456014,45.30064715,2015-10-08,19:54,01 - Clear,01 - Dry,10 - No control,04 - At/near private drive,07 - Dark,02 - Non-fatal injury,03 - Rear end,Nepean
2357,JEANNE D'ARC BLVD @ CEDAR MILLS RD/CHAMPNEUF D,381215.8916,5036277.987,-75.52284467,45.46224999,2015-09-30,8:17,01 - Clear,01 - Dry,02 - Stop sign,02 - Intersection related,01 - Daylight,02 - Non-fatal injury,07 - SMV other,Orleans Village - Chateauneuf
2358,BULLMAN ST @ PARKDALE AVE,364994.6982,5029622.199,-75.73106283,45.40394909,2015-10-19,8:24,01 - Clear,01 - Dry,02 - Stop sign,03 - At intersection,01 - Daylight,02 - Non-fatal injury,07 - SMV other,Islan
2359,BRONSON AVE @ LAURIER AVE,366805.4217,5030860.488,-75.70777878,45.41493281,2015-10-19,13:59,01 - Clear,01 - Dry,01 - Traffic signal,02 - Intersection related,01 - Daylight,02 - Non-fatal injury,07 - SMV other,Centretown West
2360,MERIVALE RD btwn AMBERWOOD CRES & FALLOWFIELD RD,366776.3973,5019125.19,-75.70962129,45.30934359,2015-10-06,17:01,01 - Clear,01 - Dry,10 - No control,01 - Non intersection,01 - Daylight,02 - Non-fatal injury,03 - Rear end,Greenbelt
2361,GLOUCESTER ST btwn METCALFE ST & ELGIN ST,367948.5117,5031454.155,-75.69309929,45.42017221,2015-07-28,12:10,01 - Clear,01 - Dry,10 - No control,01 - Non intersection,01 - Daylight,02 - Non-fatal injury,06 - SMV unattended vehicle,Downtown
2362,RAMSAYVILLE RD @ LEITRIM RD,378726.0512,5023874.586,-75.55653838,45.35092006,2015-10-09,12:28,02 - Rain,02 - Wet,02 - Stop sign,02 - Intersection related,01 - Daylight,02 - Non-fatal injury,03 - Rear end,Greenbelt
2363,EXETER DR N @ WESSEX RD,363589.6795,5015212.348,-75.75072135,45.27440985,2015-10-10,13:19,01 - Clear,01 - Dry,02 - Stop sign,02 - Intersection related,01 - Daylight,02 - Non-fatal injury,03 - Rear end,Barrhaven West - Old Barrhaven
2364,INDUSTRIAL AVE @ TRAINYARDS DR,371686.6758,5030540.56,-75.64546287,45.41160468,2015-10-16,20:26,02 - Rain,02 - Wet,01 - Traffic signal,03 - At intersection,07 - Dark,02 - Non-fatal injury,05 - Turning movement,Industrial Park
2365,BASELINE RD @ PENDER ST,363935.3278,5024625.518,-75.74519272,45.35908005,2015-09-08,14:36,01 - Clear,01 - Dry,02 - Stop sign,02 - Intersection related,01 - Daylight,02 - Non-fatal injury,03 - Rear end,Braemar Park - Bel Air Heights - Copeland Park
2366,GLYNN AVE @ NORTH RIVER RD,370025.4335,5032065.946,-75.66648252,45.42548631,2015-10-13,15:10,02 - Rain,02 - Wet,02 - Stop sign,03 - At intersection,01 - Daylight,02 - Non-fatal injury,02 - Angle,Overbrook
2367,TRIM RD @ DAIRY DR/TAYLOR CREEK DR,384534.3303,5039595.031,-75.47987892,45.49172272,2015-10-13,16:02,01 - Clear,01 - Dry,11 - Roundabout,03 - At intersection,01 - Daylight,02 - Non-fatal injury,04 - Sideswipe,Industrial Park
2368,INNES RD @ TENTH LINE RD,383951.7603,5036158.48,-75.48788485,45.46087016,2015-09-30,8:24,01 - Clear,01 - Dry,01 - Traffic signal,02 - Intersection related,01 - Daylight,02 - Non-fatal injury,03 - Rear end,Queenswood Heights
2369,CARLING AVE btwn DAVIDSON'S SIDE RD & GRANDVIEW RD,354420.6471,5023643.154,-75.86672917,45.35097861,2015-10-07,1:58,01 - Clear,01 - Dry,10 - No control,01 - Non intersection,07 - Dark,02 - Non-fatal injury,07 - SMV other,Crystal Bay - Lakeview Park - Britannia Village
2370,WELLINGTON ST btwn BAY ST & LYON ST N,366829.1124,5031361.296,-75.70741308,45.41943684,2015-07-31,16:00,01 - Clear,01 - Dry,10 - No control,01 - Non intersection,01 - Daylight,02 - Non-fatal injury,07 - SMV other,Downtown
2371,GREENLAND RD btwn PINE VALLEY CRT & VANCES SIDE RD,341922.0151,5036124.829,-76.02529351,45.46406511,2015-10-10,6:30,"07 - Fog, mist, smoke, dust",01 - Dry,10 - No control,01 - Non intersection,03 - Dawn,02 - Non-fatal injury,07 - SMV other,Torwoo
2372,AMBERWOOD CRES @ MERIVALE RD,366407.5433,5020015.401,-75.71421411,45.31738606,2015-10-10,13:54,01 - Clear,01 - Dry,01 - Traffic signal,02 - Intersection related,01 - Daylight,02 - Non-fatal injury,07 - SMV other,Merivale Gardens - Grenfell Glen - Pineglen - Country Place
2373,GREENBANK RD @ STRANDHERD DR,363932.9619,5014784.417,-75.74639754,45.27053054,2015-12-06,10:30,01 - Clear,01 - Dry,01 - Traffic signal,03 - At intersection,01 - Daylight,02 - Non-fatal injury,05 - Turning movement,New Barrhaven
2374,CARLING AVE @ RICHMOND RD,360243.5129,5024782.234,-75.79229398,45.36079185,2015-12-10,21:39,01 - Clear,01 - Dry,01 - Traffic signal,02 - Intersection related,07 - Dark,02 - Non-fatal injury,03 - Rear end,Whitehaven - Queensway Terrace North
2375,GREENBANK RD @ MALVERN DR/FOXFIELD DR,363311.1794,5016194.687,-75.75415475,45.28327219,2015-10-26,7:18,01 - Clear,01 - Dry,01 - Traffic signal,03 - At intersection,01 - Daylight,02 - Non-fatal injury,05 - Turning movement,Barrhaven West - Old Barrhaven
2376,COOPER ST @ PERCY ST,367068.259,5030641.568,-75.70444858,45.4129397,2015-12-06,21:25,01 - Clear,01 - Dry,02 - Stop sign,03 - At intersection,07 - Dark,02 - Non-fatal injury,02 - Angle,Centretown
2377,BANTREE ST @ INNES RD,373706.4452,5030406.555,-75.61968026,45.41020301,2015-10-13,9:50,02 - Rain,02 - Wet,01 - Traffic signal,02 - Intersection related,01 - Daylight,02 - Non-fatal injury,03 - Rear end,Industrial Park
2378,RIVERSIDE DR NB btwn RIVERSIDE DR SPLIT & DATA CENTRE RD,368695.4994,5027484.635,-75.68406969,45.38438793,2015-12-02,16:30,01 - Clear,01 - Dry,10 - No control,04 - At/near private drive,05 - Dusk,02 - Non-fatal injury,02 - Angle,Alta Vista
2379,CHARLOTTE ST @ RIDEAU ST,369248.9883,5032860.673,-75.67629969,45.43270893,2015-08-18,19:55,01 - Clear,01 - Dry,01 - Traffic signal,02 - Intersection related,01 - Daylight,02 - Non-fatal injury,07 - SMV other,Lower Town
2380,CARLING AVE EB btwn FAIRLAWN AVE/WOODROFFE AVE W & CARLINGWOOD SC/FAIRLAWN PLAZA SC,361956.3006,5025844.588,-75.77031005,45.37021327,2015-10-07,7:05,01 - Clear,01 - Dry,10 - No control,01 - Non intersection,01 - Daylight,02 - Non-fatal injury,07 - SMV other,Carlingwood West - Glabar Park - McKellar Heights
2381,BEAUSEJOUR DR btwn KAMOURASKA CIRC & ORLEANS BLVD,380955.5706,5035881.531,-75.52623441,45.45871142,2015-10-19,8:51,01 - Clear,01 - Dry,10 - No control,01 - Non intersection,01 - Daylight,02 - Non-fatal injury,06 - SMV unattended vehicle,Chapel Hill
2382,BASELINE RD @ LOBLAWS SC,364743.1431,5025128.813,-75.73482159,45.36354002,2015-10-26,8:21,01 - Clear,01 - Dry,01 - Traffic signal,03 - At intersection,01 - Daylight,02 - Non-fatal injury,07 - SMV other,Civic Hospital - Experimental Farm - Central Park
2383,HERON RD @ JEFFERSON ST,371807.7114,5027052.795,-75.64439045,45.38021161,2015-10-26,8:20,01 - Clear,01 - Dry,01 - Traffic signal,02 - Intersection related,01 - Daylight,02 - Non-fatal injury,02 - Angle,Ledbury - Heron Gate - Ridgemont - Elmwood
2384,CHAMPLAIN ST btwn JEANNE D'ARC BLVD N & OR174 IC102 RAMP61,381432.7605,5038587.768,-75.51971166,45.4830077,2015-09-22,18:57,01 - Clear,01 - Dry,10 - No control,01 - Non intersection,01 - Daylight,02 - Non-fatal injury,03 - Rear end,Orleans South West
2385,MORRISON DR @ BASELINE RD,360100.3892,5022309.494,-75.79439725,45.33855346,2015-12-11,11:05,01 - Clear,01 - Dry,01 - Traffic signal,03 - At intersection,01 - Daylight,02 - Non-fatal injury,02 - Angle,Qualicum - Redwood Park
2386,DALHOUSIE ST @ GUIGUES AVE,367913.4197,5032712.866,-75.69338636,45.43150083,2015-12-12,2:18,01 - Clear,01 - Dry,02 - Stop sign,03 - At intersection,07 - Dark,02 - Non-fatal injury,02 - Angle,Lower Town
2387,OGILVIE RD btwn MATHESON RD & CADBORO RD,373391.0058,5032542.387,-75.62341237,45.42945117,2015-08-22,13:20,01 - Clear,01 - Dry,10 - No control,01 - Non intersection,01 - Daylight,02 - Non-fatal injury,03 - Rear end,Industrial Park
2388,BLOHM DR @ HUNT CLUB RD,375129.746,5026187.717,-75.60210029,45.37210244,2015-10-19,13:35,01 - Clear,01 - Dry,01 - Traffic signal,03 - At intersection,01 - Daylight,02 - Non-fatal injury,02 - Angle,Hunt Club
2389,BLAIR RD @ REGIONAL RD 174 N/OR174 IC112 RAMP61,374635.2383,5032991.828,-75.60744936,45.43337186,2015-10-26,9:15,01 - Clear,01 - Dry,01 - Traffic signal,02 - Intersection related,01 - Daylight,02 - Non-fatal injury,03 - Rear end,Industrial Park
2390,BOTELER ST @ SUSSEX DR,367450.5908,5032950.89,-75.69927062,45.4336841,2015-09-23,5:01,01 - Clear,01 - Dry,01 - Traffic signal,02 - Intersection related,07 - Dark,02 - Non-fatal injury,02 - Angle,Byward Market - Parliament Hill
2391,SMYTH RD btwn EDGECOMBE ST & HAIG DR,372430.3275,5029284.332,-75.63613544,45.40023023,2015-11-13,8:36,01 - Clear,02 - Wet,10 - No control,04 - At/near private drive,01 - Daylight,02 - Non-fatal injury,02 - Angle,Elmvale - Eastway - Riverview - Riverview Park West
2392,RIDEAU RD btwn POWER RD & HAWTHORNE RD,378495.1799,5018796.551,-75.5602403,45.30525477,2015-12-09,2:20,01 - Clear,01 - Dry,10 - No control,01 - Non intersection,07 - Dark,02 - Non-fatal injury,07 - SMV other,Greenbelt
2393,WEST HUNT CLUB RD @ ROYDON PL/SUNDERLAND ST,365973.7076,5022168.409,-75.71948102,45.33679648,2015-09-24,12:57,01 - Clear,01 - Dry,01 - Traffic signal,03 - At intersection,01 - Daylight,02 - Non-fatal injury,05 - Turning movement,Industrial Park
2394,INNES RD btwn 260 E OF BELCOURT BLVD/WALMART SC & JEANNE D'ARC BLVD/ME,382457.5734,5035467.013,-75.50709733,45.45481662,2015-10-08,16:43,01 - Clear,01 - Dry,10 - No control,01 - Non intersection,01 - Daylight,02 - Non-fatal injury,03 - Rear end,Orleans Village - Chateauneuf
2395,BLACKBURN BYPASS @ INNES RD W,377185.7586,5032176.05,-75.57497577,45.42577264,2015-10-19,17:42,01 - Clear,02 - Wet,01 - Traffic signal,03 - At intersection,01 - Daylight,02 - Non-fatal injury,07 - SMV other,Greenbelt
2396,MEADOWLANDS DR @ BAYNE AVE,364768.8362,5023678.019,-75.73466964,45.35048378,2015-10-26,17:43,01 - Clear,01 - Dry,02 - Stop sign,03 - At intersection,01 - Daylight,02 - Non-fatal injury,05 - Turning movement,Crestview - Meadowlands
2397,BASELINE RD @ NAVAHO DR,363084.97,5024097.867,-75.75610803,45.3544035,2015-10-01,17:23,01 - Clear,01 - Dry,01 - Traffic signal,03 - At intersection,01 - Daylight,02 - Non-fatal injury,05 - Turning movement,Braemar Park - Bel Air Heights - Copeland Park
2398,JEANNE MANCE ST @ CODY AVE,370390.6661,5032931.54,-75.66170042,45.43324041,2015-12-08,20:53,01 - Clear,01 - Dry,,02 - Intersection related,07 - Dark,02 - Non-fatal injury,07 - SMV other,Vanier South
2399,CEDARVIEW RD @ WEST HUNT CLUB RD,359717.9554,5019553.756,-75.79958219,45.31378727,2015-11-16,17:30,01 - Clear,01 - Dry,01 - Traffic signal,03 - At intersection,07 - Dark,02 - Non-fatal injury,05 - Turning movement,Greenbelt
2400,RENAUD RD btwn IDA ST & Continuation of RENAUD RD,379712.7498,5032011.887,-75.54271254,45.42402956,2015-12-08,17:24,01 - Clear,01 - Dry,10 - No control,01 - Non intersection,07 - Dark,02 - Non-fatal injury,07 - SMV other,Greenbelt
2401,MARCH RD @ RICHARDSON SIDE RD,351413.708,5021782.159,-75.90527767,45.33443932,2015-12-11,18:42,02 - Rain,02 - Wet,01 - Traffic signal,03 - At intersection,07 - Dark,02 - Non-fatal injury,07 - SMV other,South March
2402,REGIONAL ROAD 174 btwn OR174 IC112 RAMP15 & TRANSIT,375130.8166,5033075.395,-75.60110431,45.43407408,2015-10-09,15:48,01 - Clear,01 - Dry,10 - No control,01 - Non intersection,01 - Daylight,02 - Non-fatal injury,03 - Rear end,Greenbelt
2403,BASELINE RD @ LOBLAWS SC,364743.3731,5025128.775,-75.73481865,45.36353966,2015-12-13,14:15,01 - Clear,01 - Dry,01 - Traffic signal,02 - Intersection related,01 - Daylight,02 - Non-fatal injury,03 - Rear end,Civic Hospital - Experimental Farm - Central Park
2404,OR174 IC112 RAMP15 btwn BLAIR RD & REGIONAL ROAD 174,374993.0886,5032725.078,-75.60291433,45.43093596,2015-11-04,17:32,01 - Clear,01 - Dry,10 - No control,01 - Non intersection,07 - Dark,02 - Non-fatal injury,03 - Rear end,Greenbelt
2405,MONTREAL RD btwn CUMMINGS AVE & THOMSON ST,372033.714,5034052.88,-75.64055017,45.44317365,2015-09-04,9:06,01 - Clear,01 - Dry,10 - No control,04 - At/near private drive,01 - Daylight,02 - Non-fatal injury,05 - Turning movement,Cummings
2406,ALBION RD @ HUNT CLUB RD,371867.2267,5024320.771,-75.64400147,45.35562415,2015-10-19,19:45,01 - Clear,02 - Wet,01 - Traffic signal,03 - At intersection,07 - Dark,02 - Non-fatal injury,05 - Turning movement,South Keys - Heron Gate - Greenboro West
2407,MEADOWLANDS DR/TALLWOOD DR @ WOODROFFE AVE,363055.9676,5022729.772,-75.75663931,45.34209591,2015-12-11,20:17,01 - Clear,02 - Wet,01 - Traffic signal,02 - Intersection related,07 - Dark,02 - Non-fatal injury,03 - Rear end,Crestview - Meadowlands
2408,ST. PATRICK ST/ST. ANDREW ST @ BEAUSOLEIL DR,368427.8887,5033069.895,-75.68676577,45.43466663,2015-10-15,14:12,01 - Clear,01 - Dry,01 - Traffic signal,02 - Intersection related,01 - Daylight,02 - Non-fatal injury,03 - Rear end,Lower Town
2409,BASELINE RD btwn MORLEY BLVD & PRINCE OF WALES DR,366735.0783,5026384.381,-75.70923938,45.37466418,2015-12-14,7:55,01 - Clear,02 - Wet,10 - No control,01 - Non intersection,01 - Daylight,02 - Non-fatal injury,04 - Sideswipe,Civic Hospital - Experimental Farm - Central Park
2410,BASELINE RD @ LOBLAWS SC,364742.1096,5025129.316,-75.73483472,45.36354463,2015-12-11,11:56,01 - Clear,01 - Dry,01 - Traffic signal,02 - Intersection related,01 - Daylight,02 - Non-fatal injury,03 - Rear end,Civic Hospital - Experimental Farm - Central Park
2411,BANK ST btwn PHILNOR ST & SALE BARN RD,379610.6875,5013743.984,-75.54677898,45.25967622,2015-10-19,18:42,01 - Clear,02 - Wet,10 - No control,01 - Non intersection,05 - Dusk,02 - Non-fatal injury,05 - Turning movement,Osgoode
2412,GILMOUR ST @ LYON ST,367452.6979,5030573.825,-75.69954601,45.41229585,2015-10-20,9:47,01 - Clear,01 - Dry,02 - Stop sign,03 - At intersection,01 - Daylight,02 - Non-fatal injury,07 - SMV other,Centretown
2413,CONROY RD @ HUNT CLUB RD,373764.462,5025404.523,-75.61963811,45.36519128,2015-11-20,14:00,01 - Clear,01 - Dry,01 - Traffic signal,02 - Intersection related,01 - Daylight,02 - Non-fatal injury,03 - Rear end,Greenboro East
2414,BELFAST RD btwn TRAINYARDS DR & ST. LAURENT BLVD,372822.457,5030563.4,-75.63095076,45.41170071,2015-10-23,14:30,01 - Clear,01 - Dry,10 - No control,04 - At/near private drive,01 - Daylight,02 - Non-fatal injury,05 - Turning movement,Industrial Park
2415,GREENBANK RD btwn VIEWBANK RD & PRINCE OF WALES DR,366175.3374,5009547.172,-75.71846938,45.2232137,2015-12-12,2:42,01 - Clear,01 - Dry,10 - No control,01 - Non intersection,07 - Dark,02 - Non-fatal injury,03 - Rear end,New Barrhaven
2416,REGIONAL ROAD 174 btwn OR174 IC105 RAMP25 & OR174 IC102 RAMP51,380838.6839,5037812.15,-75.52743007,45.4760943,2015-10-20,15:24,01 - Clear,01 - Dry,10 - No control,01 - Non intersection,01 - Daylight,02 - Non-fatal injury,07 - SMV other,Industrial Park
2417,STRANDHERD DR @ CEDARVIEW RD/TARTAN DR,362290.7056,5013546.675,-75.7674683,45.25952942,2015-10-20,12:34,01 - Clear,01 - Dry,01 - Traffic signal,03 - At intersection,01 - Daylight,02 - Non-fatal injury,02 - Angle,New Barrhaven
2418,MONTREAL RD @ BATHGATE DR/BURMA RD,373224.7224,5034516.592,-75.62526277,45.44723033,2015-07-28,7:40,01 - Clear,01 - Dry,01 - Traffic signal,02 - Intersection related,01 - Daylight,02 - Non-fatal injury,03 - Rear end,Carson Grove - Carson Meadows
2419,DONNELLY DR btwn MERLYN WILSON RD & MCCORDICK RD,369812.5926,4991320.165,-75.67452882,45.0588796,2015-11-21,19:20,01 - Clear,01 - Dry,10 - No control,01 - Non intersection,07 - Dark,02 - Non-fatal injury,07 - SMV other,Munster Hamlet - Richmond
2420,JEANNE D'ARC BLVD @ OR174 IC105 RAMP52,379455.7683,5036917.523,-75.54525163,45.46819436,2015-12-09,20:46,01 - Clear,01 - Dry,01 - Traffic signal,02 - Intersection related,07 - Dark,02 - Non-fatal injury,03 - Rear end,Greenbelt
2421,FALLOWFIELD RD @ GREENBANK RD,363080.6757,5016731.733,-75.75702967,45.28812369,2015-12-10,6:30,01 - Clear,02 - Wet,01 - Traffic signal,03 - At intersection,07 - Dark,02 - Non-fatal injury,05 - Turning movement,Barrhaven West - Old Barrhaven
2422,ALBERT ST @ BRONSON AVE,366738.9823,5031017.296,-75.70860786,45.41634961,2015-12-14,20:55,02 - Rain,02 - Wet,01 - Traffic signal,03 - At intersection,07 - Dark,02 - Non-fatal injury,02 - Angle,Byward Market - Parliament Hill
2423,GREENBANK RD @ HARRISON ST/ASHGROVE CRES,360840.4037,5022006.772,-75.78499009,45.33577086,2015-11-13,14:53,02 - Rain,02 - Wet,01 - Traffic signal,02 - Intersection related,01 - Daylight,02 - Non-fatal injury,03 - Rear end,Briar Green - Leslie Park
2424,INNES RD @ PAGE RD,380887.0283,5034540.194,-75.52731819,45.4466506,2015-10-11,17:24,01 - Clear,01 - Dry,01 - Traffic signal,03 - At intersection,01 - Daylight,02 - Non-fatal injury,05 - Turning movement,Orleans Village - Chateauneuf
2425,CARLING AVE WB btwn RICHMOND RD & POULIN AVE,360340.3793,5024840.814,-75.79105104,45.36131128,2015-10-20,15:40,01 - Clear,01 - Dry,10 - No control,01 - Non intersection,01 - Daylight,02 - Non-fatal injury,07 - SMV other,Whitehaven - Queensway Terrace North
2426,O'CONNOR ST btwn ARGYLE AVE & CATHERINE ST,368189.7559,5030476.564,-75.69014277,45.41135435,2015-10-20,15:50,01 - Clear,01 - Dry,10 - No control,01 - Non intersection,01 - Daylight,02 - Non-fatal injury,03 - Rear end,Centretown
2427,BOOTH ST @ SOMERSET ST,366591.1819,5030255.838,-75.71059158,45.40951129,2015-10-21,14:20,01 - Clear,01 - Dry,01 - Traffic signal,02 - Intersection related,01 - Daylight,02 - Non-fatal injury,07 - SMV other,Centretown West
2428,EAGLESON RD btwn FAULKNER TR & FALLOWFIELD RD,355773.2786,5013086.242,-75.8505532,45.25588875,2015-08-13,15:21,01 - Clear,01 - Dry,10 - No control,01 - Non intersection,01 - Daylight,02 - Non-fatal injury,01 - Approaching,Greenbelt
2429,BAYSHORE DR @ WOODRIDGE CRES N,359074.315,5023875.8,-75.80731656,45.35272724,2015-12-10,8:31,01 - Clear,01 - Dry,01 - Traffic signal,03 - At intersection,01 - Daylight,02 - Non-fatal injury,07 - SMV other,Bayshore
2430,BLAIR RD @ REGIONAL RD 174 N/OR174 IC112 RAMP61,374634.0093,5032990.853,-75.6074652,45.43336321,2015-12-15,13:20,01 - Clear,01 - Dry,01 - Traffic signal,03 - At intersection,01 - Daylight,02 - Non-fatal injury,02 - Angle,Industrial Park
2431,POULIN AVE @ RICHMOND RD,360324.9574,5024901.236,-75.79124109,45.36185618,2015-12-15,18:49,01 - Clear,01 - Dry,01 - Traffic signal,03 - At intersection,07 - Dark,02 - Non-fatal injury,07 - SMV other,Woodroffe - Lincoln Heights