Record,Location,X,Y,lon,lat,Date,Time,Environment,Road_Surface,Traffic_Control,Collision_Location,Light,Collision_Classification,Impact_type,Neighborhood
2638,ROCKY HILL DR @ PRINCE OF WALES DR,366969.6869,5014403.191,-75.70774825,45.26683839,2015-12-07,11:40,01 - Clear,01 - Dry,01 - Traffic signal,03 - At intersection,01 - Daylight,02 - Non-fatal injury,02 - Angle,Chapman Mills - Rideau Crest - Davidson Heights
2639,REGIONAL ROAD 174 btwn Continuation of REGIONAL ROAD 174 & OR174 IC112,373979.8753,5032227.96,-75.61593173,45.42656412,2015-11-25,14:33,01 - Clear,01 - Dry,10 - No control,01 - Non intersection,01 - Daylight,02 - Non-fatal injury,07 - SMV other,Industrial Park
2640,AIRPORT PKWY btwn BROOKFIELD RAMP 34 & BRONSON AVE RAMP 24C,368715.2703,5026659.26,-75.68392409,45.37695965,2015-11-04,17:44,01 - Clear,01 - Dry,10 - No control,01 - Non intersection,07 - Dark,02 - Non-fatal injury,03 - Rear end,Alta Vista
2641,HERON RD @ JEFFERSON ST,371808.7253,5027051.82,-75.64437764,45.38020274,2015-12-01,16:44,02 - Rain,02 - Wet,01 - Traffic signal,03 - At intersection,05 - Dusk,02 - Non-fatal injury,07 - SMV other,Ledbury - Heron Gate - Ridgemont - Elmwood
2642,MACLAREN ST @ O'CONNOR ST,367899.5344,5030941.119,-75.69379075,45.4155605,2015-12-01,17:55,01 - Clear,02 - Wet,02 - Stop sign,03 - At intersection,07 - Dark,02 - Non-fatal injury,07 - SMV other,Centretown
2643,BANK ST @ HERON RD,369997.164,5026851.542,-75.66753309,45.37857163,2015-12-07,12:04,01 - Clear,01 - Dry,01 - Traffic signal,03 - At intersection,01 - Daylight,02 - Non-fatal injury,05 - Turning movement,Alta Vista
2644,BANK ST @ RANDALL AVE,369739.7252,5027283.988,-75.67076296,45.38248655,2015-12-07,15:09,01 - Clear,01 - Dry,01 - Traffic signal,02 - Intersection related,01 - Daylight,02 - Non-fatal injury,04 - Sideswipe,Alta Vista
2645,SLACK RD @ WOODROFFE AVE,364232.9615,5019973.034,-75.74195285,45.31719229,2015-12-03,8:40,01 - Clear,01 - Dry,01 - Traffic signal,03 - At intersection,01 - Daylight,02 - Non-fatal injury,05 - Turning movement,Greenbelt
2646,RICHMOND RD @ ROBERTSON RD,357579.0991,5020747.315,-75.82673183,45.32469106,2015-11-18,15:57,01 - Clear,01 - Dry,01 - Traffic signal,03 - At intersection,01 - Daylight,02 - Non-fatal injury,04 - Sideswipe,Bells Corners East
2647,WOODRIDGE CRES @ 220 W OF BAYSHORE DR/BAYSHORE,359041.453,5023377.006,-75.80779065,45.34824163,2015-11-26,9:01,01 - Clear,01 - Dry,01 - Traffic signal,02 - Intersection related,01 - Daylight,02 - Non-fatal injury,02 - Angle,Bayshore
2648,PLACE D'ORLEANS @ CENTRUM BLVD/PLACE D'ORLEANS,381963.4321,5038137.787,-75.512995,45.47890071,2015-11-27,18:48,02 - Rain,02 - Wet,01 - Traffic signal,03 - At intersection,07 - Dark,02 - Non-fatal injury,05 - Turning movement,Industrial Park
2649,FISHER AVE btwn ARNOT RD & DEER PARK RD,366402.6554,5025469.246,-75.71359733,45.36645929,2015-11-27,23:09,02 - Rain,02 - Wet,10 - No control,01 - Non intersection,07 - Dark,02 - Non-fatal injury,03 - Rear end,Civic Hospital - Experimental Farm - Central Park
2650,BRONSON AVE @ COMMISSIONER ST/SLATER ST,366769.4274,5030948.568,-75.70822755,45.41572852,2015-11-27,6:24,01 - Clear,01 - Dry,01 - Traffic signal,03 - At intersection,03 - Dawn,02 - Non-fatal injury,05 - Turning movement,Byward Market - Parliament Hill
2651,ISLAND PARK DR @ RICHMOND RD,364129.966,5028867.917,-75.74219882,45.39723603,2015-10-20,21:56,01 - Clear,01 - Dry,01 - Traffic signal,03 - At intersection,07 - Dark,02 - Non-fatal injury,02 - Angle,Island Park
2652,ST. JOSEPH BLVD btwn ST. JEAN ST & BELCOURT BLVD,381029.2889,5037243.795,-75.52508068,45.47095993,2015-10-29,9:13,01 - Clear,01 - Dry,10 - No control,04 - At/near private drive,01 - Daylight,02 - Non-fatal injury,03 - Rear end,Orleans Village - Chateauneuf
2653,BASELINE RD btwn CLYDE AVE & 207 E OF CLYDE AVE,364523.2063,5024993.755,-75.73764517,45.36234356,2015-11-12,16:24,02 - Rain,02 - Wet,10 - No control,01 - Non intersection,05 - Dusk,02 - Non-fatal injury,03 - Rear end,Civic Hospital - Experimental Farm - Central Park
2654,TENTH LINE RD @ CHARLEMAGNE BLVD N/TOMPKINS AV,383184.6519,5037979.326,-75.49740193,45.47733899,2015-12-01,22:03,04 - Freezing Rain,06 - Ice,01 - Traffic signal,03 - At intersection,07 - Dark,02 - Non-fatal injury,05 - Turning movement,Queenswood Heights
2655,FALLOWFIELD RD @ HWY 416 FALLOWFI IC66R24,360278.3542,5014852.045,-75.79296137,45.27143687,2015-12-04,17:22,01 - Clear,01 - Dry,02 - Stop sign,03 - At intersection,07 - Dark,02 - Non-fatal injury,02 - Angle,Munster Hamlet - Richmond
2656,SHEFFIELD RD @ WALKLEY RD,375258.4571,5028783.817,-75.60008669,45.39544794,2015-11-27,7:13,01 - Clear,01 - Dry,01 - Traffic signal,03 - At intersection,01 - Daylight,02 - Non-fatal injury,05 - Turning movement,Industrial Park
2657,BAY ST @ GLADSTONE AVE,367462.7107,5030288.564,-75.69945436,45.40972826,2015-11-18,9:25,01 - Clear,01 - Dry,02 - Stop sign,03 - At intersection,01 - Daylight,02 - Non-fatal injury,05 - Turning movement,Centretown
2658,CENTRAL PARK DR N @ MERIVALE RD,364953.6259,5025873.588,-75.73204432,45.37022335,2015-12-03,17:47,01 - Clear,01 - Dry,01 - Traffic signal,03 - At intersection,07 - Dark,02 - Non-fatal injury,05 - Turning movement,Civic Hospital - Experimental Farm - Central Park
2659,SLATER ST btwn BANK ST & O'CONNOR ST,367436.2548,5031361.075,-75.69965601,45.41938075,2015-12-08,17:17,01 - Clear,01 - Dry,10 - No control,01 - Non intersection,07 - Dark,02 - Non-fatal injury,07 - SMV other,Downtown
2660,DONALD ST @ VANIER PKWY,370311.7131,5032268.784,-75.66279756,45.42728461,2015-10-28,7:37,01 - Clear,01 - Dry,01 - Traffic signal,02 - Intersection related,01 - Daylight,02 - Non-fatal injury,03 - Rear end,Overbrook
2661,DALHOUSIE ST @ ST. PATRICK ST,367959.1446,5032639.859,-75.6928114,45.43083981,2015-11-19,10:59,01 - Clear,01 - Dry,01 - Traffic signal,03 - At intersection,01 - Daylight,02 - Non-fatal injury,02 - Angle,Byward Market
2662,BASELINE RD @ NAVAHO DR,363086.4127,5024097.506,-75.75608966,45.35440014,2015-11-19,17:36,02 - Rain,02 - Wet,01 - Traffic signal,02 - Intersection related,07 - Dark,02 - Non-fatal injury,03 - Rear end,Braemar Park - Bel Air Heights - Copeland Park
2663,ROOSEVELT AVE @ RICHMOND RD,362977.9715,5028116.11,-75.75700024,45.39056806,2015-11-07,18:34,01 - Clear,01 - Dry,01 - Traffic signal,03 - At intersection,07 - Dark,02 - Non-fatal injury,05 - Turning movement,Westboro
2664,PRESTON ST @ ELM ST,366245.5007,5030273.601,-75.71500518,45.40970155,2015-12-04,17:43,01 - Clear,01 - Dry,01 - Traffic signal,03 - At intersection,07 - Dark,02 - Non-fatal injury,07 - SMV other,Little Italy
2665,TERRY FOX DR btwn PALLADIUM DR & MAPLE GROVE RD,351544.2223,5017876.739,-75.90398112,45.29928874,2015-12-07,17:44,01 - Clear,01 - Dry,10 - No control,01 - Non intersection,07 - Dark,02 - Non-fatal injury,03 - Rear end,Katimavik - Hazeldean
2666,ELGIN ST @ LAURIER AVE,367948.7099,5031550.298,-75.69308443,45.42103725,2015-11-21,22:34,01 - Clear,01 - Dry,01 - Traffic signal,03 - At intersection,07 - Dark,02 - Non-fatal injury,05 - Turning movement,Downtown
2667,CARLING AVE @ KIRKWOOD AVE S,364350.9798,5027336.468,-75.73956095,45.38343757,2015-10-30,16:59,01 - Clear,01 - Dry,01 - Traffic signal,02 - Intersection related,01 - Daylight,02 - Non-fatal injury,03 - Rear end,Carlington
2668,BLAIR RD @ OGILVIE RD,374507.0017,5033197.131,-75.60905906,45.43523186,2015-11-26,13:52,01 - Clear,01 - Dry,01 - Traffic signal,02 - Intersection related,01 - Daylight,02 - Non-fatal injury,03 - Rear end,Industrial Park
2669,DUNROBIN RD btwn KINBURN SIDE RD & VANCES SIDE RD,338971.976,5034871.511,-76.06310378,45.452938,2015-08-01,17:50,01 - Clear,01 - Dry,10 - No control,01 - Non intersection,01 - Daylight,02 - Non-fatal injury,07 - SMV other,Woodlawn
2670,WEST HUNT CLUB RD @ WOODROFFE AVE,363670.691,5021245.767,-75.7489725,45.32869163,2015-11-12,13:22,02 - Rain,02 - Wet,01 - Traffic signal,02 - Intersection related,01 - Daylight,02 - Non-fatal injury,03 - Rear end,Merivale Gardens - Grenfell Glen - Pineglen - Country Place
2671,RIOCAN AVE @ STRANDHERD DR,364172.2088,5014943.851,-75.74332973,45.27194497,2015-11-27,13:30,02 - Rain,02 - Wet,01 - Traffic signal,03 - At intersection,01 - Daylight,02 - Non-fatal injury,05 - Turning movement,New Barrhaven
2672,INNES RD @ TENTH LINE RD,383951.7603,5036158.839,-75.48788479,45.46087339,2015-12-04,21:37,01 - Clear,01 - Dry,01 - Traffic signal,02 - Intersection related,07 - Dark,02 - Non-fatal injury,04 - Sideswipe,Queenswood Heights
2673,MACKENZIE KING BR/WALLER ST @ NICHOLAS ST/WALL,368372.1456,5031993.361,-75.68761713,45.42498543,2015-11-22,2:58,02 - Rain,02 - Wet,01 - Traffic signal,03 - At intersection,07 - Dark,02 - Non-fatal injury,07 - SMV other,Sandy Hill
2674,RIVER GARDEN PRIV @ WALKLEY RD,368607.064,5024913.878,-75.68553097,45.36126503,2015-11-26,15:33,01 - Clear,01 - Dry,10 - No control,02 - Intersection related,01 - Daylight,02 - Non-fatal injury,03 - Rear end,Hunt Club Woods - Quintarra - Revelstoke - Riverside South P
2675,BEARBROOK RD/ROCKCLIFFE PKWY @ ST. JOSEPH BLVD,377134.8303,5035232.403,-75.57517733,45.45327701,2015-11-28,11:38,01 - Clear,01 - Dry,01 - Traffic signal,03 - At intersection,01 - Daylight,02 - Non-fatal injury,05 - Turning movement,Greenbelt
2676,RICHMOND RD @ HOLLY ACRES RD/NANAIMO DR,359057.9496,5022748.496,-75.80764909,45.34258501,2015-11-20,8:31,01 - Clear,01 - Dry,01 - Traffic signal,02 - Intersection related,01 - Daylight,02 - Non-fatal injury,03 - Rear end,Greenbelt
2677,ELGIN ST @ MCLEOD ST,368424.7121,5030778.849,-75.68710229,45.41405289,2015-11-30,15:05,01 - Clear,01 - Dry,02 - Stop sign,03 - At intersection,01 - Daylight,02 - Non-fatal injury,02 - Angle,Centretown
2678,LEITRIM RD @ ALBION RD,373497.6889,5020418.689,-75.62373555,45.32035679,2015-12-01,16:39,04 - Freezing Rain,06 - Ice,01 - Traffic signal,02 - Intersection related,05 - Dusk,02 - Non-fatal injury,07 - SMV other,Greenbelt
2679,DEVON ST btwn KEATS AVE & SHELLEY AVE,371913.089,5029986.261,-75.64264603,45.40659566,2015-08-16,19:12,01 - Clear,01 - Dry,10 - No control,01 - Non intersection,01 - Daylight,02 - Non-fatal injury,07 - SMV other,Elmvale - Eastway - Riverview - Riverview Park West
2680,BANK ST @ RIVERSIDE DR N,369225.7159,5027982.465,-75.67723466,45.38881869,2015-09-04,13:30,01 - Clear,01 - Dry,01 - Traffic signal,03 - At intersection,01 - Daylight,02 - Non-fatal injury,02 - Angle,Alta Vista
2681,BELMEADE RD btwn 6TH LINE RD & BANK ST,386267.4495,5000223.681,-75.46418309,45.13728882,2015-12-05,15:38,01 - Clear,01 - Dry,10 - No control,01 - Non intersection,01 - Daylight,02 - Non-fatal injury,07 - SMV other,Osgoode
2682,MEADOWLANDS DR @ MERIVALE RD,364859.4219,5023724.788,-75.733508,45.35089685,2015-11-01,17:24,01 - Clear,01 - Dry,01 - Traffic signal,03 - At intersection,07 - Dark,02 - Non-fatal injury,05 - Turning movement,Cityview - Skyline - Fisher Heights
2683,ABBOTT ST @ STITTSVILLE MAIN ST,350249.3063,5013332.139,-75.92090741,45.25847992,2015-12-07,18:12,01 - Clear,01 - Dry,01 - Traffic signal,03 - At intersection,07 - Dark,02 - Non-fatal injury,07 - SMV other,Stittsville
2684,RICHMOND RD btwn TWEEDSMUIR AVE & MCRAE AVE,363540.176,5028493.808,-75.74977589,45.39391959,2015-09-14,9:24,01 - Clear,01 - Dry,10 - No control,01 - Non intersection,01 - Daylight,02 - Non-fatal injury,06 - SMV unattended vehicle,Westboro
2685,REGIONAL ROAD 174 btwn OR174 IC101 RAMP63 & OR174 IC101 RAMP45,383188.1813,5039180.592,-75.49716505,45.48814648,2015-11-22,21:25,01 - Clear,01 - Dry,10 - No control,01 - Non intersection,07 - Dark,02 - Non-fatal injury,07 - SMV other,Chatelaine Village
2686,BASELINE RD @ SIOUX CRES,359413.6628,5021851.129,-75.80320944,45.33448288,2015-09-24,15:21,01 - Clear,01 - Dry,02 - Stop sign,03 - At intersection,01 - Daylight,02 - Non-fatal injury,02 - Angle,Briar Green - Leslie Park
2687,MERLYN WILSON RD btwn BART'S LANE & END,369176.0542,4990372.966,-75.68273159,45.05041463,2015-11-23,8:31,01 - Clear,01 - Dry,10 - No control,04 - At/near private drive,01 - Daylight,02 - Non-fatal injury,05 - Turning movement,Munster Hamlet - Richmond
2688,CASTLEFRANK RD @ HAZELDEAN RD,352678.6001,5017676.047,-75.88953727,45.29740648,2015-12-02,14:25,01 - Clear,02 - Wet,01 - Traffic signal,03 - At intersection,01 - Daylight,02 - Non-fatal injury,05 - Turning movement,Glen Cairn - Kanata South Business Park
2689,BANK ST btwn SUNNYSIDE AVE & HOPEWELL AVE,368746.2611,5028559.167,-75.6832823,45.39405161,2015-12-03,11:42,01 - Clear,01 - Dry,10 - No control,01 - Non intersection,01 - Daylight,02 - Non-fatal injury,04 - Sideswipe,Old Ottawa South
2690,TERRY FOX DR btwn Continuation of TERRY FOX DR & CAMPEAU DR,350280.0459,5019037.235,-75.91999286,45.30981419,2015-12-05,17:43,01 - Clear,01 - Dry,10 - No control,04 - At/near private drive,07 - Dark,02 - Non-fatal injury,02 - Angle,Kanata Lakes - Marchwood Lakeside - Morgan's Grant - Kanata
2691,MAITLAND AVE/HWY 417 MAITLAND IC126R53 @ HWY 4,363229.1191,5025774.102,-75.75407023,45.36947409,2015-09-24,17:03,01 - Clear,01 - Dry,01 - Traffic signal,03 - At intersection,01 - Daylight,02 - Non-fatal injury,05 - Turning movement,Braemar Park - Bel Air Heights - Copeland Park
2692,CHESTERTON DR btwn ASSINIBOINE DR & FOUR SEASONS DR,365866.6435,5023781.564,-75.72064778,45.35132073,2015-11-23,7:54,01 - Clear,01 - Dry,10 - No control,01 - Non intersection,01 - Daylight,02 - Non-fatal injury,03 - Rear end,Borden Farm - Stewart Farm - Parkwood Hills - Fisher Glen
2693,MEADOWLANDS DR @ MERIVALE RD,364859.4206,5023724.429,-75.73350806,45.35089362,2015-10-17,14:11,01 - Clear,01 - Dry,01 - Traffic signal,02 - Intersection related,01 - Daylight,02 - Non-fatal injury,07 - SMV other,Cityview - Skyline - Fisher Heights
2694,HIGHWAY 417 btwn HWY417 IC112 RAMP66 & HWY417 IC112 RAMP56,374413.4298,5030897.607,-75.61057986,45.41455128,2015-05-19,16:30,01 - Clear,01 - Dry,10 - No control,01 - Non intersection,01 - Daylight,02 - Non-fatal injury,99 - Other,Industrial Park
2695,ROCKCLIFFE PKWY btwn ACACIA AVE & HILLSDALE RD,369186.2358,5035501.967,-75.67675601,45.45648,2015-06-29,15:17,01 - Clear,01 - Dry,10 - No control,01 - Non intersection,01 - Daylight,02 - Non-fatal injury,07 - SMV other,Rockcliffe - Manor Park
2696,SUSSEX DR btwn JOHN ST & ALEXANDER ST,367874.7686,5033968.56,-75.69371939,45.4428026,2015-07-03,7:43,01 - Clear,01 - Dry,10 - No control,01 - Non intersection,01 - Daylight,02 - Non-fatal injury,03 - Rear end,New Edinburgh
2697,HIGHWAY 417 btwn HWY417 IC127 RAMP35 & HWY417 IC127 RAMP25,362144.0587,5024843.489,-75.7680294,45.36119013,2015-05-20,8:30,01 - Clear,01 - Dry,10 - No control,01 - Non intersection,01 - Daylight,02 - Non-fatal injury,04 - Sideswipe,Braemar Park - Bel Air Heights - Copeland Park
2698,ROCKCLIFFE PKWY btwn BIRCH AVE EXT./ROCKCLIFFE PKWY & ROCKCLIFFE PRKY ,370759.9964,5035878.594,-75.65658552,45.45972192,2015-07-04,0:00,01 - Clear,01 - Dry,10 - No control,04 - At/near private drive,00 - Unknown,02 - Non-fatal injury,07 - SMV other,Gloucester
2699,AMBLER LANE btwn KINGSVIEW LANE & TALLGRASS LANE,363160.0302,5014149.263,-75.75632173,45.26487996,2015-12-22,16:52,01 - Clear,01 - Dry,10 - No control,01 - Non intersection,05 - Dusk,02 - Non-fatal injury,06 - SMV unattended vehicle,New Barrhaven
2700,AMBLER LANE btwn KINGSVIEW LANE & TALLGRASS LANE,363135.1111,5014122.92,-75.75664234,45.26464499,2015-12-22,16:53,01 - Clear,01 - Dry,10 - No control,01 - Non intersection,05 - Dusk,02 - Non-fatal injury,06 - SMV unattended vehicle,New Barrhaven
2701,MADRID AVE btwn KENTON AVE & TALLGRASS LANE,363235.4994,5014184.15,-75.75535601,45.26518761,2015-12-22,16:54,01 - Clear,01 - Dry,10 - No control,01 - Non intersection,05 - Dusk,02 - Non-fatal injury,06 - SMV unattended vehicle,New Barrhaven
2702,ISLAND PARK DR btwn RICHMOND RD & BASSETT LANE,364161.9661,5028808.776,-75.74179724,45.39670118,2015-07-10,13:04,01 - Clear,01 - Dry,10 - No control,01 - Non intersection,01 - Daylight,02 - Non-fatal injury,03 - Rear end,Westboro
2703,ANDORA AVE btwn STRANDHERD DR & MADRID AVE,363247.603,5014285.962,-75.75518981,45.26610272,2015-12-22,16:55,01 - Clear,01 - Dry,10 - No control,01 - Non intersection,05 - Dusk,02 - Non-fatal injury,06 - SMV unattended vehicle,New Barrhaven
2704,MONTGOMERY ST @ MONTREAL RD,369814.4346,5032919.866,-75.66906586,45.43318919,2015-12-23,17:41,02 - Rain,02 - Wet,01 - Traffic signal,03 - At intersection,07 - Dark,02 - Non-fatal injury,07 - SMV other,Vanier South
2705,PARKDALE AVE EB ON RAMP/OTTAWA RIVER PKWY btwn OTTAWA RIVER PKWY & PAR,364731.5821,5030390.523,-75.73433021,45.41088487,2015-07-17,17:42,02 - Rain,02 - Wet,10 - No control,01 - Non intersection,01 - Daylight,02 - Non-fatal injury,07 - SMV other,Mechanicsville
2706,ISLAND PARK DR btwn BYRON AVE & IONA ST,364266.7364,5028568.813,-75.74048811,45.39453315,2015-07-18,13:05,01 - Clear,01 - Dry,10 - No control,01 - Non intersection,01 - Daylight,02 - Non-fatal injury,03 - Rear end,Westboro
2707,OTTAWA RIVER PKWY WB btwn TRANSIT & TURN LANE,362614.7921,5028929.466,-75.76154276,45.39791659,2015-07-28,18:00,01 - Clear,01 - Dry,10 - No control,04 - At/near private drive,01 - Daylight,02 - Non-fatal injury,02 - Angle,Westboro
2708,EASTVALE DR @ FILLMORE CRES W,375040.7136,5036058.323,-75.60182991,45.46092177,2015-12-01,21:47,02 - Rain,02 - Wet,02 - Stop sign,03 - At intersection,07 - Dark,02 - Non-fatal injury,07 - SMV other,Beacon Hill North
2709,ISLAND PARK DR btwn BYRON AVE & IONA ST,364339.8759,5028414.968,-75.73957261,45.39314266,2015-08-04,21:10,01 - Clear,02 - Wet,10 - No control,01 - Non intersection,07 - Dark,02 - Non-fatal injury,03 - Rear end,Island Park
2710,HIGHWAY 417 btwn HWY417 IC124 RAMP65 & HWY417 IC122 RAMP51,365140.3083,5028683.822,-75.72931775,45.39549324,2015-10-21,11:20,01 - Clear,01 - Dry,10 - No control,01 - Non intersection,01 - Daylight,02 - Non-fatal injury,03 - Rear end,Civic Hospital - Experimental Farm - Central Park
2711,HIGHWAY 417 btwn HWY417 IC124 RAMP65 & HWY417 IC122 RAMP51,365138.8643,5028690.32,-75.72933539,45.39555183,2015-10-21,12:30,01 - Clear,01 - Dry,10 - No control,01 - Non intersection,01 - Daylight,02 - Non-fatal injury,03 - Rear end,Civic Hospital - Experimental Farm - Central Park
2712,AVIATION PKWY NB @ LA CITE PRIV,372501.237,5033252.264,-75.63468462,45.43592499,2015-09-01,11:22,01 - Clear,01 - Dry,02 - Stop sign,02 - Intersection related,01 - Daylight,02 - Non-fatal injury,03 - Rear end,Carson Grove - Carson Meadows
2713,HIGHWAY 417 btwn HWY417 IC122 RAMP51 & HWY417 IC122 RAMP15,365317.1326,5028863.203,-75.7270375,45.39709201,2015-01-01,23:45,03 - Snow,03 - Loose snow,10 - No control,01 - Non intersection,07 - Dark,02 - Non-fatal injury,04 - Sideswipe,Civi
2714,REGIONAL ROAD 174 btwn TRANSIT & OR174 IC109 RAMP54,376020.4758,5033992.524,-75.58960235,45.44223581,2015-12-11,16:40,02 - Rain,02 - Wet,10 - No control,01 - Non intersection,05 - Dusk,02 - Non-fatal injury,03 - Rear end,Greenbelt
2715,HIGHWAY 417 btwn HWY417 IC122 RAMP15 & HWY417 IC121B RAMP51,366279.2712,5029413.47,-75.71468103,45.40195936,2015-01-01,23:40,03 - Snow,03 - Loose snow,10 - No control,01 - Non intersection,07 - Dark,02 - Non-fatal injury,07 - SMV other,Centretown West
2716,HIGHWAY 417 btwn HWY417 IC129 RAMP25 & HWY417 IC129 RAMP35,360481.6978,5023543.795,-75.7893934,45.34962953,2015-10-23,10:45,01 - Clear,01 - Dry,10 - No control,01 - Non intersection,01 - Daylight,02 - Non-fatal injury,03 - Rear end,Iris
2717,DONALD ST @ VANIER PKWY,370310.9911,5032270.585,-75.66280654,45.42730089,2015-12-14,17:26,01 - Clear,01 - Dry,01 - Traffic signal,03 - At intersection,07 - Dark,02 - Non-fatal injury,05 - Turning movement,Overbrook
2718,HWY417 IC138 RAMP61 btwn HWY417 IC138 RAMP62 & HIGHWAY 417,353479.8921,5020583.326,-75.87903561,45.32351171,2015-11-04,16:38,01 - Clear,01 - Dry,10 - No control,01 - Non intersection,05 - Dusk,02 - Non-fatal injury,03 - Rear end,Greenbelt
2719,HIGHWAY 416 btwn HWY416 IC75B RAMP25 & HWY416 IC75A RAMP26,358604.6673,5022287.333,-75.81348286,45.33847036,2015-01-03,14:10,03 - Snow,05 - Packed snow,10 - No control,01 - Non intersection,01 - Daylight,02 - Non-fatal injury,04 - Sideswipe,Greenbelt
2720,RIVERSIDE DR btwn HOG'S BACK RD & RIDGEWOOD AVE,368253.2967,5025742.74,-75.68993976,45.36875503,2015-12-16,11:30,01 - Clear,01 - Dry,10 - No control,04 - At/near private drive,01 - Daylight,02 - Non-fatal injury,03 - Rear end,Riverside Park
2721,HWY417 IC119A RAMP75 btwn METCALFE ST & HIGHWAY 417,368513.7204,5030449.774,-75.68600773,45.41108389,2015-11-25,13:45,01 - Clear,01 - Dry,10 - No control,01 - Non intersection,01 - Daylight,02 - Non-fatal injury,07 - SMV other,The Glebe
2722,HIGHWAY 417 btwn HWY417 IC142 RAMP35 & HWY417 IC142 RAMP25,349018.5333,5017281.736,-75.93623673,45.29409823,2015-01-04,13:25,02 - Rain,04 - Slush,10 - No control,01 - Non intersection,01 - Daylight,02 - Non-fatal injury,07 - SMV other,Stittsville - Basswood
2723,NICHOLAS ST SB btwn Continuation of NICHOLAS ST & HWY417 IC118 RAMP35,368776.1883,5031488.671,-75.68251998,45.42040758,2015-10-07,16:16,01 - Clear,01 - Dry,10 - No control,01 - Non intersection,01 - Daylight,02 - Non-fatal injury,03 - Rear end,Sandy Hill
2724,HWY417 IC131 RAMP51 btwn HIGHWAY 417 & HWY416 IC75C RAMP24,358415.0867,5022701.257,-75.81585677,45.34220938,2015-11-26,7:50,01 - Clear,01 - Dry,10 - No control,01 - Non intersection,01 - Daylight,02 - Non-fatal injury,03 - Rear end,Greenbelt
2725,HWY417 IC104 RAMP61 btwn ANDERSON RD & HIGHWAY 417,380054.5793,5026258.393,-75.53922279,45.37222679,2015-11-26,21:10,01 - Clear,01 - Dry,10 - No control,01 - Non intersection,07 - Dark,02 - Non-fatal injury,07 - SMV other,Greenbelt
2726,BELCOURT BLVD @ INNES RD,382121.5789,5035265.888,-75.51142422,45.45304432,2015-12-20,17:03,01 - Clear,01 - Dry,01 - Traffic signal,02 - Intersection related,07 - Dark,02 - Non-fatal injury,03 - Rear end,Chapel Hill South
2727,GOLDRIDGE DR btwn HEMLO CRES & AFTON PL,350016.646,5019458.667,-75.92331337,45.31362336,2015-12-21,1:17,01 - Clear,01 - Dry,10 - No control,01 - Non intersection,07 - Dark,02 - Non-fatal injury,07 - SMV other,Kanata Lakes - Marchwood Lakeside - Morgan's Grant - Kanata
2728,FISHER AVE @ MEADOWLANDS DR,366575.0649,5025046.168,-75.7114495,45.36263735,2015-12-21,19:32,02 - Rain,02 - Wet,01 - Traffic signal,03 - At intersection,07 - Dark,02 - Non-fatal injury,07 - SMV other,Carleton Heights - Rideauview
2729,HIGHWAY 417 btwn HWY417 IC118 RAMP76 & HWY417 IC118 RAMP67,369479.6918,5031074.246,-75.67358603,45.41661405,2015-02-14,7:18,03 - Snow,03 - Loose snow,10 - No control,01 - Non intersection,01 - Daylight,02 - Non-fatal injury,07 - SMV other,Sandy Hill
2730,QUEEN ELIZABETH DRWY @ TORRINGTON PL,367979.5956,5028616.785,-75.69306575,45.39463963,2015-07-26,13:40,01 - Clear,01 - Dry,02 - Stop sign,03 - At intersection,01 - Daylight,02 - Non-fatal injury,02 - Angle,The Glebe
2731,ST. JOSEPH BLVD @ REGIONAL RD 174/TRANSITWAY,376554.9839,5035056.018,-75.58261561,45.45174979,2015-07-31,11:00,01 - Clear,01 - Dry,01 - Traffic signal,02 - Intersection related,01 - Daylight,02 - Non-fatal injury,03 - Rear end,Greenbelt
2732,BLAIR RD @ OGILVIE RD,374506.7421,5033199.802,-75.609062,45.43525591,2015-12-31,17:45,01 - Clear,02 - Wet,01 - Traffic signal,02 - Intersection related,07 - Dark,02 - Non-fatal injury,03 - Rear end,Beacon Hill South - Cardinal Heights
2733,QUEEN ELIZABETH DRWY @ SOMERSET ST,368572.4023,5031475.675,-75.68512535,45.42030925,2015-07-31,22:15,01 - Clear,01 - Dry,02 - Stop sign,03 - At intersection,07 - Dark,02 - Non-fatal injury,02 - Angle,Golden Triangle
2734,HIGHWAY 416 btwn HWY416 IC66 RAMP62 & HWY416 IC72 RAMP24,359312.5408,5016093.581,-75.80513283,45.28268389,2015-02-15,2:27,03 - Snow,03 - Loose snow,10 - No control,01 - Non intersection,07 - Dark,02 - Non-fatal injury,07 - SMV other,Greenbelt
2735,FISHER AVE @ KINTYRE PRIV,366496.7088,5025235.516,-75.71242597,45.36434797,2015-11-01,18:45,01 - Clear,01 - Dry,01 - Traffic signal,03 - At intersection,07 - Dark,02 - Non-fatal injury,01 - Approaching,Carleton Heights - Rideauview
2736,MARCH RD btwn DUNROBIN RD & MURPHY CRT,347541.9333,5025939.651,-75.95431406,45.37209603,2015-12-03,17:00,01 - Clear,01 - Dry,10 - No control,01 - Non intersection,07 - Dark,02 - Non-fatal injury,01 - Approaching,Carp - Hardwood Plains
2737,COLONEL BY DR btwn UNIVERSITY RD & COLONEL BY DR SB ON RAMP 43,367437.2575,5028186.945,-75.70004641,45.39082078,2015-01-24,2:00,00 - Unknown,02 - Wet,10 - No control,01 - Non intersection,07 - Dark,02 - Non-fatal injury,01 - Approaching,Carleton University