Record,Location,X,Y,lon,lat,Date,Time,Environment,Road_Surface,Traffic_Control,Collision_Location,Light,Collision_Classification,Impact_type,Neighborhood
2738,ISLAND PARK DR @ MERIVALE RD,364653.4983,5028022.377,-75.73561509,45.38958347,2015-04-14,11:11,01 - Clear,01 - Dry,01 - Traffic signal,03 - At intersection,01 - Daylight,02 - Non-fatal injury,02 - Angle,Westboro
2739,QUEEN ELIZABETH DRWY @ QUEEN ELIZABETH PL,368585.3739,5028837.945,-75.68530089,45.39657464,2015-04-19,15:30,01 - Clear,01 - Dry,02 - Stop sign,03 - At intersection,01 - Daylight,02 - Non-fatal injury,02 - Angle,The Glebe
2740,AMIENS ST @ TENTH LINE RD,383351.7878,5037568.46,-75.49533017,45.47362361,2015-12-31,15:22,01 - Clear,01 - Dry,01 - Traffic signal,02 - Intersection related,01 - Daylight,02 - Non-fatal injury,03 - Rear end,Orl¨¦ans
2741,HIGHWAY 417 btwn HWY417 IC122 RAMP51 & HWY417 IC122 RAMP15,365409.6224,5028927.143,-75.72584842,45.39765933,2015-02-12,22:36,01 - Clear,01 - Dry,10 - No control,01 - Non intersection,07 - Dark,02 - Non-fatal injury,04 - Sideswipe,Civic Hospital - Experimental Farm - Central Park
2742,HIGHWAY 417 btwn HWY417 IC117 RAMP61 & HWY417 IC115 RAMP36,371565.5984,5031423.514,-75.64688995,45.41956068,2015-05-19,9:45,01 - Clear,01 - Dry,10 - No control,01 - Non intersection,01 - Daylight,02 - Non-fatal injury,99 - Other,Overbrook
2743,HIGHWAY 417 btwn HIGHWAY 417 & Continuation of HIGHWAY 417,353020.6863,5020248.308,-75.88492556,45.32052885,2015-10-25,17:35,01 - Clear,01 - Dry,10 - No control,01 - Non intersection,01 - Daylight,02 - Non-fatal injury,07 - SMV other,Greenbelt
2744,HAMPSTEAD PL @ WALKLEY RD,370683.4362,5026149.534,-75.65886506,45.372191,2015-10-01,8:56,01 - Clear,01 - Dry,01 - Traffic signal,02 - Intersection related,01 - Daylight,02 - Non-fatal injury,05 - Turning movement,Ledbury - Heron Gate - Ridgemont - Elmwood
2745,REGIONAL ROAD 174 btwn HWY417 IC113 RAMP67 & Continuation of REGIONAL ,373725.8347,5032030.943,-75.61920537,45.42481654,2015-11-05,15:16,01 - Clear,01 - Dry,10 - No control,01 - Non intersection,01 - Daylight,02 - Non-fatal injury,03 - Rear end,Industrial Park
2746,UPLANDS DR btwn TO BE DETERMINED & RAMP,370925.3985,5021425.877,-75.65640793,45.3296662,2015-11-04,16:15,01 - Clear,01 - Dry,10 - No control,04 - At/near private drive,05 - Dusk,02 - Non-fatal injury,02 - Angle,Greenbelt
2747,ST. JOSEPH BLVD btwn COUSINEAU ST & DUSSERE ST,380753.1458,5037060.604,-75.52864016,45.46934181,2015-11-12,11:07,02 - Rain,02 - Wet,10 - No control,04 - At/near private drive,01 - Daylight,02 - Non-fatal injury,02 - Angle,Industrial Park
2748,INDUSTRIAL AVE @ ALTA VISTA DR/SANDFORD FLEMIN,370884.0018,5030558.292,-75.65571425,45.41184048,2015-09-29,13:08,02 - Rain,02 - Wet,01 - Traffic signal,03 - At intersection,01 - Daylight,02 - Non-fatal injury,05 - Turning movement,Industrial Park
2749,HIGHWAY 416 btwn HWY416 IC72 RAMP62 & HWY416 IC72 RAMP24,359553.7344,5019493.957,-75.8016831,45.31326202,2015-11-23,12:15,01 - Clear,01 - Dry,10 - No control,01 - Non intersection,01 - Daylight,02 - Non-fatal injury,07 - SMV other,Greenbelt
2750,MONTREAL RD btwn GRANVILLE ST & ALFRED ST,370917.6881,5033519.357,-75.65488645,45.4384797,2015-11-21,17:18,01 - Clear,01 - Dry,10 - No control,04 - At/near private drive,07 - Dark,02 - Non-fatal injury,03 - Rear end,Vanier South
2751,BELCOURT BLVD @ CARRIERE ST,381484.4698,5036849.577,-75.5193216,45.46736325,2015-11-21,17:33,01 - Clear,01 - Dry,02 - Stop sign,02 - Intersection related,07 - Dark,02 - Non-fatal injury,02 - Angle,Orleans Village - Chateauneuf
2752,JOHNSTON RD btwn MACOUN CIRC & KIWANIS CRT,372236.739,5025663.896,-75.63910253,45.36767366,2015-12-05,22:22,01 - Clear,01 - Dry,10 - No control,01 - Non intersection,07 - Dark,02 - Non-fatal injury,01 - Approaching,South Keys - Heron Gate - Greenboro West
2753,MACKENZIE KING BR btwn N.D.H.Q./RIDEAU CENTRE SC & MACKENZIE KING BR/N,368220.8046,5031902.274,-75.68956264,45.4241796,2015-12-07,15:42,01 - Clear,01 - Dry,10 - No control,01 - Non intersection,01 - Daylight,02 - Non-fatal injury,07 - SMV other,Sandy Hill
2754,CENTREPOINTE DR @ HEMMINGWOOD WAY E,362326.2909,5023203.777,-75.76589427,45.3464212,2015-12-02,11:53,01 - Clear,02 - Wet,02 - Stop sign,03 - At intersection,01 - Daylight,02 - Non-fatal injury,02 - Angle,Centrepointe
2755,HIGHWAY 417 btwn HWY417 IC117 RAMP51 & HWY417 IC117 RAMP35,370681.5005,5031166.088,-75.65821986,45.41732828,2015-10-27,15:52,01 - Clear,01 - Dry,10 - No control,01 - Non intersection,01 - Daylight,02 - Non-fatal injury,03 - Rear end,Industrial Park
2756,HIGHWAY 417 btwn HWY417 IC117 RAMP61 & HWY417 IC115 RAMP36,371562.3669,5031421.684,-75.64693148,45.41954453,2015-10-28,18:45,02 - Rain,02 - Wet,10 - No control,01 - Non intersection,07 - Dark,02 - Non-fatal injury,07 - SMV other,Overbrook
2757,RIVERSIDE DR @ TREMBLAY RD/HWY417 IC117 RAMP52,370802.0781,5031015.908,-75.6566995,45.41596566,2015-11-11,15:40,01 - Clear,01 - Dry,01 - Traffic signal,02 - Intersection related,01 - Daylight,02 - Non-fatal injury,03 - Rear end,Industrial Park
2758,HIGHWAY 416 btwn HWY416 IC66 RAMP62 & HWY416 IC72 RAMP24,360076.4305,5018615.937,-75.79511519,45.3053206,2015-01-04,12:00,02 - Rain,06 - Ice,10 - No control,01 - Non intersection,01 - Daylight,02 - Non-fatal injury,07 - SMV other,Greenbelt
2759,HIGHWAY 417 btwn HWY417 IC119A RAMP67 & HWY417 IC118 RAMP76,368686.2836,5030586.958,-75.68378555,45.41230249,2015-10-30,21:10,01 - Clear,01 - Dry,10 - No control,01 - Non intersection,07 - Dark,02 - Non-fatal injury,03 - Rear end,Centretown
2760,HIGHWAY 417 btwn HWY417 IC122 RAMP61 & HWY417 IC121B RAMP16,366072.1021,5029344.662,-75.71733565,45.4013584,2015-10-30,17:30,01 - Clear,01 - Dry,10 - No control,01 - Non intersection,01 - Daylight,02 - Non-fatal injury,03 - Rear end,Centretow
2761,HIGHWAY 417 btwn HWY417 IC118 RAMP57 & HWY417 IC118 RAMP35,369557.6702,5031093.74,-75.67258724,45.41678224,2015-01-06,9:45,01 - Clear,01 - Dry,10 - No control,01 - Non intersection,01 - Daylight,02 - Non-fatal injury,03 - Rear end,Sandy Hill
2762,HIGHWAY 417 btwn HWY417 IC127 RAMP25 & HWY417 IC126 RAMP51,363179.1098,5025845.199,-75.75470021,45.37011798,2015-01-05,15:30,01 - Clear,01 - Dry,10 - No control,01 - Non intersection,01 - Daylight,02 - Non-fatal injury,03 - Rear end,Braemar Park - Bel Air Heights - Copeland Park
2763,HWY417 IC117 RAMP26 btwn HIGHWAY 417 & VANIER PKWY,370836.0131,5031394.247,-75.65621526,45.41936659,2015-11-03,14:21,01 - Clear,01 - Dry,10 - No control,01 - Non intersection,01 - Daylight,02 - Non-fatal injury,03 - Rear end,Overbrook
2764,BRUCE ST @ DOW ST,385256.5168,5011168.14,-75.47526908,45.23587734,2015-10-01,7:34,01 - Clear,01 - Dry,02 - Stop sign,03 - At intersection,01 - Daylight,02 - Non-fatal injury,02 - Angle,Metcalfe
2765,HIGHWAY 417 btwn HWY417 IC117 RAMP61 & HWY417 IC115 RAMP36,371553.7027,5031421.684,-75.64704218,45.41954535,2015-05-14,22:10,01 - Clear,01 - Dry,10 - No control,01 - Non intersection,07 - Dark,02 - Non-fatal injury,03 - Rear end,Overbrook
2766,HIGHWAY 417 btwn HWY417 IC119A RAMP67 & HWY417 IC118 RAMP76,368946.5146,5030718.26,-75.68044408,45.41346009,2015-01-03,10:06,01 - Clear,01 - Dry,10 - No control,01 - Non intersection,01 - Daylight,02 - Non-fatal injury,03 - Rear end,Old Ottawa East
2767,HWY417 IC131 RAMP66 btwn HWY417 IC130 RAMP36 & HWY417 IC131 RAMP63,358569.5993,5022934.47,-75.81385994,45.34429601,2015-01-08,5:30,01 - Clear,06 - Ice,10 - No control,01 - Non intersection,07 - Dark,02 - Non-fatal injury,07 - SMV other,Greenbelt
2768,HIGHWAY 417 btwn HWY417 IC144 RAMP35 & HWY417 IC144 RAMP25,347440.0567,5015848.948,-75.9564837,45.28130303,2015-01-07,16:54,01 - Clear,03 - Loose snow,10 - No control,01 - Non intersection,05 - Dusk,02 - Non-fatal injury,04 - Sideswipe,Stittsville - Basswood
2769,CARLING AVE @ HOLLAND AVE,365417.4207,5028039.269,-75.72585791,45.38966976,2015-12-02,12:04,01 - Clear,02 - Wet,01 - Traffic signal,03 - At intersection,01 - Daylight,02 - Non-fatal injury,02 - Angle,Civic Hospital - Experimental Farm - Central Park
2770,FRANK KENNY RD @ RUSSELL RD,392562.8487,5026365.475,-75.37953887,45.37173542,2015-12-16,17:27,01 - Clear,01 - Dry,02 - Stop sign,03 - At intersection,07 - Dark,02 - Non-fatal injury,02 - Angle,Navan - Vars
2771,BANK ST btwn HOPEWELL AVE & GLEN AVE,368802.3759,5028438.813,-75.68258129,45.39296358,2015-02-20,18:53,"07 - Fog, mist, smoke, dust",01 - Dry,10 - No control,01 - Non intersection,07 - Dark,02 - Non-fatal injury,03 - Rear end,Old Ottawa South
2772,WALKLEY RD btwn HOLLY LANE & TURN LANE,372202.1932,5027045.187,-75.63935499,45.38010531,2015-07-17,12:00,01 - Clear,01 - Dry,10 - No control,04 - At/near private drive,01 - Daylight,02 - Non-fatal injury,05 - Turning movement,Ledbury - Heron Gate - Ridgemont - Elmwood
2773,KING EDWARD AVE @ STEWART ST,368633.9924,5032204.857,-75.68424395,45.42686455,2015-12-07,7:57,01 - Clear,01 - Dry,01 - Traffic signal,03 - At intersection,01 - Daylight,02 - Non-fatal injury,02 - Angle,Sandy Hill
2774,HOLLAND AVE btwn ARMSTRONG ST & WELLINGTON ST W,364893.7109,5029227.573,-75.73240082,45.40040701,2015-09-10,10:50,01 - Clear,01 - Dry,10 - No control,04 - At/near private drive,01 - Daylight,02 - Non-fatal injury,05 - Turning movement,Island Park
2775,PRESTON ST btwn SIDNEY ST & CARLING AVE,366821.7678,5028952.16,-75.70781,45.39776076,2015-09-28,22:02,02 - Rain,02 - Wet,10 - No control,01 - Non intersection,07 - Dark,02 - Non-fatal injury,04 - Sideswipe,Little Italy
2776,CEDARVIEW RD @ WEST HUNT CLUB RD,359719.3994,5019554.478,-75.7995637,45.31379366,2015-12-25,17:16,01 - Clear,01 - Dry,01 - Traffic signal,02 - Intersection related,07 - Dark,02 - Non-fatal injury,03 - Rear end,Greenbelt
2777,JEANNE D'ARC BLVD @ GREY NUNS DR/YOUVILLE DR,379670.201,5036700.403,-75.54254278,45.46621793,2015-12-22,13:12,02 - Rain,02 - Wet,01 - Traffic signal,02 - Intersection related,01 - Daylight,02 - Non-fatal injury,07 - SMV other,Greenbelt
2778,WOODFIELD DR btwn BENLEA DR & LANSFIELD WAY,363907.3525,5021805.348,-75.74588679,45.33370681,2015-12-12,2:12,01 - Clear,01 - Dry,10 - No control,01 - Non intersection,07 - Dark,02 - Non-fatal injury,06 - SMV unattended vehicle,Tanglewood
2779,BOUNDARY RD btwn EIGHTH LINE RD & HWY417 IC96 RAMP61,386929.7456,5025098.325,-75.45165434,45.3610175,2015-10-09,15:01,02 - Rain,02 - Wet,10 - No control,01 - Non intersection,01 - Daylight,02 - Non-fatal injury,07 - SMV other,Navan - Vars
2780,BRITANNIA RD @ HOWE ST,359921.3925,5025321.236,-75.79634523,45.36566717,2015-12-23,13:51,01 - Clear,01 - Dry,02 - Stop sign,03 - At intersection,01 - Daylight,02 - Non-fatal injury,02 - Angle,Crystal Bay - Lakeview Park - Britannia Village
2781,VALOUR DR @ SMYTH RD,370665.7265,5029086.288,-75.65869925,45.39861654,2015-12-13,10:40,01 - Clear,01 - Dry,01 - Traffic signal,03 - At intersection,01 - Daylight,02 - Non-fatal injury,02 - Angle,Alta Vista
2782,INNES RD @ PORTOBELLO BLVD,385632.4917,5036891.83,-75.4662762,45.46727569,2015-12-20,9:59,01 - Clear,01 - Dry,01 - Traffic signal,03 - At intersection,01 - Daylight,02 - Non-fatal injury,02 - Angle,Fallingbrook
2783,HUNT CLUB RD @ PAUL ANKA DR,369778.4472,5022898.212,-75.67084523,45.34302103,2015-09-19,20:31,01 - Clear,02 - Wet,01 - Traffic signal,02 - Intersection related,07 - Dark,02 - Non-fatal injury,03 - Rear end,Hunt Club - Ottawa Airport
2784,8TH LINE RD btwn GLENWOOD DR & WALKER RD,386111.1568,5009437.128,-75.46466857,45.22020457,2015-11-09,6:57,01 - Clear,01 - Dry,10 - No control,01 - Non intersection,03 - Dawn,02 - Non-fatal injury,03 - Rear end,Metcalfe
2785,WEST HUNT CLUB RD btwn MOODIE DR & RICHMOND RD,357626.7853,5018385.82,-75.82637536,45.30343849,2015-11-04,16:27,01 - Clear,01 - Dry,10 - No control,01 - Non intersection,05 - Dusk,02 - Non-fatal injury,05 - Turning movement,Greenbelt
2786,BOTELER ST @ SUSSEX DR,367451.3115,5032951.971,-75.69926127,45.43369377,2015-11-12,15:26,02 - Rain,02 - Wet,01 - Traffic signal,02 - Intersection related,01 - Daylight,02 - Non-fatal injury,03 - Rear end,Byward Market - Parliament Hill
2787,ST. JOSEPH BLVD btwn MONTREAL RD & OR174 IC109 RAMP55,376498.2937,5035028.304,-75.58334434,45.45150626,2015-11-01,16:32,01 - Clear,01 - Dry,10 - No control,01 - Non intersection,05 - Dusk,02 - Non-fatal injury,03 - Rear end,Greenbelt
2788,ALBERT ST @ BANK ST,367384.9741,5031422.852,-75.70030334,45.41994119,2015-11-11,12:33,01 - Clear,01 - Dry,01 - Traffic signal,02 - Intersection related,01 - Daylight,02 - Non-fatal injury,07 - SMV other,Downtown
2789,HWY 417 ST.LAURE IC115R51 @ ST. LAURENT BLVD,372530.8739,5031410.696,-75.63455913,45.41935257,2015-12-27,14:20,01 - Clear,02 - Wet,01 - Traffic signal,02 - Intersection related,01 - Daylight,02 - Non-fatal injury,03 - Rear end,Industrial Park
2790,PRINCE OF WALES DR btwn MAPLEHILL WAY & LODGE RD,366809.4484,5012858.034,-75.70998287,45.25294928,2015-12-03,18:10,01 - Clear,01 - Dry,10 - No control,04 - At/near private drive,07 - Dark,02 - Non-fatal injury,03 - Rear end,New Barrhaven
2791,VANIER PKWY SB btwn DESCHAMPS AVE & MONTREAL RD,369922.4707,5033195.389,-75.66764878,45.43565818,2015-12-08,17:06,01 - Clear,01 - Dry,10 - No control,01 - Non intersection,07 - Dark,02 - Non-fatal injury,03 - Rear end,Vanier
2792,COVENTRY RD btwn ARCOLA PRIV & LOLA ST,371110.1558,5031598.62,-75.65268524,45.42117953,2015-12-14,8:19,01 - Clear,02 - Wet,10 - No control,01 - Non intersection,01 - Daylight,02 - Non-fatal injury,03 - Rear end,Overbrook
2793,RIVERSIDE DR btwn BANK ST & TURN LANE,369316.2695,5027909.715,-75.67608786,45.38815577,2015-12-30,17:18,03 - Snow,02 - Wet,10 - No control,01 - Non intersection,07 - Dark,02 - Non-fatal injury,04 - Sideswipe,Alta Vista
2794,BEARHILL RD @ MARCH RD,338157.7732,5017980.486,-76.0746543,45.30098547,2015-09-16,20:23,01 - Clear,01 - Dry,02 - Stop sign,03 - At intersection,07 - Dark,02 - Non-fatal injury,03 - Rear end,Carp - Hardwood Plains
2795,ROCKDALE RD btwn HWY417 IC88 RAMP15 & HWY417 IC88 RAMP16,395267.3826,5022290.08,-75.34576291,45.33472585,2015-12-09,14:27,01 - Clear,01 - Dry,10 - No control,01 - Non intersection,01 - Daylight,02 - Non-fatal injury,01 - Approaching,Navan - Vars
2796,BARNSDALE RD S @ MOODIE DR,361951.1021,5008825.095,-75.77233758,45.21707174,2015-12-23,0:34,"07 - Fog, mist, smoke, dust",02 - Wet,02 - Stop sign,03 - At intersection,07 - Dark,02 - Non-fatal injury,07 - SMV other,Munster Hamlet - Richmond
2797,WOODROFFE AVE @ CLARIDGE DR/STONEWAY DR N,365576.6621,5016707.424,-75.72521632,45.28769355,2015-12-23,16:10,02 - Rain,02 - Wet,01 - Traffic signal,03 - At intersection,05 - Dusk,02 - Non-fatal injury,05 - Turning movement,Chapman Mills - Rideau Crest - Davidson Heights
2798,CARLING AVE @ RICHMOND RD,360245.679,5024781.512,-75.79226641,45.36078518,2015-12-10,13:00,01 - Clear,01 - Dry,01 - Traffic signal,02 - Intersection related,01 - Daylight,02 - Non-fatal injury,03 - Rear end,Whitehaven - Queensway Terrace North
2799,MEADOWBROOK RD @ BORTOLOTTI CRES N/CEDARCROFT ,374423.9304,5031988.31,-75.61029159,45.42436381,2015-12-21,7:35,02 - Rain,02 - Wet,02 - Stop sign,03 - At intersection,03 - Dawn,02 - Non-fatal injury,07 - SMV other,Pineview
2800,STITTSVILLE MAIN ST btwn ABBOTT ST W & ORVILLE ST,350303.4597,5013257.467,-75.92022429,45.2578045,2015-07-22,3:34,01 - Clear,01 - Dry,10 - No control,01 - Non intersection,07 - Dark,02 - Non-fatal injury,07 - SMV other,Stittsville
2801,HAWTHORNE RD/RUSSELL RD @ WALKLEY RD,374674.7439,5028498.097,-75.60758158,45.39293566,2015-12-22,16:13,02 - Rain,02 - Wet,01 - Traffic signal,02 - Intersection related,05 - Dusk,02 - Non-fatal injury,03 - Rear end,Sheffield Glen
2802,JOCKVALE RD @ EXETER DR/TARTAN DR,363322.9575,5014773.416,-75.75417219,45.27048258,2015-10-14,18:55,01 - Clear,01 - Dry,11 - Roundabout,03 - At intersection,05 - Dusk,02 - Non-fatal injury,02 - Angle,Barrhaven West - Old Barrhaven
2803,BILLINGS BRIDGESC RAMP SB @ RIVERSIDE DR EB,369177.3174,5027785.715,-75.67787835,45.38705284,2015-12-30,14:31,01 - Clear,04 - Slush,02 - Stop sign,03 - At intersection,01 - Daylight,02 - Non-fatal injury,02 - Angle,Alta Vista
2804,BRONSON AVE @ CATHERINE ST/RAYMOND ST,367253.972,5029796.025,-75.70218323,45.4053152,2015-12-26,6:38,01 - Clear,01 - Dry,01 - Traffic signal,03 - At intersection,07 - Dark,02 - Non-fatal injury,02 - Angle,Centretown West
2805,BRADBURY CRT @ MARCHURST RD,344332.8549,5025250.727,-75.99533781,45.36608528,2015-02-06,11:49,01 - Clear,03 - Loose snow,02 - Stop sign,03 - At intersection,01 - Daylight,02 - Non-fatal injury,02 - Angle,Carp - Hardwood Plains
2806,TERRY FOX DR btwn HWY417 IC140 RAMP35 & HWY417 IC140 RAMP52,351044.6931,5018442.409,-75.91029733,45.30441185,2015-12-18,17:45,01 - Clear,01 - Dry,10 - No control,01 - Non intersection,07 - Dark,02 - Non-fatal injury,03 - Rear end,Katimavik - Hazeldean
2807,WOODROFFE AVE @ GEORGINA DR/LENESTER AVE,361909.6866,5025371.241,-75.77095982,45.36595794,2015-12-19,10:42,01 - Clear,02 - Wet,01 - Traffic signal,03 - At intersection,01 - Daylight,02 - Non-fatal injury,02 - Angle,Whitehaven - Queensway Terrace North
2808,KENNEVALE DR btwn BRIDGEWATER TER & BOURNE ST,362437.2403,5014696.209,-75.76546796,45.26986102,2015-10-10,8:42,01 - Clear,01 - Dry,10 - No control,01 - Non intersection,01 - Daylight,02 - Non-fatal injury,07 - SMV other,Barrhaven West - Old Barrhaven
2809,HWY 417 RR 174 IC113R67 @ REGIONAL RD 174,373479.269,5031864.543,-75.62237903,45.42334361,2015-12-27,9:41,03 - Snow,02 - Wet,10 - No control,02 - Intersection related,01 - Daylight,02 - Non-fatal injury,07 - SMV other,Industrial Park
2810,PLACE D'ORLEANS DR btwn CENTRUM BLVD & ST. JOSEPH BLVD,381967.6284,5038118.097,-75.51294443,45.47872309,2015-12-14,7:15,02 - Rain,02 - Wet,10 - No control,04 - At/near private drive,03 - Dawn,02 - Non-fatal injury,02 - Angle,Industrial Park
2811,BANNER RD @ GREENBANK RD,361020.9506,5021566.492,-75.78273672,45.33179478,2015-12-24,9:04,01 - Clear,01 - Dry,01 - Traffic signal,03 - At intersection,01 - Daylight,02 - Non-fatal injury,02 - Angle,Woodvale - Craig Henry - Manordale - Estates of Arlington Wo
2812,BANK ST btwn ALTA VISTA DR & ERIE AVE,370194.4165,5026334.095,-75.66508327,45.37389743,2015-12-22,15:43,02 - Rain,02 - Wet,10 - No control,01 - Non intersection,01 - Daylight,02 - Non-fatal injury,03 - Rear end,Ledbury - Heron Gate - Ridgemont - Elmwood
2813,CAMPEAU DR @ KANATA AVE,350595.5891,5019402.666,-75.91593518,45.31308193,2015-12-24,17:10,01 - Clear,01 - Dry,01 - Traffic signal,03 - At intersection,07 - Dark,02 - Non-fatal injury,05 - Turning movement,Kanata Lakes - Marchwood Lakeside - Morgan's Grant - Kanata
2814,HOLLAND AVE @ WELLINGTON ST,364930.4234,5029152.832,-75.73194104,45.39973135,2015-07-30,16:10,01 - Clear,01 - Dry,01 - Traffic signal,03 - At intersection,01 - Daylight,02 - Non-fatal injury,05 - Turning movement,Island Park
2815,BLAIR RD @ INNES RD,375578.0129,5031438.111,-75.59562471,45.41929761,2015-09-28,16:54,02 - Rain,02 - Wet,01 - Traffic signal,02 - Intersection related,01 - Daylight,02 - Non-fatal injury,99 - Other,Greenbelt
2816,COLONEL BY DR @ HOG'S BACK RD,367603.4314,5025872.816,-75.69821874,45.36998396,2015-10-02,9:25,01 - Clear,01 - Dry,01 - Traffic signal,02 - Intersection related,01 - Daylight,02 - Non-fatal injury,04 - Sideswipe,Carleto
2817,ARLINGTON AVE @ BANK ST,368007.4258,5030344.847,-75.69248885,45.4101857,2015-10-21,18:15,02 - Rain,02 - Wet,02 - Stop sign,03 - At intersection,07 - Dark,02 - Non-fatal injury,05 - Turning movement,Centretown
2818,JOHNSTON RD @ ZAIDAN DR,372797.2907,5025720.599,-75.63193955,45.3681297,2015-11-19,15:58,02 - Rain,02 - Wet,02 - Stop sign,02 - Intersection related,05 - Dusk,02 - Non-fatal injury,03 - Rear end,Greenboro East
2819,OTTAWA RIVER PKWY @ PORTAGE BRIDGE,366516.2175,5031314.514,-75.71141662,45.41904358,2015-12-30,22:06,03 - Snow,04 - Slush,01 - Traffic signal,02 - Intersection related,07 - Dark,02 - Non-fatal injury,03 - Rear end,LeBreton Flats
2820,EAGLESON RD btwn HWY417 IC138 RAMP51 & KATIMAVIK RD,353103.4328,5019847.058,-75.88390928,45.31691263,2015-02-02,12:27,01 - Clear,01 - Dry,10 - No control,01 - Non intersection,01 - Daylight,02 - Non-fatal injury,07 - SMV other,Katimavik - Hazeldean
2821,BRIDLE PATH DR btwn TRAPPER'S RD & CAROUSEL CRES,371863.4283,5023608.948,-75.64414649,45.34921977,2015-11-19,7:29,01 - Clear,02 - Wet,10 - No control,01 - Non intersection,01 - Daylight,02 - Non-fatal injury,06 - SMV unattended vehicle,Emerald Woods - Sawmill Creek
2822,RIVERSIDE DR NB btwn INDUSTRIAL AVE & TREMBLAY RD,370717.9316,5030692.192,-75.65781781,45.41306092,2015-12-11,16:46,02 - Rain,02 - Wet,10 - No control,01 - Non intersection,05 - Dusk,02 - Non-fatal injury,03 - Rear end,Industrial Park
2823,DUNROBIN RD btwn KERWIN RD & ROCHON WAY,346464.2306,5027014.794,-75.96798176,45.38183533,2015-12-01,18:15,04 - Freezing Rain,06 - Ice,10 - No control,01 - Non intersection,07 - Dark,02 - Non-fatal injury,07 - SMV other,Carp - Hardwood Plains
2824,PARKDALE AVE @ GLADSTONE AVE,365216.5759,5029118.271,-75.72829052,45.39939574,2015-12-29,19:49,03 - Snow,03 - Loose snow,01 - Traffic signal,02 - Intersection related,07 - Dark,02 - Non-fatal injury,03 - Rear end,Civi
2825,ST. JOSEPH BLVD @ DUFORD DR/PLACE D'ORLEANS DR,381996.7355,5037997.31,-75.51259115,45.47763314,2015-12-25,20:22,01 - Clear,01 - Dry,01 - Traffic signal,03 - At intersection,07 - Dark,02 - Non-fatal injury,05 - Turning movement,Queenswood Heights
2826,ALBION RD btwn DEL ZOTTO AVE & HIGH RD,373986.7825,5019279.878,-75.61765676,45.31006213,2015-11-25,7:54,01 - Clear,01 - Dry,10 - No control,01 - Non intersection,01 - Daylight,02 - Non-fatal injury,03 - Rear end,Greenbelt
2827,IRIS ST @ WOODROFFE AVE,362282.6921,5024442.242,-75.76630662,45.35756839,2015-09-23,20:00,01 - Clear,01 - Dry,01 - Traffic signal,02 - Intersection related,07 - Dark,02 - Non-fatal injury,03 - Rear end,Iris
2828,HUNT CLUB RD @ DOWNPATRICK RD/MCCARTHY RD,370508.4564,5023400.509,-75.66146425,45.34747255,2015-12-30,18:06,01 - Clear,04 - Slush,01 - Traffic signal,03 - At intersection,07 - Dark,02 - Non-fatal injury,05 - Turning movement,Hunt Club East - Western Community
2829,REGIONAL ROAD 174 EB btwn HWY417 IC113 RAMP65 & OR174 BLAIR IC112 RAMP51,374054.0513,5032225.93,-75.61498421,45.42653851,2015-11-28,2:04,01 - Clear,01 - Dry,10 - No control,01 - Non intersection,07 - Dark,02 - Non-fatal injury,07 - SMV other,Pineview
2830,PANMURE RD @ HWY 417 PANMURE IC163 R51,331079.4177,5021278.369,-76.16473386,45.33096216,2015-11-07,4:12,01 - Clear,01 - Dry,02 - Stop sign,03 - At intersection,07 - Dark,02 - Non-fatal injury,07 - SMV other,Carp - Hardwood Plains
2831,RIDEAU RD btwn DOWNEY RD & BOWESVILLE RD,372574.589,5015005.605,-75.63624847,45.27174103,2015-12-13,2:02,01 - Clear,01 - Dry,10 - No control,01 - Non intersection,07 - Dark,02 - Non-fatal injury,07 - SMV other,Greenbelt
2832,PLACE D'ORLEANS DR W @ ST. JOSEPH BLVD,381601.181,5037685.574,-75.5176986,45.47487203,2015-11-22,18:11,01 - Clear,01 - Dry,01 - Traffic signal,02 - Intersection related,07 - Dark,02 - Non-fatal injury,03 - Rear end,Industrial Park
2833,BANK ST btwn 73 N OF EVANS BLVD & EVANS AVE,369906.4453,5027081.242,-75.66866102,45.38064683,2015-12-11,6:51,01 - Clear,02 - Wet,10 - No control,01 - Non intersection,07 - Dark,02 - Non-fatal injury,04 - Sideswipe,Alta Vista
2834,BRIAN COBURN BLVD @ GERRY LALONDE DR,383523.5359,5034614.313,-75.49360687,45.44702549,2015-02-20,10:37,01 - Clear,01 - Dry,02 - Stop sign,03 - At intersection,01 - Daylight,03 - P.D. only,05 - Turning movement,Avalon
2835,BARNSDALE RD S @ TWIN ELM RD S,360231.1269,5007721.897,-75.79435783,45.20728236,2015-12-10,12:53,01 - Clear,01 - Dry,02 - Stop sign,03 - At intersection,01 - Daylight,02 - Non-fatal injury,07 - SMV other,Munster Hamlet - Richmond
2836,HERON RD @ JEFFERSON ST,371808.4536,5027053.157,-75.64438092,45.38021479,2015-12-11,12:50,01 - Clear,01 - Dry,01 - Traffic signal,03 - At intersection,01 - Daylight,02 - Non-fatal injury,02 - Angle,Ledbury - Heron Gate - Ridgemont - Elmwood
2837,PLEASANT PARK RD @ ALTA VISTA DR,370365.7231,5028468.992,-75.66261281,45.39309049,2015-07-07,8:24,01 - Clear,01 - Dry,01 - Traffic signal,03 - At intersection,01 - Daylight,02 - Non-fatal injury,05 - Turning movement,Alta Vista
2838,NAVAN RD btwn DIAMOND WAY & TENTH LINE RD,384960.4292,5032018.304,-75.47566341,45.42350564,2015-11-15,9:05,01 - Clear,01 - Dry,10 - No control,01 - Non intersection,01 - Daylight,02 - Non-fatal injury,03 - Rear end,Cumberland