Record,Location,X,Y,lon,lat,Date,Time,Environment,Road_Surface,Traffic_Control,Collision_Location,Light,Collision_Classification,Impact_type,Neighborhood
2839,RIVERSIDE DR @ BROOKFIELD RD/HOG'S BACK RD,368166.989,5026223.244,-75.69097984,45.37308629,2015-12-12,14:30,01 - Clear,01 - Dry,01 - Traffic signal,02 - Intersection related,01 - Daylight,02 - Non-fatal injury,03 - Rear end,Riverside Park
2840,MILTON RD btwn PERRAULT RD & RUSSELL RD,389642.3472,5025626.519,-75.41694476,45.36544666,2015-12-31,1:03,03 - Snow,03 - Loose snow,10 - No control,01 - Non intersection,07 - Dark,02 - Non-fatal injury,07 - SMV other,Navan - Vars
2841,PRINCE OF WALES DR @ MEADOWLANDS DR/HOG'S BACK,367371.1969,5025693.477,-75.701206,45.36839108,2015-12-09,16:09,01 - Clear,01 - Dry,01 - Traffic signal,02 - Intersection related,05 - Dusk,02 - Non-fatal injury,03 - Rear end,Carleton Heights - Rideauview
2842,HERITAGE GLEN DR @ WATTS ST,365669.4805,5015465.339,-75.72418552,45.27650929,2015-12-25,12:09,01 - Clear,01 - Dry,03 - Yield sign,03 - At intersection,01 - Daylight,02 - Non-fatal injury,07 - SMV other,New Barrhaven
2843,ATHLONE AVE @ BYRON AVE,363523.4169,5028272.827,-75.75001622,45.39193265,2015-12-31,12:23,01 - Clear,02 - Wet,02 - Stop sign,03 - At intersection,01 - Daylight,02 - Non-fatal injury,02 - Angle,Westboro
2844,OGILVIE RD btwn CYRVILLE RD & MURDOCK GT,372543.2498,5032058.277,-75.63431196,45.425178,2015-11-10,9:30,01 - Clear,01 - Dry,10 - No control,01 - Non intersection,01 - Daylight,02 - Non-fatal injury,04 - Sideswipe,Cummings
2845,MONTREAL RD @ GRANVILLE ST/LAFONTAINE AVE,370826.8435,5033475.508,-75.65605338,45.43809375,2015-12-17,18:00,01 - Clear,02 - Wet,01 - Traffic signal,03 - At intersection,07 - Dark,02 - Non-fatal injury,07 - SMV other,Vanier South
2846,BATHGATE DR @ DEN HAAG DR,373407.7196,5033924.853,-75.62300613,45.44188824,2015-12-03,13:22,01 - Clear,01 - Dry,02 - Stop sign,03 - At intersection,01 - Daylight,02 - Non-fatal injury,07 - SMV other,Carson Grove - Carson Meadows
2847,KENT ST @ SOMERSET ST,367527.4232,5030814.843,-75.69856074,45.41445776,2015-12-10,16:30,01 - Clear,02 - Wet,01 - Traffic signal,03 - At intersection,05 - Dusk,02 - Non-fatal injury,07 - SMV other,Centretown
2848,FLEWELLYN RD btwn MUNSTER RD & CONLEY RD,347248.9641,5007062.849,-75.95966932,45.2022534,2015-12-18,15:32,01 - Clear,01 - Dry,10 - No control,04 - At/near private drive,01 - Daylight,02 - Non-fatal injury,02 - Angle,Stittsville - Basswood
2849,MONTREAL RD @ GRANVILLE ST/LAFONTAINE AVE,370826.7134,5033473.689,-75.65605529,45.4380774,2015-12-22,13:16,01 - Clear,01 - Dry,01 - Traffic signal,03 - At intersection,01 - Daylight,02 - Non-fatal injury,07 - SMV other,Vanier South
2850,MANOTICK STATION RD btwn GOUGH RD & ELKWOOD DR,374452.3033,5011206.398,-75.61285327,45.23737327,2015-12-27,17:55,01 - Clear,01 - Dry,10 - No control,01 - Non intersection,07 - Dark,02 - Non-fatal injury,07 - SMV other,Kars - Osgoode
2851,DEAKIN ST @ PRINCE OF WALES DR,367392.1551,5021523.488,-75.70146627,45.33086849,2015-12-30,16:15,01 - Clear,06 - Ice,01 - Traffic signal,02 - Intersection related,05 - Dusk,02 - Non-fatal injury,03 - Rear end,Industrial Park
2852,RIVERSIDE DR @ QUESNEL DR,368059.9836,5024097.784,-75.69261795,45.35397159,2015-12-31,20:37,01 - Clear,04 - Slush,02 - Stop sign,03 - At intersection,07 - Dark,02 - Non-fatal injury,02 - Angle,Hunt Club Woods - Quintarra - Revelstoke - Riverside South P
2853,WOODROFFE AVE @ GEORGINA DR/LENESTER AVE,361909.6866,5025370.519,-75.7709599,45.36595144,2015-12-22,15:02,01 - Clear,01 - Dry,01 - Traffic signal,03 - At intersection,01 - Daylight,02 - Non-fatal injury,02 - Angle,Whitehaven - Queensway Terrace North
2854,UPLANDS DR btwn TO BE DETERMINED & RAMP,370913.833,5021433.971,-75.65655437,45.32974011,2015-12-19,4:00,04 - Freezing Rain,06 - Ice,10 - No control,01 - Non intersection,07 - Dark,02 - Non-fatal injury,01 - Approaching,Greenbelt
2855,FIFTH LINE RD btwn BERRY SIDE RD & KERWIN RD,347239.0641,5030298.081,-75.95780574,45.41133248,2015-12-21,23:30,04 - Freezing Rain,06 - Ice,10 - No control,01 - Non intersection,07 - Dark,02 - Non-fatal injury,07 - SMV other,Carp - Hardwood Plains
2856,MEADOWLANDS DR btwn HOGAN ST & NESS ST,366252.2106,5024893.443,-75.71558929,45.36129154,2015-11-28,21:30,01 - Clear,01 - Dry,10 - No control,04 - At/near private drive,07 - Dark,02 - Non-fatal injury,03 - Rear end,Borden Farm - Stewart Farm - Parkwood Hills - Fisher Glen
2857,MARKETPLACE AVE @ RIOCAN AVE,364286.1549,5014762.317,-75.74189942,45.2703019,2015-12-21,11:30,02 - Rain,02 - Wet,02 - Stop sign,03 - At intersection,01 - Daylight,02 - Non-fatal injury,02 - Angle,New Barrhaven
2858,STRANDHERD DR btwn LONGFIELDS DR & CLARIDGE DR,364642.6733,5015231.808,-75.73729971,45.27449613,2015-12-23,16:15,01 - Clear,02 - Wet,10 - No control,04 - At/near private drive,05 - Dusk,02 - Non-fatal injury,05 - Turning movement,New Barrhaven
2859,COVENTRY RD @ VANIER PKWY,370677.8289,5031611.703,-75.65820719,45.42133809,2015-08-31,12:03,01 - Clear,01 - Dry,01 - Traffic signal,02 - Intersection related,01 - Daylight,02 - Non-fatal injury,03 - Rear end,Overbrook
2860,CYRVILLE RD @ INNES RD,375048.4467,5031118.842,-75.60243599,45.41647838,2015-10-22,14:45,01 - Clear,01 - Dry,01 - Traffic signal,02 - Intersection related,01 - Daylight,02 - Non-fatal injury,03 - Rear end,Industrial Park
2861,ANDERSON RD btwn WEIR RD & DOLMAN RIDGE RD,378172.7577,5030586.505,-75.5626012,45.4113681,2015-12-25,13:18,01 - Clear,01 - Dry,10 - No control,01 - Non intersection,01 - Daylight,02 - Non-fatal injury,07 - SMV other,Greenbelt
2862,REGIONAL ROAD 174 btwn HIGHWAY 417 & HWY417 IC113 RAMP65,373832.9785,5031935.012,-75.6178498,45.42394283,2015-12-25,14:08,01 - Clear,01 - Dry,10 - No control,01 - Non intersection,01 - Daylight,02 - Non-fatal injury,07 - SMV other,Pineview
2863,DONALD ST @ ST. LAURENT BLVD,372093.7129,5032471.141,-75.63999951,45.42893615,2015-12-02,11:45,01 - Clear,02 - Wet,01 - Traffic signal,03 - At intersection,01 - Daylight,02 - Non-fatal injury,05 - Turning movement,Overbrook
2864,BLAIR RD @ INNES RD,375579.4569,5031439.555,-75.59560606,45.41931046,2015-12-24,12:18,01 - Clear,01 - Dry,01 - Traffic signal,02 - Intersection related,01 - Daylight,02 - Non-fatal injury,03 - Rear end,Greenbelt
2865,DEBRA AVE @ MEADOWLANDS DR,367214.7102,5025590.25,-75.70321658,45.36747622,2015-11-16,15:54,01 - Clear,01 - Dry,01 - Traffic signal,03 - At intersection,01 - Daylight,02 - Non-fatal injury,07 - SMV other,Carleton Heights - Rideauview
2866,INNES RD EB btwn INNES RD & INNES RD W,376935.51,5032180.389,-75.57817266,45.42583754,2015-12-24,12:31,01 - Clear,01 - Dry,10 - No control,04 - At/near private drive,01 - Daylight,02 - Non-fatal injury,05 - Turning movement,Greenbelt
2867,REGIONAL ROAD 174 EB btwn HWY417 IC113 RAMP65 & OR174 BLAIR IC112 RAMP51,374812.9278,5032831.116,-75.60520148,45.43190809,2015-12-24,12:33,01 - Clear,01 - Dry,10 - No control,01 - Non intersection,01 - Daylight,02 - Non-fatal injury,03 - Rear end,Greenbelt
2868,REGIONAL ROAD 174 EB btwn HWY417 IC113 RAMP65 & OR174 BLAIR IC112 RAMP51,374805.7076,5032826.061,-75.60529446,45.43186333,2015-12-24,13:29,01 - Clear,01 - Dry,10 - No control,01 - Non intersection,01 - Daylight,02 - Non-fatal injury,03 - Rear end,Greenbelt
2869,BEAVERPOND DR @ BLAIR RD,375399.7299,5031874.567,-75.59783992,45.42324262,2015-12-24,15:35,01 - Clear,01 - Dry,01 - Traffic signal,03 - At intersection,01 - Daylight,02 - Non-fatal injury,05 - Turning movement,Pineview
2870,ST. JOSEPH BLVD @ TENTH LINE RD,382890.8038,5038667.175,-75.50105053,45.48356056,2015-12-24,20:13,01 - Clear,01 - Dry,01 - Traffic signal,03 - At intersection,07 - Dark,02 - Non-fatal injury,02 - Angle,Industrial Park
2871,WOODROFFE AVE @ KNOXDALE RD/MEDHURST DR,363418.9679,5021826.487,-75.75211474,45.33393798,2015-12-30,6:01,04 - Freezing Rain,03 - Loose snow,01 - Traffic signal,02 - Intersection related,07 - Dark,02 - Non-fatal injury,03 - Rear end,Woodvale - Craig Henry - Manordale - Estates of Arlington Wo
2872,LESTER RD btwn ALBION RD & UPLANDS DR,371836.4218,5021880.242,-75.64472534,45.33366801,2015-12-29,19:28,03 - Snow,03 - Loose snow,10 - No control,01 - Non intersection,07 - Dark,02 - Non-fatal injury,01 - Approaching,Hunt Club - Ottawa Airport
2873,DALMENY RD btwn CAMPBELLCROFT RD & BANK ST,385405.4354,5004109.547,-75.47451445,45.17235091,2015-12-10,16:46,01 - Clear,01 - Dry,10 - No control,01 - Non intersection,05 - Dusk,02 - Non-fatal injury,03 - Rear end,Metcalfe
2874,WOODROFFE AVE @ HWY 417 WOODROFF IC127R26/HWY4,362083.4089,5024938.796,-75.76879246,45.36205266,2015-12-30,9:44,01 - Clear,03 - Loose snow,01 - Traffic signal,02 - Intersection related,01 - Daylight,02 - Non-fatal injury,03 - Rear end,Carlingwood West - Glabar Park - McKellar Heights
2875,ORLEANS BLVD @ ST. JOSEPH BLVD,380631.0157,5036981.312,-75.53021408,45.46864168,2015-12-24,15:20,01 - Clear,01 - Dry,01 - Traffic signal,03 - At intersection,01 - Daylight,02 - Non-fatal injury,05 - Turning movement,Industrial Park
2876,RUSSELL RD S @ ST. LAURENT BLVD,373569.7331,5029260.545,-75.62158646,45.39990521,2015-12-24,20:17,01 - Clear,01 - Dry,01 - Traffic signal,03 - At intersection,07 - Dark,02 - Non-fatal injury,05 - Turning movement,Hawthorne Meadows - Sheffield Glen
2877,KING EDWARD AVE @ RIDEAU ST,368511.7072,5032412.867,-75.6857796,45.4287473,2015-12-27,18:18,04 - Freezing Rain,06 - Ice,01 - Traffic signal,02 - Intersection related,07 - Dark,02 - Non-fatal injury,03 - Rear end,Lowe
2878,TRIM RD btwn WALL RD & NAVAN RD,387994.9144,5033721.286,-75.43660587,45.43847306,2015-12-28,15:09,01 - Clear,01 - Dry,10 - No control,04 - At/near private drive,01 - Daylight,02 - Non-fatal injury,05 - Turning movement,Navan - Vars
2879,ST. JOSEPH BLVD btwn BELCOURT BLVD & ST. PIERRE ST,381279.8305,5037430.799,-75.52184779,45.47261504,2015-12-31,14:45,01 - Clear,04 - Slush,10 - No control,04 - At/near private drive,01 - Daylight,02 - Non-fatal injury,02 - Angle,Orleans Village - Chateauneuf
2880,ST. JOSEPH BLVD @ JEANNE D'ARC BLVD,379861.7064,5036471.099,-75.54012913,45.46413428,2015-01-19,18:51,01 - Clear,01 - Dry,11 - Roundabout,03 - At intersection,07 - Dark,03 - P.D. only,02 - Angle,Chapel Hill
2881,HAWTHORNE RD @ HUNT CLUB RD,375507.7499,5026407.011,-75.59724352,45.3740375,2015-01-08,12:04,03 - Snow,06 - Ice,01 - Traffic signal,02 - Intersection related,01 - Daylight,03 - P.D. only,03 - Rear end,Industrial Park
2882,ST. JOSEPH BLVD @ JEANNE D'ARC BLVD,379862.6702,5036470.135,-75.54011695,45.4641255,2015-01-22,16:24,01 - Clear,01 - Dry,11 - Roundabout,03 - At intersection,01 - Daylight,03 - P.D. only,04 - Sideswipe,Chapel Hill
2883,ST. JOSEPH BLVD @ JEANNE D'ARC BLVD,379860.7425,5036473.027,-75.54014116,45.46415173,2015-04-30,19:23,01 - Clear,01 - Dry,11 - Roundabout,03 - At intersection,01 - Daylight,03 - P.D. only,02 - Angle,Greenbelt
2884,HAWTHORNE RD @ HUNT CLUB RD,375508.7138,5026405.083,-75.5972315,45.37402006,2015-03-07,9:40,01 - Clear,01 - Dry,01 - Traffic signal,02 - Intersection related,01 - Daylight,03 - P.D. only,02 - Angle,Industrial Park
2885,ST. JOSEPH BLVD @ JEANNE D'ARC BLVD,379859.7786,5036471.099,-75.54015378,45.46413448,2015-05-04,9:59,01 - Clear,01 - Dry,11 - Roundabout,03 - At intersection,01 - Daylight,03 - P.D. only,02 - Angle,Chapel Hill
2886,ST. JOSEPH BLVD @ JEANNE D'ARC BLVD,379860.7425,5036469.171,-75.54014175,45.46411703,2015-05-18,12:40,01 - Clear,01 - Dry,11 - Roundabout,03 - At intersection,01 - Daylight,03 - P.D. only,04 - Sideswipe,Chapel Hill
2887,ST. JOSEPH BLVD btwn JEANNE D'ARC BLVD S & NOTRE DAME ST,379987.9714,5036556.882,-75.53850159,45.46489251,2015-01-25,14:19,01 - Clear,01 - Dry,10 - No control,04 - At/near private drive,01 - Daylight,03 - P.D. only,02 - Angle,Greenbelt
2888,ST. JOSEPH BLVD @ JEANNE D'ARC BLVD,379860.7425,5036471.099,-75.54014145,45.46413438,2015-05-27,8:07,01 - Clear,01 - Dry,11 - Roundabout,03 - At intersection,01 - Daylight,03 - P.D. only,04 - Sideswipe,Chapel Hill
2889,ST. JOSEPH BLVD @ JEANNE D'ARC BLVD,379860.7425,5036469.171,-75.54014175,45.46411703,2015-05-27,21:10,01 - Clear,01 - Dry,11 - Roundabout,03 - At intersection,07 - Dark,03 - P.D. only,04 - Sideswipe,Chapel Hill
2890,ST. JOSEPH BLVD @ JEANNE D'ARC BLVD,379859.7786,5036472.063,-75.54015363,45.46414316,2015-06-11,13:46,01 - Clear,01 - Dry,11 - Roundabout,03 - At intersection,01 - Daylight,03 - P.D. only,04 - Sideswipe,Chapel Hill
2891,ST. JOSEPH BLVD @ JEANNE D'ARC BLVD,379860.7425,5036471.099,-75.54014145,45.46413438,2015-06-05,11:50,01 - Clear,01 - Dry,11 - Roundabout,03 - At intersection,01 - Daylight,03 - P.D. only,04 - Sideswipe,Chapel Hill
2892,ST. JOSEPH BLVD @ JEANNE D'ARC BLVD,379858.8148,5036472.063,-75.54016595,45.46414326,2015-04-28,15:27,01 - Clear,01 - Dry,11 - Roundabout,03 - At intersection,01 - Daylight,03 - P.D. only,04 - Sideswipe,Chapel Hill
2893,ST. JOSEPH BLVD @ JEANNE D'ARC BLVD,379860.7425,5036471.099,-75.54014145,45.46413438,2015-04-27,7:55,01 - Clear,01 - Dry,11 - Roundabout,03 - At intersection,01 - Daylight,03 - P.D. only,02 - Angle,Chapel Hill
2894,BERRIGAN DR btwn CROXLEY WAY & CLARIDGE DR,364541.0044,5015782.417,-75.73852911,45.27945915,2015-02-04,0:00,03 - Snow,03 - Loose snow,10 - No control,01 - Non intersection,00 - Unknown,03 - P.D. only,06 - SMV unattended vehicle,New Barrhaven
2895,MONTEREY DR btwn GUTHRIE ST & HARRISON ST,360438.0052,5022313.1,-75.79008939,45.33855922,2015-02-05,0:53,03 - Snow,04 - Slush,10 - No control,01 - Non intersection,07 - Dark,03 - P.D. only,06 - SMV unattended vehicle,Leslie Park
2896,HAWTHORNE RD @ HUNT CLUB RD,375506.786,5026407.011,-75.59725583,45.3740376,2015-06-04,21:20,01 - Clear,01 - Dry,01 - Traffic signal,02 - Intersection related,07 - Dark,03 - P.D. only,04 - Sideswipe,Industrial Park
2897,ST. JOSEPH BLVD @ JEANNE D'ARC BLVD,379861.7064,5036472.063,-75.54012898,45.46414295,2015-06-08,9:30,02 - Rain,02 - Wet,11 - Roundabout,03 - At intersection,01 - Daylight,03 - P.D. only,04 - Sideswipe,Chapel Hill
2898,CLYDE AVE btwn BONNIE CRES & MAITLAND AVE,364181.7433,5025308.083,-75.74196572,45.36520085,2015-02-05,12:46,01 - Clear,04 - Slush,10 - No control,01 - Non intersection,01 - Daylight,03 - P.D. only,06 - SMV unattended vehicle,Braemar Park - Bel Air Heights - Copeland Park
2899,TEMPLEFORD AVE btwn PEPPERVILLE CRES & REGIMENT AVE,354266.7962,5015491.722,-75.86950642,45.2776414,2015-02-05,0:00,03 - Snow,03 - Loose snow,10 - No control,01 - Non intersection,00 - Unknown,03 - P.D. only,06 - SMV unattended vehicle,Glen Cairn - Kanata South Business Park
2900,CHURCHILL AVE   N btwn WILMONT AVE & WHITBY AVE,363137.7624,5028495.432,-75.75491485,45.39396784,2015-02-05,15:15,01 - Clear,02 - Wet,10 - No control,01 - Non intersection,01 - Daylight,03 - P.D. only,06 - SMV unattended vehicle,Westboro
2901,HAWTHORNE RD btwn HAWTHORNE RD & WHYTE SIDE RD,375697.3081,5025946.717,-75.59488972,45.36987685,2015-01-12,8:10,03 - Snow,03 - Loose snow,10 - No control,01 - Non intersection,01 - Daylight,03 - P.D. only,03 - Rear end,Greenbelt
2902,HAWTHORNE RD @ HUNT CLUB RD,375507.7499,5026405.083,-75.5972438,45.37402016,2015-01-08,7:45,03 - Snow,05 - Packed snow,01 - Traffic signal,02 - Intersection related,03 - Dawn,03 - P.D. only,03 - Rear end,Industrial Park
2903,HAWTHORNE RD @ HUNT CLUB RD,375506.786,5026406.047,-75.59725597,45.37402893,2015-01-22,15:23,01 - Clear,01 - Dry,01 - Traffic signal,02 - Intersection related,01 - Daylight,03 - P.D. only,03 - Rear end,Industrial Park
2904,ST. JOSEPH BLVD @ JEANNE D'ARC BLVD,379861.7064,5036470.135,-75.54012928,45.4641256,2015-01-17,13:17,01 - Clear,01 - Dry,11 - Roundabout,03 - At intersection,01 - Daylight,03 - P.D. only,04 - Sideswipe,Chapel Hill
2905,HAWTHORNE RD @ HUNT CLUB RD,375509.6776,5026405.083,-75.59721919,45.37401996,2015-03-21,14:45,02 - Rain,02 - Wet,01 - Traffic signal,02 - Intersection related,01 - Daylight,03 - P.D. only,03 - Rear end,Industrial Park
2906,HAWTHORNE RD @ HUNT CLUB RD,375507.7499,5026406.047,-75.59724366,45.37402883,2015-01-31,16:00,01 - Clear,01 - Dry,01 - Traffic signal,02 - Intersection related,01 - Daylight,03 - P.D. only,03 - Rear end,Industrial Park
2907,ST. JOSEPH BLVD @ JEANNE D'ARC BLVD,379861.7064,5036471.099,-75.54012913,45.46413428,2015-03-12,8:20,01 - Clear,02 - Wet,11 - Roundabout,03 - At intersection,01 - Daylight,03 - P.D. only,04 - Sideswipe,Chapel Hill
2908,HAWTHORNE RD @ HUNT CLUB RD,375506.786,5026407.975,-75.59725569,45.37404627,2015-03-31,14:00,01 - Clear,01 - Dry,01 - Traffic signal,02 - Intersection related,01 - Daylight,03 - P.D. only,03 - Rear end,Industrial Park
2909,ST. JOSEPH BLVD @ JEANNE D'ARC BLVD,379859.7786,5036470.135,-75.54015393,45.46412581,2015-03-02,7:55,01 - Clear,04 - Slush,11 - Roundabout,03 - At intersection,01 - Daylight,03 - P.D. only,04 - Sideswipe,Chapel Hill
2910,HAWTHORNE RD btwn HAWTHORNE RD & WHYTE SIDE RD,375697.6294,5025938.577,-75.59488679,45.36980358,2015-04-02,8:51,04 - Freezing Rain,06 - Ice,10 - No control,01 - Non intersection,01 - Daylight,03 - P.D. only,03 - Rear end,Greenbelt
2911,ST. JOSEPH BLVD @ JEANNE D'ARC BLVD,379861.7064,5036472.063,-75.54012898,45.46414295,2015-02-27,10:03,01 - Clear,01 - Dry,11 - Roundabout,02 - Intersection related,01 - Daylight,03 - P.D. only,04 - Sideswipe,Chapel Hill
2912,ST. JOSEPH BLVD @ JEANNE D'ARC BLVD,379861.7064,5036471.099,-75.54012913,45.46413428,2015-04-11,23:10,01 - Clear,01 - Dry,11 - Roundabout,03 - At intersection,07 - Dark,03 - P.D. only,04 - Sideswipe,Chapel Hill
2913,ST. JOSEPH BLVD @ JEANNE D'ARC BLVD,379858.8148,5036471.099,-75.5401661,45.46413459,2015-03-19,17:04,01 - Clear,01 - Dry,11 - Roundabout,02 - Intersection related,01 - Daylight,03 - P.D. only,03 - Rear end,Chapel Hill
2914,HAWTHORNE RD btwn HAWTHORNE RD & WHYTE SIDE RD,375602.529,5026173.758,-75.59606703,45.37192924,2015-04-02,7:07,04 - Freezing Rain,06 - Ice,10 - No control,01 - Non intersection,01 - Daylight,03 - P.D. only,07 - SMV other,Greenbelt
2915,HUNT CLUB RD btwn BLOHM DR & HAWTHORNE RD,375497.1475,5026396.409,-75.59738039,45.37394318,2015-03-04,0:32,03 - Snow,03 - Loose snow,10 - No control,01 - Non intersection,07 - Dark,03 - P.D. only,04 - Sideswipe,Industrial Park
2916,HAWTHORNE RD @ HUNT CLUB RD,375509.6776,5026405.083,-75.59721919,45.37401996,2015-01-28,8:00,01 - Clear,01 - Dry,01 - Traffic signal,02 - Intersection related,01 - Daylight,03 - P.D. only,03 - Rear end,Industrial Park
2917,HAWTHORNE RD @ HUNT CLUB RD,375509.6776,5026406.047,-75.59721905,45.37402864,2015-03-06,16:34,01 - Clear,01 - Dry,01 - Traffic signal,02 - Intersection related,01 - Daylight,03 - P.D. only,99 - Other,Industrial Park
2918,HAWTHORNE RD @ HUNT CLUB RD,375506.786,5026407.011,-75.59725583,45.3740376,2015-04-22,18:10,01 - Clear,01 - Dry,01 - Traffic signal,02 - Intersection related,01 - Daylight,03 - P.D. only,05 - Turning movement,Industrial Park
2919,ST. JOSEPH BLVD @ JEANNE D'ARC BLVD,379860.7425,5036470.135,-75.5401416,45.46412571,2015-05-06,18:11,01 - Clear,01 - Dry,11 - Roundabout,03 - At intersection,01 - Daylight,03 - P.D. only,04 - Sideswipe,Chapel Hill
2920,HAIG DR btwn SANDRA AVE & HANEY AVE,372433.0169,5028381.864,-75.63622482,45.39210994,2015-01-17,12:55,01 - Clear,02 - Wet,10 - No control,04 - At/near private drive,01 - Daylight,03 - P.D. only,02 - Angle,Urbandale
2921,ASHLEY ST @ HWY 417 GREENBA IC126R51,360377.7266,5023311.304,-75.7907463,45.34754583,2015-02-04,18:01,01 - Clear,04 - Slush,10 - No control,02 - Intersection related,05 - Dusk,03 - P.D. only,03 - Rear end,Qualicum - Redwood Park
2922,DONALD ST @ ST. LAURENT BLVD,372094.6768,5032473.067,-75.63998693,45.42895339,2015-01-09,23:03,03 - Snow,04 - Slush,01 - Traffic signal,02 - Intersection related,07 - Dark,03 - P.D. only,03 - Rear end,Overbrook
2923,ZEPHYR AVE btwn HOWE ST & DON ST,359902.2591,5025163.92,-75.79660701,45.36425315,2015-01-12,14:25,03 - Snow,03 - Loose snow,10 - No control,01 - Non intersection,01 - Daylight,03 - P.D. only,06 - SMV unattended vehicle,Woodroffe - Lincoln Heights
2924,FISHER AVE @ DEER PARK RD/DYNES RD,366406.7456,5025456.009,-75.71354677,45.36633983,2015-01-16,14:00,01 - Clear,02 - Wet,01 - Traffic signal,02 - Intersection related,01 - Daylight,03 - P.D. only,03 - Rear end,Carleton Heights - Rideauview
2925,COVENTRY RD @ VANIER PKWY,370675.421,5031609.293,-75.65823828,45.42131663,2015-01-17,14:02,01 - Clear,01 - Dry,01 - Traffic signal,02 - Intersection related,01 - Daylight,03 - P.D. only,03 - Rear end,Overbrook
2926,JOCKVALE RD btwn BREN-MAUR RD & RIVERSTONE DR,365149.4424,5013570.692,-75.73104331,45.25950611,2015-01-16,1:15,03 - Snow,03 - Loose snow,10 - No control,01 - Non intersection,07 - Dark,03 - P.D. only,07 - SMV other,New Barrhaven
2927,ARLINGTON AVE btwn BAY ST & LYON ST N,367680.6884,5030145.622,-75.6966881,45.40842256,2015-01-26,1:00,03 - Snow,05 - Packed snow,10 - No control,01 - Non intersection,07 - Dark,03 - P.D. only,06 - SMV unattended vehicle,Centretown
2928,CARP RD/HWY 417 CARP IC144R63 @ HWY 417 CARP I,347298.1994,5015925.373,-75.95828527,45.28199933,2015-01-31,12:17,01 - Clear,01 - Dry,01 - Traffic signal,02 - Intersection related,01 - Daylight,03 - P.D. only,02 - Angle,Stittsville - Basswood
2929,MERIVALE RD @ WOODFIELD DR/ROYDON PL,365461.7372,5022298.017,-75.72599679,45.33800713,2015-01-31,13:36,01 - Clear,01 - Dry,01 - Traffic signal,02 - Intersection related,01 - Daylight,03 - P.D. only,03 - Rear end,Tanglewood
2930,TERRY FOX DR @ WESTPHALIAN AVE,353455.2261,5015759.789,-75.87982363,45.28011017,2015-02-04,16:22,03 - Snow,03 - Loose snow,01 - Traffic signal,02 - Intersection related,01 - Daylight,03 - P.D. only,03 - Rear end,Glen Cairn - Kanata South Business Park
2931,AIRPORT PKWY @ HUNT CLUB RD,371019.4919,5023700.589,-75.65490322,45.35012452,2015-02-04,17:10,03 - Snow,04 - Slush,01 - Traffic signal,02 - Intersection related,01 - Daylight,03 - P.D. only,03 - Rear end,Hunt Club East - Western Community
2932,BANFF AVE btwn SURREY AVE & NOTTING HILL AVE,370606.4458,5025869.636,-75.65988517,45.36967981,2015-01-18,15:40,02 - Rain,06 - Ice,10 - No control,04 - At/near private drive,01 - Daylight,03 - P.D. only,05 - Turning movement,Ledbury - Heron Gate - Ridgemont - Elmwood
2933,CUMBERLAND ST @ YORK ST,368262.8511,5032522.673,-75.68894545,45.42975792,2015-01-18,0:00,01 - Clear,04 - Slush,01 - Traffic signal,02 - Intersection related,07 - Dark,03 - P.D. only,99 - Other,Byward Market
2934,CRICHTON ST btwn THE MEWS LANE & ELECTRIC ST,368848.1256,5033588.496,-75.68132776,45.43929443,2015-03-01,0:00,01 - Clear,01 - Dry,10 - No control,01 - Non intersection,00 - Unknown,03 - P.D. only,06 - SMV unattended vehicle,New Edinburgh
2935,CRAIG HENRY DR btwn ALDRIDGE WAY & JACK AARON DR,362400.323,5021886.826,-75.76510293,45.33456527,2015-03-05,21:13,01 - Clear,05 - Packed snow,10 - No control,01 - Non intersection,07 - Dark,03 - P.D. only,06 - SMV unattended vehicle,Woodvale - Craig Henry - Manordale - Estates of Arlington Wo
2936,O'CONNOR ST btwn QUEEN ST & ALBERT ST,367536.077,5031524.716,-75.6983598,45.4208442,2015-01-20,11:04,01 - Clear,02 - Wet,10 - No control,01 - Non intersection,01 - Daylight,03 - P.D. only,04 - Sideswipe,Downtown
2937,QUEEN ST btwn O'CONNOR ST & METCALFE ST,367563.2558,5031628.105,-75.69799938,45.42177202,2015-01-20,8:10,01 - Clear,02 - Wet,10 - No control,04 - At/near private drive,01 - Daylight,03 - P.D. only,02 - Angle,Downtown
2938,VANCES SIDE RD btwn TORWOOD DR & BASKINS BEACH RD,344171.09,5037287.665,-75.99644086,45.47440532,2015-01-21,17:25,01 - Clear,05 - Packed snow,10 - No control,01 - Non intersection,05 - Dusk,03 - P.D. only,07 - SMV other,Baskin'
2939,MEADOWLANDS DR @ MERIVALE RD,364858.6999,5023725.992,-75.73351707,45.35090775,2015-02-14,20:45,01 - Clear,03 - Loose snow,01 - Traffic signal,02 - Intersection related,07 - Dark,03 - P.D. only,03 - Rear end,Cityview - Skyline - Fisher Heights
2940,HIGHWAY 416 btwn HWY416 IC66 RAMP63 & HWY416 IC66 RAMP53,360063.2294,5014738.958,-75.79571538,45.27043624,2015-09-25,10:46,01 - Clear,01 - Dry,10 - No control,01 - Non intersection,01 - Daylight,03 - P.D. only,03 - Rear end,Munster Hamlet - Richmond
2941,LYON ST @ WELLINGTON ST,366935.271,5031426.648,-75.70604851,45.42001543,2015-01-28,21:15,01 - Clear,01 - Dry,01 - Traffic signal,03 - At intersection,07 - Dark,03 - P.D. only,05 - Turning movement,Downtown