Record,Location,X,Y,lon,lat,Date,Time,Environment,Road_Surface,Traffic_Control,Collision_Location,Light,Collision_Classification,Impact_type,Neighborhood
2942,EAGLESON RD btwn PALOMINO DR & ROTHESAY DR,354043.363,5017489.254,-75.87215582,45.29563134,2015-01-26,8:20,01 - Clear,01 - Dry,10 - No control,01 - Non intersection,01 - Daylight,03 - P.D. only,03 - Rear end,Bridlewood - Emerald Meadows
2943,BANK ST btwn SOUTHKEYS SC & CAHILL DR/DAZE ST,371226.815,5024386.607,-75.65216548,45.35627748,2015-01-31,12:00,01 - Clear,01 - Dry,10 - No control,01 - Non intersection,01 - Daylight,03 - P.D. only,03 - Rear end,South Keys - Heron Gate - Greenboro West
2944,KANATA AVE btwn CAMPEAU DR & EARL GREY DR,350851.5865,5019278.142,-75.912682,45.31194469,2015-01-31,15:52,01 - Clear,04 - Slush,10 - No control,01 - Non intersection,01 - Daylight,03 - P.D. only,03 - Rear end,Kanata
2945,POULIN AVE @ RICHMOND RD,360325.6794,5024900.996,-75.79123191,45.36185396,2015-02-04,9:20,03 - Snow,03 - Loose snow,01 - Traffic signal,02 - Intersection related,01 - Daylight,03 - P.D. only,03 - Rear end,Woodroffe - Lincoln Heights
2946,BASELINE RD @ FISHER AVE,366167.6575,5026029.015,-75.71652743,45.3715166,2015-02-04,10:15,03 - Snow,03 - Loose snow,01 - Traffic signal,02 - Intersection related,01 - Daylight,03 - P.D. only,03 - Rear end,Civic Hospital - Experimental Farm - Central Park
2947,GREENBANK RD @ BERRIGAN DR/WESSEX RD,363724.6456,5015275.943,-75.7489938,45.27497079,2015-01-18,19:49,04 - Freezing Rain,02 - Wet,01 - Traffic signal,02 - Intersection related,07 - Dark,03 - P.D. only,03 - Rear end,New Barrhaven
2948,DUNROBIN RD btwn WAYBURN AVE & RIDDELL DR,347041.8511,5026461.488,-75.96065368,45.37682197,2015-01-18,20:21,02 - Rain,02 - Wet,10 - No control,01 - Non intersection,07 - Dark,03 - P.D. only,07 - SMV other,Carp - Hardwood Plains
2949,PADDLER WAY btwn VOYAGEUR DR & LONG BOW GT,379351.7326,5037967.526,-75.54642261,45.47765259,2015-01-20,11:06,01 - Clear,04 - Slush,10 - No control,04 - At/near private drive,01 - Daylight,03 - P.D. only,07 - SMV other,Orleans South West
2950,STRABY AVE btwn MAY ST & END,371784.6359,5032773.704,-75.64390785,45.43168814,2015-01-20,11:00,01 - Clear,06 - Ice,10 - No control,04 - At/near private drive,01 - Daylight,03 - P.D. only,02 - Angle,Castle Heights
2951,MANOTICK STATION RD @ MITCH OWENS RD,373508.7451,5013267.949,-75.62458487,45.25601537,2015-01-21,18:31,01 - Clear,01 - Dry,02 - Stop sign,03 - At intersection,07 - Dark,03 - P.D. only,03 - Rear end,Greely
2952,CEDARVIEW RD @ HWY 416 WESTHUNT IC72R24,359608.8499,5019743.294,-75.80095264,45.31550127,2015-01-21,18:31,01 - Clear,01 - Dry,02 - Stop sign,03 - At intersection,07 - Dark,03 - P.D. only,02 - Angle,Greenbelt
2953,WILLIAM ST @ YORK ST,367979.733,5032351.039,-75.69258535,45.42823925,2015-02-18,12:45,03 - Snow,03 - Loose snow,02 - Stop sign,02 - Intersection related,01 - Daylight,03 - P.D. only,03 - Rear end,Byward Market
2954,HUNTMAR DR @ PALLADIUM DR S,349675.2853,5017367.311,-75.92785615,45.29482662,2015-01-29,22:00,03 - Snow,05 - Packed snow,01 - Traffic signal,02 - Intersection related,07 - Dark,03 - P.D. only,03 - Rear end,Stittsville - Basswood
2955,BEECH ST @ PRESTON ST,366686.624,5029270.038,-75.70949612,45.4006329,2015-01-26,12:42,01 - Clear,01 - Dry,01 - Traffic signal,02 - Intersection related,01 - Daylight,03 - P.D. only,99 - Other,Little Italy
2956,VALOUR DR @ SMYTH RD,370668.3762,5029087.554,-75.65866524,45.39862768,2015-01-27,19:32,01 - Clear,02 - Wet,01 - Traffic signal,02 - Intersection related,07 - Dark,03 - P.D. only,03 - Rear end,Alta Vista
2957,STEEPLE CHASE DR btwn SPRINGWATER DR & INWOOD DR,355012.3361,5017709.2,-75.85978009,45.29754188,2015-01-31,17:28,01 - Clear,05 - Packed snow,10 - No control,04 - At/near private drive,05 - Dusk,03 - P.D. only,06 - SMV unattended vehicle,Bridlewood - Emerald Meadows
2958,BYRON AVE btwn BRIERWOOD AVE & GOLDEN AVE,362869.2657,5027968.431,-75.7584058,45.38924828,2015-02-01,11:00,01 - Clear,04 - Slush,10 - No control,01 - Non intersection,01 - Daylight,03 - P.D. only,04 - Sideswipe,Carlingwood - McKellar Park - Laurentien View
2959,MARCH RD @ SOLANDT RD,350488.6446,5022710.02,-75.91699382,45.34284926,2015-02-04,14:30,03 - Snow,03 - Loose snow,01 - Traffic signal,02 - Intersection related,01 - Daylight,03 - P.D. only,03 - Rear end,South March
2960,STEEPLE HILL CRES btwn FALLOWFIELD RD & RUSHMORE RD,358830.4923,5013873.761,-75.81151857,45.26274685,2015-01-18,20:39,04 - Freezing Rain,06 - Ice,10 - No control,01 - Non intersection,07 - Dark,03 - P.D. only,07 - SMV other,Munster Hamlet - Richmond
2961,SMYTH RD E/LANCASTER RD @ ST. LAURENT BLVD N/R,373365.0166,5029424.579,-75.62417825,45.40140119,2015-03-15,13:01,01 - Clear,02 - Wet,01 - Traffic signal,02 - Intersection related,01 - Daylight,03 - P.D. only,03 - Rear end,Sheffield Glen
2962,MONTREAL RD btwn GATESTONE PRIV & SINCLAIR ST,375949.0292,5034746.177,-75.59040654,45.44902399,2015-01-03,16:10,04 - Freezing Rain,03 - Loose snow,10 - No control,04 - At/near private drive,05 - Dusk,03 - P.D. only,02 - Angle,Beacon Hill South - Cardinal Heights
2963,MEADOWLANDS DR/TALLWOOD DR @ WOODROFFE AVE,363056.6896,5022729.049,-75.75663019,45.34208934,2015-01-20,13:01,01 - Clear,06 - Ice,01 - Traffic signal,02 - Intersection related,01 - Daylight,03 - P.D. only,03 - Rear end,Crestview - Meadowlands
2964,INNES RD @ JEANNE D'ARC BLVD/MER BLEUE RD,382637.9731,5035567.334,-75.50477528,45.45569915,2015-01-20,13:41,01 - Clear,01 - Dry,01 - Traffic signal,02 - Intersection related,01 - Daylight,03 - P.D. only,03 - Rear end,Chapel Hill South
2965,WOODROFFE AVE btwn FIRESTATION & BASELINE RD,362540.0517,5023795.083,-75.76309761,45.35172416,2015-01-21,19:18,01 - Clear,01 - Dry,10 - No control,01 - Non intersection,07 - Dark,03 - P.D. only,03 - Rear end,Iris
2966,BOOTH ST @ OTTAWA RIVER PKWY/WELLINGTON ST,366263.2931,5031005.242,-75.71468665,45.4162831,2015-01-21,19:19,01 - Clear,02 - Wet,01 - Traffic signal,03 - At intersection,07 - Dark,03 - P.D. only,07 - SMV other,LeBreton Flats
2967,SUNLAND DR btwn LAUZON ST & LAUZON ST,384812.3529,5036977.262,-75.47674891,45.46813876,2015-02-26,7:45,01 - Clear,01 - Dry,10 - No control,04 - At/near private drive,01 - Daylight,03 - P.D. only,06 - SMV unattended vehicle,Fallingbrook
2968,LYON ST @ WELLINGTON ST,366936.2349,5031426.648,-75.7060362,45.42001535,2015-01-28,6:59,01 - Clear,01 - Dry,01 - Traffic signal,03 - At intersection,03 - Dawn,03 - P.D. only,05 - Turning movement,Downtown
2969,WOODROFFE AVE btwn TURN LANE & NORICE ST,363129.4528,5022545.059,-75.75572348,45.34042777,2015-01-28,8:09,01 - Clear,02 - Wet,10 - No control,04 - At/near private drive,01 - Daylight,03 - P.D. only,05 - Turning movement,Centrepointe
2970,SPUR AVE btwn BRIDGESTONE DR & EQUESTRIAN DR,355212.9255,5015986.4,-75.85739776,45.28202542,2015-02-01,15:45,01 - Clear,04 - Slush,10 - No control,01 - Non intersection,01 - Daylight,03 - P.D. only,06 - SMV unattended vehicle,Bridlewood - Emerald Meadows
2971,ABBEYHILL DR @ EAGLESON RD,353827.6249,5018033.974,-75.87485242,45.30054794,2015-02-02,7:19,03 - Snow,03 - Loose snow,01 - Traffic signal,02 - Intersection related,01 - Daylight,03 - P.D. only,03 - Rear end,Glen Cairn - Kanata South Business Park
2972,PORTRUSH AVE btwn HORNCHURCH LANE & LONGFIELDS DR,364349.8378,5015307.205,-75.74102255,45.27519941,2015-02-04,16:15,01 - Clear,05 - Packed snow,10 - No control,04 - At/near private drive,01 - Daylight,03 - P.D. only,02 - Angle,New Barrhaven
2973,CARP RD btwn FALLDOWN LANE & DONALD B. MUNRO DR,341051.2165,5022982.129,-76.03739494,45.345849,2015-02-04,17:15,03 - Snow,03 - Loose snow,10 - No control,01 - Non intersection,05 - Dusk,03 - P.D. only,05 - Turning movement,Carp
2974,SMYTH RD/OTHELLO AVE @ RUSSELL RD W,373255.5458,5029373.919,-75.62558345,45.40095609,2015-01-19,8:13,01 - Clear,04 - Slush,01 - Traffic signal,02 - Intersection related,01 - Daylight,03 - P.D. only,02 - Angle,Elmvale - Eastway - Riverview - Riverview Park West
2975,HENDERSON AVE @ LAURIER AVE,368806.7424,5032077.059,-75.68205315,45.42569888,2015-01-19,8:30,01 - Clear,04 - Slush,02 - Stop sign,02 - Intersection related,01 - Daylight,03 - P.D. only,03 - Rear end,Sandy Hill
2976,OR174 IC112 RAMP15 btwn BLAIR RD & REGIONAL ROAD 174,375072.0361,5033012.301,-75.6018645,45.43351231,2015-01-06,11:12,01 - Clear,06 - Ice,10 - No control,01 - Non intersection,01 - Daylight,03 - P.D. only,07 - SMV other,Greenbelt
2977,RICHMOND RD btwn BLACK FOREST LANE & LONGWOOD AVE,357497.207,5019774.112,-75.82787994,45.31594023,2015-01-12,11:19,01 - Clear,02 - Wet,10 - No control,01 - Non intersection,01 - Daylight,03 - P.D. only,06 - SMV unattended vehicle,Bells Corners East
2978,HAWTHORNE AVE @ MAIN ST,368970.7096,5030633.049,-75.68014608,45.41269118,2015-01-20,13:30,01 - Clear,04 - Slush,01 - Traffic signal,02 - Intersection related,01 - Daylight,03 - P.D. only,04 - Sideswipe,Old Ottawa East
2979,INNES RD @ TENTH LINE RD,383952.7242,5036160.043,-75.48787227,45.46088411,2015-01-21,19:21,01 - Clear,01 - Dry,01 - Traffic signal,02 - Intersection related,07 - Dark,03 - P.D. only,03 - Rear end,Queenswood Heights
2980,GALETTA SIDE RD btwn JOHN SHAW RD & HOMESTEADERS RD,326173.4274,5033582.313,-76.22678961,45.44184592,2015-01-21,19:46,01 - Clear,01 - Dry,10 - No control,01 - Non intersection,07 - Dark,03 - P.D. only,07 - SMV other,Fitzro
2981,WEST HUNT CLUB RD WB btwn 545 E OF ROYDON PL/SUNDERLAND ST & ANTARES D,367011.3258,5022264.152,-75.70623121,45.33756673,2015-01-14,8:04,01 - Clear,06 - Ice,10 - No control,07 - Overpass or bridge,01 - Daylight,03 - P.D. only,03 - Rear end,Industrial Park
2982,HUNT CLUB RD @ UPLANDS DR,370155.2257,5023123.294,-75.66600814,45.34501125,2015-01-03,18:35,03 - Snow,05 - Packed snow,01 - Traffic signal,02 - Intersection related,07 - Dark,03 - P.D. only,01 - Approaching,Hunt Club East - Western Community
2983,FERNBANK RD @ JINKINSON RD,345895.2254,5007662,-75.97685084,45.20772509,2015-01-09,8:46,03 - Snow,04 - Slush,02 - Stop sign,02 - Intersection related,01 - Daylight,03 - P.D. only,07 - SMV other,Stittsville - Basswood
2984,BRIAN COBURN BLVD @ NANTES ST,386131.2701,5035613.092,-75.46011018,45.45571297,2015-06-08,8:15,02 - Rain,02 - Wet,02 - Stop sign,03 - At intersection,01 - Daylight,03 - P.D. only,05 - Turning movement,Avalon
2985,CENTREPOINTE DR @ CHRYSALIS WAY/PLUNKETT CRT,362633.2765,5022686.035,-75.76203762,45.34173734,2015-02-02,7:28,03 - Snow,03 - Loose snow,02 - Stop sign,02 - Intersection related,01 - Daylight,03 - P.D. only,05 - Turning movement,Centrepointe
2986,DRAPER AVE @ LISA AVE,360435.7474,5022883.017,-75.7900541,45.34368751,2015-02-02,8:27,03 - Snow,05 - Packed snow,02 - Stop sign,02 - Intersection related,01 - Daylight,03 - P.D. only,02 - Angle,Qualicum - Redwood Park
2987,SLACK RD @ WOODROFFE AVE,364233.6835,5019973.996,-75.74194353,45.31720088,2015-02-04,18:45,01 - Clear,04 - Slush,01 - Traffic signal,02 - Intersection related,07 - Dark,03 - P.D. only,03 - Rear end,Greenbelt
2988,BEAVERBROOK RD @ LEACOCK DR E,351795.6143,5021136.936,-75.90046664,45.328608,2015-02-04,17:30,03 - Snow,03 - Loose snow,02 - Stop sign,02 - Intersection related,07 - Dark,03 - P.D. only,03 - Rear end,Beaverbrook
2989,GENERAL AVE btwn ANNA AVE & CROWN CRES,365399.6769,5027474.186,-75.72615387,45.3845868,2015-01-16,17:30,01 - Clear,04 - Slush,10 - No control,04 - At/near private drive,05 - Dusk,03 - P.D. only,06 - SMV unattended vehicle,Carlington
2990,SILVERADO CRES btwn AQUAVIEW DR & BOIS VERT PL,384624.7715,5035807.471,-75.47933739,45.45763554,2015-01-18,15:00,02 - Rain,04 - Slush,10 - No control,01 - Non intersection,01 - Daylight,03 - P.D. only,06 - SMV unattended vehicle,Avalon
2991,FROBISHER LANE W @ RIVERSIDE DR,370118.7151,5029600.744,-75.66561732,45.40329667,2015-01-14,17:11,01 - Clear,06 - Ice,01 - Traffic signal,02 - Intersection related,05 - Dusk,03 - P.D. only,03 - Rear end,Industrial Park
2992,HEATHERINGTON RD btwn ALBION RD N & BANNERHILL PRIV,371315.862,5026255.912,-75.65077743,45.37308841,2015-01-15,0:00,01 - Clear,04 - Slush,10 - No control,01 - Non intersection,00 - Unknown,03 - P.D. only,06 - SMV unattended vehicle,Ledbury - Heron Gate - Ridgemont - Elmwood
2993,CAHILL DR @ HUNT CLUB RD,372407.7347,5024542.027,-75.63707333,45.35756303,2015-01-20,14:15,01 - Clear,01 - Dry,01 - Traffic signal,02 - Intersection related,01 - Daylight,03 - P.D. only,03 - Rear end,Greenboro East
2994,RICHMOND RD @ HOLLY ACRES RD/NANAIMO DR,359058.6716,5022748.014,-75.80763993,45.34258062,2015-01-20,14:53,01 - Clear,06 - Ice,01 - Traffic signal,02 - Intersection related,01 - Daylight,03 - P.D. only,03 - Rear end,Greenbelt
2995,REGIONAL ROAD 174 EB btwn OR174 IC109 RAMP55 & TRANSIT,376481.3932,5035005.382,-75.58356372,45.45130175,2015-01-21,20:27,01 - Clear,01 - Dry,10 - No control,01 - Non intersection,07 - Dark,03 - P.D. only,04 - Sideswipe,Greenbelt
2996,RIVERSIDE DR btwn RAMP & TURN LANE (2),368462.5601,5027287.498,-75.68706939,45.38263536,2015-01-22,8:00,01 - Clear,06 - Ice,10 - No control,01 - Non intersection,01 - Daylight,03 - P.D. only,03 - Rear end,Alta Vista
2997,WEST HUNT CLUB RD WB btwn 545 E OF ROYDON PL/SUNDERLAND ST & ANTARES D,367013.2535,5022257.405,-75.70620747,45.33750585,2015-01-14,8:04,01 - Clear,06 - Ice,10 - No control,07 - Overpass or bridge,01 - Daylight,03 - P.D. only,03 - Rear end,Industrial Park
2998,WEST HUNT CLUB RD WB btwn 545 E OF ROYDON PL/SUNDERLAND ST & ANTARES D,367014.2173,5022255.478,-75.70619541,45.33748842,2015-01-14,8:04,01 - Clear,06 - Ice,10 - No control,07 - Overpass or bridge,01 - Daylight,03 - P.D. only,03 - Rear end,Industrial Park
2999,KATIMAVIK RD @ CURRAN ST/DAVIS AVE,351460.706,5018496.257,-75.90498764,45.30486888,2015-01-09,13:45,01 - Clear,03 - Loose snow,02 - Stop sign,03 - At intersection,01 - Daylight,03 - P.D. only,02 - Angle,Katimavik - Hazeldean
3000,DOWNSVIEW CRES E @ WOODFIELD DR E,364890.3224,5022111.061,-75.7333097,45.33637409,2015-01-06,7:30,01 - Clear,06 - Ice,02 - Stop sign,02 - Intersection related,03 - Dawn,03 - P.D. only,03 - Rear end,Tanglewood
3001,CAMPEAU DR/HWY 417 MARCH IC138R63 @ MARCH RD,352839.8811,5020478.212,-75.88720937,45.32260997,2015-01-29,18:07,03 - Snow,03 - Loose snow,01 - Traffic signal,02 - Intersection related,07 - Dark,03 - P.D. only,03 - Rear end,Greenbelt
3002,ABBEYHILL DR btwn SURREY LANE & EAGLESON RD,353786.4792,5018009.128,-75.87537949,45.30032724,2015-01-30,8:10,03 - Snow,03 - Loose snow,10 - No control,01 - Non intersection,01 - Daylight,03 - P.D. only,03 - Rear end,Glen Cairn - Kanata South Business Park
3003,FALLOWFIELD RD btwn MERIVALE RD & WOODROFFE AVE,365659.0129,5018318.185,-75.72396894,45.30217994,2015-02-02,8:55,03 - Snow,03 - Loose snow,10 - No control,01 - Non intersection,01 - Daylight,03 - P.D. only,03 - Rear end,Greenbelt
3004,MILTON RD btwn PERRAULT RD & RUSSELL RD,389277.3475,5026659.453,-75.42142669,45.37478409,2015-02-02,9:00,03 - Snow,05 - Packed snow,10 - No control,01 - Non intersection,01 - Daylight,03 - P.D. only,07 - SMV other,Navan - Vars
3005,DWYER HILL RD btwn FERNBANK RD & FLEWELLYN RD,342940.6699,5005036.011,-76.01466234,45.18426097,2015-02-05,7:55,01 - Clear,05 - Packed snow,10 - No control,01 - Non intersection,01 - Daylight,03 - P.D. only,01 - Approaching,Munster Hamlet - Richmond
3006,GREENBANK RD @ 220 N OF STRANDHERD DR,363848.3925,5014985.816,-75.74745126,45.27234984,2015-02-05,12:11,01 - Clear,02 - Wet,01 - Traffic signal,02 - Intersection related,01 - Daylight,03 - P.D. only,03 - Rear end,New Barrhaven
3007,INNES RD @ 298 E OF WILDFLOWER DR/LOBLAWS SC,383190.7568,5035795.117,-75.49767224,45.45768674,2015-01-19,15:30,01 - Clear,01 - Dry,01 - Traffic signal,02 - Intersection related,01 - Daylight,03 - P.D. only,03 - Rear end,Avalon
3008,MONTREAL RD btwn SINCLAIR ST & SHEFFORD RD,376042.8389,5034804.9,-75.5891989,45.44954279,2015-01-19,16:37,01 - Clear,02 - Wet,10 - No control,01 - Non intersection,01 - Daylight,03 - P.D. only,03 - Rear end,Beacon Hill South - Cardinal Heights
3009,REGIONAL ROAD 174 btwn HWY417 IC113 RAMP67 & Continuation of REGIONAL ,373832.6812,5032126.67,-75.61782674,45.4256673,2015-01-15,16:45,01 - Clear,06 - Ice,10 - No control,01 - Non intersection,05 - Dusk,03 - P.D. only,03 - Rear end,Industrial Park
3010,MEADOWLANDS DR @ NESS ST,366416.6317,5024945,-75.7134843,45.361741,2015-01-15,22:29,03 - Snow,04 - Slush,02 - Stop sign,03 - At intersection,07 - Dark,03 - P.D. only,03 - Rear end,Borden Farm - Stewart Farm - Parkwood Hills - Fisher Glen
3011,MEADOWLANDS DR @ MERIVALE RD,364859.6638,5023725.992,-75.73350477,45.35090767,2015-01-20,15:25,01 - Clear,01 - Dry,01 - Traffic signal,02 - Intersection related,01 - Daylight,03 - P.D. only,03 - Rear end,Cityview - Skyline - Fisher Heights
3012,ROWALLEN PL btwn SHELLBROOK WAY & SHELLBROOK WAY,372986.2208,5026002.517,-75.62948901,45.37064793,2015-01-22,9:49,01 - Clear,04 - Slush,10 - No control,04 - At/near private drive,01 - Daylight,03 - P.D. only,02 - Angle,Greenboro East
3013,ALTA VISTA DR @ SMYTH RD,370432.7159,5029082.039,-75.66167573,45.39860019,2015-01-22,12:13,01 - Clear,01 - Dry,01 - Traffic signal,02 - Intersection related,01 - Daylight,03 - P.D. only,03 - Rear end,Alta Vista
3014,BATHGATE DR btwn MONTREAL RD & GULF PL,373232.7574,5034445.425,-75.62516997,45.44658922,2015-03-17,13:00,01 - Clear,01 - Dry,10 - No control,01 - Non intersection,01 - Daylight,03 - P.D. only,07 - SMV other,Carson Grove - Carson Meadows
3015,BAY ST @ GLOUCESTER ST,367073.7376,5030934.058,-75.70434164,45.41557095,2015-03-17,13:36,01 - Clear,01 - Dry,02 - Stop sign,02 - Intersection related,01 - Daylight,03 - P.D. only,04 - Sideswipe,Downtown
3016,PALLADIUM DR @ SILVER SEVEN RD,351052.5086,5017889.249,-75.91024928,45.29943386,2015-01-07,10:39,05 - Drifting Snow,05 - Packed snow,01 - Traffic signal,02 - Intersection related,01 - Daylight,03 - P.D. only,02 - Angle,Katimavik - Hazeldean
3017,AHEARN AVE btwn RITCHIE ST & CROFT ST,359431.5824,5024595.342,-75.80267771,45.35917394,2015-01-08,17:44,01 - Clear,05 - Packed snow,10 - No control,01 - Non intersection,07 - Dark,03 - P.D. only,06 - SMV unattended vehicle,Crystal Bay - Lakeview Park - Britannia Village
3018,MARCH RD @ MORGAN'S GRANT WAY/SHIRLEY'S BROOK ,349659.6815,5023616.064,-75.92748902,45.35105556,2015-01-30,9:00,03 - Snow,04 - Slush,01 - Traffic signal,02 - Intersection related,01 - Daylight,03 - P.D. only,03 - Rear end,Morgan's Grant
3019,COLONY HEIGHTS RD @ BANKFIELD RD,368240.0389,5010048.833,-75.69211688,45.22754471,2015-01-29,15:49,03 - Snow,03 - Loose snow,02 - Stop sign,02 - Intersection related,01 - Daylight,03 - P.D. only,03 - Rear end,Manotick
3020,LADY ELLEN PL @ LAPERRIERE AVE,364170.4012,5026738.707,-75.74193854,45.37807435,2015-02-02,10:48,03 - Snow,03 - Loose snow,02 - Stop sign,03 - At intersection,01 - Daylight,03 - P.D. only,02 - Angle,Carlington
3021,CARP RD btwn BAIRD SIDE RD & THOMAS A. DOLAN PKWY,336353.514,5026005.339,-76.09714815,45.37328022,2015-02-02,11:00,03 - Snow,06 - Ice,10 - No control,01 - Non intersection,01 - Daylight,03 - P.D. only,07 - SMV other,Car
3022,KAKULU RD @ CASTLEFRANK RD,352179.4391,5018500.206,-75.89582256,45.3048563,2015-02-05,12:20,01 - Clear,02 - Wet,01 - Traffic signal,02 - Intersection related,01 - Daylight,03 - P.D. only,03 - Rear end,Katimavik - Hazeldean
3023,CROYDON AVE @ RICHMOND RD,360545.6868,5025271.074,-75.78838205,45.36516645,2015-02-05,13:01,01 - Clear,01 - Dry,01 - Traffic signal,03 - At intersection,01 - Daylight,03 - P.D. only,05 - Turning movement,Woodroffe - Lincoln Heights
3024,CENTRAL PARK DR N @ MERIVALE RD,364952.9039,5025872.827,-75.73205363,45.37021657,2015-01-19,17:06,03 - Snow,03 - Loose snow,01 - Traffic signal,02 - Intersection related,05 - Dusk,03 - P.D. only,04 - Sideswipe,Civic Hospital - Experimental Farm - Central Park
3025,REGINA ST btwn DON ST & CROYDON AVE,360321.4057,5025334.496,-75.79123775,45.36575492,2015-01-19,17:15,01 - Clear,03 - Loose snow,10 - No control,04 - At/near private drive,05 - Dusk,03 - P.D. only,03 - Rear end,Woodroffe - Lincoln Heights
3026,SHEA RD btwn ABBOTT ST E & FERNBANK RD,351339.6104,5013956.781,-75.90695752,45.26402938,2015-01-15,19:28,03 - Snow,03 - Loose snow,10 - No control,04 - At/near private drive,07 - Dark,03 - P.D. only,05 - Turning movement,Stittsville
3027,ALLOWAY CRES btwn PLUMBER AVE & CHARLTON DR,373102.8438,5033330.086,-75.62698536,45.43656668,2015-01-16,9:50,01 - Clear,03 - Loose snow,10 - No control,04 - At/near private drive,01 - Daylight,03 - P.D. only,99 - Other,Carson Grove - Carson Meadows
3028,SAI CRES btwn BLOHM DR & BLOHM DR,374787.7438,5026596.273,-75.6064082,45.37581268,2015-01-20,15:29,01 - Clear,06 - Ice,10 - No control,01 - Non intersection,01 - Daylight,03 - P.D. only,01 - Approaching,Industrial Park
3029,GREENBANK RD @ MALVERN DR/FOXFIELD DR,363311.6864,5016192.024,-75.75414861,45.28324819,2015-01-20,16:33,01 - Clear,02 - Wet,01 - Traffic signal,02 - Intersection related,01 - Daylight,03 - P.D. only,03 - Rear end,Barrhaven West - Old Barrhaven
3030,PAUL ANKA DR btwn UPLANDS DR & SAMPLE RD,369425.0121,5023527.437,-75.67527254,45.34871528,2015-01-22,12:13,01 - Clear,01 - Dry,10 - No control,01 - Non intersection,01 - Daylight,03 - P.D. only,04 - Sideswipe,Hunt Club East - Western Community
3031,JEANNE D'ARC BLVD @ ORLEANS BLVD N,380030.6555,5038105.117,-75.53771878,45.4788177,2015-01-22,13:32,01 - Clear,01 - Dry,01 - Traffic signal,02 - Intersection related,01 - Daylight,03 - P.D. only,03 - Rear end,Orleans South West
3032,MONTREAL RD @ BATHGATE DR/BURMA RD,373225.6863,5034515.146,-75.62525066,45.44721722,2015-03-17,16:15,01 - Clear,02 - Wet,01 - Traffic signal,02 - Intersection related,01 - Daylight,03 - P.D. only,03 - Rear end,Carson Grove - Carson Meadows
3033,INDUSTRIAL AVE btwn RIVERSIDE DR & SANDFORD FLEMING AVE,370708.815,5030587.252,-75.65794831,45.41211757,2015-01-04,3:27,04 - Freezing Rain,06 - Ice,10 - No control,01 - Non intersection,07 - Dark,03 - P.D. only,03 - Rear end,Industrial Park
3034,MERIVALE RD @ BASIL MACDONALD WAY/MERIVALE MAL,365097.9013,5023171.318,-75.73053223,45.34589634,2015-01-13,10:22,01 - Clear,06 - Ice,01 - Traffic signal,02 - Intersection related,01 - Daylight,03 - P.D. only,03 - Rear end,Crestview - Meadowlands
3035,CAMPEAU DR @ TERRY FOX DR,350455.901,5019010.455,-75.91775277,45.30956181,2015-01-13,20:10,01 - Clear,06 - Ice,01 - Traffic signal,02 - Intersection related,07 - Dark,03 - P.D. only,03 - Rear end,Kanata
3036,CORKERY RD @ MARCH RD,335963.5032,5016152.007,-76.10274767,45.28463258,2015-01-29,17:30,03 - Snow,03 - Loose snow,02 - Stop sign,02 - Intersection related,05 - Dusk,03 - P.D. only,03 - Rear end,Carp - Hardwood Plains
3037,BASELINE RD @ WOODROFFE AVE,362550.6541,5023769.059,-75.76296535,45.35148913,2015-01-29,18:45,03 - Snow,03 - Loose snow,01 - Traffic signal,02 - Intersection related,07 - Dark,03 - P.D. only,03 - Rear end,Iris
3038,FALLOWFIELD RD @ VIA PARK PL/275 W OF WOODROFFE AVE,364847.2373,5017765.539,-75.73438612,45.29727712,2015-02-02,11:23,03 - Snow,03 - Loose snow,01 - Traffic signal,03 - At intersection,01 - Daylight,03 - P.D. only,05 - Turning movement,New Barrhaven
3039,WOODROFFE AVE @ HWY 417 WOODROFF IC127R26/HWY4,362082.6869,5024940.361,-75.76880149,45.3620668,2015-02-02,11:30,03 - Snow,02 - Wet,01 - Traffic signal,02 - Intersection related,01 - Daylight,03 - P.D. only,03 - Rear end,Whitehaven - Queensway Terrace North
3040,WOODRIDGE CRES btwn BAYSHORE DR & BAYSHORE PS,358905.4348,5023765.251,-75.80948386,45.35174557,2015-02-05,14:49,01 - Clear,02 - Wet,10 - No control,04 - At/near private drive,01 - Daylight,03 - P.D. only,05 - Turning movement,Bayshore
3041,BASELINE RD btwn PINECREST RD & ROCKWAY CRES,360896.0788,5022763.59,-75.78419399,45.34257624,2015-02-05,16:48,01 - Clear,02 - Wet,10 - No control,04 - At/near private drive,01 - Daylight,03 - P.D. only,02 - Angle,Iris
3042,DONALD B. MUNRO DR btwn ROBERTLEE DR & TO BE DETERMINED,342897.6019,5022638.923,-76.01386032,45.34266285,2015-01-19,17:25,01 - Clear,02 - Wet,10 - No control,01 - Non intersection,05 - Dusk,03 - P.D. only,07 - SMV other,Carp - Hardwood Plains
3043,GOLDEN AVE @ RICHMOND RD,362861.7253,5028027.028,-75.7584952,45.38977616,2015-01-19,18:23,01 - Clear,04 - Slush,01 - Traffic signal,02 - Intersection related,07 - Dark,03 - P.D. only,03 - Rear end,Woodroffe - Lincoln Heights
3044,BRISTOL AVE @ SUNNYSIDE AVE,369241.2787,5028894.304,-75.67691684,45.39702169,2015-01-20,16:34,01 - Clear,05 - Packed snow,02 - Stop sign,03 - At intersection,05 - Dusk,03 - P.D. only,02 - Angle,Old Ottawa South