Record,Location,X,Y,lon,lat,Date,Time,Environment,Road_Surface,Traffic_Control,Collision_Location,Light,Collision_Classification,Impact_type,Neighborhood
3148,MARCH RD @ UPPER DWYER HILL RD,334080.478,5014291.982,-76.12686045,45.26797593,2015-01-25,17:50,01 - Clear,03 - Loose snow,01 - Traffic signal,02 - Intersection related,07 - Dark,03 - P.D. only,07 - SMV other,Carp - Hardwood Plains
3149,MONTREAL RD @ CARSON'S RD/CODD'S RD,372770.7184,5034400.027,-75.63108216,45.44622583,2015-01-27,10:13,01 - Clear,01 - Dry,01 - Traffic signal,02 - Intersection related,01 - Daylight,03 - P.D. only,03 - Rear end,Carson Grove - Carson Meadows
3150,FOUNTAINHEAD DR @ SADDLERIDGE DR,381711.7633,5032135.946,-75.51715211,45.42492881,2015-01-16,9:28,01 - Clear,01 - Dry,,03 - At intersection,01 - Daylight,03 - P.D. only,02 - Angle,Chapel Hill South
3151,DU GRAND BOIS AVE @ INNES RD,383109.6213,5035763.35,-75.49871456,45.45741003,2015-01-07,16:45,03 - Snow,06 - Ice,02 - Stop sign,03 - At intersection,05 - Dusk,03 - P.D. only,02 - Angle,Avalon
3152,WELLINGTON ST btwn ELGIN ST & ELGIN ST,367791.9327,5031959.987,-75.69503515,45.42473763,2015-01-07,22:10,03 - Snow,02 - Wet,10 - No control,04 - At/near private drive,07 - Dark,03 - P.D. only,05 - Turning movement,Byward Market - Parliament Hill
3153,BYRON AVE @ HOLLAND AVE,365014.7003,5028959.038,-75.73088831,45.39798039,2015-01-16,11:12,01 - Clear,03 - Loose snow,02 - Stop sign,02 - Intersection related,01 - Daylight,03 - P.D. only,02 - Angle,Island Park
3154,"EGLISE, RUE DE L @ MONTREAL RD",371156.7463,5033634.069,-75.65181569,45.43948918,2015-01-17,12:52,01 - Clear,01 - Dry,01 - Traffic signal,03 - At intersection,01 - Daylight,03 - P.D. only,05 - Turning movement,Vanier South
3155,CATHERINE ST/HWY 417 O'CONN IC119BR76 @ O'CONN,368243.6022,5030393.315,-75.68946562,45.41060043,2015-01-15,10:39,01 - Clear,02 - Wet,01 - Traffic signal,03 - At intersection,01 - Daylight,03 - P.D. only,05 - Turning movement,Centretown
3156,MERIVALE RD/LOTTA AVE @ CLYDE AVE,364519.7706,5024508.008,-75.73774771,45.35797317,2015-01-23,17:13,01 - Clear,02 - Wet,01 - Traffic signal,02 - Intersection related,05 - Dusk,03 - P.D. only,03 - Rear end,Crestview - Meadowlands
3157,IRIS ST @ PINECREST SC,360638.7391,5023382.527,-75.78740761,45.34816596,2015-01-31,9:56,01 - Clear,04 - Slush,01 - Traffic signal,02 - Intersection related,01 - Daylight,03 - P.D. only,03 - Rear end,Iris
3158,FALLOWFIELD RD btwn ORR ST & GREENBANK RD,363044.0492,5016701.13,-75.75750014,45.28785136,2015-02-04,14:17,03 - Snow,02 - Wet,10 - No control,04 - At/near private drive,01 - Daylight,03 - P.D. only,03 - Rear end,Barrhaven West - Old Barrhaven
3159,VANIER PKWY NB btwn PRESLAND RD & COVENTRY RD,370661.9271,5031617.968,-75.65840952,45.42139595,2015-02-04,14:34,03 - Snow,03 - Loose snow,10 - No control,01 - Non intersection,01 - Daylight,03 - P.D. only,03 - Rear end,Overbrook
3160,PRINCE OF WALES DR btwn FOURTH LINE RD & TURN LANE,366292.3565,4999582.982,-75.7182074,45.13354468,2015-01-18,12:07,01 - Clear,01 - Dry,10 - No control,01 - Non intersection,01 - Daylight,03 - P.D. only,99 - Other,Manotick - North Gower
3161,TERRY FOX DR btwn COPE DR & TRANS CANADA TRAIL,353522.7533,5015659.916,-75.87897276,45.27920681,2015-01-18,13:26,01 - Clear,01 - Dry,10 - No control,01 - Non intersection,01 - Daylight,03 - P.D. only,03 - Rear end,Glen Cairn - Kanata South Business Park
3162,FIRST (1ST) ST @ PARKIN CIRC,372707.2447,5023015.37,-75.63346055,45.34379777,2015-02-15,0:26,03 - Snow,03 - Loose snow,02 - Stop sign,03 - At intersection,07 - Dark,03 - P.D. only,07 - SMV other,Blossom Park - Blossom Park West - Sawmill Creek/ Timbermill
3163,MONTREAL RD @ OGILVIE RD,375654.735,5034557.068,-75.59419566,45.4473524,2015-01-20,7:20,01 - Clear,05 - Packed snow,01 - Traffic signal,02 - Intersection related,03 - Dawn,03 - P.D. only,03 - Rear end,Beacon Hill South - Cardinal Heights
3164,HIGHWAY 17 btwn HUNT LINE RD & WINDWARD WAY,323315.431,5028236.169,-76.26352311,45.39382024,2015-01-20,7:23,01 - Clear,01 - Dry,10 - No control,04 - At/near private drive,03 - Dawn,03 - P.D. only,03 - Rear end,Mississipp
3165,NAVAHO DR btwn NAVAHO DR & DEERFIELD DR,363134.8689,5024010.038,-75.75548159,45.35360908,2015-01-21,15:01,01 - Clear,01 - Dry,10 - No control,04 - At/near private drive,01 - Daylight,03 - P.D. only,05 - Turning movement,Crestview - Meadowlands
3166,MARCH RD @ SOLANDT RD,350489.6085,5022710.02,-75.91698152,45.3428492,2015-01-21,17:08,01 - Clear,05 - Packed snow,01 - Traffic signal,02 - Intersection related,05 - Dusk,03 - P.D. only,03 - Rear end,South March
3167,BAYVIEW DR btwn RITCHIE AVE & DORIS CURRIE RD,335412.8337,5040372.461,-76.10826423,45.50260196,2015-01-28,16:36,01 - Clear,01 - Dry,10 - No control,04 - At/near private drive,01 - Daylight,03 - P.D. only,06 - SMV unattended vehicle,Buckham'
3168,KIRKWOOD AVE N @ CARLING AVE,364274.7283,5027491.125,-75.74051593,45.38483563,2015-01-28,17:30,01 - Clear,01 - Dry,01 - Traffic signal,03 - At intersection,05 - Dusk,03 - P.D. only,05 - Turning movement,Westboro
3169,BEECHWOOD AVE btwn CORONA AVE & OAKHILL RD,369708.8565,5034202.69,-75.67024592,45.44474131,2015-01-16,12:48,01 - Clear,03 - Loose snow,10 - No control,01 - Non intersection,01 - Daylight,03 - P.D. only,07 - SMV other,Rockcliffe - Manor Park
3170,FOUR SEASONS DR @ VIEWMOUNT DR,366587.7467,5023756.021,-75.71144889,45.35102774,2015-01-17,12:59,01 - Clear,06 - Ice,02 - Stop sign,02 - Intersection related,01 - Daylight,03 - P.D. only,03 - Rear end,Borden Farm - Stewart Farm - Parkwood Hills - Fisher Glen
3171,BAYVIEW RD @ O'MEARA ST,365617.266,5030026.102,-75.72306095,45.4075295,2015-01-17,13:56,01 - Clear,05 - Packed snow,02 - Stop sign,02 - Intersection related,01 - Daylight,03 - P.D. only,07 - SMV other,Mechanicsville
3172,SECOND LINE RD btwn GOWARD DR & KLONDIKE RD,348021.6785,5023259.003,-75.94842386,45.3479455,2015-01-23,18:49,01 - Clear,02 - Wet,10 - No control,01 - Non intersection,07 - Dark,03 - P.D. only,07 - SMV other,Morgan's Grant
3173,BELFAST RD @ ST. LAURENT BLVD,372860.7241,5030578.08,-75.6304599,45.41182907,2015-01-22,22:18,01 - Clear,01 - Dry,01 - Traffic signal,03 - At intersection,07 - Dark,03 - P.D. only,05 - Turning movement,Industrial Park
3174,CARLING AVE @ WOODROFFE AVE W,361767.6836,5025725.995,-75.77273152,45.36916154,2015-01-31,10:20,01 - Clear,02 - Wet,01 - Traffic signal,02 - Intersection related,01 - Daylight,03 - P.D. only,03 - Rear end,Carlingwood West - Glabar Park - McKellar Heights
3175,WHITEWATER ST btwn GROVEMONT DR & ASHMORE DR,366757.775,5014653.335,-75.71041726,45.26910787,2015-01-30,18:45,01 - Clear,01 - Dry,10 - No control,04 - At/near private drive,07 - Dark,03 - P.D. only,06 - SMV unattended vehicle,Chapman Mills - Rideau Crest - Davidson Heights
3176,BRONSON AVE @ FOURTH AVE,367583.7135,5029008.115,-75.69807167,45.39819632,2015-02-04,14:34,03 - Snow,03 - Loose snow,02 - Stop sign,03 - At intersection,01 - Daylight,03 - P.D. only,02 - Angle,The Glebe
3177,COLONNADE RD @ PRINCE OF WALES DR,367394.7116,5023267.962,-75.70121297,45.34656472,2015-02-02,23:45,01 - Clear,03 - Loose snow,01 - Traffic signal,02 - Intersection related,07 - Dark,03 - P.D. only,07 - SMV other,Industrial Park
3178,MOODIE DR btwn CARLING AVE & Continuation of MOODIE DR,355968.1989,5023863.878,-75.84695736,45.35285349,2015-01-18,14:45,01 - Clear,02 - Wet,10 - No control,01 - Non intersection,01 - Daylight,03 - P.D. only,04 - Sideswipe,Greenbelt
3179,FIFTH AVE btwn O'CONNOR ST & QUEEN ELIZABETH DRWY,368748.6033,5029607.667,-75.68311645,45.40348547,2015-01-18,14:49,01 - Clear,04 - Slush,10 - No control,01 - Non intersection,01 - Daylight,03 - P.D. only,06 - SMV unattended vehicle,The Glebe
3180,ST. LAURENT BLVD @ WALKLEY RD,373902.7501,5028048.301,-75.61750305,45.38896521,2015-02-19,16:59,01 - Clear,01 - Dry,01 - Traffic signal,02 - Intersection related,01 - Daylight,03 - P.D. only,03 - Rear end,Hawthorne Meadows
3181,ATHANS AVE @ COUNCILLOR'S WAY/LEVADIA AVE,373139.002,5024071.712,-75.62780573,45.35326042,2015-02-20,16:20,01 - Clear,03 - Loose snow,02 - Stop sign,03 - At intersection,01 - Daylight,03 - P.D. only,02 - Angle,Blossom Park - Blossom Park West - Sawmill Creek/ Timbermill
3182,WALKLEY RD @ DON REID DR/RYDER ST,372601.7269,5027285.026,-75.63422107,45.38222474,2015-01-20,9:05,01 - Clear,02 - Wet,01 - Traffic signal,02 - Intersection related,01 - Daylight,03 - P.D. only,07 - SMV other,Playfair Park - Lynda Park - Guildwood Estates
3183,GREENBANK RD @ 220 N OF STRANDHERD DR,363849.1154,5014984.25,-75.74744224,45.27233569,2015-01-20,9:10,01 - Clear,06 - Ice,01 - Traffic signal,02 - Intersection related,01 - Daylight,03 - P.D. only,03 - Rear end,New Barrhaven
3184,LEWIS ST btwn O'CONNOR ST & METCALFE ST,368113.0013,5030916.346,-75.69106678,45.41531832,2015-01-20,16:00,01 - Clear,01 - Dry,10 - No control,01 - Non intersection,01 - Daylight,03 - P.D. only,06 - SMV unattended vehicle,Centretown
3185,PRINCE OF WALES DR @ MEADOWLANDS DR/HOG'S BACK,367370.955,5025692.393,-75.70120922,45.36838135,2015-01-21,8:15,01 - Clear,01 - Dry,01 - Traffic signal,02 - Intersection related,01 - Daylight,03 - P.D. only,03 - Rear end,Carleton Heights - Rideauview
3186,TERRY FOX DR btwn LEGGET DR & HELMSDALE DR,350529.7277,5023764.411,-75.91637212,45.35233422,2015-02-12,10:28,03 - Snow,03 - Loose snow,10 - No control,01 - Non intersection,01 - Daylight,03 - P.D. only,07 - SMV other,South March
3187,FISHER AVE @ MEADOWLANDS DR,366573.1372,5025044,-75.71147438,45.36261801,2015-02-15,14:40,01 - Clear,01 - Dry,01 - Traffic signal,02 - Intersection related,01 - Daylight,03 - P.D. only,03 - Rear end,Carleton Heights - Rideauview
3188,ROCHESTER ST btwn BEECH ST & NORMAN ST,366862.2739,5029331.802,-75.70724491,45.40117309,2015-01-16,16:25,01 - Clear,04 - Slush,10 - No control,04 - At/near private drive,01 - Daylight,03 - P.D. only,05 - Turning movement,Little Italy
3189,THICKET WAY btwn GARDENWAY DR & ESPLANADE AVE,384564.7893,5036599.421,-75.47997574,45.46476762,2015-01-16,18:15,01 - Clear,01 - Dry,10 - No control,01 - Non intersection,07 - Dark,03 - P.D. only,06 - SMV unattended vehicle,Fallingbrook
3190,AQUAVIEW DR btwn CROWBERRY ST & LOUIS TOSCANO DR,384579.2545,5035322.842,-75.47999791,45.45328049,2015-01-08,5:46,01 - Clear,01 - Dry,10 - No control,01 - Non intersection,07 - Dark,03 - P.D. only,06 - SMV unattended vehicle,Avalon
3191,L'ALLEMAND ST btwn PARK ST & MONTREAL RD,370555.3229,5033378.951,-75.65953644,45.43725056,2015-02-18,10:30,01 - Clear,05 - Packed snow,10 - No control,01 - Non intersection,01 - Daylight,03 - P.D. only,06 - SMV unattended vehicle,Vanier North
3192,PAUL ANKA DR btwn UPLANDS DR & MCCARTHY RD,369587.4252,5023733.628,-75.67317307,45.35055555,2015-01-03,0:00,03 - Snow,03 - Loose snow,10 - No control,01 - Non intersection,00 - Unknown,03 - P.D. only,06 - SMV unattended vehicle,Hunt Club East - Western Community
3193,RIVERSIDE DR @ PLEASANT PARK RD,369560.2871,5028415.496,-75.67290555,45.3926841,2015-01-30,16:14,06 - Strong wind,02 - Wet,01 - Traffic signal,02 - Intersection related,05 - Dusk,03 - P.D. only,03 - Rear end,Alta Vista
3194,AGINCOURT RD @ MAITLAND AVE,363446.6556,5025450.933,-75.75133167,45.36654808,2015-02-23,17:55,01 - Clear,01 - Dry,02 - Stop sign,02 - Intersection related,05 - Dusk,03 - P.D. only,03 - Rear end,Braemar Park - Bel Air Heights - Copeland Park
3195,FISHER AVE @ NORMANDY CRES N,366684.7045,5024783.968,-75.71008293,45.36026846,2015-02-23,20:19,01 - Clear,01 - Dry,02 - Stop sign,03 - At intersection,07 - Dark,03 - P.D. only,02 - Angle,Carleton Heights - Rideauview
3196,CARINA CRES E @ HALF MOON BAY,364758.9321,5013246.344,-75.73605779,45.25662101,2015-03-26,16:21,01 - Clear,05 - Packed snow,02 - Stop sign,03 - At intersection,01 - Daylight,03 - P.D. only,02 - Angle,New Barrhaven
3197,HIGHWAY 417 btwn HWY417 IC126 RAMP61 & HWY417 IC124 RAMP76,363670.293,5026532.707,-75.74834809,45.37626299,2015-09-25,15:50,01 - Clear,01 - Dry,10 - No control,01 - Non intersection,01 - Daylight,03 - P.D. only,03 - Rear end,Carlingwood West - Glabar Park - McKellar Heights
3198,CARP HIGHLANDS CRT @ HIDDEN LAKE CRES,340687.5441,5023880.751,-76.04197044,45.35395385,2015-10-15,19:04,02 - Rain,02 - Wet,02 - Stop sign,03 - At intersection,05 - Dusk,03 - P.D. only,02 - Angle,Carp
3199,FINDLAY AVE @ TORRINGTON PL,367933.8264,5028789.134,-75.6936282,45.39619451,2015-02-24,8:58,01 - Clear,05 - Packed snow,02 - Stop sign,03 - At intersection,01 - Daylight,03 - P.D. only,02 - Angle,The Glebe
3200,TERON RD @ PARKWAY (THE)/PENFIELD DR S,352293.6231,5020787.041,-75.89414735,45.32542604,2015-02-25,8:30,03 - Snow,03 - Loose snow,01 - Traffic signal,02 - Intersection related,01 - Daylight,03 - P.D. only,04 - Sideswipe,Beaverbrook
3201,DONALD ST @ ST. LAURENT BLVD,372094.6768,5032471.139,-75.63998719,45.42893604,2015-01-09,14:52,03 - Snow,04 - Slush,01 - Traffic signal,03 - At intersection,01 - Daylight,03 - P.D. only,03 - Rear end,Overbrook
3202,TERRY FOX DR btwn MAPLE GROVE RD & WALTER BAKER PL,351632.8075,5017769.893,-75.90286176,45.29832142,2015-01-14,17:20,01 - Clear,06 - Ice,10 - No control,01 - Non intersection,05 - Dusk,03 - P.D. only,03 - Rear end,Katimavik - Hazeldean
3203,COVEHEAD CRES btwn SHORELINE DR & SHORELINE DR,368275.3391,5015555.305,-75.6909642,45.27708838,2015-01-30,20:19,01 - Clear,03 - Loose snow,10 - No control,04 - At/near private drive,07 - Dark,03 - P.D. only,02 - Angle,Gloucester
3204,REMBRANDT RD btwn MOUNTAINVIEW AVE & WINNINGTON AVE,361880.5991,5024925.36,-75.77138262,45.3619483,2015-01-31,11:56,03 - Snow,05 - Packed snow,10 - No control,01 - Non intersection,01 - Daylight,03 - P.D. only,01 - Approaching,Whitehaven - Queensway Terrace North
3205,KATIMAVIK RD @ CHIMO DR E/HEARST WAY,352961.5496,5019609.989,-75.88574189,45.31478918,2015-02-26,20:13,01 - Clear,01 - Dry,01 - Traffic signal,03 - At intersection,07 - Dark,03 - P.D. only,02 - Angle,Katimavik - Hazeldean
3206,MONTREAL RD @ BATHGATE DR/BURMA RD,373224.7224,5034516.11,-75.62526284,45.44722599,2015-01-15,7:08,01 - Clear,01 - Dry,01 - Traffic signal,03 - At intersection,03 - Dawn,03 - P.D. only,05 - Turning movement,Carson Grove - Carson Meadows
3207,ROGER STEVENS DR btwn THIRD LINE RD S & HWY416 IC49 RAMP34,368377.2298,5000494.464,-75.69158775,45.14156179,2015-01-16,7:07,03 - Snow,03 - Loose snow,10 - No control,01 - Non intersection,03 - Dawn,03 - P.D. only,07 - SMV other,Kars - Osgoode
3208,HIGHWAY 417 btwn HWY417 IC124 RAMP67 & HWY417 IC123 RAMP62,364773.3881,5028063.702,-75.7340791,45.38994505,2015-02-02,9:14,03 - Snow,03 - Loose snow,10 - No control,01 - Non intersection,01 - Daylight,03 - P.D. only,03 - Rear end,Westboro
3209,ST. PATRICK ST/ST. ANDREW ST @ BEAUSOLEIL DR,368428.339,5033070.974,-75.68675988,45.43467629,2015-02-02,10:02,03 - Snow,03 - Loose snow,01 - Traffic signal,02 - Intersection related,01 - Daylight,03 - P.D. only,03 - Rear end,Lower Town
3210,RICHMOND RD btwn HIGHFIELD CRES & GRENON AVE,359797.032,5024021.462,-75.79807727,45.3539816,2015-02-28,14:49,01 - Clear,02 - Wet,10 - No control,01 - Non intersection,01 - Daylight,03 - P.D. only,03 - Rear end,Whitehaven - Queensway Terrace North
3211,CUMMINGS AVE btwn EADY CRT & STRATHAVEN PRIV,372687.35,5032319.987,-75.63243465,45.42751877,2015-01-16,7:23,01 - Clear,01 - Dry,10 - No control,04 - At/near private drive,03 - Dawn,03 - P.D. only,05 - Turning movement,Cummings
3212,HUNT CLUB RD @ TRANSITWAY OFFRAMP,371092.7449,5023748.781,-75.653962,45.35055122,2015-02-02,9:40,03 - Snow,05 - Packed snow,02 - Stop sign,02 - Intersection related,01 - Daylight,03 - P.D. only,03 - Rear end,Hunt Club East - Western Community
3213,AIRPORT PKWY btwn BROOKFIELD RAMP 34 & BRONSON AVE RAMP 24C,368695.4794,5026722.66,-75.68416856,45.37753191,2015-03-01,10:51,01 - Clear,01 - Dry,10 - No control,01 - Non intersection,01 - Daylight,03 - P.D. only,07 - SMV other,Alta Vista
3214,GARDENWAY DR btwn LATOUR CRES & OAKLAWN CRES,384056.7956,5036755.63,-75.48644569,45.46623086,2015-01-18,9:45,01 - Clear,02 - Wet,10 - No control,01 - Non intersection,01 - Daylight,03 - P.D. only,07 - SMV other,Fallingbrook
3215,TACOM CIRC btwn Continuation of TACOM CIRC & SERENA WAY,366354.5619,5015116.292,-75.71549788,45.27330895,2015-01-18,10:57,01 - Clear,05 - Packed snow,10 - No control,04 - At/near private drive,01 - Daylight,03 - P.D. only,06 - SMV unattended vehicle,Chapman Mills - Rideau Crest - Davidson Heights
3216,INNES RD/PRESTWICK DR @ LANTHIER DR,383539.4886,5035989.328,-75.49318284,45.45939487,2015-02-04,12:25,03 - Snow,03 - Loose snow,01 - Traffic signal,02 - Intersection related,01 - Daylight,03 - P.D. only,03 - Rear end,Queenswood Heights
3217,PADEN RD btwn HARNETT RD & MALAKOFF RD,365429.2196,4989991.737,-75.73034007,45.04731467,2015-02-04,16:10,03 - Snow,05 - Packed snow,10 - No control,04 - At/near private drive,01 - Daylight,03 - P.D. only,07 - SMV other,Munster Hamlet - Richmond
3218,HUNTMAR DR btwn PALLADIUM DR & MAPLE GROVE RD,349770.4928,5017262.25,-75.92665188,45.29387516,2015-03-02,17:31,01 - Clear,03 - Loose snow,10 - No control,01 - Non intersection,01 - Daylight,03 - P.D. only,03 - Rear end,Stittsville - Basswood
3219,HIGHWAY 417 btwn HWY417 IC122 RAMP15 & HWY417 IC121B RAMP51,365824.1414,5029192.699,-75.7205215,45.40001273,2015-11-04,13:00,01 - Clear,01 - Dry,10 - No control,01 - Non intersection,01 - Daylight,03 - P.D. only,04 - Sideswipe,Civic Hospital - Experimental Farm - Central Park
3220,CARRONBRIDGE CIR btwn WESTHALL WAY E & WESTHALL WAY W,354687.0327,5015560.341,-75.86414361,45.27822916,2015-04-08,18:30,03 - Snow,03 - Loose snow,10 - No control,01 - Non intersection,05 - Dusk,03 - P.D. only,01 - Approaching,Glen Cairn - Kanata South Business Park
3221,INNES RD @ TENTH LINE RD,383951.7603,5036160.043,-75.4878846,45.46088422,2015-01-17,20:00,01 - Clear,01 - Dry,01 - Traffic signal,02 - Intersection related,07 - Dark,03 - P.D. only,03 - Rear end,Queenswood Heights
3222,WOODROFFE AVE @ KNOXDALE RD/MEDHURST DR,363420.6538,5021826.969,-75.75209318,45.33394218,2015-01-16,10:50,01 - Clear,06 - Ice,01 - Traffic signal,02 - Intersection related,01 - Daylight,03 - P.D. only,03 - Rear end,Woodvale - Craig Henry - Manordale - Estates of Arlington Wo
3223,FINDLAY CREEK DR @ BANK ST,375846.5095,5020459.483,-75.59377333,45.32049007,2015-02-06,6:50,03 - Snow,03 - Loose snow,01 - Traffic signal,02 - Intersection related,03 - Dawn,03 - P.D. only,03 - Rear end,Greenbelt
3224,ALTA VISTA DR @ SMYTH RD,370433.6798,5029080.112,-75.66166367,45.39858276,2015-03-03,9:02,01 - Clear,01 - Dry,01 - Traffic signal,03 - At intersection,01 - Daylight,03 - P.D. only,05 - Turning movement,Alta Vista
3225,MANOTICK MAIN ST @ MILL ST,368820.7666,5009830.372,-75.6847504,45.22552646,2015-03-03,15:10,01 - Clear,01 - Dry,02 - Stop sign,03 - At intersection,01 - Daylight,03 - P.D. only,02 - Angle,Manotick
3226,HAIG DR btwn RAGLAN AVE & SAUNDERSON DR,372549.4523,5029499.959,-75.63458438,45.40215883,2015-01-19,8:46,02 - Rain,04 - Slush,10 - No control,01 - Non intersection,01 - Daylight,03 - P.D. only,06 - SMV unattended vehicle,Elmvale - Eastway - Riverview - Riverview Park West
3227,BRONSON AVE @ CARLING AVE/GLEBE AVE,367447.707,5029335.08,-75.69976717,45.40115044,2015-01-20,14:12,01 - Clear,02 - Wet,01 - Traffic signal,02 - Intersection related,01 - Daylight,03 - P.D. only,03 - Rear end,The Glebe
3228,CATHERINE ST @ KENT ST,367907.7075,5030188.082,-75.69378275,45.40878417,2015-02-09,14:31,01 - Clear,02 - Wet,01 - Traffic signal,03 - At intersection,01 - Daylight,03 - P.D. only,05 - Turning movement,Centretown
3229,MONTREAL RD btwn OR174 IC109 RAMP56 & OR174 IC109 RAMP66,376218.9032,5034901.928,-75.58693421,45.45039781,2015-02-09,17:18,01 - Clear,04 - Slush,10 - No control,01 - Non intersection,07 - Dark,03 - P.D. only,03 - Rear end,Greenbelt
3230,TRAILWAY CIRC @ ELDERWOOD TR S/SHADY BRANCH TR,350770.5533,5014406.949,-75.91416682,45.26811756,2015-03-04,8:25,01 - Clear,04 - Slush,02 - Stop sign,03 - At intersection,01 - Daylight,03 - P.D. only,02 - Angle,Stittsville
3231,CRYSTAL BEACH DR btwn ULLSWATER DR & SOLVA DR,356893.6169,5023405.448,-75.83519565,45.34866038,2015-03-04,11:06,01 - Clear,04 - Slush,10 - No control,04 - At/near private drive,01 - Daylight,03 - P.D. only,02 - Angle,Crystal Bay - Lakeview Park - Britannia Village
3232,FISHER AVE @ HOLLAND AVE,365402.0963,5027822.703,-75.72608019,45.38772247,2015-01-21,7:05,01 - Clear,03 - Loose snow,02 - Stop sign,02 - Intersection related,03 - Dawn,03 - P.D. only,04 - Sideswipe,Civic Hospital - Experimental Farm - Central Park
3233,CHESHIRE RD btwn RUSTIC DR & PARKWAY DR,361818.4455,5023982.786,-75.77228465,45.35347214,2015-01-20,19:17,01 - Clear,01 - Dry,10 - No control,04 - At/near private drive,07 - Dark,03 - P.D. only,06 - SMV unattended vehicle,Iris
3234,DUMAURIER AVE @ PINECREST RD,360321.1385,5023835.323,-75.79140956,45.35226542,2015-03-05,11:37,01 - Clear,01 - Dry,01 - Traffic signal,02 - Intersection related,01 - Daylight,03 - P.D. only,03 - Rear end,Whitehaven - Queensway Terrace North
3235,ROBERTSON RD @ WESTCLIFFE RD,356396.4519,5020053.791,-75.84188932,45.31853857,2015-01-21,7:46,03 - Snow,02 - Wet,01 - Traffic signal,02 - Intersection related,03 - Dawn,03 - P.D. only,03 - Rear end,Bells Corners West
3236,RICHMOND RD btwn STAFFORD RD & NORTHSIDE RD,358158.0653,5021096.524,-75.81930922,45.32778949,2015-01-21,7:50,01 - Clear,01 - Dry,10 - No control,01 - Non intersection,03 - Dawn,03 - P.D. only,07 - SMV other,Bells Corners East
3237,REGIONAL RD 174 EB btwn REGIONAL RD 174 & TRIM RD,384389.4437,5039988.895,-75.48166843,45.49528286,2015-02-10,18:52,01 - Clear,01 - Dry,10 - No control,01 - Non intersection,07 - Dark,03 - P.D. only,04 - Sideswipe,Cumberland - Estates
3238,DEAKIN ST @ PRINCE OF WALES DR,367390.7111,5021522.042,-75.70148487,45.33085561,2015-02-10,19:27,01 - Clear,01 - Dry,01 - Traffic signal,02 - Intersection related,07 - Dark,03 - P.D. only,03 - Rear end,Industrial Park
3239,BANK ST @ HUNT CLUB RD,371607.7726,5024096.024,-75.64734295,45.35362672,2015-03-07,9:29,01 - Clear,02 - Wet,01 - Traffic signal,02 - Intersection related,01 - Daylight,03 - P.D. only,04 - Sideswipe,South Keys - Heron Gate - Greenboro West
3240,REGIONAL ROAD 174 btwn OR174 IC109 RAMP56 & OR174 IC109 RAMP86,376476.2397,5035041.493,-75.58362434,45.45162719,2015-01-21,6:45,01 - Clear,01 - Dry,10 - No control,01 - Non intersection,07 - Dark,03 - P.D. only,03 - Rear end,Greenbelt
3241,BEAUSEJOUR DR @ JEANNE D'ARC BLVD,381419.7832,5036062.017,-75.52027148,45.46028454,2015-01-21,8:03,01 - Clear,06 - Ice,01 - Traffic signal,02 - Intersection related,01 - Daylight,03 - P.D. only,03 - Rear end,Orleans Village - Chateauneuf
3242,CASTLEFRANK RD @ KATIMAVIK RD,351951.4168,5018941.106,-75.89868817,45.30883897,2015-02-13,15:35,01 - Clear,01 - Dry,01 - Traffic signal,03 - At intersection,01 - Daylight,03 - P.D. only,05 - Turning movement,Katimavik - Hazeldean
3243,RAJ TER btwn MANJU ST & EWING ST,373690.9001,5026230.852,-75.62046182,45.37263347,2015-03-08,14:38,01 - Clear,04 - Slush,10 - No control,04 - At/near private drive,01 - Daylight,03 - P.D. only,02 - Angle,Hunt Club
3244,BANTREE ST @ INNES RD,373706.6871,5030407.037,-75.6196771,45.41020733,2015-03-09,12:11,01 - Clear,01 - Dry,01 - Traffic signal,03 - At intersection,01 - Daylight,03 - P.D. only,02 - Angle,Industrial Park
3245,WOODROFFE AVE/HWY 417 WOODROFF IC127R25 @ HWY ,362181.0002,5024694.216,-75.76757523,45.35984396,2015-01-21,8:09,01 - Clear,01 - Dry,01 - Traffic signal,02 - Intersection related,01 - Daylight,03 - P.D. only,03 - Rear end,Iris
3246,WOODWARD DR btwn MAITLAND AVE & COURTWOOD CRES,363309.4915,5025677.371,-75.75305571,45.36859701,2015-02-17,16:15,01 - Clear,01 - Dry,10 - No control,04 - At/near private drive,01 - Daylight,03 - P.D. only,02 - Angle,Carlington
3247,RUSSELL RD S @ ST. LAURENT BLVD,373567.6604,5029262.899,-75.62161261,45.39992659,2015-02-18,18:41,03 - Snow,03 - Loose snow,01 - Traffic signal,02 - Intersection related,07 - Dark,03 - P.D. only,03 - Rear end,Sheffield Glen
3248,BLAIR RD @ MONTREAL RD,374020.6841,5034439.103,-75.61509937,45.44645475,2015-03-10,8:51,01 - Clear,01 - Dry,01 - Traffic signal,03 - At intersection,01 - Daylight,03 - P.D. only,02 - Angle,Carson Grove - Carson Meadows
3249,CARP RD btwn KITTIWAKE DR & HAZELDEAN RD,348663.2825,5014498.507,-75.94101176,45.26907602,2015-01-23,17:06,01 - Clear,01 - Dry,10 - No control,04 - At/near private drive,05 - Dusk,03 - P.D. only,02 - Angle,Stittsville