Record,Location,X,Y,lon,lat,Date,Time,Environment,Road_Surface,Traffic_Control,Collision_Location,Light,Collision_Classification,Impact_type,Neighborhood
3250,OGILVIE RD @ CITY PARK DR E/CSIS HQ ACCESS,374190.6559,5033009.131,-75.61312836,45.4335718,2015-02-17,8:00,03 - Snow,03 - Loose snow,01 - Traffic signal,02 - Intersection related,01 - Daylight,03 - P.D. only,03 - Rear end,Industrial Park
3251,RIVERSIDE DR @ BROOKFIELD RD/HOG'S BACK RD,368166.7471,5026221.076,-75.6909832,45.37306681,2015-02-19,8:49,01 - Clear,02 - Wet,01 - Traffic signal,02 - Intersection related,01 - Daylight,03 - P.D. only,03 - Rear end,Riverside Park
3252,BILLY BISHOP PRIV @ HUNT CLUB RD,368977.8457,5022501.227,-75.68111172,45.33952275,2015-03-10,19:17,01 - Clear,01 - Dry,02 - Stop sign,02 - Intersection related,07 - Dark,03 - P.D. only,04 - Sideswipe,Hunt Club - Ottawa Airport
3253,RIVERSIDE DR SB btwn BANK ST & BILLINGS BRIDGE NB RAMP,369248.8484,5028014.871,-75.67693504,45.38910814,2015-03-11,10:30,01 - Clear,01 - Dry,10 - No control,01 - Non intersection,01 - Daylight,03 - P.D. only,04 - Sideswipe,Alta Vista
3254,GLOUCESTER ST btwn METCALFE ST & ELGIN ST,367859.1019,5031404.377,-75.69424801,45.41973239,2015-02-06,13:52,01 - Clear,03 - Loose snow,10 - No control,01 - Non intersection,01 - Daylight,03 - P.D. only,06 - SMV unattended vehicle,Downtown
3255,GRAY CRES btwn BELLROCK DR & DRYSDALE ST,352073.7831,5019740.148,-75.89705151,45.31602071,2015-02-09,11:02,03 - Snow,03 - Loose snow,10 - No control,01 - Non intersection,01 - Daylight,03 - P.D. only,06 - SMV unattended vehicle,Kanata
3256,DUMAURIER AVE btwn ALENMEDE CRES & RAMSEY CRES,360014.8996,5023269.624,-75.79538081,45.34719945,2015-01-26,16:09,01 - Clear,01 - Dry,10 - No control,01 - Non intersection,01 - Daylight,03 - P.D. only,04 - Sideswipe,Whitehaven - Queensway Terrace North
3257,BEAUSEJOUR DR @ JEANNE D'ARC BLVD,381422.6748,5036060.089,-75.52023481,45.46026687,2015-01-28,9:44,01 - Clear,01 - Dry,01 - Traffic signal,02 - Intersection related,01 - Daylight,03 - P.D. only,03 - Rear end,Orleans Village - Chateauneuf
3258,CARLING AVE @ CROYDON AVE,360659.6445,5025042.999,-75.78695322,45.36310517,2015-02-20,8:15,01 - Clear,06 - Ice,01 - Traffic signal,03 - At intersection,01 - Daylight,03 - P.D. only,03 - Rear end,Whitehaven - Queensway Terrace North
3259,BRONSON AVE/BRONSON/HERON RAMP 35 @ HERON RD,368641.4781,5026698.135,-75.68486116,45.37731616,2015-01-07,14:16,01 - Clear,02 - Wet,01 - Traffic signal,03 - At intersection,01 - Daylight,03 - P.D. only,02 - Angle,Riverside Park
3260,HINES RD @ SOLANDT RD,350334.0675,5022568.451,-75.91897922,45.34158545,2015-01-29,14:44,03 - Snow,03 - Loose snow,10 - No control,03 - At intersection,01 - Daylight,03 - P.D. only,02 - Angle,South March
3261,BRONSON AVE btwn BREWER WAY & RIVERSIDE DR RAMPS 34B & 42A-3,368120.6134,5027745.713,-75.69137661,45.38678924,2015-02-21,13:59,03 - Snow,03 - Loose snow,10 - No control,01 - Non intersection,01 - Daylight,03 - P.D. only,03 - Rear end,Carleto
3262,RIOCAN AVE btwn STRANDHERD DR & MARKETPLACE AVE,364189.8626,5014922.527,-75.74310731,45.27175161,2015-02-23,7:50,01 - Clear,02 - Wet,10 - No control,01 - Non intersection,01 - Daylight,03 - P.D. only,05 - Turning movement,New Barrhaven
3263,SMYTH RD btwn CUBA AVE & RUSSELL RD,373057.2968,5029355.579,-75.62811803,45.40081043,2015-01-13,13:16,01 - Clear,06 - Ice,10 - No control,01 - Non intersection,01 - Daylight,03 - P.D. only,06 - SMV unattended vehicle,Elmvale - Eastway - Riverview - Riverview Park West
3264,LEPAGE AVE btwn CAVAN ST & KIRKWOOD AVE,364705.3982,5026586.297,-75.73512661,45.37665745,2015-02-05,0:00,03 - Snow,05 - Packed snow,10 - No control,01 - Non intersection,07 - Dark,03 - P.D. only,06 - SMV unattended vehicle,Carlington
3265,HEMLOCK RD btwn BRAEMAR ST & ST. LAURENT BLVD,371021.2828,5034772.821,-75.65339377,45.44974799,2015-01-02,0:00,01 - Clear,01 - Dry,10 - No control,01 - Non intersection,00 - Unknown,03 - P.D. only,06 - SMV unattended vehicle,Manor Park
3266,CAVAN ST btwn CHATELAIN AVE & LEPAGE AVE,364584.9507,5026569.603,-75.73666637,45.37651753,2015-01-02,0:00,01 - Clear,01 - Dry,10 - No control,01 - Non intersection,00 - Unknown,03 - P.D. only,06 - SMV unattended vehicle,Carlington
3267,GLADSTONE AVE btwn LYON ST N & KENT ST,367604.9183,5030371.692,-75.69762718,45.41046348,2015-01-03,15:01,03 - Snow,03 - Loose snow,10 - No control,01 - Non intersection,01 - Daylight,03 - P.D. only,06 - SMV unattended vehicle,Centretown
3268,WOODROFFE AVE btwn CARLING AVE & FOX CRES,361778.286,5025702.863,-75.77259885,45.36895254,2015-01-30,11:40,01 - Clear,02 - Wet,10 - No control,04 - At/near private drive,01 - Daylight,03 - P.D. only,02 - Angle,Carlingwood West - Glabar Park - McKellar Heights
3269,PALLADIUM DR btwn HUNTMAR DR & HWY417 IC142 RAMP25,349542.0924,5017119.15,-75.92957662,45.29260208,2015-01-30,11:44,03 - Snow,05 - Packed snow,10 - No control,04 - At/near private drive,01 - Daylight,03 - P.D. only,02 - Angle,Stittsville - Basswood
3270,BANKFIELD RD @ PRINCE OF WALES DR,366378.726,5008974.904,-75.71595053,45.21804667,2015-02-23,8:33,01 - Clear,02 - Wet,01 - Traffic signal,03 - At intersection,01 - Daylight,03 - P.D. only,03 - Rear end,Manotick
3271,BASELINE RD @ MERIVALE RD,365053.7325,5025325.033,-75.73083332,45.36527895,2015-02-23,8:48,01 - Clear,02 - Wet,01 - Traffic signal,02 - Intersection related,01 - Daylight,03 - P.D. only,03 - Rear end,Civic Hospital - Experimental Farm - Central Park
3272,UPPER DWYER HILL RD btwn VAUGHAN SIDE RD & CARROLL SIDE RD,332562.9456,5015905.513,-76.1461087,45.28255702,2015-01-13,20:03,01 - Clear,02 - Wet,10 - No control,01 - Non intersection,07 - Dark,03 - P.D. only,07 - SMV other,Carp - Hardwood Plains
3273,WEST HUNT CLUB RD WB btwn 545 E OF ROYDON PL/SUNDERLAND ST & ANTARES D,367008.4342,5022264.152,-75.7062681,45.33756698,2015-01-14,8:04,01 - Clear,06 - Ice,10 - No control,07 - Overpass or bridge,01 - Daylight,03 - P.D. only,07 - SMV other,Industrial Park
3274,TERRY FOX DR btwn HWY417 IC140 RAMP16 & HWY417 IC140 RAMP35,350931.1098,5018567.924,-75.91173396,45.30554874,2015-01-14,8:37,01 - Clear,06 - Ice,10 - No control,07 - Overpass or bridge,01 - Daylight,03 - P.D. only,07 - SMV other,Katimavik - Hazeldean
3275,BEARBROOK RD/ROCKCLIFFE PKWY @ ST. JOSEPH BLVD,377127.7704,5035240.074,-75.57526645,45.45334676,2015-01-23,7:19,01 - Clear,01 - Dry,01 - Traffic signal,03 - At intersection,03 - Dawn,03 - P.D. only,05 - Turning movement,Greenbelt
3276,EAGLESON RD btwn OTTAWA ST & BROPHY DR,358990.6882,5004974.852,-75.81044614,45.18266019,2015-02-08,12:14,01 - Clear,06 - Ice,10 - No control,01 - Non intersection,01 - Daylight,03 - P.D. only,04 - Sideswipe,Munster Hamlet - Richmond
3277,NANAIMO DR @ QUEENSLINE DR,359504.7089,5022696.019,-75.8019545,45.34207812,2015-02-12,14:05,01 - Clear,05 - Packed snow,02 - Stop sign,02 - Intersection related,01 - Daylight,03 - P.D. only,99 - Other,Qualicum - Redwood Park
3278,ORLEANS BLVD btwn BROKEN OAK DR & JEANNE D'ARC BLVD N,379985.3543,5038199.575,-75.53828369,45.47967244,2015-02-27,10:57,01 - Clear,01 - Dry,10 - No control,04 - At/near private drive,01 - Daylight,03 - P.D. only,02 - Angle,Orleans South West
3279,BECKENHAM LANE @ MONTREAL RD,374504.6872,5034382.097,-75.60892082,45.44589375,2015-02-27,17:13,01 - Clear,01 - Dry,02 - Stop sign,02 - Intersection related,01 - Daylight,03 - P.D. only,05 - Turning movement,Beacon Hill South - Cardinal Heights
3280,ALTA VISTA DR @ SMYTH RD,370432.7159,5029082.318,-75.66167569,45.3986027,2015-10-21,12:19,01 - Clear,01 - Dry,01 - Traffic signal,03 - At intersection,01 - Daylight,03 - P.D. only,02 - Angle,Alta Vista
3281,CROWNHILL ST @ LEROY ST W,374683.744,5033415.411,-75.60676937,45.43717818,2015-01-23,8:37,01 - Clear,02 - Wet,10 - No control,03 - At intersection,01 - Daylight,03 - P.D. only,02 - Angle,Beacon Hill South - Cardinal Heights
3282,BASELINE RD @ WOODROFFE AVE,362550.6541,5023771.95,-75.76296501,45.35151514,2015-01-23,9:41,01 - Clear,01 - Dry,01 - Traffic signal,02 - Intersection related,01 - Daylight,03 - P.D. only,03 - Rear end,Iris
3283,INNES RD @ TENTH LINE RD,383952.7242,5036158.115,-75.48787258,45.46086677,2015-02-28,11:53,01 - Clear,01 - Dry,01 - Traffic signal,02 - Intersection related,01 - Daylight,03 - P.D. only,07 - SMV other,Queenswood Heights
3284,ISABELLA ST btwn O'CONNOR ST & METCALFE ST,368382.3914,5030362.601,-75.68769664,45.41031148,2015-01-22,11:30,01 - Clear,01 - Dry,10 - No control,01 - Non intersection,01 - Daylight,03 - P.D. only,03 - Rear end,The Glebe
3285,BROADVIEW AVE btwn WELLESLEY AVE & CARLING AVE,363145.5439,5026717.42,-75.75502566,45.3779689,2015-01-23,11:45,01 - Clear,04 - Slush,10 - No control,04 - At/near private drive,01 - Daylight,03 - P.D. only,03 - Rear end,Carlingwood - McKellar Park - Laurentien View
3286,JEANNE D'ARC BLVD @ OR174 IC105 RAMP52,379455.1609,5036917.778,-75.54525936,45.46819672,2015-03-03,10:18,01 - Clear,01 - Dry,01 - Traffic signal,02 - Intersection related,01 - Daylight,03 - P.D. only,04 - Sideswipe,Greenbelt
3287,DONNELLY DR btwn HARNETT RD & MALAKOFF RD,365495.9019,4987540.266,-75.72978964,45.02524976,2015-10-21,21:33,01 - Clear,01 - Dry,10 - No control,01 - Non intersection,07 - Dark,03 - P.D. only,07 - SMV other,Munster Hamlet - Richmond
3288,HOLLAND AVE @ WELLINGTON ST,364928.7375,5029153.072,-75.73196254,45.39973365,2015-10-23,16:15,01 - Clear,01 - Dry,01 - Traffic signal,03 - At intersection,01 - Daylight,03 - P.D. only,03 - Rear end,Island Park
3289,BANK ST @ DAVIDSON RD/LESTER RD,373672.9791,5022922.67,-75.62115152,45.34286954,2015-01-22,22:30,01 - Clear,06 - Ice,01 - Traffic signal,02 - Intersection related,07 - Dark,03 - P.D. only,07 - SMV other,Blossom Park - Blossom Park West - Sawmill Creek/ Timbermill
3290,ST. LAURENT BLVD btwn BOURASSA ST & SMYTH RD,373244.3373,5029674.756,-75.62568485,45.40366397,2015-01-23,12:26,01 - Clear,02 - Wet,10 - No control,01 - Non intersection,01 - Daylight,03 - P.D. only,03 - Rear end,Industrial Park
3291,ROSEMOUNT AVE btwn WELLINGTON ST W & GLADSTONE AVE,365380.9508,5029394.922,-75.72615714,45.40187078,2015-03-03,15:27,01 - Clear,05 - Packed snow,10 - No control,01 - Non intersection,01 - Daylight,03 - P.D. only,05 - Turning movement,Civi
3292,PINECREST RD @ RICHMOND RD,360071.7066,5024471.994,-75.79452152,45.35801388,2015-03-03,17:15,03 - Snow,04 - Slush,01 - Traffic signal,02 - Intersection related,01 - Daylight,03 - P.D. only,03 - Rear end,Whitehaven - Queensway Terrace North
3293,REGIONAL ROAD 174 btwn OLD MONTREAL RD & OLD MONTREAL RD,394518.9935,5043014.659,-75.351534,45.52127567,2015-10-26,15:16,01 - Clear,01 - Dry,10 - No control,01 - Non intersection,01 - Daylight,03 - P.D. only,03 - Rear end,Cumberland - Estates
3294,MANN AVE btwn NANCY SMITH PRIV & BLACKBURN AVE,369618.9204,5031593.831,-75.67173894,45.42127619,2015-01-15,12:00,01 - Clear,04 - Slush,10 - No control,01 - Non intersection,01 - Daylight,03 - P.D. only,01 - Approaching,Sandy Hill
3295,HUNT CLUB RD @ RIVERSIDE DR,368037.6669,5021944.053,-75.69317809,45.33459479,2015-01-15,13:05,01 - Clear,02 - Wet,01 - Traffic signal,02 - Intersection related,01 - Daylight,03 - P.D. only,03 - Rear end,Hunt Club Woods - Quintarra - Revelstoke - Riverside South P
3296,STONEHAVEN DR btwn GRASSY PLAINS DR & SUMMITVIEW DR,356280.0232,5015903.295,-75.84380521,45.28120029,2015-03-03,17:00,03 - Snow,02 - Wet,10 - No control,01 - Non intersection,01 - Daylight,03 - P.D. only,03 - Rear end,Bridlewood - Emerald Meadows
3297,ST. JOSEPH BLVD btwn OR174 IC101 RAMP63 & OR174 IC101 RAMP45,383194.384,5038855.378,-75.49713764,45.48521981,2015-03-06,9:17,01 - Clear,01 - Dry,10 - No control,01 - Non intersection,01 - Daylight,03 - P.D. only,07 - SMV other,Industrial Park
3298,BOYER RD @ JEANNE D'ARC BLVD,380682.7712,5036191.138,-75.52967427,45.4615267,2015-01-16,8:00,03 - Snow,05 - Packed snow,02 - Stop sign,03 - At intersection,01 - Daylight,03 - P.D. only,02 - Angle,Chapel Hill
3299,HWY417 IC139 RAMP61 btwn KANATA AVE & HIGHWAY 417,351975.7237,5019495.862,-75.89832539,45.31382917,2015-02-04,22:30,01 - Clear,02 - Wet,10 - No control,01 - Non intersection,07 - Dark,03 - P.D. only,07 - SMV other,Kanata
3300,RIDEAU ST btwn KING EDWARD AVE & NELSON ST,368632.6679,5032489.794,-75.68422394,45.42942843,2015-02-13,12:01,01 - Clear,01 - Dry,10 - No control,04 - At/near private drive,01 - Daylight,03 - P.D. only,02 - Angle,Lower Town
3301,LYON ST    N btwn GILMOUR ST & JAMES ST,367460.3206,5030559.369,-75.69945047,45.4121651,2015-03-09,17:27,01 - Clear,01 - Dry,10 - No control,01 - Non intersection,01 - Daylight,03 - P.D. only,04 - Sideswipe,Centretown
3302,RIVERSIDE DR @ HERON RD,368120.091,5026646.968,-75.69152421,45.37690309,2015-03-09,19:42,01 - Clear,01 - Dry,01 - Traffic signal,03 - At intersection,07 - Dark,03 - P.D. only,03 - Rear end,Riverside Park
3303,HOCHELAGA ST @ MONTREAL RD,372971.5751,5034470.283,-75.62850503,45.4468384,2015-01-16,8:26,03 - Snow,05 - Packed snow,02 - Stop sign,02 - Intersection related,01 - Daylight,03 - P.D. only,03 - Rear end,Carson Grove - Carson Meadows
3304,OAKFIELD CRES btwn DEERCROFT AVE & CLARIDGE DR,364691.8442,5015397.337,-75.73665311,45.27598137,2015-02-15,19:30,01 - Clear,05 - Packed snow,10 - No control,01 - Non intersection,07 - Dark,03 - P.D. only,06 - SMV unattended vehicle,New Barrhaven
3305,MARAVISTA DR @ STRANDHERD DR,361288.4381,5014584.958,-75.78011984,45.26895318,2015-02-17,7:23,01 - Clear,06 - Ice,01 - Traffic signal,02 - Intersection related,01 - Daylight,03 - P.D. only,02 - Angle,Munster Hamlet - Richmond
3306,REDPATH DR btwn ASTORIA CRES & BREEZEWAY DR,366628.8593,5016411.594,-75.71184099,45.28493992,2015-03-10,7:35,01 - Clear,01 - Dry,10 - No control,01 - Non intersection,01 - Daylight,03 - P.D. only,06 - SMV unattended vehicle,Chapman Mills - Rideau Crest - Davidson Heights
3307,CARLING AVE @ MOODIE DR/JAMES CUMMINGS AVE W,356001.6549,5023938.957,-75.84652263,45.35352662,2015-03-09,18:00,01 - Clear,01 - Dry,01 - Traffic signal,02 - Intersection related,05 - Dusk,03 - P.D. only,03 - Rear end,Greenbelt
3308,VANIER PKWY NB btwn PRESLAND RD & COVENTRY RD,370664.8186,5031617.004,-75.65837271,45.42138701,2015-01-20,11:52,01 - Clear,02 - Wet,10 - No control,01 - Non intersection,01 - Daylight,03 - P.D. only,03 - Rear end,Overbrook
3309,KENDER AVE btwn INGRAM CRES & INGRAM CRES,375375.8649,5035589.034,-75.59761221,45.45666562,2015-01-16,15:01,01 - Clear,03 - Loose snow,10 - No control,04 - At/near private drive,01 - Daylight,03 - P.D. only,02 - Angle,Beacon Hill North
3310,FAIRMONT AVE btwn LAURENTIAN PL & CARLING AVE,366092.5617,5028535.225,-75.71717491,45.3940735,2015-01-10,10:00,01 - Clear,05 - Packed snow,10 - No control,04 - At/near private drive,01 - Daylight,03 - P.D. only,02 - Angle,Civic Hospital - Experimental Farm - Central Park
3311,TENTH LINE RD @ CHARLEMAGNE BLVD S/DES EPINETT,383640.9751,5036900.456,-75.49173924,45.46758093,2015-02-19,16:11,01 - Clear,01 - Dry,01 - Traffic signal,02 - Intersection related,01 - Daylight,03 - P.D. only,03 - Rear end,Orl¨¦ans
3312,CONROY RD @ HUNT CLUB RD,373763.74,5025404.041,-75.61964739,45.36518701,2015-02-20,21:04,03 - Snow,03 - Loose snow,01 - Traffic signal,03 - At intersection,07 - Dark,03 - P.D. only,05 - Turning movement,Greenboro East
3313,BRIDGE ST/MAPLE AVE @ MANOTICK MAIN ST,368698.1324,5009934.438,-75.68629852,45.22647398,2015-03-10,15:12,01 - Clear,02 - Wet,01 - Traffic signal,02 - Intersection related,01 - Daylight,03 - P.D. only,03 - Rear end,Manotick
3314,PERTH ST btwn GAMBLE DR & SHEA RD,357515.8569,5006958.257,-75.82900175,45.20061923,2015-03-10,15:13,01 - Clear,01 - Dry,10 - No control,04 - At/near private drive,01 - Daylight,03 - P.D. only,02 - Angle,Richmond
3315,WELLINGTON ST    W btwn HARMER AVE N & HURON AVE N,364817.0431,5029110.938,-75.73339424,45.39936413,2015-01-21,15:16,01 - Clear,05 - Packed snow,10 - No control,01 - Non intersection,01 - Daylight,03 - P.D. only,06 - SMV unattended vehicle,Island Park
3316,REGIONAL ROAD 174 EB btwn OR174 IC109 RAMP55 & TRANSIT,376499.7064,5035046.828,-75.58332358,45.45167278,2015-01-16,16:53,01 - Clear,01 - Dry,10 - No control,01 - Non intersection,05 - Dusk,03 - P.D. only,03 - Rear end,Greenbelt
3317,PRESTON ST @ SIDNEY ST,366808.9489,5028983.892,-75.70796973,45.39804741,2015-01-16,16:00,03 - Snow,04 - Slush,02 - Stop sign,03 - At intersection,01 - Daylight,03 - P.D. only,02 - Angle,Little Italy
3318,BLAIR RD @ OGILVIE RD,374507.7237,5033197.129,-75.60904983,45.43523177,2015-02-22,14:44,01 - Clear,06 - Ice,01 - Traffic signal,02 - Intersection related,01 - Daylight,03 - P.D. only,03 - Rear end,Industrial Park
3319,INNES RD btwn STONEHENGE CRES & BLAIR RD,375416.8768,5031353.443,-75.59769553,45.4185521,2015-02-23,8:18,01 - Clear,06 - Ice,10 - No control,01 - Non intersection,01 - Daylight,03 - P.D. only,07 - SMV other,Greenbelt
3320,CLEMOW AVE @ BRONSON AVE,367419.7463,5029398.04,-75.7001163,45.40171944,2015-03-10,15:24,01 - Clear,01 - Dry,02 - Stop sign,03 - At intersection,01 - Daylight,03 - P.D. only,05 - Turning movement,The Glebe
3321,MOODIE DR @ HWY 417 MOODIE IC134R63,356389.8522,5022479.253,-75.84172073,45.34036363,2015-03-10,17:40,01 - Clear,01 - Dry,01 - Traffic signal,03 - At intersection,01 - Daylight,03 - P.D. only,04 - Sideswipe,Greenbelt
3322,MONTREAL RD @ VANIER PKWY,370072.7098,5033064.146,-75.66574613,45.4344633,2015-01-22,8:20,01 - Clear,01 - Dry,01 - Traffic signal,02 - Intersection related,01 - Daylight,03 - P.D. only,05 - Turning movement,Vanier
3323,CARLING AVE btwn BURKE RD & DEFENSE  RESEARCH COMPLEX,353008.0134,5022768.004,-75.88484179,45.3432024,2015-01-23,12:56,01 - Clear,01 - Dry,10 - No control,01 - Non intersection,01 - Daylight,03 - P.D. only,07 - SMV other,Greenbelt
3324,MONA AVE btwn MONTREAL RD & PATTON ST,370757.7921,5033430.326,-75.65694194,45.43769374,2015-02-18,17:00,01 - Clear,03 - Loose snow,10 - No control,01 - Non intersection,01 - Daylight,03 - P.D. only,06 - SMV unattended vehicle,Vanier South
3325,METCALFE ST @ SLATER ST,367730.7327,5031548.13,-75.69586975,45.42103739,2015-02-23,16:00,01 - Clear,01 - Dry,01 - Traffic signal,02 - Intersection related,01 - Daylight,03 - P.D. only,03 - Rear end,Downtown
3326,BANK ST @ WALKLEY RD,370337.852,5025948.217,-75.66330337,45.37041202,2015-03-10,16:40,01 - Clear,01 - Dry,01 - Traffic signal,02 - Intersection related,01 - Daylight,03 - P.D. only,03 - Rear end,Ledbury - Heron Gate - Ridgemont - Elmwood
3327,EVERGREEN DR btwn RIDGEFIELD CRES & DORLAND CRES (2),357991.3984,5020436.242,-75.82150618,45.32186087,2015-03-10,20:30,01 - Clear,01 - Dry,10 - No control,01 - Non intersection,07 - Dark,03 - P.D. only,06 - SMV unattended vehicle,Bells Corners East
3328,INNES RD btwn INNES RD & PAGE RD,380879.5677,5034535.876,-75.52741422,45.44661256,2015-01-22,8:53,01 - Clear,01 - Dry,10 - No control,01 - Non intersection,01 - Daylight,03 - P.D. only,03 - Rear end,Chapel Hill South
3329,BEATRICE DR btwn LETOURNEAU ST & CLARIDGE DR,365034.2178,5016657.534,-75.73213686,45.28729134,2015-01-22,8:54,01 - Clear,01 - Dry,10 - No control,01 - Non intersection,01 - Daylight,03 - P.D. only,06 - SMV unattended vehicle,Greenbelt
3330,CARLING AVE @ BROADVIEW AVE,363180.6866,5026637.096,-75.75458648,45.37724323,2015-01-23,11:10,01 - Clear,01 - Dry,01 - Traffic signal,02 - Intersection related,01 - Daylight,03 - P.D. only,03 - Rear end,Carlingwood - McKellar Park - Laurentien View
3331,LORETTA AVE   N btwn GLADSTONE AVE & END,366222.3413,5029508.491,-75.71539633,45.40281933,2015-01-23,13:49,01 - Clear,01 - Dry,10 - No control,01 - Non intersection,01 - Daylight,03 - P.D. only,06 - SMV unattended vehicle,Centretow
3332,FAIRGREEN AVE btwn TRIM RD & COLONIAL RD,389086.9645,5031840.3,-75.42297174,45.42141913,2015-02-23,16:14,01 - Clear,05 - Packed snow,10 - No control,01 - Non intersection,01 - Daylight,03 - P.D. only,03 - Rear end,Navan
3333,RICHMOND RD btwn ROBERTSON RD & STINSON AVE,357705.5013,5020830.438,-75.82511063,45.32542949,2015-02-23,18:43,01 - Clear,02 - Wet,10 - No control,04 - At/near private drive,07 - Dark,03 - P.D. only,02 - Angle,Bells Corners East
3334,CAVESSON ST btwn ASTURCON ST & PERCHERON WAY,352974.5866,5014930.895,-75.88603012,45.27268466,2015-08-25,7:15,01 - Clear,01 - Dry,10 - No control,04 - At/near private drive,01 - Daylight,02 - Non-fatal injury,07 - SMV other,Stittsville - Basswood
3335,CATHERINE ST/HWY 417 O'CONN IC119BR76 @ O'CONN,368244.6749,5030392.082,-75.68945208,45.41058924,2015-01-22,10:01,01 - Clear,01 - Dry,01 - Traffic signal,02 - Intersection related,01 - Daylight,03 - P.D. only,04 - Sideswipe,Centretown
3336,WALKLEY RD @ DON REID DR/RYDER ST,372601.7269,5027283.098,-75.63422133,45.38220739,2015-01-22,16:20,01 - Clear,01 - Dry,01 - Traffic signal,02 - Intersection related,01 - Daylight,03 - P.D. only,04 - Sideswipe,Playfair Park - Lynda Park - Guildwood Estates
3337,BAY ST @ SOMERSET ST,367244.2505,5030645.086,-75.70219986,45.41295567,2015-01-24,10:24,01 - Clear,01 - Dry,02 - Stop sign,03 - At intersection,01 - Daylight,03 - P.D. only,02 - Angle,Chinatown
3338,SUSSEX DR @ 262 N OF KING EDWARD AVE,367768.482,5033735.298,-75.69510775,45.44071338,2015-01-29,18:34,03 - Snow,03 - Loose snow,01 - Traffic signal,03 - At intersection,07 - Dark,03 - P.D. only,05 - Turning movement,Lindenle
3339,LEMIEUX ST @ ST. LAURENT BLVD,372390.7608,5031742.082,-75.63630377,45.42234778,2015-02-17,7:20,01 - Clear,01 - Dry,01 - Traffic signal,02 - Intersection related,01 - Daylight,03 - P.D. only,99 - Other,Overbrook
3340,BLAIR PL @ OGILVIE RD,374801.2434,5033371.835,-75.60527391,45.43677435,2015-07-30,12:45,01 - Clear,01 - Dry,01 - Traffic signal,02 - Intersection related,01 - Daylight,03 - P.D. only,03 - Rear end,Beacon Hill South - Cardinal Heights
3341,ARGYLE AVE btwn ELGIN ST & CARTIER ST,368530.3847,5030657.067,-75.68576805,45.41294752,2015-01-22,17:00,01 - Clear,01 - Dry,10 - No control,01 - Non intersection,05 - Dusk,03 - P.D. only,06 - SMV unattended vehicle,Golden Triangle
3342,HUNT CLUB RD @ LORRY GREENBERG DR/SABLE RIDGE ,372822.7748,5024807.023,-75.63174001,45.35990722,2015-01-22,17:20,01 - Clear,01 - Dry,01 - Traffic signal,02 - Intersection related,05 - Dusk,03 - P.D. only,03 - Rear end,Greenboro East
3343,BANK ST @ CATHERINE ST,368040.6693,5030268.054,-75.69207403,45.40949174,2015-01-30,8:40,03 - Snow,03 - Loose snow,01 - Traffic signal,02 - Intersection related,01 - Daylight,03 - P.D. only,03 - Rear end,Centretown
3344,WEST HUNT CLUB RD @ CLEOPATRA DR/LANCELOT DR,365235.6121,5021732.793,-75.72895075,45.33294083,2015-02-02,16:04,03 - Snow,03 - Loose snow,01 - Traffic signal,02 - Intersection related,01 - Daylight,03 - P.D. only,03 - Rear end,Tanglewood
3345,MER BLEUE RD btwn 210 S OF INNES RD & INNES RD,382681.522,5035481.334,-75.50423217,45.45492054,2015-02-25,18:36,01 - Clear,01 - Dry,10 - No control,01 - Non intersection,07 - Dark,03 - P.D. only,03 - Rear end,Chapel Hill South
3346,NAVAHO DR @ GAGE CRES,363047.471,5024169.338,-75.75657817,45.35504971,2015-02-26,9:04,01 - Clear,06 - Ice,02 - Stop sign,02 - Intersection related,01 - Daylight,03 - P.D. only,03 - Rear end,Braemar Park - Bel Air Heights - Copeland Park
3347,BRONSON AVE @ SUNNYSIDE AVE/UNIVERSITY RD - CA,367922.7101,5028091.065,-75.69385947,45.38991449,2015-01-22,17:50,01 - Clear,01 - Dry,01 - Traffic signal,02 - Intersection related,07 - Dark,03 - P.D. only,03 - Rear end,Carleto
3348,CARLING AVE @ KIRKWOOD AVE S,364350.7366,5027338.031,-75.73956387,45.38345166,2015-01-22,17:54,01 - Clear,01 - Dry,01 - Traffic signal,03 - At intersection,07 - Dark,03 - P.D. only,05 - Turning movement,Carlington
3349,TERRY FOX DR @ WESTPHALIAN AVE,353455.2261,5015759.789,-75.87982363,45.28011017,2015-02-02,18:44,01 - Clear,03 - Loose snow,01 - Traffic signal,02 - Intersection related,07 - Dark,03 - P.D. only,02 - Angle,Glen Cairn - Kanata South Business Park
3350,LETT ST btwn Continuation of LETT ST & END,366420.1954,5031024.941,-75.71267965,45.41644654,2015-02-02,12:00,03 - Snow,06 - Ice,10 - No control,01 - Non intersection,01 - Daylight,03 - P.D. only,06 - SMV unattended vehicle,LeBreton Flats
3351,STAGECOACH RD btwn OSGOODE MAIN ST & FOREST RD,378095.8265,5003542.692,-75.56757966,45.16804759,2015-02-26,15:58,01 - Clear,01 - Dry,10 - No control,01 - Non intersection,01 - Daylight,03 - P.D. only,03 - Rear end,Kars - Osgoode