Record,Location,X,Y,lon,lat,Date,Time,Environment,Road_Surface,Traffic_Control,Collision_Location,Light,Collision_Classification,Impact_type,Neighborhood
3352,MER BLEUE RD btwn 210 S OF INNES RD & RENAUD RD,383073.1101,5034610.973,-75.49936471,45.44704603,2015-02-26,17:06,01 - Clear,01 - Dry,10 - No control,01 - Non intersection,01 - Daylight,03 - P.D. only,04 - Sideswipe,Chapel Hill South
3353,RIVERSIDE DR SB btwn TERMINAL AVE & Continuation of RIVERSIDE DR,370700.215,5030691.343,-75.65804425,45.41305495,2015-08-12,10:43,01 - Clear,01 - Dry,10 - No control,01 - Non intersection,01 - Daylight,03 - P.D. only,04 - Sideswipe,Industrial Park
3354,RUSSELL RD S @ ST. LAURENT BLVD,373568.7192,5029261.305,-75.62159931,45.39991214,2015-08-19,14:50,01 - Clear,01 - Dry,01 - Traffic signal,02 - Intersection related,01 - Daylight,03 - P.D. only,04 - Sideswipe,Hawthorne Meadows - Sheffield Glen
3355,TRIM RD @ 150 S OF INNES RD,386620.7719,5037139.074,-75.45359855,45.46938508,2015-01-22,17:20,01 - Clear,01 - Dry,01 - Traffic signal,03 - At intersection,05 - Dusk,03 - P.D. only,03 - Rear end,Orl¨¦ans
3356,ELGIN ST btwn MCLEOD ST & PARK AVE,368448.6458,5030745.828,-75.6868008,45.4137536,2015-02-04,16:07,03 - Snow,03 - Loose snow,10 - No control,01 - Non intersection,01 - Daylight,03 - P.D. only,04 - Sideswipe,Centretown
3357,MONTREAL RD @ DUCHARME BLVD/CANTIN ST,371016.7393,5033565.108,-75.65361437,45.43888197,2015-02-06,6:55,03 - Snow,03 - Loose snow,01 - Traffic signal,02 - Intersection related,03 - Dawn,03 - P.D. only,03 - Rear end,Vanier South
3358,BLAIR RD @ OGILVIE RD,374505.796,5033196.165,-75.60907461,45.43522328,2015-02-26,19:05,01 - Clear,02 - Wet,01 - Traffic signal,02 - Intersection related,07 - Dark,03 - P.D. only,03 - Rear end,Industrial Park
3359,ANDERSON RD @ INNES RD,376281.705,5031841.082,-75.58657587,45.42285177,2015-02-27,7:36,01 - Clear,01 - Dry,01 - Traffic signal,03 - At intersection,01 - Daylight,03 - P.D. only,05 - Turning movement,Greenbelt
3360,RAMSAYVILLE RD btwn RUSSELL RD & RUSSELL RD,377861.3436,5026702.429,-75.56715441,45.37645407,2015-08-23,20:22,01 - Clear,01 - Dry,10 - No control,01 - Non intersection,07 - Dark,03 - P.D. only,04 - Sideswipe,Greenbelt
3361,ALBION RD btwn LESTER RD & LEITRIM RD,372725.9332,5022266.643,-75.6333249,45.33705917,2015-09-16,16:18,01 - Clear,01 - Dry,10 - No control,01 - Non intersection,01 - Daylight,03 - P.D. only,03 - Rear end,Greenbelt
3362,RIDDELL DR @ SIXTH LINE RD,350155.6258,5029097.041,-75.92065658,45.40034243,2015-01-22,21:55,01 - Clear,06 - Ice,10 - No control,02 - Intersection related,07 - Dark,03 - P.D. only,07 - SMV other,Carp - Hardwood Plains
3363,COLONIAL RD @ DESSAINT ST,394886.7459,5034064.289,-75.34846919,45.44070497,2015-01-23,6:27,01 - Clear,01 - Dry,02 - Stop sign,03 - At intersection,07 - Dark,03 - P.D. only,05 - Turning movement,Navan - Vars
3364,DALY AVE @ NICHOLAS ST,368228.9952,5032044.651,-75.68943965,45.42545992,2015-02-09,7:40,03 - Snow,03 - Loose snow,01 - Traffic signal,02 - Intersection related,01 - Daylight,03 - P.D. only,05 - Turning movement,Byward Market - Parliament Hill
3365,ST. LAURENT BLVD btwn CLARKE AVE & COTE ST,371781.6753,5033234.107,-75.64388305,45.43583092,2015-02-09,8:43,01 - Clear,04 - Slush,10 - No control,01 - Non intersection,01 - Daylight,03 - P.D. only,07 - SMV other,Cummings
3366,OGILVIE RD @ CITY PARK DR E/CSIS HQ ACCESS,374188.7282,5033010.095,-75.61315286,45.43358066,2015-02-27,7:40,01 - Clear,06 - Ice,01 - Traffic signal,02 - Intersection related,01 - Daylight,03 - P.D. only,03 - Rear end,Industrial Park
3367,OR174 IC112 RAMP51 btwn REGIONAL ROAD 174 & OR174 IC112 RAMP52,374964.0843,5032877.361,-75.60326327,45.43230903,2015-02-27,8:55,01 - Clear,01 - Dry,10 - No control,01 - Non intersection,01 - Daylight,03 - P.D. only,03 - Rear end,Greenbelt
3368,ABBOTT ST    W btwn JONATHAN PACK ST & STITTSVILLE MAIN ST,350172.071,5013262.168,-75.92189784,45.25785529,2015-09-22,20:00,01 - Clear,01 - Dry,10 - No control,01 - Non intersection,07 - Dark,03 - P.D. only,07 - SMV other,Stittsville
3369,WISTERIA CRES btwn VINTAGE LANE & MOSSWOOD CRT (1),369840.6313,5022497.954,-75.67010444,45.33941385,2015-09-30,13:11,02 - Rain,02 - Wet,10 - No control,01 - Non intersection,01 - Daylight,03 - P.D. only,06 - SMV unattended vehicle,Hunt Club - Ottawa Airport
3370,CONROY RD @ JOHNSTON RD,373396.8071,5026307.014,-75.62420552,45.3733476,2015-10-29,19:39,01 - Clear,01 - Dry,01 - Traffic signal,03 - At intersection,07 - Dark,03 - P.D. only,05 - Turning movement,Hunt Club
3371,CONROY RD @ HUNT CLUB RD,373762.7761,5025405.969,-75.61965943,45.36520445,2015-10-29,20:00,01 - Clear,01 - Dry,01 - Traffic signal,02 - Intersection related,07 - Dark,03 - P.D. only,03 - Rear end,Greenboro East
3372,ROSSLAND AVE btwn PENDER ST & ST. HELEN'S PL,364514.0947,5024055.327,-75.73787483,45.35390049,2015-02-26,19:50,01 - Clear,06 - Ice,10 - No control,01 - Non intersection,07 - Dark,03 - P.D. only,06 - SMV unattended vehicle,Crestview - Meadowlands
3373,HARDING RD @ HORTON ST,372946.2383,5027781.542,-75.62975387,45.38665875,2015-05-08,15:57,01 - Clear,01 - Dry,02 - Stop sign,02 - Intersection related,01 - Daylight,03 - P.D. only,03 - Rear end,Urbandale
3374,HOBART CRES btwn ESTELLE CRES & JANSEN RD (2),360146.9798,5021006.239,-75.79394856,45.32682308,2015-01-04,17:34,04 - Freezing Rain,06 - Ice,10 - No control,04 - At/near private drive,05 - Dusk,03 - P.D. only,06 - SMV unattended vehicle,Sheahan Estates - Trend Village - Arlington Woods
3375,ELGIN ST @ LAURIER AVE,367947.746,5031548.13,-75.69309703,45.42101783,2015-01-16,1:15,03 - Snow,03 - Loose snow,01 - Traffic signal,03 - At intersection,07 - Dark,03 - P.D. only,02 - Angle,Downtown
3376,ROSS AVE @ SPENCER ST,364428.7327,5029195.077,-75.73834356,45.40015437,2015-02-27,20:33,01 - Clear,05 - Packed snow,02 - Stop sign,02 - Intersection related,07 - Dark,03 - P.D. only,06 - SMV unattended vehicle,Island Park
3377,JASPER AVE @ WALKLEY RD,370849.7603,5026246.088,-75.65672891,45.37304411,2015-02-27,21:49,01 - Clear,01 - Dry,02 - Stop sign,02 - Intersection related,07 - Dark,03 - P.D. only,03 - Rear end,Ledbury - Heron Gate - Ridgemont - Elmwood
3378,MERIVALE RD btwn WITHROW AVE & ROSSLAND AVE,364653.0314,5024198.371,-75.73608444,45.35517574,2015-10-30,13:45,01 - Clear,01 - Dry,10 - No control,01 - Non intersection,01 - Daylight,03 - P.D. only,04 - Sideswipe,Cityview - Skyline - Fisher Heights
3379,BANK ST @ CECIL AVE,369945.6763,5026990.027,-75.66817217,45.37982246,2015-10-30,14:09,01 - Clear,01 - Dry,02 - Stop sign,03 - At intersection,01 - Daylight,03 - P.D. only,02 - Angle,Alta Vista
3380,ELGIN ST btwn WAVERLEY ST & FRANK ST,368331.2007,5030928.954,-75.68827756,45.41541198,2015-03-08,9:00,01 - Clear,02 - Wet,10 - No control,01 - Non intersection,01 - Daylight,03 - P.D. only,99 - Other,Centretown
3381,CORKSTOWN RD btwn MARCH RD & MOODIE DR,352844.036,5020835.77,-75.88712168,45.32582706,2015-03-09,16:43,03 - Snow,03 - Loose snow,10 - No control,01 - Non intersection,01 - Daylight,03 - P.D. only,07 - SMV other,Greenbelt
3382,DONALD ST btwn ALESTHER ST & ST. LAURENT BLVD,372073.4719,5032470.175,-75.64025829,45.42892941,2015-05-08,21:34,01 - Clear,01 - Dry,10 - No control,01 - Non intersection,07 - Dark,03 - P.D. only,05 - Turning movement,Overbrook
3383,JOCKVALE RD @ STRANDHERD DR,363561.4444,5014575.428,-75.75115655,45.26868119,2015-03-01,12:49,01 - Clear,02 - Wet,01 - Traffic signal,02 - Intersection related,01 - Daylight,03 - P.D. only,03 - Rear end,Barrhaven West - Old Barrhaven
3384,INNES RD/PRESTWICK DR @ LANTHIER DR,383542.1474,5035991.793,-75.49314846,45.45941675,2015-03-03,1:21,01 - Clear,01 - Dry,01 - Traffic signal,02 - Intersection related,07 - Dark,03 - P.D. only,07 - SMV other,Queenswood Heights
3385,EAGLESON RD btwn 146 N OF ABBEYHILL DR/HAZELDEAN MALL SC & ABBEYHILL D,353805.0987,5018091.573,-75.87513394,45.3010678,2015-10-30,16:00,01 - Clear,01 - Dry,10 - No control,01 - Non intersection,01 - Daylight,03 - P.D. only,03 - Rear end,Glen Cairn - Kanata South Business Park
3386,REGIONAL ROAD 174 btwn OR174 IC112 RAMP15 & TRANSIT,375534.0383,5033370.929,-75.59590893,45.43669245,2015-11-01,4:15,02 - Rain,02 - Wet,10 - No control,01 - Non intersection,07 - Dark,03 - P.D. only,07 - SMV other,Greenbelt
3387,ALTA VISTA DR @ SMYTH RD,370432.3911,5029081.461,-75.66167995,45.39859502,2015-03-10,12:15,01 - Clear,01 - Dry,01 - Traffic signal,02 - Intersection related,01 - Daylight,03 - P.D. only,99 - Other,Alta Vista
3388,RIVERSIDE DR btwn RIVERGATE WAY & MALHOTRA CRT,368162.8017,5023093.848,-75.69143446,45.34492911,2015-03-21,6:49,03 - Snow,03 - Loose snow,10 - No control,01 - Non intersection,03 - Dawn,03 - P.D. only,07 - SMV other,Hunt Club Woods - Quintarra - Revelstoke - Riverside South P
3389,BANK ST @ JOHNSTON RD,370853.6582,5024837.118,-75.65686752,45.36036629,2015-05-09,11:46,01 - Clear,01 - Dry,01 - Traffic signal,02 - Intersection related,01 - Daylight,03 - P.D. only,04 - Sideswipe,South Keys - Heron Gate - Greenboro West
3390,BASELINE RD btwn FISHER AVE & LEXINGTON ST,366339.2237,5026136.966,-75.71432383,45.37247287,2015-05-09,12:49,01 - Clear,01 - Dry,10 - No control,01 - Non intersection,01 - Daylight,03 - P.D. only,03 - Rear end,Civic Hospital - Experimental Farm - Central Park
3391,KIRKWOOD AVE N @ CARLING AVE,364274.5921,5027495.139,-75.74051718,45.38487176,2015-03-03,10:32,01 - Clear,01 - Dry,01 - Traffic signal,02 - Intersection related,01 - Daylight,03 - P.D. only,04 - Sideswipe,Westboro
3392,REGIONAL ROAD 174 btwn QUIGLEY HILL RD & CAMERON ST,389759.5688,5042602.625,-75.41251803,45.51816493,2015-03-03,16:12,01 - Clear,01 - Dry,10 - No control,01 - Non intersection,01 - Daylight,03 - P.D. only,03 - Rear end,Cumberland - Estates
3393,SWEETLAND AVE btwn LAURIER AVE E & OSGOODE ST,369058.8656,5031996.455,-75.6788421,45.42495052,2015-03-23,17:47,01 - Clear,05 - Packed snow,10 - No control,04 - At/near private drive,01 - Daylight,03 - P.D. only,06 - SMV unattended vehicle,Sandy Hill
3394,CAYMAN RD btwn CAMPOBELLO DR & GRENADINE ST,349739.333,5016399.029,-75.92712733,45.28610962,2015-07-03,16:26,01 - Clear,01 - Dry,10 - No control,01 - Non intersection,01 - Daylight,03 - P.D. only,06 - SMV unattended vehicle,Stittsville
3395,FRANK KENNY RD @ RUSSELL RD,392561.8848,5026364.993,-75.37955126,45.3717312,2015-05-09,13:24,01 - Clear,01 - Dry,02 - Stop sign,02 - Intersection related,01 - Daylight,03 - P.D. only,03 - Rear end,Navan - Vars
3396,PARKDALE AVE @ KENILWORTH ST,365446.6637,5028594.105,-75.72541628,45.39465952,2015-05-09,13:51,01 - Clear,01 - Dry,02 - Stop sign,03 - At intersection,01 - Daylight,03 - P.D. only,05 - Turning movement,Civic Hospital - Experimental Farm - Central Park
3397,RIVER RD @ RYEBURN DR,368049.7023,5016304.962,-75.69374427,45.28385404,2015-03-03,20:16,03 - Snow,05 - Packed snow,02 - Stop sign,02 - Intersection related,07 - Dark,03 - P.D. only,07 - SMV other,Gloucester
3398,CARLING AVE @ EDGEWORTH AVE,361260.7525,5025425.97,-75.77923695,45.36650296,2015-11-05,16:49,01 - Clear,01 - Dry,01 - Traffic signal,02 - Intersection related,05 - Dusk,03 - P.D. only,04 - Sideswipe,Woodroffe - Lincoln Heights
3399,KILBORN AVE btwn ALTA VISTA DR & WOODCREST RD,370402.3496,5027758.768,-75.66223949,45.38669672,2015-03-28,17:20,02 - Rain,02 - Wet,10 - No control,01 - Non intersection,05 - Dusk,03 - P.D. only,03 - Rear end,Alta Vista
3400,240 S OF CHARLEMAGNE BLVD/DES EPINETTES AVE @ TENTH LINE RD,383736.1826,5036677.455,-75.49055768,45.46556382,2015-03-31,12:05,01 - Clear,01 - Dry,01 - Traffic signal,03 - At intersection,01 - Daylight,03 - P.D. only,05 - Turning movement,Orl¨¦ans
3401,CRESTHAVEN DR @ STRANDHERD DR,366812.9423,5015028.553,-75.70966742,45.2724792,2015-01-16,17:28,01 - Clear,01 - Dry,01 - Traffic signal,02 - Intersection related,05 - Dusk,03 - P.D. only,07 - SMV other,Chapman Mills - Rideau Crest - Davidson Heights
3402,JOHN QUINN RD btwn IVESON DR & COOPER HILL RD,381993.7017,5014351.948,-75.5163251,45.26488893,2015-01-16,18:22,01 - Clear,01 - Dry,10 - No control,01 - Non intersection,07 - Dark,03 - P.D. only,07 - SMV other,Osgoode
3403,CONLEY RD @ COPELAND RD,352138.0851,5003813.638,-75.89774763,45.17270422,2015-01-12,6:38,03 - Snow,03 - Loose snow,02 - Stop sign,02 - Intersection related,07 - Dark,03 - P.D. only,07 - SMV other,Munster Hamlet - Richmond
3404,RIOCAN AVE @ STRANDHERD DR,364172.2088,5014943.127,-75.74332982,45.27193846,2015-03-05,18:55,01 - Clear,01 - Dry,01 - Traffic signal,03 - At intersection,07 - Dark,03 - P.D. only,05 - Turning movement,New Barrhaven
3405,DALY AVE @ NICHOLAS ST,368227.701,5032046.092,-75.689456,45.425473,2015-03-05,19:02,01 - Clear,01 - Dry,01 - Traffic signal,02 - Intersection related,07 - Dark,03 - P.D. only,04 - Sideswipe,Byward Market - Parliament Hill
3406,EAGLESON RD btwn PALOMINO DR/ROTHESAY DR & EAGLESON BUSINESS CENTRE,354162.2248,5017193.509,-75.87066988,45.29296183,2015-11-11,19:49,02 - Rain,02 - Wet,10 - No control,01 - Non intersection,07 - Dark,03 - P.D. only,04 - Sideswipe,Bridlewood - Emerald Meadows
3407,YOHO DR btwn KOKANEE GT & SAUBLE DR,355111.0611,5017483.506,-75.85854429,45.29550398,2015-01-16,18:56,01 - Clear,05 - Packed snow,10 - No control,01 - Non intersection,07 - Dark,03 - P.D. only,01 - Approaching,Bridlewood - Emerald Meadows
3408,BANK ST @ CATHERINE ST,368038.7415,5030267.09,-75.69209878,45.40948324,2015-01-16,17:25,01 - Clear,02 - Wet,01 - Traffic signal,02 - Intersection related,05 - Dusk,03 - P.D. only,03 - Rear end,Centretown
3409,MOODIE DR @ WEST HUNT CLUB RD,357908.6156,5018497.01,-75.82276992,45.30441774,2015-03-06,6:42,01 - Clear,01 - Dry,01 - Traffic signal,02 - Intersection related,01 - Daylight,03 - P.D. only,03 - Rear end,Greenbelt
3410,TRENTON AVE @ MERIVALE RD,364886.6033,5026361.305,-75.73284056,45.3746175,2015-03-06,7:53,01 - Clear,01 - Dry,02 - Stop sign,03 - At intersection,01 - Daylight,03 - P.D. only,02 - Angle,Carlington
3411,HUNT CLUB RD @ UPLANDS DR,370156.7272,5023121.01,-75.66598928,45.34499056,2015-11-11,20:00,02 - Rain,02 - Wet,01 - Traffic signal,03 - At intersection,07 - Dark,03 - P.D. only,03 - Rear end,Hunt Club East - Western Community
3412,HAZELDEAN RD @ 246 E OF CASTLEFRANK RD/FARMBOY,352860.2153,5017841.113,-75.88720577,45.29887938,2015-01-16,17:30,01 - Clear,05 - Packed snow,01 - Traffic signal,03 - At intersection,05 - Dusk,03 - P.D. only,05 - Turning movement,Glen Cairn - Kanata South Business Park
3413,HARTHILL WAY btwn TARTAN DR & BROXBURN CRES,362634.5784,5013927.407,-75.7630428,45.26292709,2015-01-21,8:13,01 - Clear,01 - Dry,10 - No control,04 - At/near private drive,03 - Dawn,03 - P.D. only,02 - Angle,New Barrhaven
3414,BANK ST @ HERON RD,369994.7561,5026851.06,-75.6675639,45.37856752,2015-01-21,8:39,01 - Clear,01 - Dry,01 - Traffic signal,02 - Intersection related,01 - Daylight,03 - P.D. only,03 - Rear end,Alta Vista
3415,PARKDALE AVE @ SHERWOOD DR,365380.703,5028744.099,-75.72624024,45.39601484,2015-03-06,10:11,01 - Clear,01 - Dry,01 - Traffic signal,03 - At intersection,01 - Daylight,03 - P.D. only,02 - Angle,Civic Hospital - Experimental Farm - Central Park
3416,MONTREAL RD @ ST. LAURENT BLVD,371544.739,5033815.185,-75.64683229,45.44108184,2015-03-05,15:00,01 - Clear,01 - Dry,01 - Traffic signal,02 - Intersection related,01 - Daylight,03 - P.D. only,03 - Rear end,Cummings
3417,ALTA VISTA DR @ SMYTH RD,370431.752,5029081.076,-75.66168817,45.39859161,2015-11-11,21:11,02 - Rain,02 - Wet,01 - Traffic signal,03 - At intersection,07 - Dark,03 - P.D. only,05 - Turning movement,Alta Vista
3418,HERON RD @ KALADAR AVE,369683.9056,5026805.644,-75.67153853,45.37818773,2015-04-18,12:35,01 - Clear,01 - Dry,01 - Traffic signal,02 - Intersection related,01 - Daylight,03 - P.D. only,03 - Rear end,Alta Vista
3419,AUGUSTA ST @ RIDEAU ST,369013.7729,5032716.777,-75.67932435,45.43143585,2015-04-20,3:34,01 - Clear,01 - Dry,01 - Traffic signal,02 - Intersection related,07 - Dark,03 - P.D. only,05 - Turning movement,Lower Town
3420,ELGIN ST @ LAURIER AVE,367948.7099,5031550.058,-75.69308446,45.42103509,2015-01-16,21:29,01 - Clear,02 - Wet,01 - Traffic signal,03 - At intersection,07 - Dark,03 - P.D. only,05 - Turning movement,Downtown
3421,RUSSELL RD btwn THIRSK ST & HAIG DR,372706.6342,5029690.889,-75.63255051,45.4038615,2015-01-21,8:50,01 - Clear,02 - Wet,10 - No control,01 - Non intersection,01 - Daylight,03 - P.D. only,03 - Rear end,Elmvale - Eastway - Riverview - Riverview Park West
3422,CAMPEAU DR/HWY 417 MARCH IC138R63 @ MARCH RD,352842.3478,5020476.346,-75.88717808,45.32259301,2015-01-21,9:09,01 - Clear,01 - Dry,01 - Traffic signal,03 - At intersection,01 - Daylight,03 - P.D. only,04 - Sideswipe,Greenbelt
3423,BASELINE RD btwn MARSON ST & FISHER AVE,366098.2599,5025982.75,-75.71741908,45.37110639,2015-03-06,14:51,01 - Clear,01 - Dry,10 - No control,01 - Non intersection,01 - Daylight,03 - P.D. only,03 - Rear end,Civic Hospital - Experimental Farm - Central Park
3424,BASELINE RD @ WOODROFFE AVE,362550.6541,5023771.95,-75.76296501,45.35151514,2015-03-06,15:46,01 - Clear,01 - Dry,01 - Traffic signal,02 - Intersection related,01 - Daylight,03 - P.D. only,03 - Rear end,Iris
3425,TENTH LINE RD @ CHARLEMAGNE BLVD N/TOMPKINS AV,383182.966,5037978.364,-75.49742365,45.47733052,2015-11-12,12:00,02 - Rain,02 - Wet,01 - Traffic signal,02 - Intersection related,01 - Daylight,03 - P.D. only,03 - Rear end,Queenswood Heights
3426,BANK ST @ RIVERSIDE DR S,369305.681,5027895.035,-75.67622498,45.38802466,2015-04-22,15:50,01 - Clear,01 - Dry,01 - Traffic signal,02 - Intersection related,01 - Daylight,03 - P.D. only,03 - Rear end,Alta Vista
3427,MEADOWGLEN DR btwn ORLEANS BLVD & SUMMERFIELDS CRES,380374.9086,5034584.773,-75.53385724,45.44710725,2015-01-22,6:09,01 - Clear,01 - Dry,10 - No control,01 - Non intersection,07 - Dark,03 - P.D. only,06 - SMV unattended vehicle,Orleans Village - Chateauneuf
3428,BRIDLE PARK DR @ STONEHAVEN DR,356110.8701,5016320.281,-75.84591808,45.28496478,2015-01-14,7:38,01 - Clear,06 - Ice,01 - Traffic signal,02 - Intersection related,03 - Dawn,03 - P.D. only,03 - Rear end,Bridlewood - Emerald Meadows
3429,BEATRICE DR @ CLEARBROOK DR/NO NAME,365481.6251,5015088.697,-75.72662566,45.27313652,2015-01-21,9:23,01 - Clear,01 - Dry,02 - Stop sign,03 - At intersection,01 - Daylight,03 - P.D. only,02 - Angle,New Barrhaven
3430,BANK ST @ HERON RD,369996.6839,5026850.096,-75.66753941,45.37855866,2015-01-21,9:56,01 - Clear,01 - Dry,01 - Traffic signal,02 - Intersection related,01 - Daylight,03 - P.D. only,04 - Sideswipe,Alta Vista
3431,INNES RD @ JEANNE D'ARC BLVD/MER BLEUE RD,382636.7897,5035566.108,-75.5047906,45.45568825,2015-11-12,15:22,02 - Rain,02 - Wet,01 - Traffic signal,02 - Intersection related,01 - Daylight,03 - P.D. only,03 - Rear end,Chapel Hill South
3432,MEADOWLANDS DR btwn DEER PARK RD & HOGAN ST,366088.2504,5024893.209,-75.71768201,45.36130378,2015-11-12,17:09,02 - Rain,02 - Wet,10 - No control,01 - Non intersection,05 - Dusk,03 - P.D. only,04 - Sideswipe,Cityview - Skyline - Fisher Heights
3433,INNES RD btwn TENTH LINE RD & 240 E OF TENTH LINE RD/HOME DEPOT E,383974.8928,5036168.717,-75.48758745,45.46095964,2015-04-29,17:30,01 - Clear,01 - Dry,10 - No control,01 - Non intersection,01 - Daylight,03 - P.D. only,03 - Rear end,Avalon
3434,STEEPLE CHASE DR btwn MATTAWA CRES & BON ECHO CRES,355451.2666,5018053.892,-75.85414875,45.30061198,2015-01-22,7:35,01 - Clear,01 - Dry,10 - No control,04 - At/near private drive,03 - Dawn,03 - P.D. only,02 - Angle,Bridlewood - Emerald Meadows
3435,INNES RD @ TENTH LINE RD,383950.7964,5036158.115,-75.48789723,45.46086699,2015-01-22,7:56,01 - Clear,01 - Dry,01 - Traffic signal,02 - Intersection related,01 - Daylight,03 - P.D. only,03 - Rear end,Queenswood Heights
3436,RIVERSIDE DR SB btwn BANK ST & BILLINGS BRIDGE NB RAMP,369255.5954,5028020.654,-75.67684813,45.38915955,2015-01-21,10:33,01 - Clear,01 - Dry,10 - No control,04 - At/near private drive,01 - Daylight,03 - P.D. only,99 - Other,Alta Vista
3437,MONTCREST DR btwn ADENCLIFFE DR & LALANDE TER,384353.6179,5038839.037,-75.48231309,45.48494164,2015-01-21,10:30,01 - Clear,02 - Wet,10 - No control,04 - At/near private drive,01 - Daylight,03 - P.D. only,06 - SMV unattended vehicle,Fallingbrook
3438,BOUNDARY RD @ PARKWAY RD,388798.3813,5020305.46,-75.42861993,45.31767415,2015-03-07,10:48,01 - Clear,01 - Dry,02 - Stop sign,03 - At intersection,01 - Daylight,03 - P.D. only,99 - Other,Metcalfe
3439,CATHERINE ST @ KENT ST,367907.7075,5030190.01,-75.6937825,45.40880152,2015-11-12,18:10,02 - Rain,02 - Wet,01 - Traffic signal,03 - At intersection,07 - Dark,03 - P.D. only,04 - Sideswipe,Centretown
3440,MARCH RD btwn OLD CARP RD & KLONDIKE RD,349168.1098,5024181.228,-75.93371156,45.3561723,2015-11-12,20:22,02 - Rain,02 - Wet,10 - No control,01 - Non intersection,07 - Dark,03 - P.D. only,07 - SMV other,South March
3441,WEST HUNT CLUB RD @ CLEOPATRA DR/LANCELOT DR,365234.7361,5021732.012,-75.72896203,45.33293387,2015-05-03,13:55,01 - Clear,01 - Dry,01 - Traffic signal,03 - At intersection,01 - Daylight,03 - P.D. only,05 - Turning movement,Tanglewood
3442,MARQUETTE AVE @ STE. MONIQUE ST,369993.7156,5033883.073,-75.66664719,45.44183903,2015-01-22,8:10,01 - Clear,06 - Ice,02 - Stop sign,03 - At intersection,01 - Daylight,03 - P.D. only,02 - Angle,Vanier North
3443,BANK ST btwn LESTER RD & PARK LANE,373688.1598,5022908.573,-75.6209598,45.34274121,2015-02-05,7:20,01 - Clear,01 - Dry,10 - No control,01 - Non intersection,03 - Dawn,03 - P.D. only,01 - Approaching,Greenbelt
3444,PALSEN ST @ PERRY ST,364519.7706,5023304.028,-75.73789313,45.34713991,2015-01-21,13:35,01 - Clear,06 - Ice,02 - Stop sign,02 - Intersection related,01 - Daylight,03 - P.D. only,02 - Angle,Crestview - Meadowlands
3445,PRINCE OF WALES DR @ FALLOWFIELD RD,367400.6739,5019165.988,-75.70165557,45.30965532,2015-02-05,22:34,01 - Clear,01 - Dry,01 - Traffic signal,02 - Intersection related,07 - Dark,03 - P.D. only,05 - Turning movement,Greenbelt
3446,OR174 IC109 RAMP51 @ REGIONAL RD 174,379005.2581,5036770.908,-75.5510344,45.46692324,2015-03-08,4:16,01 - Clear,02 - Wet,10 - No control,02 - Intersection related,07 - Dark,03 - P.D. only,07 - SMV other,Greenbelt
3447,KNUDSON DR btwn NELFORD CRT & SHERK CRES,351279.5273,5020407.818,-75.90711856,45.32208159,2015-03-07,14:00,01 - Clear,01 - Dry,10 - No control,04 - At/near private drive,01 - Daylight,03 - P.D. only,99 - Other,Kanata Lakes - Marchwood Lakeside - Morgan's Grant - Kanata
3448,KENT ST @ LISGAR ST,367438.6657,5030962.123,-75.69967592,45.41579089,2015-08-26,12:15,01 - Clear,01 - Dry,02 - Stop sign,02 - Intersection related,01 - Daylight,03 - P.D. only,03 - Rear end,Centretown
3449,SMYTH RD E/LANCASTER RD @ ST. LAURENT BLVD N/R,373363.7655,5029423.105,-75.62419443,45.40138805,2015-08-27,15:07,01 - Clear,01 - Dry,01 - Traffic signal,02 - Intersection related,01 - Daylight,03 - P.D. only,03 - Rear end,Sheffield Glen
3450,INNES RD btwn 298 E OF WILDFLOWER DR & LANTHIER DR/PRESTWICK DR,383515.329,5035971.999,-75.49349449,45.45924168,2015-05-05,18:20,01 - Clear,01 - Dry,10 - No control,01 - Non intersection,01 - Daylight,03 - P.D. only,03 - Rear end,Queenswood Heights
3451,CAMPEAU DR @ KNUDSON DR,351807.6156,5019845.02,-75.90043618,45.31698224,2015-03-04,16:39,03 - Snow,03 - Loose snow,01 - Traffic signal,02 - Intersection related,01 - Daylight,03 - P.D. only,03 - Rear end,Kanata
3452,TERRY FOX DR S @ DIDSBURY RD/CENTRUM KANATA SC,350623.4302,5018915.949,-75.91562513,45.3087005,2015-03-04,13:15,01 - Clear,01 - Dry,01 - Traffic signal,02 - Intersection related,01 - Daylight,03 - P.D. only,04 - Sideswipe,Kanata
3453,MARCH RD @ 280 S OF CARLING AVE/GATEWAY MALL S,351107.4792,5022026.74,-75.90916161,45.33666039,2015-02-11,8:58,01 - Clear,01 - Dry,01 - Traffic signal,02 - Intersection related,01 - Daylight,03 - P.D. only,03 - Rear end,South March
3454,INDUSTRIAL AVE btwn SANDFORD FLEMING AVE & NEIGHBORHOOD WAY,371076.531,5030527.209,-75.65325895,45.4115426,2015-02-13,16:49,01 - Clear,02 - Wet,10 - No control,01 - Non intersection,01 - Daylight,03 - P.D. only,05 - Turning movement,Industrial Park
3455,GREENBANK RD btwn FALLOWFIELD RD & LARKIN DR,363122.148,5016630.066,-75.75651297,45.28720545,2015-03-08,13:26,01 - Clear,01 - Dry,10 - No control,04 - At/near private drive,01 - Daylight,03 - P.D. only,05 - Turning movement,Barrhaven West - Old Barrhaven
3456,STANLEY AVE btwn CHARLES ST & SCHOOL LANE,368014.1661,5033793.608,-75.69196013,45.44121586,2015-08-28,11:56,01 - Clear,01 - Dry,10 - No control,01 - Non intersection,01 - Daylight,03 - P.D. only,06 - SMV unattended vehicle,New Edinburgh