Record,Location,X,Y,lon,lat,Date,Time,Environment,Road_Surface,Traffic_Control,Collision_Location,Light,Collision_Classification,Impact_type,Neighborhood
3457,CATHERINE ST @ METCALFE ST,368392.7428,5030486.925,-75.68754837,45.41142916,2015-08-28,12:09,01 - Clear,01 - Dry,01 - Traffic signal,02 - Intersection related,01 - Daylight,03 - P.D. only,03 - Rear end,Centretown
3458,MERIVALE RD @ PINEGLEN CRES,366239.5209,5020411.335,-75.71630787,45.32096335,2015-05-06,16:54,01 - Clear,01 - Dry,02 - Stop sign,02 - Intersection related,01 - Daylight,03 - P.D. only,99 - Other,Merivale Gardens - Grenfell Glen - Pineglen - Country Place
3459,AVIATION PKWY @ OGILVIE RD,373109.7503,5032375.14,-75.62702957,45.42797389,2015-03-04,17:00,01 - Clear,01 - Dry,01 - Traffic signal,02 - Intersection related,01 - Daylight,03 - P.D. only,03 - Rear end,Industrial Park
3460,WOODROFFE AVE btwn FALLOWFIELD RD & EARL MULLIGAN DR,365096.7163,5017878.612,-75.73119176,45.29827318,2015-03-04,17:58,03 - Snow,02 - Wet,10 - No control,04 - At/near private drive,01 - Daylight,03 - P.D. only,05 - Turning movement,Greenbelt
3461,MEADOWLANDS DR @ MERIVALE RD,364859.6638,5023724.065,-75.733505,45.35089033,2015-02-19,14:17,01 - Clear,01 - Dry,01 - Traffic signal,02 - Intersection related,01 - Daylight,03 - P.D. only,03 - Rear end,Cityview - Skyline - Fisher Heights
3462,MERIVALE RD btwn WITHROW AVE & ROSSLAND AVE,364650.1398,5024212.829,-75.73611959,45.35530607,2015-02-20,12:15,01 - Clear,01 - Dry,10 - No control,01 - Non intersection,01 - Daylight,03 - P.D. only,03 - Rear end,Cityview - Skyline - Fisher Heights
3463,HWY 417 WOODROFF IC127R62 @ WOODROFFE AVE,362050.8797,5025020.963,-75.76919813,45.36279465,2015-08-28,11:45,01 - Clear,01 - Dry,03 - Yield sign,02 - Intersection related,01 - Daylight,03 - P.D. only,03 - Rear end,Whitehaven - Queensway Terrace North
3464,BANK ST @ CATHERINE ST,368039.7054,5030267.09,-75.69208647,45.40948315,2015-08-30,8:03,01 - Clear,01 - Dry,01 - Traffic signal,03 - At intersection,01 - Daylight,03 - P.D. only,02 - Angle,Centretown
3465,DWYER HILL RD btwn BLEEKS RD & COPELAND RD,347386.0299,4999912.294,-75.95853471,45.13790047,2015-05-08,4:48,01 - Clear,01 - Dry,10 - No control,01 - Non intersection,07 - Dark,03 - P.D. only,07 - SMV other,Munster Hamlet - Richmond
3466,CARLING AVE EB btwn CARLING AVE EB OFF RAMP/OTTAWA RIVER PKWY & TRANSI,360986.4865,5025232.362,-75.78275989,45.36478292,2015-05-08,8:10,01 - Clear,01 - Dry,10 - No control,01 - Non intersection,01 - Daylight,03 - P.D. only,03 - Rear end,Whitehaven - Queensway Terrace North
3467,REMNOR AVE/FLETCHER CIRC @ KEYROCK DR,349634.6398,5020225.516,-75.92811577,45.32054817,2015-02-20,8:00,01 - Clear,05 - Packed snow,02 - Stop sign,02 - Intersection related,01 - Daylight,03 - P.D. only,03 - Rear end,Kanata Lakes - Marchwood Lakeside - Morgan's Grant - Kanata
3468,BASELINE RD @ FISHER AVE,366166.6936,5026029.015,-75.71653974,45.37151668,2015-03-04,16:30,01 - Clear,01 - Dry,01 - Traffic signal,02 - Intersection related,01 - Daylight,03 - P.D. only,03 - Rear end,Civic Hospital - Experimental Farm - Central Park
3469,TERRY FOX DR @ EDGEWATER ST/WALTER BAKER PL,351773.9198,5017617.713,-75.90107703,45.29694264,2015-01-14,9:00,01 - Clear,06 - Ice,01 - Traffic signal,02 - Intersection related,01 - Daylight,03 - P.D. only,03 - Rear end,Katimavik - Hazeldean
3470,BRONSON AVE @ CARLING AVE/GLEBE AVE,367447.707,5029335.08,-75.69976717,45.40115044,2015-02-19,8:45,03 - Snow,04 - Slush,01 - Traffic signal,02 - Intersection related,01 - Daylight,03 - P.D. only,04 - Sideswipe,The Glebe
3471,CONSTELLATION CRES @ BASELINE RD,362272.3741,5023596.064,-75.76653667,45.34995539,2015-10-28,19:20,02 - Rain,02 - Wet,01 - Traffic signal,03 - At intersection,07 - Dark,03 - P.D. only,04 - Sideswipe,Iris
3472,BASELINE RD @ GREENBANK RD,360596.7204,5022583.054,-75.78803398,45.34097566,2015-10-29,8:10,01 - Clear,02 - Wet,01 - Traffic signal,02 - Intersection related,01 - Daylight,03 - P.D. only,03 - Rear end,Qualicum - Redwood Park
3473,THIRD AVE btwn LYON ST S & BANK ST,368323.2168,5029542.406,-75.68855823,45.402937,2015-08-31,14:30,01 - Clear,01 - Dry,10 - No control,01 - Non intersection,01 - Daylight,03 - P.D. only,06 - SMV unattended vehicle,The Glebe
3474,RIVERSIDE DR NB btwn BANK ST & RIVERSIDE DR NB RAMP FROM EB TO WB,369361.6516,5027979.183,-75.67549927,45.38877664,2015-09-02,23:04,01 - Clear,02 - Wet,10 - No control,01 - Non intersection,07 - Dark,03 - P.D. only,04 - Sideswipe,Alta Vista
3475,CARLING AVE @ KIRKWOOD AVE S,364352.6644,5027337.067,-75.73953937,45.38344282,2015-05-08,13:36,01 - Clear,01 - Dry,01 - Traffic signal,03 - At intersection,01 - Daylight,03 - P.D. only,05 - Turning movement,Carlington
3476,MAITLAND AVE btwn HENRY FARM DR & TERREBONNE DR,363929.6935,5025141.149,-75.74520294,45.3637201,2015-03-05,7:57,01 - Clear,01 - Dry,10 - No control,04 - At/near private drive,01 - Daylight,03 - P.D. only,99 - Other,Civic Hospital - Experimental Farm - Central Park
3477,DONALD ST btwn TELFORD AVE & OKEE ST,371859.6992,5032445.173,-75.64299336,45.42872498,2015-03-05,15:00,01 - Clear,01 - Dry,10 - No control,01 - Non intersection,01 - Daylight,03 - P.D. only,03 - Rear end,Overbrook
3478,REVELSTOKE DR @ RIVERSIDE DR,368216.2189,5024428.201,-75.69058175,45.35693049,2015-10-29,12:45,01 - Clear,01 - Dry,01 - Traffic signal,03 - At intersection,01 - Daylight,03 - P.D. only,02 - Angle,Hunt Club Woods - Quintarra - Revelstoke - Riverside South P
3479,IRIS ST @ WOODROFFE AVE,362281.7282,5024442.965,-75.76631884,45.35757498,2015-10-29,12:56,01 - Clear,01 - Dry,01 - Traffic signal,02 - Intersection related,01 - Daylight,03 - P.D. only,03 - Rear end,Iris
3480,REGIONAL ROAD 174 btwn OLD MONTREAL RD & OLD MONTREAL RD,394513.1801,5043014.731,-75.35160839,45.52127706,2015-10-26,15:15,01 - Clear,01 - Dry,10 - No control,01 - Non intersection,01 - Daylight,03 - P.D. only,03 - Rear end,Cumberland - Estates
3481,MARGUERITE AVE @ MCARTHUR AVE,370031.0082,5032671.211,-75.66633112,45.43093172,2015-11-07,15:15,01 - Clear,01 - Dry,01 - Traffic signal,02 - Intersection related,01 - Daylight,03 - P.D. only,05 - Turning movement,Vanier South
3482,QUEEN ST btwn METCALFE ST & ELGIN ST,367716.5302,5031721.862,-75.69602903,45.42260185,2015-05-08,14:29,01 - Clear,01 - Dry,10 - No control,04 - At/near private drive,01 - Daylight,03 - P.D. only,02 - Angle,Downtown
3483,RIVERSIDE DR @ 175 S OF HUNT CLUB  RD/RUNWAY C,368028.5,5021767.746,-75.69331756,45.33300924,2015-03-05,16:56,01 - Clear,01 - Dry,01 - Traffic signal,02 - Intersection related,01 - Daylight,03 - P.D. only,02 - Angle,Hunt Club Woods - Quintarra - Revelstoke - Riverside South P
3484,JEANNE D'ARC BLVD @ OR174 IC105 RAMP53,379544.7995,5036795.369,-75.54413178,45.46708579,2015-01-02,7:19,01 - Clear,01 - Dry,03 - Yield sign,02 - Intersection related,03 - Dawn,03 - P.D. only,99 - Other,Greenbelt
3485,BLAIR RD @ OGILVIE RD,374507.7237,5033198.093,-75.6090497,45.43524044,2015-01-06,18:29,02 - Rain,04 - Slush,01 - Traffic signal,02 - Intersection related,07 - Dark,03 - P.D. only,03 - Rear end,Industrial Park
3486,BATHGATE DR btwn LEIGH CRES & LEIGH CRES,373803.6873,5032993.766,-75.61807571,45.43347184,2015-01-06,21:23,03 - Snow,04 - Slush,10 - No control,01 - Non intersection,07 - Dark,03 - P.D. only,01 - Approaching,Carson Grove - Carson Meadows
3487,KNOXDALE RD @ WEST HUNT CLUB RD,361862.7218,5020584.959,-75.77211145,45.32289502,2015-02-03,7:35,01 - Clear,06 - Ice,01 - Traffic signal,02 - Intersection related,01 - Daylight,03 - P.D. only,03 - Rear end,Woodvale - Craig Henry - Manordale - Estates of Arlington Wo
3488,FRASER FIELDS WAY @ STRANDHERD DR,362949.5871,5013991.964,-75.75902158,45.26348201,2015-02-04,11:28,01 - Clear,04 - Slush,02 - Stop sign,03 - At intersection,01 - Daylight,03 - P.D. only,02 - Angle,New Barrhaven
3489,BRIAN COBURN BLVD btwn AQUAVIEW DR & TENTH LINE RD,384490.3795,5035050.756,-75.48117811,45.45084265,2015-01-08,17:05,01 - Clear,03 - Loose snow,10 - No control,04 - At/near private drive,05 - Dusk,03 - P.D. only,02 - Angle,Avalon
3490,WALKLEY RD @ DON REID DR/RYDER ST,372601.7269,5027283.098,-75.63422133,45.38220739,2015-01-08,22:21,01 - Clear,03 - Loose snow,01 - Traffic signal,03 - At intersection,07 - Dark,03 - P.D. only,02 - Angle,Playfair Park - Lynda Park - Guildwood Estates
3491,BANK ST @ SLATER ST,367424.7024,5031354.095,-75.69980449,45.41931898,2015-01-19,10:22,01 - Clear,01 - Dry,01 - Traffic signal,02 - Intersection related,01 - Daylight,03 - P.D. only,05 - Turning movement,Downtown
3492,MACLAREN ST @ PERCY ST,367158.7024,5030494.082,-75.70331183,45.41160461,2015-01-14,10:28,01 - Clear,05 - Packed snow,02 - Stop sign,03 - At intersection,01 - Daylight,03 - P.D. only,02 - Angle,Chinatown
3493,RICHMOND RD btwn HIGHFIELD CRES & GRENON AVE,359797.9958,5024023.39,-75.79806476,45.35399887,2015-02-04,15:10,03 - Snow,04 - Slush,10 - No control,01 - Non intersection,01 - Daylight,03 - P.D. only,03 - Rear end,Whitehaven - Queensway Terrace North
3494,FALLOWFIELD RD @ WOODROFFE AVE,365084.1861,5017903.672,-75.73134846,45.29849975,2015-01-31,19:01,01 - Clear,01 - Dry,01 - Traffic signal,02 - Intersection related,07 - Dark,03 - P.D. only,03 - Rear end,New Barrhaven
3495,CONOVER ST @ KNOXDALE RD,361983.6823,5021004.042,-75.77052021,45.32665608,2015-02-06,7:27,01 - Clear,03 - Loose snow,02 - Stop sign,03 - At intersection,01 - Daylight,03 - P.D. only,02 - Angle,Woodvale - Craig Henry - Manordale - Estates of Arlington Wo
3496,BANKFIELD RD @ PRINCE OF WALES DR,366380.6538,5008974.904,-75.71592598,45.2180465,2015-01-17,8:35,01 - Clear,06 - Ice,01 - Traffic signal,02 - Intersection related,01 - Daylight,03 - P.D. only,01 - Approaching,Manotick
3497,ST. JOSEPH BLVD @ JEANNE D'ARC BLVD,379860.7425,5036471.099,-75.54014145,45.46413438,2015-06-19,7:45,01 - Clear,01 - Dry,11 - Roundabout,03 - At intersection,01 - Daylight,03 - P.D. only,04 - Sideswipe,Chapel Hill
3498,FLORA ST @ LYON ST,367664.712,5030227.05,-75.6968818,45.40915666,2015-01-17,9:32,03 - Snow,03 - Loose snow,02 - Stop sign,03 - At intersection,01 - Daylight,03 - P.D. only,02 - Angle,Centretown
3499,CARLING AVE @ WESTGATE SC E,364801.2805,5027658.776,-75.73377215,45.38629922,2015-02-04,15:15,03 - Snow,03 - Loose snow,01 - Traffic signal,03 - At intersection,01 - Daylight,03 - P.D. only,02 - Angle,Carlington
3500,BLAIR RD @ INNES RD,375578.7349,5031441.001,-75.59561507,45.41932354,2015-02-06,17:25,01 - Clear,01 - Dry,01 - Traffic signal,02 - Intersection related,07 - Dark,03 - P.D. only,03 - Rear end,Greenbelt
3501,HAZELDEAN RD btwn ROWAN RD & BRADLEY GREEN CRT,350375.7882,5015569.497,-75.91909059,45.27860425,2015-02-06,19:27,03 - Snow,03 - Loose snow,10 - No control,01 - Non intersection,07 - Dark,03 - P.D. only,03 - Rear end,Stittsville
3502,HWY417 IC155 RAMP36 btwn HIGHWAY 417 & MARCH RD,339238.0193,5019438.305,-76.06077916,45.31405149,2015-02-09,5:35,03 - Snow,06 - Ice,10 - No control,01 - Non intersection,07 - Dark,03 - P.D. only,07 - SMV other,Carp - Hardwood Plains
3503,JOCKVALE RD/RIDEAU VALLEY DR @ PRINCE OF WALES,366707.7692,5012195.879,-75.71136063,45.24700018,2015-02-08,9:02,03 - Snow,03 - Loose snow,01 - Traffic signal,02 - Intersection related,01 - Daylight,03 - P.D. only,03 - Rear end,New Barrhaven
3504,GREENBANK RD btwn MALVERN DR & HIGHBURY PARK DR,363317.4695,5016180.457,-75.75407626,45.28314363,2015-01-24,22:14,03 - Snow,03 - Loose snow,10 - No control,01 - Non intersection,07 - Dark,03 - P.D. only,03 - Rear end,Barrhaven West - Old Barrhaven
3505,CAMPEAU DR/HWY 417 MARCH IC138R63 @ MARCH RD,352840.661,5020475.021,-75.88719973,45.3225812,2015-02-08,9:35,03 - Snow,03 - Loose snow,01 - Traffic signal,02 - Intersection related,01 - Daylight,03 - P.D. only,03 - Rear end,Greenbelt
3506,PINECREST RD @ ST. STEPHEN'S ST,360226.6407,5024076.059,-75.79258851,45.35443904,2015-02-08,10:22,03 - Snow,03 - Loose snow,02 - Stop sign,02 - Intersection related,01 - Daylight,03 - P.D. only,02 - Angle,Whitehaven - Queensway Terrace North
3507,PRESTON ST @ ELM ST,366245.7042,5030274.045,-75.71500252,45.40970553,2015-01-26,8:03,01 - Clear,06 - Ice,01 - Traffic signal,02 - Intersection related,01 - Daylight,03 - P.D. only,03 - Rear end,Little Italy
3508,WOODROFFE AVE btwn PARKGLEN DR & DAVID DR,362906.1913,5023084.288,-75.75850869,45.34529824,2015-01-27,9:16,01 - Clear,01 - Dry,10 - No control,01 - Non intersection,01 - Daylight,03 - P.D. only,03 - Rear end,Crestview - Meadowlands
3509,SLACK RD @ WOODROFFE AVE,364233.6835,5019974.96,-75.74194341,45.31720955,2015-02-08,10:48,03 - Snow,06 - Ice,01 - Traffic signal,02 - Intersection related,01 - Daylight,03 - P.D. only,07 - SMV other,Greenbelt
3510,FALLOWFIELD RD btwn EAGLESON RD & RICHMOND RD,357591.5151,5013456.324,-75.82734944,45.25908475,2015-02-08,11:23,03 - Snow,03 - Loose snow,10 - No control,01 - Non intersection,01 - Daylight,03 - P.D. only,01 - Approaching,Munster Hamlet - Richmond
3511,CHESAPEAKE CRES/LAMPLIGHTERS DR @ COBBLE HILL DR,361433.8981,5014585.097,-75.77826625,45.26894274,2015-02-17,15:49,01 - Clear,05 - Packed snow,02 - Stop sign,02 - Intersection related,01 - Daylight,03 - P.D. only,07 - SMV other,Munster Hamlet - Richmond
3512,POMMEL CRES btwn EQUESTRIAN DR & EQUESTRIAN DR,354531.0622,5016504.407,-75.86603686,45.28673513,2015-02-08,10:30,03 - Snow,03 - Loose snow,10 - No control,04 - At/near private drive,01 - Daylight,03 - P.D. only,02 - Angle,Bridlewood - Emerald Meadows
3513,GREENBANK RD @ STRANDHERD DR,363934.6478,5014783.935,-75.74637611,45.27052606,2015-02-08,10:20,03 - Snow,03 - Loose snow,01 - Traffic signal,02 - Intersection related,01 - Daylight,03 - P.D. only,03 - Rear end,New Barrhaven
3514,TERMINAL AVE btwn RAILMARKET PRIV & STEAMLINE ST,371342.1988,5030889.367,-75.64981629,45.41477594,2015-01-28,10:18,01 - Clear,01 - Dry,10 - No control,01 - Non intersection,01 - Daylight,03 - P.D. only,04 - Sideswipe,Industrial Park
3515,PLACE D'ORLEANS @ CENTRUM BLVD/PLACE D'ORLEANS,381964.0049,5038140.33,-75.51298728,45.47892353,2015-01-28,15:35,01 - Clear,01 - Dry,01 - Traffic signal,02 - Intersection related,01 - Daylight,03 - P.D. only,02 - Angle,Industrial Park
3516,NAVAHO DR @ WOODROFFE AVE/TRANSITWAY N BASELIN,362705.278,5023493.283,-75.76102444,45.34899496,2015-02-08,13:00,03 - Snow,03 - Loose snow,01 - Traffic signal,02 - Intersection related,01 - Daylight,03 - P.D. only,05 - Turning movement,Crestview - Meadowlands
3517,GREENBANK RD @ PRINCE OF WALES DR,366202.6551,5009543.863,-75.71812197,45.22318155,2015-02-08,14:48,03 - Snow,03 - Loose snow,02 - Stop sign,02 - Intersection related,01 - Daylight,03 - P.D. only,03 - Rear end,New Barrhaven
3518,DATA CENTRE RD @ HERON RD,368942.2069,5026733.384,-75.68101722,45.37760585,2015-01-28,16:37,01 - Clear,01 - Dry,02 - Stop sign,02 - Intersection related,01 - Daylight,03 - P.D. only,03 - Rear end,Alta Vista
3519,MITCH OWENS RD @ STAGECOACH RD,375399.9957,5014485.302,-75.60031848,45.26678153,2015-01-02,10:30,01 - Clear,01 - Dry,01 - Traffic signal,02 - Intersection related,01 - Daylight,03 - P.D. only,03 - Rear end,Osgoode
3520,KIRKWOOD AVE @ MERIVALE RD,364855.6291,5026646.06,-75.73320136,45.37718233,2015-01-29,21:10,03 - Snow,03 - Loose snow,01 - Traffic signal,02 - Intersection related,07 - Dark,03 - P.D. only,04 - Sideswipe,Carlington
3521,MEADOWLANDS DR @ VIEWMOUNT DR,363739.6834,5023106.956,-75.74787074,45.34543267,2015-01-04,0:20,03 - Snow,03 - Loose snow,01 - Traffic signal,03 - At intersection,07 - Dark,03 - P.D. only,03 - Rear end,Crestview - Meadowlands
3522,HIGHWAY 417 btwn HIGHWAY 417 & HWY417 IC115 RAMP61,372759.7049,5031554.573,-75.6316157,45.42062492,2015-01-26,9:12,01 - Clear,01 - Dry,10 - No control,01 - Non intersection,01 - Daylight,03 - P.D. only,03 - Rear end,Cummings
3523,COPPERFIELD CRES btwn COBBLE HILL DR & COBBLE HILL DR,361445.9182,5014425.524,-75.77813128,45.26750592,2015-01-31,22:17,03 - Snow,05 - Packed snow,10 - No control,04 - At/near private drive,07 - Dark,03 - P.D. only,06 - SMV unattended vehicle,Munster Hamlet - Richmond
3524,BANK ST @ RIVERSIDE DR S,369305.681,5027894.071,-75.67622511,45.38801599,2015-02-02,13:00,03 - Snow,03 - Loose snow,01 - Traffic signal,03 - At intersection,01 - Daylight,03 - P.D. only,04 - Sideswipe,Alta Vista
3525,CASTLEFRANK RD @ KATIMAVIK RD,351951.4168,5018943.034,-75.89868799,45.30885632,2015-01-04,10:07,05 - Drifting Snow,06 - Ice,01 - Traffic signal,03 - At intersection,01 - Daylight,03 - P.D. only,02 - Angle,Katimavik - Hazeldean
3526,BASELINE RD btwn MERIVALE RD & TURN LANE,365070.1181,5025331.78,-75.73062335,45.36533825,2015-01-05,8:41,01 - Clear,05 - Packed snow,10 - No control,01 - Non intersection,01 - Daylight,03 - P.D. only,04 - Sideswipe,Cityview - Skyline - Fisher Heights
3527,PRINCE OF WALES DR @ MEADOWLANDS DR/HOG'S BACK,367370.955,5025692.031,-75.70120927,45.36837809,2015-02-02,15:14,01 - Clear,03 - Loose snow,01 - Traffic signal,02 - Intersection related,01 - Daylight,03 - P.D. only,03 - Rear end,Carleton Heights - Rideauview
3528,RUSSELL RD btwn ST. LAURENT BLVD & ST. LAURENT BLVD,373441.4032,5029349.434,-75.62321309,45.40071758,2015-01-05,13:25,01 - Clear,01 - Dry,10 - No control,04 - At/near private drive,01 - Daylight,03 - P.D. only,02 - Angle,Hawthorn
3529,EARL ARMSTRONG RD @ BOWESVILLE RD,372561.7049,5017440.946,-75.63608012,45.29365487,2015-01-05,14:40,01 - Clear,06 - Ice,02 - Stop sign,03 - At intersection,01 - Daylight,03 - P.D. only,02 - Angle,Greenbelt
3530,STONEHAVEN DR @ HARNESS LANE/BLUEMEADOW WAY,354573.6896,5016742.864,-75.86546957,45.2888778,2015-02-02,15:39,01 - Clear,03 - Loose snow,01 - Traffic signal,03 - At intersection,01 - Daylight,03 - P.D. only,02 - Angle,Bridlewood - Emerald Meadows
3531,MONTREAL RD btwn THOMSON ST & AVIATION PKWY,372127.4395,5034100.39,-75.63934571,45.44359211,2015-02-02,16:51,01 - Clear,04 - Slush,10 - No control,04 - At/near private drive,01 - Daylight,03 - P.D. only,02 - Angle,Cummings
3532,REGIONAL ROAD 174 btwn REGIONAL ROAD 174 & OR174 IC102 RAMP61,381891.2619,5038431.124,-75.51387196,45.48154788,2015-01-06,7:02,01 - Clear,01 - Dry,10 - No control,01 - Non intersection,03 - Dawn,03 - P.D. only,03 - Rear end,Chatelaine Village
3533,GLADSTONE AVE @ CAMBRIDGE ST,367065.6685,5030038.015,-75.70455791,45.40750933,2015-02-02,20:01,03 - Snow,03 - Loose snow,02 - Stop sign,02 - Intersection related,07 - Dark,03 - P.D. only,03 - Rear end,Centretown West
3534,MERIVALE RD btwn VIEWMOUNT DR & COLONNADE RD,365250.5646,5022812.11,-75.72862815,45.3426511,2015-02-02,22:32,01 - Clear,03 - Loose snow,10 - No control,01 - Non intersection,07 - Dark,03 - P.D. only,05 - Turning movement,Tanglewood
3535,GREENBANK RD @ BERRIGAN DR/WESSEX RD,363724.6456,5015274.979,-75.74899392,45.27496211,2015-02-06,18:18,01 - Clear,02 - Wet,01 - Traffic signal,02 - Intersection related,07 - Dark,03 - P.D. only,03 - Rear end,New Barrhaven
3536,RIVERSIDE DR btwn 175 S OF HUNT CLUB  RD & GL/OT BOUNDARY,368004.5745,5021645.9,-75.69363833,45.33191505,2015-02-06,8:24,01 - Clear,02 - Wet,10 - No control,01 - Non intersection,01 - Daylight,03 - P.D. only,03 - Rear end,Hunt Club Woods - Quintarra - Revelstoke - Riverside South P
3537,BASELINE RD @ WOODROFFE AVE,362548.7263,5023770.023,-75.76298984,45.35149796,2015-02-05,15:57,01 - Clear,06 - Ice,01 - Traffic signal,02 - Intersection related,01 - Daylight,03 - P.D. only,03 - Rear end,Iris
3538,HUNT CLUB RD @ UPLANDS DR,370155.7633,5023120.046,-75.66600171,45.34498198,2015-05-07,20:56,01 - Clear,01 - Dry,01 - Traffic signal,03 - At intersection,07 - Dark,03 - P.D. only,03 - Rear end,Hunt Club East - Western Community
3539,PLACE D'ORLEANS DR btwn OR174 IC102 RAMP51 & CHAMPLAIN ST,381421.5831,5038087.134,-75.51993272,45.47850465,2015-05-09,23:07,01 - Clear,01 - Dry,10 - No control,01 - Non intersection,07 - Dark,03 - P.D. only,04 - Sideswipe,Industrial Park
3540,CARLING AVE @ CHAMPAGNE AVE,366626.7365,5028810.059,-75.71031867,45.39649942,2015-03-27,8:25,03 - Snow,02 - Wet,01 - Traffic signal,02 - Intersection related,01 - Daylight,03 - P.D. only,04 - Sideswipe,Centretown West
3541,PARKDALE AVE @ SHERWOOD DR,365380.703,5028746.991,-75.72623989,45.39604087,2015-04-02,15:05,01 - Clear,01 - Dry,01 - Traffic signal,03 - At intersection,01 - Daylight,03 - P.D. only,02 - Angle,Civic Hospital - Experimental Farm - Central Park
3542,TERMINAL AVE btwn SANDFORD FLEMING AVE & STEAMLINE ST,371029.6742,5030855.401,-75.65381342,45.41449998,2015-05-01,3:26,01 - Clear,01 - Dry,10 - No control,04 - At/near private drive,07 - Dark,03 - P.D. only,07 - SMV other,Industrial Park
3543,RIVERSIDE DR NB btwn INDUSTRIAL AVE & TREMBLAY RD,370802.0781,5030963.378,-75.65670654,45.41549301,2015-05-05,16:40,01 - Clear,01 - Dry,10 - No control,01 - Non intersection,01 - Daylight,03 - P.D. only,04 - Sideswipe,Industrial Park
3544,INDIAN CREEK RD @ SAUMURE RD,401808.989,5025223.794,-75.26174469,45.36024538,2015-03-14,10:45,01 - Clear,02 - Wet,02 - Stop sign,02 - Intersection related,01 - Daylight,03 - P.D. only,03 - Rear end,Navan - Vars
3545,ST. LAURENT BLVD @ WALKLEY RD,373901.7862,5028046.373,-75.61751563,45.38894796,2015-03-29,14:11,01 - Clear,01 - Dry,01 - Traffic signal,02 - Intersection related,01 - Daylight,03 - P.D. only,03 - Rear end,Hawthorne Meadows
3546,LANARK AVE/WEST VILLAGE PRIV @ SCOTT ST,363624.5004,5028914.142,-75.74864888,45.3976946,2015-02-08,18:55,01 - Clear,05 - Packed snow,01 - Traffic signal,02 - Intersection related,07 - Dark,03 - P.D. only,07 - SMV other,Westboro
3547,MARYLAND AVE btwn PRINCE OF WALES DR & LAMPMAN CRES,367100.4446,5025966,-75.70462776,45.3708673,2015-02-28,7:37,01 - Clear,01 - Dry,10 - No control,01 - Non intersection,01 - Daylight,03 - P.D. only,06 - SMV unattended vehicle,Carleton Heights - Rideauview
3548,INNES RD btwn PRESTWICK DR & TENTH LINE RD,383878.9398,5036129.536,-75.48882052,45.460618,2015-05-17,16:56,01 - Clear,01 - Dry,10 - No control,04 - At/near private drive,01 - Daylight,03 - P.D. only,04 - Sideswipe,Queenswood Heights
3549,DONALD ST btwn AVE. DU PERE CHARLEBOIS AVE & BRANT ST,371209.0758,5032372.048,-75.65131711,45.42812911,2015-05-18,16:37,01 - Clear,01 - Dry,10 - No control,01 - Non intersection,01 - Daylight,03 - P.D. only,06 - SMV unattended vehicle,Overbrook
3550,BANK ST btwn LEITRIM RD & ARENA PL,375365.465,5021600.702,-75.59974584,45.33080682,2015-04-02,17:30,01 - Clear,01 - Dry,10 - No control,01 - Non intersection,01 - Daylight,03 - P.D. only,03 - Rear end,Greenbelt
3551,SURREY AVE btwn BANK ST & BANFF AVE,370420.607,5025828.755,-75.66226285,45.3693294,2015-04-03,16:00,01 - Clear,01 - Dry,10 - No control,01 - Non intersection,01 - Daylight,03 - P.D. only,06 - SMV unattended vehicle,Ledbury - Heron Gate - Ridgemont - Elmwood
3552,RIDEAU ST @ WURTEMBURG ST,369356.7614,5032925.063,-75.67491398,45.43327835,2015-04-09,12:07,01 - Clear,01 - Dry,01 - Traffic signal,02 - Intersection related,01 - Daylight,03 - P.D. only,03 - Rear end,Sandy Hill
3553,BANK ST btwn SURREY AVE & NOTTING HILL AVE,370400.2378,5025763.604,-75.66253152,45.3687451,2015-04-27,22:12,01 - Clear,01 - Dry,10 - No control,01 - Non intersection,07 - Dark,03 - P.D. only,99 - Other,Ledbury - Heron Gate - Ridgemont - Elmwood
3554,KING EDWARD AVE @ ST. PATRICK ST,368248.7013,5032821.179,-75.6890878,45.43244505,2015-04-27,23:49,01 - Clear,01 - Dry,01 - Traffic signal,02 - Intersection related,07 - Dark,03 - P.D. only,03 - Rear end,Byward Market
3555,JEANNE D'ARC BLVD  N btwn VINEYARD DR & VOYAGEUR DR,379212.05,5037455.08,-75.54828663,45.4730569,2015-05-11,3:00,02 - Rain,02 - Wet,10 - No control,01 - Non intersection,07 - Dark,03 - P.D. only,07 - SMV other,Orleans South West
3556,GREENBANK RD @ HWY 417 IC129 RAMP57/IRIS ST,360530.3451,5023312.012,-75.78879873,45.34754009,2015-05-11,9:24,01 - Clear,01 - Dry,01 - Traffic signal,02 - Intersection related,01 - Daylight,03 - P.D. only,03 - Rear end,Iris
3557,BRONSON AVE btwn UNIVERSITY RD & BREWER WAY,368023.9149,5027914.68,-75.69258971,45.3883183,2015-05-09,10:56,01 - Clear,01 - Dry,10 - No control,01 - Non intersection,01 - Daylight,03 - P.D. only,03 - Rear end,Carleto
3558,DONALD ST @ ELAINE DR,372334.6782,5032478.176,-75.63691941,45.42897622,2015-03-11,13:54,01 - Clear,01 - Dry,01 - Traffic signal,02 - Intersection related,01 - Daylight,03 - P.D. only,04 - Sideswipe,Cummings
3559,SUNNYSIDE AVE btwn BANK ST & WILLARD ST,368743.8099,5028586.553,-75.68331006,45.39429825,2015-03-14,23:53,01 - Clear,01 - Dry,10 - No control,04 - At/near private drive,07 - Dark,03 - P.D. only,02 - Angle,Old Ottawa South