Record,Location,X,Y,lon,lat,Date,Time,Environment,Road_Surface,Traffic_Control,Collision_Location,Light,Collision_Classification,Impact_type,Neighborhood
3765,OGILVIE RD btwn CUMMINGS AVE & BEAULIEU PL,372815.9022,5032206.792,-75.63080764,45.42648781,2015-04-21,14:07,01 - Clear,01 - Dry,10 - No control,04 - At/near private drive,01 - Daylight,03 - P.D. only,03 - Rear end,Industrial Park
3766,CAMBRIAN RD @ CEDARVIEW RD,363002.6714,5011833.321,-75.758598,45.244054,2015-07-10,8:58,01 - Clear,01 - Dry,02 - Stop sign,02 - Intersection related,01 - Daylight,03 - P.D. only,03 - Rear end,Munster Hamlet - Richmond
3767,EAGLESON RD btwn FERNBANK RD & BRIDGESTONE DR,354823.8545,5015525.803,-75.86240327,45.27790866,2015-07-09,8:59,01 - Clear,01 - Dry,10 - No control,01 - Non intersection,01 - Daylight,03 - P.D. only,05 - Turning movement,Bridlewood - Emerald Meadows
3768,BANK ST @ RIDEAU RD,376955.4732,5017845.554,-75.58001045,45.29685794,2015-06-17,16:33,01 - Clear,01 - Dry,01 - Traffic signal,02 - Intersection related,01 - Daylight,03 - P.D. only,05 - Turning movement,Greenbelt
3769,8TH LINE RD @ MITCH OWENS RD,382362.5368,5018774.471,-75.51093448,45.30463971,2015-06-19,17:20,01 - Clear,01 - Dry,02 - Stop sign,03 - At intersection,01 - Daylight,03 - P.D. only,07 - SMV other,Metcalfe
3770,DES PERES BLANCS AVE btwn STE. CECILE ST & LONGPRE ST,370124.2714,5033733.662,-75.66499834,45.44048251,2015-05-27,17:50,01 - Clear,01 - Dry,10 - No control,01 - Non intersection,01 - Daylight,03 - P.D. only,06 - SMV unattended vehicle,Vanier North
3771,HUNT CLUB RD @ RIVERSIDE DR,368036.703,5021944.417,-75.69319034,45.33459815,2015-06-24,20:44,01 - Clear,01 - Dry,01 - Traffic signal,02 - Intersection related,05 - Dusk,03 - P.D. only,03 - Rear end,Hunt Club Woods - Quintarra - Revelstoke - Riverside South P
3772,LABELLE ST/RAMP @ LEMIEUX ST/HWY417 IC115 RAMP,372542.0862,5031690.034,-75.63437747,45.42186484,2015-03-05,8:02,01 - Clear,01 - Dry,02 - Stop sign,02 - Intersection related,01 - Daylight,03 - P.D. only,02 - Angle,Cummings
3773,COMO CRES btwn TRENHOLM LANE & VARENNES BLVD (2),384882.167,5038004.458,-75.47568881,45.47737248,2015-03-05,19:41,01 - Clear,01 - Dry,10 - No control,04 - At/near private drive,07 - Dark,03 - P.D. only,06 - SMV unattended vehicle,Fallingbrook
3774,PAULINE CHARRON PL btwn IDA ROCHELEAU PL & END,370941.2588,5034132.971,-75.65450274,45.44399849,2015-01-22,13:43,01 - Clear,05 - Packed snow,10 - No control,01 - Non intersection,01 - Daylight,03 - P.D. only,99 - Other,Vanier North
3775,WOODROFFE AVE btwn CARLINGWOOD SC & CARLING AVE,361912.5103,5025881.136,-75.77086483,45.3705457,2015-01-22,14:04,01 - Clear,01 - Dry,10 - No control,04 - At/near private drive,01 - Daylight,03 - P.D. only,05 - Turning movement,Carlingwood West - Glabar Park - McKellar Heights
3776,CHARLOTTE ST @ RIDEAU ST,369248.7451,5032861.038,-75.67630275,45.43271224,2015-01-26,8:40,01 - Clear,01 - Dry,01 - Traffic signal,03 - At intersection,01 - Daylight,03 - P.D. only,05 - Turning movement,Lower Town
3777,IRIS ST @ PINECREST SC,360639.5543,5023382.382,-75.78739723,45.34816459,2015-01-26,8:42,01 - Clear,01 - Dry,01 - Traffic signal,03 - At intersection,01 - Daylight,03 - P.D. only,02 - Angle,Iris
3778,COLONIAL RD btwn TRIM RD & FAIRGREEN AVE,388893.9771,5031820.403,-75.42544071,45.42126334,2015-03-02,17:27,01 - Clear,05 - Packed snow,10 - No control,01 - Non intersection,01 - Daylight,03 - P.D. only,07 - SMV other,Navan
3779,WOODROFFE AVE btwn 260 N OF FALLOWFIELD RD/TRANSITWAY & FALLOWFIELD RD,365060.0898,5017970.178,-75.73164759,45.29910023,2015-03-02,17:39,01 - Clear,01 - Dry,10 - No control,01 - Non intersection,01 - Daylight,03 - P.D. only,03 - Rear end,Greenbelt
3780,FALLOWFIELD RD @ GREENBANK RD,363080.6757,5016732.937,-75.75702953,45.28813452,2015-01-26,15:25,01 - Clear,01 - Dry,01 - Traffic signal,02 - Intersection related,01 - Daylight,03 - P.D. only,03 - Rear end,Greenbelt
3781,BANK ST @ ECHO DR,368661.7111,5028759.064,-75.68433618,45.39585794,2015-01-26,12:17,01 - Clear,06 - Ice,02 - Stop sign,02 - Intersection related,01 - Daylight,03 - P.D. only,03 - Rear end,Old Ottawa South
3782,BLOHM DR @ HUNT CLUB RD,375128.7821,5026190.964,-75.60211214,45.37213175,2015-03-14,19:36,03 - Snow,03 - Loose snow,01 - Traffic signal,03 - At intersection,07 - Dark,03 - P.D. only,05 - Turning movement,Hunt Club
3783,ST. LAURENT BLVD @ COVENTRY RD/OGILVIE RD,372304.7556,5031952.057,-75.63737388,45.42424534,2015-01-28,12:10,01 - Clear,01 - Dry,01 - Traffic signal,02 - Intersection related,01 - Daylight,03 - P.D. only,04 - Sideswipe,Overbrook
3784,BASELINE RD/HERON RD @ PRINCE OF WALES DR,366872.7426,5026436.123,-75.7074754,45.37511757,2015-01-28,12:54,01 - Clear,01 - Dry,01 - Traffic signal,02 - Intersection related,01 - Daylight,03 - P.D. only,03 - Rear end,Civic Hospital - Experimental Farm - Central Park
3785,DEERCROFT AVE btwn REDCLIFF AVE & KELTIE PRIV,364245.9499,5015158.689,-75.7423643,45.27387185,2015-01-18,0:00,01 - Clear,01 - Dry,10 - No control,01 - Non intersection,00 - Unknown,03 - P.D. only,06 - SMV unattended vehicle,New Barrhaven
3786,BISHOPS MILLS WAY btwn CAMBRAY LANE & KETTLEBY ST,352415.8443,5019971.624,-75.89266672,45.31808047,2015-02-10,0:00,01 - Clear,01 - Dry,10 - No control,01 - Non intersection,00 - Unknown,03 - P.D. only,06 - SMV unattended vehicle,Kanata
3787,BANFF AVE btwn KITCHENER AVE & LEDBURY AVE,370768.1615,5025502.691,-75.65786986,45.36636295,2015-02-15,12:52,03 - Snow,03 - Loose snow,10 - No control,01 - Non intersection,01 - Daylight,03 - P.D. only,06 - SMV unattended vehicle,Ledbury - Heron Gate - Ridgemont - Elmwood
3788,CLARE ST btwn TWEEDSMUIR AVE & BROADHEAD AVE,363867.1796,5027889.079,-75.74567219,45.38845084,2015-04-21,0:00,01 - Clear,01 - Dry,10 - No control,04 - At/near private drive,00 - Unknown,03 - P.D. only,06 - SMV unattended vehicle,Westboro
3789,CARLING AVE @ CONNAUGHT AVE,360771.3969,5025117.875,-75.78551834,45.36376998,2015-07-08,15:05,01 - Clear,01 - Dry,01 - Traffic signal,02 - Intersection related,01 - Daylight,03 - P.D. only,03 - Rear end,Woodroffe - Lincoln Heights
3790,GRENFELL CRES @ WOODROFFE AVE,364534.4099,5019236.492,-75.73819712,45.31053935,2015-07-08,13:15,01 - Clear,01 - Dry,02 - Stop sign,02 - Intersection related,01 - Daylight,03 - P.D. only,04 - Sideswipe,Greenbelt
3791,INDUSTRIAL AVE/INNES RD @ ST. LAURENT BLVD,373099.7274,5030005.206,-75.62748613,45.40665134,2015-06-17,9:15,01 - Clear,01 - Dry,01 - Traffic signal,02 - Intersection related,01 - Daylight,03 - P.D. only,02 - Angle,Industrial Park
3792,ALBION RD @ RIDGEDALE ST,372400.7401,5023034.153,-75.63736873,45.34399638,2015-06-14,15:36,01 - Clear,01 - Dry,02 - Stop sign,02 - Intersection related,01 - Daylight,03 - P.D. only,03 - Rear end,Blossom Park - Blossom Park West - Sawmill Creek/ Timbermill
3793,RICHMOND RD @ LYNHAR RD/STAFFORD RD,358138.385,5021084.674,-75.81956154,45.32768436,2015-06-19,17:00,01 - Clear,01 - Dry,01 - Traffic signal,02 - Intersection related,01 - Daylight,03 - P.D. only,03 - Rear end,Bells Corners East
3794,BANK ST @ FIFTH AVE,368398.7134,5029401.319,-75.68761213,45.40166069,2015-05-26,18:00,01 - Clear,01 - Dry,01 - Traffic signal,03 - At intersection,01 - Daylight,03 - P.D. only,02 - Angle,The Glebe
3795,BRITTANY DR @ MONTREAL RD,371910.8206,5033994.109,-75.64212896,45.44265667,2015-02-12,14:21,01 - Clear,01 - Dry,01 - Traffic signal,02 - Intersection related,01 - Daylight,03 - P.D. only,02 - Angle,Cummings
3796,INNES RD @ ORIENT PARK DR,378320.7401,5033036.087,-75.56034528,45.43339231,2015-03-06,16:10,01 - Clear,01 - Dry,01 - Traffic signal,02 - Intersection related,01 - Daylight,03 - P.D. only,05 - Turning movement,Blackburn Hamlet
3797,GLYNN AVE btwn SHARP ST & VERA ST,370425.8621,5032112.234,-75.66135982,45.42586534,2015-01-22,12:56,01 - Clear,05 - Packed snow,10 - No control,04 - At/near private drive,01 - Daylight,03 - P.D. only,06 - SMV unattended vehicle,Overbrook
3798,JEANNE D'ARC BLVD @ ORLEANS BLVD N,380027.7639,5038105.117,-75.53775577,45.47881802,2015-01-22,19:10,01 - Clear,01 - Dry,01 - Traffic signal,02 - Intersection related,07 - Dark,03 - P.D. only,03 - Rear end,Orleans South West
3799,MCNEELY RD @ RUSSELL RD,394435.8181,5027230.023,-75.35547465,45.37927656,2015-01-26,8:50,05 - Drifting Snow,03 - Loose snow,02 - Stop sign,02 - Intersection related,01 - Daylight,03 - P.D. only,03 - Rear end,Navan - Vars
3800,CALDWELL AVE @ MERIVALE RD,364906.4341,5026228.966,-75.7326035,45.37342503,2015-03-05,17:45,01 - Clear,01 - Dry,01 - Traffic signal,02 - Intersection related,01 - Daylight,03 - P.D. only,03 - Rear end,Civic Hospital - Experimental Farm - Central Park
3801,LONGFIELDS DR @ MOUNTSHANNON DR E,364885.9727,5016801.452,-75.73400908,45.288599,2015-03-07,3:11,01 - Clear,01 - Dry,11 - Roundabout,03 - At intersection,07 - Dark,03 - P.D. only,07 - SMV other,New Barrhaven
3802,GREENBANK RD @ LARKIN DR,363176.6779,5016506.935,-75.75583237,45.28609299,2015-01-26,16:23,01 - Clear,06 - Ice,01 - Traffic signal,02 - Intersection related,01 - Daylight,03 - P.D. only,03 - Rear end,Barrhaven West - Old Barrhaven
3803,ST. PATRICK ST @ SUSSEX DR,367667.8782,5032461.882,-75.6965562,45.42926468,2015-01-26,16:00,01 - Clear,01 - Dry,01 - Traffic signal,02 - Intersection related,05 - Dusk,03 - P.D. only,03 - Rear end,Byward Market
3804,BOTELER ST @ SUSSEX DR,367452.2754,5032952.453,-75.69924889,45.43369802,2015-01-28,12:55,01 - Clear,01 - Dry,01 - Traffic signal,03 - At intersection,01 - Daylight,03 - P.D. only,02 - Angle,Byward Market - Parliament Hill
3805,AIRPORT PKWY PRIV WB @ AIRPORT PKWY PRIV RAMP,370430.8383,5020753.627,-75.66280569,45.32366388,2015-01-28,16:15,01 - Clear,01 - Dry,02 - Stop sign,03 - At intersection,01 - Daylight,03 - P.D. only,02 - Angle,Greenbelt
3806,MURRAY ST btwn DALHOUSIE ST & CUMBERLAND ST,368034.014,5032594.282,-75.6918605,45.43042296,2015-02-15,17:45,01 - Clear,01 - Dry,10 - No control,01 - Non intersection,07 - Dark,03 - P.D. only,06 - SMV unattended vehicle,Byward Market
3807,KELLY AVE btwn MONCTON RD & NEVILLE ST,360496.2198,5024046.477,-75.78915146,45.3541515,2015-02-14,0:00,01 - Clear,01 - Dry,10 - No control,01 - Non intersection,00 - Unknown,03 - P.D. only,06 - SMV unattended vehicle,Whitehaven - Queensway Terrace North
3808,CARLING AVE/STATION RD @ MARCH RD,350907.6168,5022246.868,-75.91169101,45.33865431,2015-07-08,12:52,01 - Clear,01 - Dry,01 - Traffic signal,02 - Intersection related,01 - Daylight,03 - P.D. only,03 - Rear end,South March
3809,GREENBANK RD btwn BASELINE RD & NE/OT BOUNDARY,360609.2158,5022558.194,-75.78787735,45.34075097,2015-07-08,7:53,01 - Clear,01 - Dry,10 - No control,04 - At/near private drive,01 - Daylight,03 - P.D. only,03 - Rear end,Qualicum - Redwood Park
3810,HUNT CLUB RD btwn CONROY RD & MALAK ST,373875.2736,5025466.627,-75.61821504,45.36573915,2015-06-01,21:45,01 - Clear,01 - Dry,10 - No control,01 - Non intersection,07 - Dark,03 - P.D. only,07 - SMV other,Hunt Club
3811,MURRAY ST @ SUSSEX DR,367708.0361,5032393.737,-75.69605175,45.42864792,2015-06-02,16:53,01 - Clear,01 - Dry,01 - Traffic signal,03 - At intersection,01 - Daylight,03 - P.D. only,05 - Turning movement,Byward Market - Parliament Hill
3812,FRIEL ST btwn WILBROD ST & LAURIER AVE E,368964.9412,5032244.199,-75.68000995,45.42718825,2015-04-10,0:00,01 - Clear,01 - Dry,10 - No control,01 - Non intersection,00 - Unknown,03 - P.D. only,06 - SMV unattended vehicle,Sandy Hill
3813,LETOURNEAU ST btwn CLENNING ST & BEATRICE DR,365008.2384,5016652.639,-75.7324686,45.28724952,2015-05-16,13:06,01 - Clear,01 - Dry,10 - No control,01 - Non intersection,01 - Daylight,03 - P.D. only,06 - SMV unattended vehicle,New Barrhaven
3814,RICHMOND RD btwn BROADVIEW AVE & GOLDEN AVE,362753.7304,5027936.154,-75.75988495,45.38896743,2015-02-26,13:02,01 - Clear,03 - Loose snow,10 - No control,01 - Non intersection,01 - Daylight,03 - P.D. only,06 - SMV unattended vehicle,Woodroffe - Lincoln Heights
3815,HUNT CLUB RD btwn WEST HUNT CLUB RD & TURN LANE,367903.3697,5021904.778,-75.69489636,45.33425349,2015-05-25,12:32,02 - Rain,02 - Wet,10 - No control,04 - At/near private drive,01 - Daylight,03 - P.D. only,02 - Angle,Hunt Club Woods - Quintarra - Revelstoke - Riverside South P
3816,UPPER DWYER HILL RD btwn UPPER DWYER HILL RD & HIGHWAY 7,340774.6823,5007282.064,-76.04206142,45.20458617,2015-02-21,20:53,03 - Snow,03 - Loose snow,10 - No control,01 - Non intersection,07 - Dark,03 - P.D. only,07 - SMV other,Munster Hamlet - Richmond
3817,TENTH LINE RD btwn INNES RD & VANGUARD DR,383979.7121,5036091.609,-75.48753825,45.46026535,2015-03-07,11:21,01 - Clear,01 - Dry,10 - No control,04 - At/near private drive,01 - Daylight,03 - P.D. only,03 - Rear end,Avalon
3818,BILLINGS BRIDGESC RAMP SB @ RIVERSIDE DR EB,369176.777,5027787.739,-75.67788499,45.3870711,2015-03-08,16:10,01 - Clear,01 - Dry,02 - Stop sign,03 - At intersection,01 - Daylight,03 - P.D. only,02 - Angle,Alta Vista
3819,BANK ST btwn ARLINGTON AVE & CATHERINE ST,368029.103,5030296.006,-75.6922182,45.40974428,2015-01-23,14:12,01 - Clear,01 - Dry,10 - No control,04 - At/near private drive,01 - Daylight,03 - P.D. only,99 - Other,Centretown
3820,BLAIR RD btwn OGILVIE RD & OR174 IC112 RAMP36,374536.6394,5033123.876,-75.60869068,45.43456979,2015-01-23,15:09,01 - Clear,01 - Dry,10 - No control,01 - Non intersection,01 - Daylight,03 - P.D. only,03 - Rear end,Industrial Park
3821,YORK ST WB btwn BYWARD MARKE SQ & SUSSEX DR,367861.0042,5032298.137,-75.69410929,45.42777397,2015-03-09,15:25,01 - Clear,01 - Dry,10 - No control,01 - Non intersection,01 - Daylight,03 - P.D. only,02 - Angle,Byward Market
3822,JOCKVALE RD/RIDEAU VALLEY DR @ PRINCE OF WALES,366713.7276,5012199.113,-75.71128433,45.24702875,2015-03-09,13:30,01 - Clear,01 - Dry,01 - Traffic signal,02 - Intersection related,01 - Daylight,03 - P.D. only,03 - Rear end,New Barrhaven
3823,CATHERINE ST @ LYON ST/HWY 417 LYON IC120BR36,367747.7066,5030091.119,-75.69583898,45.40792614,2015-01-26,16:42,01 - Clear,01 - Dry,01 - Traffic signal,03 - At intersection,05 - Dusk,03 - P.D. only,02 - Angle,Centretown
3824,BLAIR RD @ INNES RD,375578.9759,5031439.435,-75.59561222,45.41930943,2015-01-26,17:10,01 - Clear,01 - Dry,01 - Traffic signal,02 - Intersection related,05 - Dusk,03 - P.D. only,03 - Rear end,Greenbelt
3825,RIVERSIDE DR @ SAN REMO PRIV,370385.9639,5030403.327,-75.66209708,45.41049302,2015-03-17,10:18,01 - Clear,02 - Wet,01 - Traffic signal,02 - Intersection related,01 - Daylight,03 - P.D. only,03 - Rear end,Industrial Park
3826,BLAIR RD @ OGILVIE RD,374506.7598,5033196.165,-75.60906229,45.43522319,2015-01-28,14:30,01 - Clear,01 - Dry,01 - Traffic signal,02 - Intersection related,01 - Daylight,03 - P.D. only,03 - Rear end,Industrial Park
3827,FIRST AVE btwn LYON ST S & BANK ST,368099.0806,5029596.179,-75.69141414,45.40344113,2015-02-13,17:54,01 - Clear,05 - Packed snow,10 - No control,01 - Non intersection,07 - Dark,03 - P.D. only,06 - SMV unattended vehicle,The Glebe
3828,COOKS MILL CRES btwn COOKS MILL CRES/WHITECLIFFS AVE & WATCHHORN GROVE N,369967.5067,5016512.689,-75.66927292,45.28554796,2015-11-01,0:00,01 - Clear,01 - Dry,10 - No control,01 - Non intersection,00 - Unknown,03 - P.D. only,06 - SMV unattended vehicle,Gloucester
3829,NELSON ST btwn SOMERSET ST E & TEMPLETON ST,369143.4794,5031683.659,-75.67780179,45.42212832,2015-03-28,21:00,01 - Clear,01 - Dry,10 - No control,01 - Non intersection,07 - Dark,03 - P.D. only,06 - SMV unattended vehicle,Sandy Hill
3830,HUNT CLUB RD btwn RIVERSIDE DR & LINDBERGH PRIV,368222.649,5022047.48,-75.69080496,45.33550871,2015-07-07,21:46,02 - Rain,02 - Wet,10 - No control,01 - Non intersection,07 - Dark,03 - P.D. only,04 - Sideswipe,Hunt Club - Ottawa Airport
3831,KIRKWOOD AVE N @ CARLING AVE,364276.4129,5027492.453,-75.74049426,45.38484743,2015-07-07,18:11,01 - Clear,01 - Dry,01 - Traffic signal,03 - At intersection,01 - Daylight,03 - P.D. only,05 - Turning movement,Westboro
3832,ATHLONE AVE btwn RICHMOND RD & BYRON AVE,363489.0991,5028355.281,-75.75044467,45.39267743,2015-05-28,18:00,01 - Clear,01 - Dry,10 - No control,01 - Non intersection,01 - Daylight,03 - P.D. only,06 - SMV unattended vehicle,Westboro
3833,PATTON ST btwn LACASSE AVE & MONA AVE,370738.8994,5033312.011,-75.65719925,45.43663098,2015-04-11,0:01,01 - Clear,01 - Dry,10 - No control,01 - Non intersection,07 - Dark,03 - P.D. only,06 - SMV unattended vehicle,Vanier South
3834,MOODIE DR btwn SONGBIRD PRIV & Continuation of MOODIE DR,357715.0924,5018933.763,-75.82519089,45.30836229,2015-06-01,0:00,01 - Clear,01 - Dry,10 - No control,01 - Non intersection,00 - Unknown,03 - P.D. only,06 - SMV unattended vehicle,Greenbelt
3835,MONTREAL RD/HANNAH ST @ CODY AVE,370255.4379,5033168.511,-75.66339705,45.43538525,2015-05-08,21:22,01 - Clear,01 - Dry,01 - Traffic signal,02 - Intersection related,07 - Dark,03 - P.D. only,03 - Rear end,Vanier
3836,ALTA VISTA DR @ BANK ST,370247.3484,5026201.1,-75.66442517,45.37269584,2015-05-06,17:52,01 - Clear,01 - Dry,01 - Traffic signal,02 - Intersection related,01 - Daylight,03 - P.D. only,03 - Rear end,Ledbury - Heron Gate - Ridgemont - Elmwood
3837,ST. JOSEPH BLVD btwn ROCKCLIFFE PKWY & HART RD,377135.3249,5035245.676,-75.57516905,45.45339638,2015-02-23,7:48,01 - Clear,06 - Ice,10 - No control,01 - Non intersection,01 - Daylight,03 - P.D. only,03 - Rear end,Greenbelt
3838,HIGHWAY 417 btwn HWY417 IC104 RAMP16 & HWY417 IC104 RAMP61,380162.3253,5025926.826,-75.53789797,45.36923198,2015-10-01,7:30,01 - Clear,01 - Dry,10 - No control,01 - Non intersection,01 - Daylight,03 - P.D. only,03 - Rear end,Greenbelt
3839,BELCOURT BLVD @ SUNVIEW DR,381509.7465,5036785.053,-75.51900847,45.46677994,2015-03-09,8:04,01 - Clear,02 - Wet,02 - Stop sign,03 - At intersection,01 - Daylight,03 - P.D. only,03 - Rear end,Orleans Village - Chateauneuf
3840,ST. JOSEPH BLVD @ DUFORD DR/PLACE D'ORLEANS DR,381996.1899,5037998.365,-75.51259797,45.47764269,2015-03-09,17:59,01 - Clear,01 - Dry,01 - Traffic signal,02 - Intersection related,05 - Dusk,03 - P.D. only,99 - Other,Queenswood Heights
3841,RICHMOND RD btwn WEST HUNT CLUB RD & SEYTON DR,357255.3498,5018737.662,-75.83107419,45.30663224,2015-01-23,16:06,01 - Clear,01 - Dry,10 - No control,04 - At/near private drive,01 - Daylight,03 - P.D. only,02 - Angle,Greenbelt
3842,CULLODEN CRES btwn CULLODEN CRES & CULLODEN CRES,366553.7646,5012519.063,-75.71328216,45.24992171,2015-09-01,0:00,01 - Clear,01 - Dry,10 - No control,01 - Non intersection,00 - Unknown,03 - P.D. only,06 - SMV unattended vehicle,New Barrhaven
3843,MITCH OWENS RD @ STAGECOACH RD,375398.7908,5014484.94,-75.60033388,45.26677839,2015-03-11,19:34,01 - Clear,01 - Dry,01 - Traffic signal,02 - Intersection related,07 - Dark,03 - P.D. only,03 - Rear end,Osgoode
3844,LEITRIM RD btwn LIMEBANK RD & HIGH RD,369371.0263,5017887.423,-75.67669684,45.29797263,2015-03-12,6:45,01 - Clear,01 - Dry,10 - No control,01 - Non intersection,01 - Daylight,03 - P.D. only,03 - Rear end,Gloucester
3845,ANDERSON RD btwn RUSSELL RD & HWY417 IC104 RAMP61,379806.7255,5026560.494,-75.54234082,45.37497148,2015-01-27,3:00,01 - Clear,02 - Wet,10 - No control,01 - Non intersection,07 - Dark,03 - P.D. only,07 - SMV other,Greenbelt
3846,MAITLAND AVE btwn TARA DR & ERINDALE DR,363642.4954,5025249.268,-75.74885586,45.36471711,2015-01-27,7:51,01 - Clear,06 - Ice,10 - No control,01 - Non intersection,03 - Dawn,03 - P.D. only,03 - Rear end,Braemar Park - Bel Air Heights - Copeland Park
3847,CROWSNEST AVE @ TATTERSALL WAY,368079.7312,5022901.289,-75.69251904,45.34320401,2015-02-10,15:55,01 - Clear,01 - Dry,02 - Stop sign,03 - At intersection,01 - Daylight,03 - P.D. only,99 - Other,Hunt Club Woods - Quintarra - Revelstoke - Riverside South P
3848,CUMMINGS AVE/LABELLE ST @ CYRVILLE RD,372861.745,5031872.993,-75.630268,45.42347999,2015-02-17,11:47,01 - Clear,01 - Dry,01 - Traffic signal,02 - Intersection related,01 - Daylight,03 - P.D. only,03 - Rear end,Industrial Park
3849,MEDHURST DR btwn WOODFIELD DR & NESTOW DR,364373.8963,5021926.098,-75.73992044,45.33475385,2015-03-31,0:00,01 - Clear,01 - Dry,10 - No control,01 - Non intersection,00 - Unknown,03 - P.D. only,06 - SMV unattended vehicle,Tanglewood
3850,LIMA WAY btwn BOURNE ST & PICKWICK DR,362684.0473,5014613.004,-75.7623326,45.26909206,2015-03-29,0:00,01 - Clear,01 - Dry,10 - No control,01 - Non intersection,00 - Unknown,03 - P.D. only,06 - SMV unattended vehicle,Barrhaven West - Old Barrhaven
3851,BANK ST btwn SPRINGHILL RD & DALMENY RD,385140.1992,5006252.098,-75.4775433,45.19165877,2015-07-06,17:10,01 - Clear,01 - Dry,10 - No control,01 - Non intersection,01 - Daylight,03 - P.D. only,07 - SMV other,Metcalfe
3852,BLAIR RD @ OGILVIE RD,374507.7237,5033196.773,-75.60904988,45.43522856,2015-07-06,15:55,01 - Clear,01 - Dry,01 - Traffic signal,02 - Intersection related,01 - Daylight,03 - P.D. only,03 - Rear end,Industrial Park
3853,MCARTHUR AVE btwn MAY ST & ST. LAURENT BLVD,371905.2354,5032882.71,-75.64235186,45.43265737,2015-05-07,7:56,01 - Clear,01 - Dry,10 - No control,01 - Non intersection,01 - Daylight,03 - P.D. only,05 - Turning movement,Castle Heights
3854,FISHER AVE btwn SHILLINGTON AVE & EMPEROR AVE,365655.2011,5027226.281,-75.72292174,45.38233405,2015-06-14,0:00,01 - Clear,01 - Dry,10 - No control,01 - Non intersection,00 - Unknown,03 - P.D. only,06 - SMV unattended vehicle,Carlington
3855,GLENCOE ST btwn BELLMAN DR & MIDLAND CRES,361145.6467,5020769.555,-75.78123668,45.32461394,2015-06-14,0:00,01 - Clear,01 - Dry,10 - No control,01 - Non intersection,00 - Unknown,03 - P.D. only,06 - SMV unattended vehicle,Sheahan Estates - Trend Village - Arlington Woods
3856,LYON ST    N btwn GILMOUR ST & JAMES ST,367492.0045,5030513.369,-75.69905157,45.41174837,2015-01-22,10:26,01 - Clear,06 - Ice,10 - No control,01 - Non intersection,01 - Daylight,03 - P.D. only,06 - SMV unattended vehicle,Centretown
3857,LEEDS AVE btwn BLACKWELL ST & END,374611.4526,5029465.661,-75.60825289,45.40164764,2015-02-24,13:43,01 - Clear,01 - Dry,10 - No control,04 - At/near private drive,01 - Daylight,03 - P.D. only,02 - Angle,Industrial Park
3858,LEES AVE / GRAHAM AVE @ MAIN ST,369002.7207,5030560.317,-75.67974662,45.41203382,2015-02-25,8:09,03 - Snow,04 - Slush,01 - Traffic signal,02 - Intersection related,01 - Daylight,03 - P.D. only,03 - Rear end,Old Ottawa East
3859,SNAKE ISLAND RD btwn 5TH LINE RD & GREY'S CREEK RD,380355.4552,5008054.835,-75.53815461,45.20840803,2015-01-23,17:52,01 - Clear,01 - Dry,10 - No control,01 - Non intersection,07 - Dark,03 - P.D. only,07 - SMV other,Osgoode
3860,HERON RD @ HERON RD RAMP 26,368682.7632,5026711.428,-75.68433236,45.377432,2015-01-23,8:20,01 - Clear,01 - Dry,10 - No control,03 - At intersection,01 - Daylight,03 - P.D. only,03 - Rear end,Alta Vista
3861,ALBERT ST @ METCALFE ST,367692.6644,5031614.064,-75.69634772,45.42163406,2015-01-26,10:05,01 - Clear,01 - Dry,01 - Traffic signal,02 - Intersection related,01 - Daylight,03 - P.D. only,03 - Rear end,Downtown
3862,ALBERT ST btwn KENT ST & BANK ST,367329.4665,5031386.951,-75.70101709,45.41962313,2015-03-12,11:47,01 - Clear,01 - Dry,10 - No control,04 - At/near private drive,01 - Daylight,03 - P.D. only,05 - Turning movement,Downtown
3863,KIRKWOOD AVE @ LAPERRIERE AVE,364519.694,5026958.061,-75.73745251,45.38001837,2015-03-12,10:10,01 - Clear,01 - Dry,01 - Traffic signal,03 - At intersection,01 - Daylight,03 - P.D. only,05 - Turning movement,Carlington
3864,RIVERSIDE DR NB btwn BANK ST & RIVERSIDE DR NB RAMP FROM EB TO WB,369358.4437,5027972.63,-75.67554109,45.38871797,2015-01-27,18:50,01 - Clear,01 - Dry,10 - No control,01 - Non intersection,07 - Dark,03 - P.D. only,07 - SMV other,Alta Vista
3865,MONTY DR @ MYRTLE LANE,338013.6312,5037880.165,-76.07515277,45.4800568,2015-02-02,12:04,03 - Snow,05 - Packed snow,03 - Yield sign,03 - At intersection,01 - Daylight,03 - P.D. only,02 - Angle,Constanc
3866,ST. LAURENT BLVD @ MCARTHUR AVE,371922.6829,5032888.659,-75.64212808,45.43270922,2015-01-21,15:28,01 - Clear,02 - Wet,01 - Traffic signal,02 - Intersection related,01 - Daylight,03 - P.D. only,03 - Rear end,Cummings
3867,BOUNDARY RD/GREGOIRE RD @ VICTORIA ST,391389.8729,5013407.886,-75.39677584,45.25530118,2015-01-21,17:54,01 - Clear,01 - Dry,02 - Stop sign,03 - At intersection,07 - Dark,03 - P.D. only,02 - Angle,Metcalfe