Record,Location,X,Y,lon,lat,Date,Time,Environment,Road_Surface,Traffic_Control,Collision_Location,Light,Collision_Classification,Impact_type,Neighborhood
3868,TERRY FOX DR @ PALLADIUM DR/KATIMAVIK RD,351269.718,5018183.221,-75.90745231,45.30206476,2015-02-12,22:30,01 - Clear,01 - Dry,01 - Traffic signal,02 - Intersection related,07 - Dark,03 - P.D. only,03 - Rear end,Katimavik - Hazeldean
3869,BANK ST @ HUNT CLUB RD,371609.7004,5024096.024,-75.64731835,45.35362654,2015-02-20,19:06,03 - Snow,03 - Loose snow,01 - Traffic signal,02 - Intersection related,07 - Dark,03 - P.D. only,03 - Rear end,South Keys - Heron Gate - Greenboro West
3870,CARLING AVE @ CHURCHILL AVE,363776.6595,5027013.056,-75.74693276,45.38057615,2015-03-28,13:18,01 - Clear,01 - Dry,01 - Traffic signal,02 - Intersection related,01 - Daylight,03 - P.D. only,03 - Rear end,Westboro
3871,VIEWMOUNT DR @ MERIVALE RD,365193.6971,5022949.941,-75.72933691,45.34389618,2015-03-29,11:43,01 - Clear,01 - Dry,01 - Traffic signal,03 - At intersection,01 - Daylight,03 - P.D. only,05 - Turning movement,Borden Farm - Stewart Farm - Parkwood Hills - Fisher Glen
3872,WOODROFFE AVE btwn EARL MULLIGAN DR & LONGFIELDS DR,365413.242,5017124.603,-75.72724844,45.29146142,2015-07-02,17:34,01 - Clear,01 - Dry,10 - No control,04 - At/near private drive,01 - Daylight,03 - P.D. only,02 - Angle,Greenbelt
3873,BASELINE RD @ MERIVALE RD,365055.4171,5025325.155,-75.7308118,45.3652799,2015-07-02,16:52,01 - Clear,01 - Dry,01 - Traffic signal,03 - At intersection,01 - Daylight,03 - P.D. only,05 - Turning movement,Civic Hospital - Experimental Farm - Central Park
3874,ROGER GUINDON AVE btwn PETER MORAND CRES & PETER MORAND CRES,371940.3335,5029512.434,-75.64236254,45.40232975,2015-04-28,14:00,01 - Clear,01 - Dry,10 - No control,01 - Non intersection,01 - Daylight,03 - P.D. only,04 - Sideswipe,Elmvale - Eastway - Riverview - Riverview Park West
3875,CYMBELINE DR btwn OBERON ST & SEYTON DR,356905.16,5020067.865,-75.83539972,45.31862764,2015-05-14,0:00,01 - Clear,01 - Dry,10 - No control,01 - Non intersection,00 - Unknown,03 - P.D. only,06 - SMV unattended vehicle,Bells Corners West
3876,YORK ST EB btwn BY WARD MARKET SQ & SUSSEX DR,367875.6385,5032282.072,-75.69392435,45.4276281,2015-04-25,0:00,01 - Clear,01 - Dry,10 - No control,01 - Non intersection,00 - Unknown,03 - P.D. only,06 - SMV unattended vehicle,Byward Market
3877,BANK ST @ CAHILL DR/DAZE ST,371307.5357,5024316.367,-75.65114477,45.35563784,2015-04-02,7:30,04 - Freezing Rain,06 - Ice,01 - Traffic signal,02 - Intersection related,01 - Daylight,03 - P.D. only,04 - Sideswipe,South Keys - Heron Gate - Greenboro West
3878,BASELINE RD btwn CORDOVA ST & BASSANO ST,363754.6061,5024509.696,-75.74751308,45.35805311,2015-02-25,15:54,01 - Clear,01 - Dry,10 - No control,01 - Non intersection,01 - Daylight,03 - P.D. only,04 - Sideswipe,Crestview - Meadowlands
3879,ELGIN ST @ LISGAR ST,368075.6751,5031344.13,-75.69148871,45.41917075,2015-01-07,12:59,01 - Clear,03 - Loose snow,01 - Traffic signal,02 - Intersection related,01 - Daylight,03 - P.D. only,04 - Sideswipe,Centretown
3880,CATHERINE ST @ KENT ST,367906.6936,5030188.818,-75.6937956,45.40879089,2015-01-23,19:02,01 - Clear,01 - Dry,01 - Traffic signal,02 - Intersection related,07 - Dark,03 - P.D. only,04 - Sideswipe,Centretown
3881,TERRY FOX DR btwn PALLADIUM DR & MAPLE GROVE RD,351541.0785,5017881.332,-75.90402077,45.29933028,2015-01-23,20:29,01 - Clear,02 - Wet,10 - No control,01 - Non intersection,07 - Dark,03 - P.D. only,03 - Rear end,Katimavik - Hazeldean
3882,FERNBANK RD @ LIARD ST,351492.8327,5012637.628,-75.90512911,45.25214905,2015-01-26,17:50,01 - Clear,01 - Dry,02 - Stop sign,02 - Intersection related,07 - Dark,03 - P.D. only,03 - Rear end,Stittsville
3883,BANKFIELD RD @ MANOTICK MAIN ST/RIDEAU VALLEY ,368432.6624,5010157.882,-75.6896502,45.22850855,2015-03-12,16:37,01 - Clear,01 - Dry,01 - Traffic signal,02 - Intersection related,01 - Daylight,03 - P.D. only,03 - Rear end,Manotick
3884,WOODROFFE AVE btwn EARL MULLIGAN DR & LONGFIELDS DR,365380.5298,5017200.321,-75.7276562,45.29214554,2015-03-12,17:31,01 - Clear,01 - Dry,10 - No control,04 - At/near private drive,01 - Daylight,03 - P.D. only,05 - Turning movement,Greenbelt
3885,WOODROFFE AVE @ SPORTSPLEX S,363833.0967,5020898.967,-75.74694218,45.32555751,2015-01-21,16:27,01 - Clear,01 - Dry,01 - Traffic signal,02 - Intersection related,05 - Dusk,03 - P.D. only,03 - Rear end,Merivale Gardens - Grenfell Glen - Pineglen - Country Place
3886,CONROY RD @ WALKLEY RD,372903.7226,5027464.013,-75.63034056,45.38380589,2015-02-21,14:38,03 - Snow,04 - Slush,01 - Traffic signal,02 - Intersection related,01 - Daylight,03 - P.D. only,04 - Sideswipe,Elmvale - Eastway - Riverview - Riverview Park West
3887,CARLING AVE EB btwn CROYDON AVE & TAVISTOCK RD,360682.777,5025037.216,-75.78665862,45.36305129,2015-02-21,17:25,03 - Snow,03 - Loose snow,10 - No control,01 - Non intersection,05 - Dusk,03 - P.D. only,04 - Sideswipe,Whitehaven - Queensway Terrace North
3888,CRICHTON ST @ VAUGHAN ST,369032.4146,5033532.258,-75.67897973,45.43877152,2015-03-25,15:30,01 - Clear,01 - Dry,02 - Stop sign,03 - At intersection,01 - Daylight,03 - P.D. only,02 - Angle,New Edinburgh
3889,CARLING AVE @ WOODROFFE AVE W,361767.5431,5025725.596,-75.77273336,45.36915796,2015-04-02,15:15,01 - Clear,01 - Dry,01 - Traffic signal,02 - Intersection related,01 - Daylight,03 - P.D. only,03 - Rear end,Carlingwood West - Glabar Park - McKellar Heights
3890,DAVIDSON RD @ HAWTHORNE RD,376283.4744,5024510.597,-75.58761512,45.35689581,2015-01-12,8:35,03 - Snow,05 - Packed snow,02 - Stop sign,02 - Intersection related,01 - Daylight,03 - P.D. only,03 - Rear end,Greenbelt
3891,AMBLESIDE DR btwn MCEWEN AVE & NEW ORCHARD AVE,361246.9276,5026262.902,-75.77931778,45.37403472,2015-05-08,0:00,01 - Clear,01 - Dry,10 - No control,01 - Non intersection,00 - Unknown,03 - P.D. only,06 - SMV unattended vehicle,Carlingwood West - Glabar Park - McKellar Heights
3892,VICTOR ST btwn DENHAM WAY & GREER ST,350352.2964,5015152.266,-75.91942829,45.27485139,2015-05-23,23:00,01 - Clear,01 - Dry,10 - No control,01 - Non intersection,07 - Dark,03 - P.D. only,06 - SMV unattended vehicle,Stittsville
3893,MURRAY ST btwn SUSSEX DR & PARENT AVE,367789.0069,5032444.169,-75.69501061,45.4290944,2015-05-24,13:47,01 - Clear,01 - Dry,10 - No control,01 - Non intersection,01 - Daylight,03 - P.D. only,06 - SMV unattended vehicle,Byward Market
3894,ISABELLA ST/HWY417 IC119AR75 @ METCALFE ST,368448.7065,5030399.204,-75.68684478,45.41063479,2015-05-02,11:41,01 - Clear,01 - Dry,01 - Traffic signal,02 - Intersection related,01 - Daylight,03 - P.D. only,04 - Sideswipe,The Glebe
3895,SPRATT RD btwn HOLLOW TRAIL GT & CANYON WALK DR,368958.8147,5016378.924,-75.68214726,45.28443715,2015-05-06,9:00,01 - Clear,01 - Dry,10 - No control,04 - At/near private drive,01 - Daylight,03 - P.D. only,02 - Angle,Gloucester
3896,SMYTH RD @ GENERAL HOSPITAL E,371517.6814,5029182.034,-75.64780551,45.39939736,2015-02-27,8:01,01 - Clear,01 - Dry,01 - Traffic signal,02 - Intersection related,01 - Daylight,03 - P.D. only,03 - Rear end,Elmvale - Eastway - Riverview - Riverview Park West
3897,BOOTH ST @ GLADSTONE AVE,366767.7415,5029851.044,-75.70838706,45.40585346,2015-01-08,16:23,01 - Clear,01 - Dry,01 - Traffic signal,03 - At intersection,01 - Daylight,03 - P.D. only,05 - Turning movement,Centretown West
3898,CATHERINE ST btwn O'CONNOR ST & TO BE DETERMINED,368254.4562,5030398.637,-75.68932628,45.41064733,2015-01-12,11:08,01 - Clear,02 - Wet,10 - No control,01 - Non intersection,01 - Daylight,03 - P.D. only,99 - Other,Centretown
3899,BRONSON AVE @ GLADSTONE AVE,367133.7017,5030081.082,-75.70368343,45.40789078,2015-01-23,21:10,01 - Clear,02 - Wet,01 - Traffic signal,02 - Intersection related,07 - Dark,03 - P.D. only,04 - Sideswipe,Centretown West
3900,PRINCE OF WALES DR @ STRANDHERD DR,367175.2898,5014823.709,-75.70507561,45.27060398,2015-01-27,17:48,01 - Clear,08 - Loose sand or gravel,01 - Traffic signal,02 - Intersection related,07 - Dark,03 - P.D. only,03 - Rear end,Greenbelt
3901,RICHMOND RD @ HOLLY ACRES RD/NANAIMO DR,359059.6355,5022748.014,-75.80762763,45.34258054,2015-01-28,10:09,01 - Clear,02 - Wet,01 - Traffic signal,02 - Intersection related,01 - Daylight,03 - P.D. only,02 - Angle,Greenbelt
3902,WOODROFFE AVE btwn CARLING AVE & FOX CRES,361779.2499,5025697.08,-75.77258721,45.36890042,2015-03-13,8:37,01 - Clear,01 - Dry,10 - No control,04 - At/near private drive,01 - Daylight,03 - P.D. only,05 - Turning movement,Carlingwood West - Glabar Park - McKellar Heights
3903,GREENBANK RD @ WEST HUNT CLUB RD,361478.7131,5020501.033,-75.77701905,45.32217096,2015-03-13,10:30,01 - Clear,01 - Dry,01 - Traffic signal,02 - Intersection related,01 - Daylight,03 - P.D. only,03 - Rear end,Greenbelt
3904,RIVERSIDE DR @ TREMBLAY RD/HWY417 IC117 RAMP52,370804.0058,5031015.426,-75.65667494,45.41596114,2015-02-08,8:43,03 - Snow,03 - Loose snow,01 - Traffic signal,03 - At intersection,01 - Daylight,03 - P.D. only,99 - Other,Industrial Park
3905,JOLLIET AVE btwn BEECHWOOD AVE & GARNEAU ST,369710.3074,5034113.8,-75.6702391,45.44394139,2015-01-21,16:41,03 - Snow,05 - Packed snow,10 - No control,01 - Non intersection,05 - Dusk,03 - P.D. only,06 - SMV unattended vehicle,Vanier North
3906,CAMBRIAN RD @ CEDARVIEW RD,363001.7075,5011832.957,-75.75861032,45.2440508,2015-01-25,16:43,01 - Clear,06 - Ice,02 - Stop sign,03 - At intersection,05 - Dusk,03 - P.D. only,07 - SMV other,Munster Hamlet - Richmond
3907,ST. LAURENT BLVD btwn INDUSTRIAL AVE & BOURASSA ST,373136.3539,5029920.266,-75.62703006,45.40588351,2015-02-26,19:30,01 - Clear,02 - Wet,10 - No control,01 - Non intersection,07 - Dark,03 - P.D. only,04 - Sideswipe,Industrial Park
3908,GALETTA SIDE RD @ WOODKILTON RD,332712.5921,5039508.314,-76.1428662,45.4949394,2015-07-02,8:02,01 - Clear,01 - Dry,02 - Stop sign,03 - At intersection,01 - Daylight,03 - P.D. only,02 - Angle,Dirleton
3909,JEANNE D'ARC BLVD @ GREY NUNS DR/YOUVILLE DR,379671.4632,5036700.223,-75.54252667,45.46621617,2015-06-30,18:25,01 - Clear,01 - Dry,01 - Traffic signal,02 - Intersection related,01 - Daylight,03 - P.D. only,03 - Rear end,Greenbelt
3910,FIFTH AVE btwn BANK ST & HOWICK PL,368409.5242,5029405.964,-75.68747345,45.4017015,2015-07-22,22:26,01 - Clear,01 - Dry,10 - No control,04 - At/near private drive,07 - Dark,03 - P.D. only,02 - Angle,The Glebe
3911,BELFAST RD btwn TRAINYARDS DR & ST. LAURENT BLVD,372832.616,5030568.832,-75.63082024,45.4117486,2015-07-22,13:20,01 - Clear,01 - Dry,10 - No control,04 - At/near private drive,01 - Daylight,03 - P.D. only,02 - Angle,Industrial Park
3912,WOODFIELD DR btwn DOWNSVIEW CRES & DOWNSVIEW CRES,364728.2003,5022001.747,-75.73539126,45.33540436,2015-05-16,7:57,01 - Clear,01 - Dry,10 - No control,01 - Non intersection,01 - Daylight,03 - P.D. only,06 - SMV unattended vehicle,Tanglewood
3913,BANK ST @ FOXBAR AVE,370477.2931,5025621.644,-75.66156679,45.36746057,2015-05-17,22:02,01 - Clear,01 - Dry,02 - Stop sign,02 - Intersection related,07 - Dark,03 - P.D. only,06 - SMV unattended vehicle,Ledbury - Heron Gate - Ridgemont - Elmwood
3914,GOLDWOOD PRIV btwn IDLEWILD PRIV & END (2),365238.0773,5013112.686,-75.72996976,45.25537736,2015-05-23,0:00,01 - Clear,01 - Dry,10 - No control,01 - Non intersection,00 - Unknown,03 - P.D. only,06 - SMV unattended vehicle,New Barrhaven
3915,BOTSFORD ST @ HASTINGS AVE,372229.0828,5029372.553,-75.63869366,45.40104341,2015-05-06,12:40,01 - Clear,01 - Dry,03 - Yield sign,03 - At intersection,01 - Daylight,03 - P.D. only,02 - Angle,Elmvale - Eastway - Riverview - Riverview Park West
3916,BRONSON AVE btwn FINDLAY AVE & BRONSON AVE SB OFF RAMP 34,367747.9863,5028502.487,-75.69603817,45.39363207,2015-02-27,16:45,01 - Clear,01 - Dry,10 - No control,01 - Non intersection,01 - Daylight,03 - P.D. only,03 - Rear end,Carleton University
3917,ALTA VISTA DR btwn BILLINGS AVE & PLEASANT PARK RD,370364.7592,5028488.271,-75.66262256,45.39326405,2015-03-02,8:09,01 - Clear,02 - Wet,10 - No control,01 - Non intersection,01 - Daylight,03 - P.D. only,03 - Rear end,Alta Vista
3918,BANK ST btwn THIRD AVE & FOURTH AVE,368356.15,5029501.144,-75.6881429,45.40256275,2015-01-12,11:19,03 - Snow,03 - Loose snow,10 - No control,01 - Non intersection,01 - Daylight,03 - P.D. only,04 - Sideswipe,The Glebe
3919,OLD PROSPECT RD btwn CLOVERDALE RD & LANSDOWNE RD N,369477.4145,5034894.882,-75.67311322,45.45099082,2015-01-12,12:00,03 - Snow,03 - Loose snow,10 - No control,04 - At/near private drive,01 - Daylight,03 - P.D. only,06 - SMV unattended vehicle,Rockcliffe - Manor Park
3920,CARLING AVE @ HOLLAND AVE,365416.6987,5028038.065,-75.72586727,45.38965899,2015-01-24,17:32,01 - Clear,02 - Wet,01 - Traffic signal,03 - At intersection,05 - Dusk,03 - P.D. only,05 - Turning movement,Civic Hospital - Experimental Farm - Central Park
3921,ALBION RD @ LESTER RD,372694.7432,5022332.978,-75.63371371,45.33765905,2015-01-24,19:30,03 - Snow,05 - Packed snow,01 - Traffic signal,03 - At intersection,07 - Dark,03 - P.D. only,01 - Approaching,Greenbelt
3922,ST. LAURENT BLVD @ WALKLEY RD,373901.7862,5028047.337,-75.61751549,45.38895663,2015-01-29,13:46,05 - Drifting Snow,06 - Ice,01 - Traffic signal,02 - Intersection related,01 - Daylight,03 - P.D. only,02 - Angle,Hawthorne Meadows
3923,TERMINAL AVE btwn TRANSIT & SANDFORD FLEMING AVE,370748.2306,5030818.852,-75.6574138,45.4141977,2015-01-30,6:19,05 - Drifting Snow,06 - Ice,10 - No control,04 - At/near private drive,07 - Dark,03 - P.D. only,05 - Turning movement,Industrial Park
3924,SILVER SEVEN RD btwn PALLADIUM DR & MAPLE GROVE RD,351201.2943,5017715.036,-75.90836857,45.29785643,2015-03-13,12:18,01 - Clear,01 - Dry,10 - No control,04 - At/near private drive,01 - Daylight,03 - P.D. only,03 - Rear end,Katimavik - Hazeldean
3925,MEADOWLANDS DR @ MERIVALE RD,364857.736,5023725.028,-75.73352948,45.35089916,2015-03-13,13:51,01 - Clear,02 - Wet,01 - Traffic signal,02 - Intersection related,01 - Daylight,03 - P.D. only,03 - Rear end,Cityview - Skyline - Fisher Heights
3926,RIVERSIDE DR NB btwn SMYTH RD SOUTH SIDE RAMP & SMYTH RD NORTH SIDE RA,369863.3491,5029242.046,-75.66892635,45.40009302,2015-02-11,22:10,03 - Snow,03 - Loose snow,10 - No control,01 - Non intersection,07 - Dark,03 - P.D. only,04 - Sideswipe,Industrial Park
3927,CUMBERLAND ST @ RIDEAU ST,368374.511,5032329.492,-75.68754352,45.4280096,2015-02-14,12:30,03 - Snow,03 - Loose snow,01 - Traffic signal,02 - Intersection related,01 - Daylight,03 - P.D. only,03 - Rear end,Byward Market - Parliament Hill
3928,PALLADIUM DR @ SILVER SEVEN RD,351051.6077,5017887.929,-75.91026089,45.29942204,2015-01-26,17:33,01 - Clear,01 - Dry,01 - Traffic signal,02 - Intersection related,05 - Dusk,03 - P.D. only,03 - Rear end,Katimavik - Hazeldean
3929,BANK ST @ SOMERSET ST,367695.6668,5030917.01,-75.69639834,45.41536193,2015-01-26,18:33,01 - Clear,01 - Dry,01 - Traffic signal,03 - At intersection,07 - Dark,03 - P.D. only,05 - Turning movement,Centretown
3930,FIRST AVE btwn PERCY ST & LYON ST S,367923.8165,5029494.614,-75.69366575,45.40254311,2015-03-08,15:06,03 - Snow,04 - Slush,10 - No control,04 - At/near private drive,01 - Daylight,03 - P.D. only,06 - SMV unattended vehicle,The Glebe
3931,MERIVALE RD @ BENTLEY AVE/CAMELOT DR,365771.9868,5021560.797,-75.7221294,45.33134683,2015-03-09,2:43,03 - Snow,03 - Loose snow,01 - Traffic signal,03 - At intersection,07 - Dark,03 - P.D. only,07 - SMV other,Merivale Gardens - Grenfell Glen - Pineglen - Country Place
3932,SABLE RIDGE DR btwn CRYSTAL RIDGE PL & QUAIL RUN AVE,372694.0771,5024298.183,-75.63345244,45.35534134,2015-04-08,19:01,03 - Snow,02 - Wet,10 - No control,01 - Non intersection,05 - Dusk,03 - P.D. only,99 - Other,Blossom Park - Blossom Park West - Sawmill Creek/ Timbermill
3933,BANK ST @ WALKLEY RD,370337.852,5025946.654,-75.66330358,45.37039796,2015-06-30,11:20,01 - Clear,01 - Dry,01 - Traffic signal,02 - Intersection related,01 - Daylight,03 - P.D. only,03 - Rear end,Ledbury - Heron Gate - Ridgemont - Elmwood
3934,INNES RD @ TENTH LINE RD,383953.2017,5036159.2,-75.4878663,45.46087648,2015-07-22,8:27,01 - Clear,01 - Dry,01 - Traffic signal,02 - Intersection related,01 - Daylight,03 - P.D. only,03 - Rear end,Queenswood Heights
3935,COUSINEAU ST btwn ST. JEAN ST & END,380935.0317,5037358.262,-75.52626825,45.47200009,2015-04-05,0:00,01 - Clear,01 - Dry,10 - No control,01 - Non intersection,00 - Unknown,03 - P.D. only,06 - SMV unattended vehicle,Industrial Park
3936,BANK ST btwn FIFTH AVE & REGENT ST,368402.3873,5029392.062,-75.6875664,45.40157706,2015-05-27,19:32,01 - Clear,01 - Dry,10 - No control,01 - Non intersection,01 - Daylight,03 - P.D. only,06 - SMV unattended vehicle,The Glebe
3937,BRITTANY DR btwn COLEFORD PL & BANGS ST,371504.5117,5034371.438,-75.64727103,45.44609058,2015-06-12,0:00,01 - Clear,01 - Dry,10 - No control,01 - Non intersection,00 - Unknown,03 - P.D. only,06 - SMV unattended vehicle,Rockcliffe - Manor Park
3938,BANK ST btwn MACLAREN ST & GILMOUR ST,367751.3679,5030830.791,-75.69569774,45.41458115,2015-05-16,8:10,01 - Clear,01 - Dry,10 - No control,04 - At/near private drive,01 - Daylight,03 - P.D. only,06 - SMV unattended vehicle,Centretown
3939,BYRON AVE @ HARMER AVE,364863.1996,5028889.826,-75.73283165,45.39737065,2015-05-31,17:12,01 - Clear,01 - Dry,02 - Stop sign,02 - Intersection related,01 - Daylight,03 - P.D. only,06 - SMV unattended vehicle,Island Park
3940,WOODROFFE AVE @ HWY 417 WOODROFF IC127R26/HWY4,362081.723,5024939.036,-75.76881395,45.36205495,2015-03-02,9:45,01 - Clear,02 - Wet,01 - Traffic signal,02 - Intersection related,01 - Daylight,03 - P.D. only,03 - Rear end,Whitehaven - Queensway Terrace North
3941,UPNEY DR btwn CLARIDGE DR & GOSPEL OAK DR,365011.8107,5016401.498,-75.73245354,45.28498946,2015-01-08,13:00,01 - Clear,03 - Loose snow,10 - No control,01 - Non intersection,01 - Daylight,03 - P.D. only,07 - SMV other,New Barrhaven
3942,BEECHWOOD AVE @ SPRINGFIELD RD,369235.7375,5033654.071,-75.67636517,45.43984884,2015-01-14,7:39,01 - Clear,01 - Dry,01 - Traffic signal,02 - Intersection related,03 - Dawn,03 - P.D. only,04 - Sideswipe,Vanier North
3943,O'CONNOR ST @ SLATER ST,367578.741,5031450.094,-75.69782421,45.42016895,2015-01-24,19:35,03 - Snow,02 - Wet,01 - Traffic signal,02 - Intersection related,07 - Dark,03 - P.D. only,04 - Sideswipe,Downtown
3944,HUNT CLUB RD btwn MALAK ST & ESSON ST,374573.2321,5025870.413,-75.60924926,45.36930311,2015-01-24,19:41,03 - Snow,05 - Packed snow,10 - No control,01 - Non intersection,07 - Dark,03 - P.D. only,04 - Sideswipe,Hunt Club
3945,MONTREAL RD @ OGILVIE RD,375654.735,5034556.104,-75.5941958,45.44734373,2015-01-30,9:26,05 - Drifting Snow,06 - Ice,01 - Traffic signal,02 - Intersection related,01 - Daylight,03 - P.D. only,03 - Rear end,Beacon Hill South - Cardinal Heights
3946,CARLING AVE @ MELROSE AVE,365969.7414,5028392.997,-75.71876105,45.3928045,2015-01-29,16:25,03 - Snow,03 - Loose snow,02 - Stop sign,03 - At intersection,01 - Daylight,03 - P.D. only,02 - Angle,Civic Hospital - Experimental Farm - Central Park
3947,BASELINE RD btwn CORNELL ST & GREENBANK RD,360511.9012,5022530.042,-75.78912216,45.3405054,2015-03-13,8:30,01 - Clear,01 - Dry,10 - No control,01 - Non intersection,01 - Daylight,03 - P.D. only,04 - Sideswipe,Qualicum - Redwood Park
3948,DOWNPATRICK RD @ UPLANDS DR,370290.3679,5022805.118,-75.66432591,45.34213579,2015-03-13,14:00,01 - Clear,01 - Dry,02 - Stop sign,03 - At intersection,01 - Daylight,03 - P.D. only,05 - Turning movement,Hunt Club - Ottawa Airport
3949,AIRPORT PKWY btwn AIRPORT PKWY/WALKLEY RD SOUTHBOUND ON RAMP          ,370207.1371,5025289.825,-75.66505914,45.36450023,2015-02-17,7:44,01 - Clear,06 - Ice,10 - No control,01 - Non intersection,01 - Daylight,03 - P.D. only,03 - Rear end,Hunt Club Woods - Quintarra - Revelstoke - Riverside South P
3950,BRONSON AVE @ POWELL AVE,367386.915,5029477.696,-75.70052552,45.40243909,2015-02-17,14:58,01 - Clear,02 - Wet,01 - Traffic signal,02 - Intersection related,01 - Daylight,03 - P.D. only,05 - Turning movement,The Glebe
3951,BELGREEN DR @ STEVENAGE DR,375619.7538,5027234.084,-75.59569508,45.38146779,2015-01-26,18:38,01 - Clear,06 - Ice,02 - Stop sign,02 - Intersection related,07 - Dark,03 - P.D. only,02 - Angle,Greenbelt
3952,WEST HUNT CLUB RD @ WOODROFFE AVE,363670.691,5021246.007,-75.74897247,45.32869379,2015-01-26,17:40,01 - Clear,01 - Dry,01 - Traffic signal,02 - Intersection related,07 - Dark,03 - P.D. only,03 - Rear end,Merivale Gardens - Grenfell Glen - Pineglen - Country Place
3953,BASSANO ST @ WITHROW AVE,364132.6377,5023914.43,-75.74275981,45.3526651,2015-03-09,7:40,01 - Clear,06 - Ice,02 - Stop sign,03 - At intersection,01 - Daylight,03 - P.D. only,02 - Angle,Crestview - Meadowlands
3954,CARLING AVE @ KEMPSTER AVE/FAMOUS PLAYERS THEA,359210.6717,5024119.026,-75.80554965,45.35490523,2015-03-09,12:42,01 - Clear,01 - Dry,01 - Traffic signal,02 - Intersection related,01 - Daylight,03 - P.D. only,05 - Turning movement,Bayshore
3955,JEANNE D'ARC BLVD @ FORTUNE DR/VINEYARD DR,379239.1695,5037377.36,-75.5479516,45.47235474,2015-04-10,17:45,01 - Clear,02 - Wet,01 - Traffic signal,03 - At intersection,01 - Daylight,03 - P.D. only,05 - Turning movement,Orleans South West
3956,LEWIS ST @ O'CONNOR ST,367967.7058,5030830.495,-75.692934,45.41455899,2015-06-29,18:20,01 - Clear,01 - Dry,02 - Stop sign,03 - At intersection,01 - Daylight,03 - P.D. only,02 - Angle,Centretown
3957,INNES RD @ TENTH LINE RD,383951.0396,5036159.2,-75.48789395,45.46087672,2015-06-29,18:10,01 - Clear,01 - Dry,01 - Traffic signal,02 - Intersection related,01 - Daylight,03 - P.D. only,03 - Rear end,Queenswood Heights
3958,WALKLEY RD btwn HALIFAX DR & ST. LAURENT BLVD,373798.2456,5027987.396,-75.61884601,45.38842752,2015-07-20,22:28,01 - Clear,01 - Dry,10 - No control,01 - Non intersection,07 - Dark,03 - P.D. only,03 - Rear end,Urbandale
3959,WALKLEY RD @ DON REID DR/RYDER ST,372602.4476,5027285.625,-75.63421179,45.38223006,2015-07-10,17:37,01 - Clear,01 - Dry,01 - Traffic signal,03 - At intersection,01 - Daylight,03 - P.D. only,05 - Turning movement,Playfair Park - Lynda Park - Guildwood Estates
3960,DES SOLDATS-RIENDEAU ST btwn ANDRE AUDET AVE & RIVER MIST RD,364947.678,5011788.769,-75.73382953,45.2434896,2015-01-05,15:15,01 - Clear,06 - Ice,10 - No control,01 - Non intersection,01 - Daylight,03 - P.D. only,06 - SMV unattended vehicle,New Barrhaven
3961,BARIBEAU ST btwn DAGMAR AVE & LANDRY ST,369942.1451,5033561.537,-75.66734888,45.43895079,2015-04-15,0:00,01 - Clear,01 - Dry,10 - No control,01 - Non intersection,00 - Unknown,03 - P.D. only,06 - SMV unattended vehicle,Vanier North
3962,DES SOLDATS-RIENDEAU ST btwn ANDRE AUDET AVE & RIVER MIST RD,364947.678,5011788.769,-75.73382953,45.2434896,2015-03-03,16:47,03 - Snow,05 - Packed snow,10 - No control,04 - At/near private drive,01 - Daylight,03 - P.D. only,06 - SMV unattended vehicle,New Barrhaven
3963,BYRON AVE @ KIRKWOOD AVE,363866.691,5028430.287,-75.74561364,45.39332057,2015-06-08,10:27,02 - Rain,02 - Wet,01 - Traffic signal,02 - Intersection related,01 - Daylight,03 - P.D. only,99 - Other,Westboro
3964,OGILVIE RD @ 125 E OF ELMLEA GT ,375091.0023,5033549.218,-75.60154546,45.43834127,2015-04-17,18:02,01 - Clear,01 - Dry,01 - Traffic signal,03 - At intersection,01 - Daylight,03 - P.D. only,05 - Turning movement,Beacon Hill South - Cardinal Heights
3965,PRINCE OF WALES DR btwn BARNSTONE DR & FAIRPARK DR,367239.1365,5015008.282,-75.7042388,45.27225909,2015-01-16,7:28,03 - Snow,05 - Packed snow,10 - No control,01 - Non intersection,03 - Dawn,03 - P.D. only,05 - Turning movement,Greenbelt
3966,POWELL AVE btwn LYON ST S & BANK ST,368041.3233,5029864.539,-75.69211744,45.40586098,2015-01-14,13:00,01 - Clear,03 - Loose snow,10 - No control,01 - Non intersection,01 - Daylight,03 - P.D. only,06 - SMV unattended vehicle,The Glebe
3967,METCALFE ST @ SLATER ST,367730.7327,5031548.13,-75.69586975,45.42103739,2015-01-24,19:15,01 - Clear,01 - Dry,01 - Traffic signal,03 - At intersection,07 - Dark,03 - P.D. only,05 - Turning movement,Downtown
3968,BANK ST @ FOURTH AVE,368367.2093,5029476.312,-75.68800484,45.40233831,2015-01-24,20:25,03 - Snow,02 - Wet,02 - Stop sign,03 - At intersection,07 - Dark,03 - P.D. only,02 - Angle,The Glebe
3969,GLADSTONE AVE btwn BANK ST & O'CONNOR ST,367935.9835,5030572.691,-75.69337229,45.41224221,2015-01-31,19:08,03 - Snow,04 - Slush,10 - No control,04 - At/near private drive,07 - Dark,03 - P.D. only,05 - Turning movement,Centretown