Record,Location,X,Y,lon,lat,Date,Time,Environment,Road_Surface,Traffic_Control,Collision_Location,Light,Collision_Classification,Impact_type,Neighborhood
3970,AMIENS ST @ TENTH LINE RD,383354.6556,5037565.815,-75.49529392,45.47359949,2015-02-04,14:19,03 - Snow,04 - Slush,01 - Traffic signal,02 - Intersection related,01 - Daylight,03 - P.D. only,03 - Rear end,Orl¨¦ans
3971,MAJESTIC DR @ WOODROFFE AVE,363526.7295,5021571.01,-75.7507703,45.33163021,2015-03-13,16:39,01 - Clear,01 - Dry,01 - Traffic signal,02 - Intersection related,01 - Daylight,03 - P.D. only,03 - Rear end,Woodvale - Craig Henry - Manordale - Estates of Arlington Wo
3972,FALLOWFIELD RD @ WOODROFFE AVE,365084.1861,5017903.672,-75.73134846,45.29849975,2015-03-13,17:12,01 - Clear,01 - Dry,01 - Traffic signal,02 - Intersection related,01 - Daylight,03 - P.D. only,03 - Rear end,New Barrhaven
3973,GRANT CARMAN DR @ MEADOWLANDS DR,365050.7302,5023901.989,-75.73104511,45.35247487,2015-02-21,10:19,03 - Snow,03 - Loose snow,01 - Traffic signal,02 - Intersection related,01 - Daylight,03 - P.D. only,03 - Rear end,Cityview - Skyline - Fisher Heights
3974,CATHERINE ST/HWY 417 O'CONN IC119BR76 @ O'CONN,368244.6749,5030391.118,-75.6894522,45.41058056,2015-01-27,8:10,01 - Clear,06 - Ice,01 - Traffic signal,02 - Intersection related,01 - Daylight,03 - P.D. only,03 - Rear end,Centretown
3975,BANK ST @ WALKLEY RD,370338.8159,5025947.253,-75.66329119,45.37040326,2015-03-10,16:25,01 - Clear,01 - Dry,01 - Traffic signal,02 - Intersection related,01 - Daylight,03 - P.D. only,03 - Rear end,Ledbury - Heron Gate - Ridgemont - Elmwood
3976,ELGIN ST @ LAURIER AVE,367946.7822,5031548.13,-75.69310934,45.42101792,2015-03-11,17:24,01 - Clear,01 - Dry,01 - Traffic signal,02 - Intersection related,01 - Daylight,03 - P.D. only,03 - Rear end,Downtown
3977,RICHMOND RD btwn CHURCHILL AVE N & WINONA AVE,363238.3593,5028300.704,-75.75365321,45.39220732,2015-04-12,13:18,01 - Clear,01 - Dry,10 - No control,01 - Non intersection,01 - Daylight,03 - P.D. only,04 - Sideswipe,Westboro
3978,BYRON AVE btwn LOCKHART AVE & SHERBOURNE RD,361807.7304,5026907.047,-75.77208399,45.37978528,2015-04-12,20:49,01 - Clear,01 - Dry,10 - No control,01 - Non intersection,07 - Dark,03 - P.D. only,06 - SMV unattended vehicle,Carlingwood - McKellar Park - Laurentien View
3979,VALIN ST btwn CHARLEMAGNE BLVD & NORTHLANDS DR,384776.9345,5037599.339,-75.47710055,45.47373967,2015-04-21,20:56,01 - Clear,01 - Dry,10 - No control,01 - Non intersection,07 - Dark,03 - P.D. only,06 - SMV unattended vehicle,Fallingbrook
3980,MUTUAL ST @ ST. LAURENT BLVD,371893.69,5032962.137,-75.64248857,45.43337312,2015-04-22,15:24,01 - Clear,01 - Dry,02 - Stop sign,03 - At intersection,01 - Daylight,03 - P.D. only,99 - Other,Cummings
3981,SKYVIEW PRIV btwn TIMBERLINE PRIV & ALPENGLOW PRIV,366728.9806,5015311.974,-75.71070203,45.27503681,2015-06-26,18:30,01 - Clear,01 - Dry,10 - No control,04 - At/near private drive,01 - Daylight,03 - P.D. only,06 - SMV unattended vehicle,Chapman Mills - Rideau Crest - Davidson Heights
3982,BLOHM DR @ HUNT CLUB RD,375129.0253,5026189.879,-75.60210918,45.37212196,2015-06-25,17:30,01 - Clear,01 - Dry,01 - Traffic signal,02 - Intersection related,01 - Daylight,03 - P.D. only,04 - Sideswipe,Hunt Club
3983,WOODROFFE AVE btwn TURN LANE & MAJESTIC DR,363436.6941,5021784.643,-75.75189356,45.33355999,2015-07-04,12:37,01 - Clear,01 - Dry,10 - No control,01 - Non intersection,01 - Daylight,03 - P.D. only,03 - Rear end,Woodvale - Craig Henry - Manordale - Estates of Arlington Wo
3984,DUNROBIN RD @ KINBURN SIDE RD,338031.0402,5035929.268,-76.07506203,45.46250134,2015-07-03,16:10,01 - Clear,01 - Dry,02 - Stop sign,03 - At intersection,01 - Daylight,03 - P.D. only,02 - Angle,Woodlawn
3985,PRINCE OF WALES DR @ WEST HUNT CLUB RD,367459.431,5021890.422,-75.70056161,45.3341641,2015-06-22,21:52,01 - Clear,01 - Dry,01 - Traffic signal,03 - At intersection,07 - Dark,03 - P.D. only,02 - Angle,Industrial Park
3986,FENMORE ST btwn QUEENSDALE AVE & HOGARTH AVE,372968.5803,5023168.335,-75.63010505,45.34514875,2015-04-18,13:15,01 - Clear,01 - Dry,10 - No control,04 - At/near private drive,01 - Daylight,03 - P.D. only,02 - Angle,Blossom Park - Blossom Park West - Sawmill Creek/ Timbermill
3987,ALBERT ST @ EMPRESS AVE,366576.6471,5030720.659,-75.710719,45.41369491,2015-01-16,14:29,01 - Clear,01 - Dry,01 - Traffic signal,02 - Intersection related,01 - Daylight,03 - P.D. only,99 - Other,Centretown West
3988,MARCH RD btwn TERRY FOX DR & SOLANDT RD,349924.3676,5023328.666,-75.92413743,45.3484525,2015-01-16,16:08,01 - Clear,04 - Slush,10 - No control,01 - Non intersection,05 - Dusk,03 - P.D. only,07 - SMV other,South March
3989,GREENBANK RD btwn MALVERN DR & HIGHBURY PARK DR,363321.325,5016173.71,-75.75402791,45.2830826,2015-01-24,22:40,03 - Snow,03 - Loose snow,10 - No control,01 - Non intersection,07 - Dark,03 - P.D. only,07 - SMV other,Barrhaven West - Old Barrhaven
3990,TERRY FOX DR @ PALLADIUM DR/KATIMAVIK RD,351270.6819,5018181.293,-75.9074402,45.30204735,2015-01-25,15:27,01 - Clear,01 - Dry,01 - Traffic signal,02 - Intersection related,01 - Daylight,03 - P.D. only,03 - Rear end,Katimavik - Hazeldean
3991,CEDARVIEW RD btwn WEST HUNT CLUB RD & LYTLE AVE,359791.3609,5019366.03,-75.79866689,45.31209236,2015-02-05,18:13,01 - Clear,04 - Slush,10 - No control,01 - Non intersection,07 - Dark,03 - P.D. only,01 - Approaching,Greenbelt
3992,BASELINE RD @ GREENBANK RD,360596.7204,5022582.091,-75.78803409,45.34096699,2015-03-13,17:36,01 - Clear,01 - Dry,01 - Traffic signal,02 - Intersection related,01 - Daylight,03 - P.D. only,03 - Rear end,Qualicum - Redwood Park
3993,ELGIN ST btwn SLATER ST & LAURIER AVE W (1),367957.3846,5031578.973,-75.69296992,45.42129448,2015-03-17,11:30,01 - Clear,01 - Dry,10 - No control,01 - Non intersection,01 - Daylight,03 - P.D. only,04 - Sideswipe,Downtown
3994,CARLING AVE @ RICHMOND RD,360245.679,5024781.03,-75.79226647,45.36078084,2015-02-21,17:20,03 - Snow,03 - Loose snow,01 - Traffic signal,02 - Intersection related,07 - Dark,03 - P.D. only,99 - Other,Whitehaven - Queensway Terrace North
3995,BREWER RD @ BRONSON AVE,368110.9748,5027767.882,-75.69149684,45.38698959,2015-02-14,9:58,03 - Snow,06 - Ice,01 - Traffic signal,02 - Intersection related,01 - Daylight,03 - P.D. only,03 - Rear end,Carleto
3996,MONTREAL RD @ OLMSTEAD ST,370332.7133,5033211.177,-75.66240379,45.4357619,2015-01-27,8:30,01 - Clear,06 - Ice,01 - Traffic signal,03 - At intersection,01 - Daylight,03 - P.D. only,03 - Rear end,Vanier South
3997,HALIFAX DR @ WALKLEY RD,373642.7731,5027899.061,-75.62084359,45.38764802,2015-04-17,14:47,01 - Clear,01 - Dry,01 - Traffic signal,02 - Intersection related,01 - Daylight,03 - P.D. only,04 - Sideswipe,Urbandale
3998,CATHERINE ST @ METCALFE ST,368393.6981,5030486.911,-75.68753617,45.41142895,2015-04-17,17:20,01 - Clear,01 - Dry,01 - Traffic signal,03 - At intersection,01 - Daylight,03 - P.D. only,05 - Turning movement,Centretown
3999,EAGLESON RD btwn ABBEYHILL DR & PALOMINO DR,353908.714,5017827.428,-75.87383898,45.29868373,2015-04-22,15:59,01 - Clear,01 - Dry,10 - No control,01 - Non intersection,01 - Daylight,03 - P.D. only,03 - Rear end,Greenbelt
4000,MAPLE GROVE RD @ TERRY FOX DR,351554.5725,5017864.946,-75.90385027,45.29918194,2015-04-22,16:54,01 - Clear,01 - Dry,01 - Traffic signal,03 - At intersection,01 - Daylight,03 - P.D. only,05 - Turning movement,Katimavik - Hazeldean
4001,DRAPER AVE btwn MORRISON DR & CORNELL ST,360052.0422,5022475.663,-75.79499553,45.34005246,2015-06-19,7:59,01 - Clear,01 - Dry,10 - No control,01 - Non intersection,01 - Daylight,03 - P.D. only,06 - SMV unattended vehicle,Qualicum - Redwood Park
4002,NICHOLAS ST NB btwn NICHOLAS ST NB OFF RAMP TO NICHOLAS ST SB & MACKEN,368370.8295,5031957.167,-75.68763862,45.42465989,2015-06-19,7:56,01 - Clear,01 - Dry,10 - No control,01 - Non intersection,01 - Daylight,03 - P.D. only,04 - Sideswipe,Sandy Hill
4003,SPRATT RD btwn SHORELINE DR & SHORELINE DR,368453.7602,5015475.828,-75.68870052,45.27635712,2015-06-22,5:08,01 - Clear,01 - Dry,10 - No control,01 - Non intersection,03 - Dawn,03 - P.D. only,07 - SMV other,Gloucester
4004,MACKAY ST btwn VAUGHAN ST & BEECHWOOD AVE,369134.0119,5033617.563,-75.6776701,45.43952972,2015-04-17,0:00,01 - Clear,01 - Dry,10 - No control,01 - Non intersection,00 - Unknown,03 - P.D. only,06 - SMV unattended vehicle,New Edinburgh
4005,CARRUTHERS AVE @ SCOTT ST,365154.7324,5029847.701,-75.72899111,45.40596432,2015-06-19,16:17,01 - Clear,01 - Dry,01 - Traffic signal,03 - At intersection,01 - Daylight,03 - P.D. only,05 - Turning movement,Mechanicsville
4006,DWYER HILL RD btwn FALLOWFIELD RD & MCCAFFREY TR,345388.6744,5002227.544,-75.98374124,45.15885211,2015-06-22,23:53,01 - Clear,01 - Dry,10 - No control,01 - Non intersection,07 - Dark,03 - P.D. only,07 - SMV other,Munster Hamlet - Richmond
4007,YORK ST WB btwn BYWARD MARKE SQ & SUSSEX DR,367857.6171,5032298.542,-75.69415252,45.42777792,2015-06-23,15:48,01 - Clear,01 - Dry,10 - No control,01 - Non intersection,01 - Daylight,03 - P.D. only,06 - SMV unattended vehicle,Byward Market
4008,BAY ST btwn LAURIER AVE W & GLOUCESTER ST,367062.1714,5030954.299,-75.70448685,45.4157541,2015-04-19,13:13,01 - Clear,01 - Dry,10 - No control,04 - At/near private drive,01 - Daylight,03 - P.D. only,02 - Angle,Downtown
4009,BASELINE RD btwn GREENBANK RD & PINECREST RD,360658.4072,5022620.645,-75.78724267,45.34130899,2015-01-16,16:15,01 - Clear,02 - Wet,10 - No control,01 - Non intersection,05 - Dusk,03 - P.D. only,04 - Sideswipe,Iris
4010,WOODROFFE AVE btwn PARKGLEN DR & DAVID DR,362927.2421,5023037.356,-75.7582456,45.34487421,2015-01-25,13:15,01 - Clear,01 - Dry,10 - No control,01 - Non intersection,01 - Daylight,03 - P.D. only,03 - Rear end,Crestview - Meadowlands
4011,BANK ST @ RIVERSIDE DR N,369226.6798,5027982.1,-75.6772224,45.38881531,2015-01-25,15:34,01 - Clear,01 - Dry,01 - Traffic signal,03 - At intersection,01 - Daylight,03 - P.D. only,03 - Rear end,Alta Vista
4012,HAMILTON AVE @ TYNDALL ST,365184.7748,5028981.076,-75.72871347,45.39816404,2015-02-10,8:59,01 - Clear,05 - Packed snow,02 - Stop sign,03 - At intersection,01 - Daylight,03 - P.D. only,02 - Angle,Civi
4013,MARIER AVE @ MONTREAL RD,370418.7444,5033260.145,-75.66129779,45.43619443,2015-02-15,16:14,01 - Clear,01 - Dry,01 - Traffic signal,02 - Intersection related,01 - Daylight,03 - P.D. only,04 - Sideswipe,Vanier South
4014,CONROY RD @ HUNT CLUB RD,373763.74,5025404.041,-75.61964739,45.36518701,2015-03-18,7:58,01 - Clear,01 - Dry,01 - Traffic signal,02 - Intersection related,01 - Daylight,03 - P.D. only,03 - Rear end,Greenboro East
4015,CARLING AVE EB btwn EDGEWORTH AVE & FOX CRES,361393.244,5025492.869,-75.77753807,45.36709422,2015-01-25,2:32,03 - Snow,02 - Wet,10 - No control,04 - At/near private drive,07 - Dark,03 - P.D. only,02 - Angle,Whitehaven - Queensway Terrace North
4016,RIVERSIDE DR NB btwn RIVERSIDE DR SPLIT & DATA CENTRE RD,368753.8345,5027540.341,-75.68331762,45.38488384,2015-01-28,7:47,01 - Clear,01 - Dry,10 - No control,01 - Non intersection,03 - Dawn,03 - P.D. only,03 - Rear end,Alta Vista
4017,CAMPEAU DR @ HUNTMAR DR,349065.6764,5018039.207,-75.93556809,45.30091122,2015-03-14,13:27,02 - Rain,02 - Wet,11 - Roundabout,03 - At intersection,01 - Daylight,03 - P.D. only,02 - Angle,Stittsville - Basswood
4018,BURTON @ ENTERPRISE ST(PRESCOTT/RU,394731.9312,5021990.435,-75.35264758,45.3320988,2015-04-17,18:31,01 - Clear,01 - Dry,10 - No control,03 - At intersection,01 - Daylight,03 - P.D. only,05 - Turning movement,Cumberland
4019,BANK ST @ JOHNSTON RD,370849.8028,5024840.01,-75.65691634,45.36039268,2015-04-17,19:39,01 - Clear,01 - Dry,01 - Traffic signal,02 - Intersection related,07 - Dark,03 - P.D. only,03 - Rear end,South Keys - Heron Gate - Greenboro West
4020,KAKULU RD @ CASTLEFRANK RD,352180.8849,5018500.567,-75.89580409,45.30485945,2015-04-23,7:29,01 - Clear,01 - Dry,01 - Traffic signal,03 - At intersection,01 - Daylight,03 - P.D. only,05 - Turning movement,Katimavik - Hazeldean
4021,CARLING AVE @ BROADVIEW AVE,363181.1936,5026639.302,-75.75457974,45.37726304,2015-04-23,11:44,01 - Clear,01 - Dry,01 - Traffic signal,02 - Intersection related,01 - Daylight,03 - P.D. only,03 - Rear end,Carlingwood - McKellar Park - Laurentien View
4022,REGIONAL ROAD 174 btwn OR174 IC112 RAMP36 & OR174 IC112 RAMP26,374690.2973,5032765.919,-75.60677781,45.43133375,2015-06-22,0:08,01 - Clear,01 - Dry,10 - No control,01 - Non intersection,07 - Dark,03 - P.D. only,03 - Rear end,Industrial Park
4023,REGIONAL ROAD 174 btwn OR174 IC109 RAMP64 & OR174 IC105 RAMP16,377109.2474,5035730.67,-75.57543111,45.45776273,2015-06-21,22:53,01 - Clear,01 - Dry,10 - No control,01 - Non intersection,07 - Dark,03 - P.D. only,07 - SMV other,Greenbelt
4024,CONROY RD @ HUNT CLUB RD,373762.2986,5025404.162,-75.61966578,45.36518824,2015-06-23,17:57,01 - Clear,01 - Dry,01 - Traffic signal,02 - Intersection related,01 - Daylight,03 - P.D. only,03 - Rear end,Greenboro East
4025,ALBERT ST btwn METCALFE ST & ELGIN ST,367831.2521,5031703.293,-75.69456559,45.42242444,2015-06-23,18:56,01 - Clear,01 - Dry,10 - No control,01 - Non intersection,01 - Daylight,03 - P.D. only,04 - Sideswipe,Downtown
4026,BARNSDALE RD @ PRINCE OF WALES DR,366645.7323,5011530.967,-75.71223354,45.24102276,2015-04-20,11:55,02 - Rain,02 - Wet,02 - Stop sign,03 - At intersection,01 - Daylight,03 - P.D. only,02 - Angle,New Barrhaven
4027,MAPLE GROVE RD @ TERRY FOX DR,351553.6086,5017863.983,-75.90386265,45.29917334,2015-01-17,18:14,03 - Snow,05 - Packed snow,01 - Traffic signal,02 - Intersection related,07 - Dark,03 - P.D. only,03 - Rear end,Katimavik - Hazeldean
4028,BASELINE RD @ CLYDE AVE,364358.7033,5024890.995,-75.73975721,45.36143293,2015-01-25,20:25,01 - Clear,06 - Ice,01 - Traffic signal,02 - Intersection related,07 - Dark,03 - P.D. only,03 - Rear end,Civic Hospital - Experimental Farm - Central Park
4029,ALTA VISTA DR btwn BANK ST & EDGE HILL PL,370331.9245,5026259.053,-75.6633378,45.37320938,2015-01-25,22:44,01 - Clear,06 - Ice,10 - No control,04 - At/near private drive,07 - Dark,03 - P.D. only,03 - Rear end,Ledbury - Heron Gate - Ridgemont - Elmwood
4030,MARIER AVE @ MONTREAL RD,370418.7444,5033260.145,-75.66129779,45.43619443,2015-02-23,18:21,01 - Clear,01 - Dry,01 - Traffic signal,02 - Intersection related,07 - Dark,03 - P.D. only,05 - Turning movement,Vanier South
4031,REGIONAL ROAD 174 btwn OR174 IC105 RAMP16 & OR174 IC105 RAMP26,379219.0163,5036931.272,-75.54827687,45.46834333,2015-02-24,8:05,01 - Clear,06 - Ice,10 - No control,01 - Non intersection,01 - Daylight,03 - P.D. only,03 - Rear end,Greenbelt
4032,AIRPORT PKWY btwn AIRPORT PKWY/WALKLEY RD SOUTHBOUND ON RAMP          ,370204.7708,5025298.149,-75.66508824,45.36457535,2015-01-25,5:41,01 - Clear,02 - Wet,10 - No control,01 - Non intersection,07 - Dark,03 - P.D. only,07 - SMV other,Hunt Club Woods - Quintarra - Revelstoke - Riverside South P
4033,WEST HUNT CLUB RD EB btwn KNOXDALE RD & WOODROFFE AVE,363588.7633,5021180.465,-75.75002533,45.32811092,2015-01-25,8:04,01 - Clear,01 - Dry,10 - No control,01 - Non intersection,01 - Daylight,03 - P.D. only,04 - Sideswipe,Woodvale - Craig Henry - Manordale - Estates of Arlington Wo
4034,BELCOURT BLVD btwn LEBLANC DR & CARRIERE ST,381456.9551,5036913.417,-75.51966347,45.46794065,2015-03-03,8:21,01 - Clear,02 - Wet,10 - No control,01 - Non intersection,01 - Daylight,03 - P.D. only,03 - Rear end,Orleans Village - Chateauneuf
4035,MAITLAND AVE @ WOODWARD DR,363273.6946,5025662.045,-75.75351447,45.36846209,2015-01-28,9:07,01 - Clear,06 - Ice,01 - Traffic signal,02 - Intersection related,01 - Daylight,03 - P.D. only,03 - Rear end,Braemar Park - Bel Air Heights - Copeland Park
4036,RICHMOND RD btwn HIGH ST & PINECREST RD,360026.2429,5024396.236,-75.79511023,45.3573358,2015-01-28,9:12,01 - Clear,01 - Dry,10 - No control,01 - Non intersection,01 - Daylight,03 - P.D. only,03 - Rear end,Whitehaven - Queensway Terrace North
4037,GREENBANK RD @ WEST HUNT CLUB RD,361480.6409,5020501.997,-75.77699435,45.32217948,2015-03-13,16:30,01 - Clear,01 - Dry,01 - Traffic signal,02 - Intersection related,01 - Daylight,03 - P.D. only,03 - Rear end,Greenbelt
4038,DUNDONALD DR btwn ANDRE AUDET AVE & RIVER MIST RD,364845.4792,5011979.537,-75.7351082,45.24521487,2015-02-17,9:36,01 - Clear,01 - Dry,10 - No control,04 - At/near private drive,01 - Daylight,03 - P.D. only,06 - SMV unattended vehicle,New Barrhaven
4039,INDUSTRIAL AVE @ TRAINYARDS DR,371686.919,5030540.925,-75.64545972,45.41160794,2015-04-20,14:57,01 - Clear,02 - Wet,01 - Traffic signal,03 - At intersection,01 - Daylight,03 - P.D. only,03 - Rear end,Industrial Park
4040,BLAIR RD @ INNES RD,375578.7349,5031439.073,-75.59561535,45.4193062,2015-04-20,15:03,01 - Clear,02 - Wet,01 - Traffic signal,02 - Intersection related,01 - Daylight,03 - P.D. only,03 - Rear end,Greenbelt
4041,EAGLESON RD btwn PALOMINO DR/ROTHESAY DR & EAGLESON BUSINESS CENTRE,354157.1645,5017203.268,-75.87073342,45.29305,2015-04-23,16:31,01 - Clear,01 - Dry,10 - No control,01 - Non intersection,01 - Daylight,03 - P.D. only,04 - Sideswipe,Bridlewood - Emerald Meadows
4042,MAGLADRY RD btwn RUISSELLET RD & BIRCHGROVE RD,398075.0392,5031961.647,-75.30812193,45.42137027,2015-04-24,6:44,01 - Clear,01 - Dry,10 - No control,01 - Non intersection,01 - Daylight,03 - P.D. only,07 - SMV other,Navan - Vars
4043,LONGFIELDS DR btwn HIGHBURY PARK DR & MOUNTSHANNON DR,364039.5109,5016136.785,-75.74487839,45.28269019,2015-06-21,18:12,02 - Rain,02 - Wet,10 - No control,01 - Non intersection,01 - Daylight,03 - P.D. only,06 - SMV unattended vehicle,New Barrhaven
4044,KANATA AVE btwn EARL GREY DR & MARITIME WAY,350964.7272,5019283.575,-75.91123863,45.31198615,2015-06-21,17:17,01 - Clear,01 - Dry,10 - No control,01 - Non intersection,01 - Daylight,03 - P.D. only,03 - Rear end,Kanata
4045,CHIMNEY HILL WAY @ MONTREAL RD,374579.7233,5034369.358,-75.6079635,45.44577164,2015-06-23,21:59,01 - Clear,01 - Dry,10 - No control,03 - At intersection,07 - Dark,03 - P.D. only,03 - Rear end,Beacon Hill South - Cardinal Heights
4046,CARLING AVE @ PRESTON ST,366829.71,5028935.193,-75.7077107,45.39760739,2015-06-23,23:02,01 - Clear,01 - Dry,01 - Traffic signal,02 - Intersection related,07 - Dark,03 - P.D. only,04 - Sideswipe,Centretown West
4047,ST. JOSEPH BLVD btwn ST. JOSEPH BLVD & PLACE D'ORLEANS DR,381870.3613,5037895.424,-75.51422333,45.47673042,2015-04-23,11:06,01 - Clear,01 - Dry,10 - No control,04 - At/near private drive,01 - Daylight,03 - P.D. only,05 - Turning movement,Queenswood Heights
4048,RAJ TER btwn MANJU ST & EWING ST,373657.4864,5026212.056,-75.62089099,45.37246764,2015-01-21,8:20,03 - Snow,06 - Ice,10 - No control,04 - At/near private drive,01 - Daylight,03 - P.D. only,02 - Angle,Hunt Club
4049,STITTSVILLE MAIN ST @ MANCHESTER ST,350208.5882,5013400.932,-75.9214199,45.25910158,2015-01-21,10:17,01 - Clear,04 - Slush,02 - Stop sign,02 - Intersection related,01 - Daylight,03 - P.D. only,03 - Rear end,Stittsville
4050,DONALD ST @ ST. LAURENT BLVD,372092.749,5032474.031,-75.64001143,45.42896225,2015-01-25,22:50,01 - Clear,01 - Dry,01 - Traffic signal,03 - At intersection,07 - Dark,03 - P.D. only,05 - Turning movement,Overbrook
4051,HERON RD @ WALKLEY RD,372267.1751,5027082.009,-75.63852031,45.38043037,2015-01-26,2:01,01 - Clear,03 - Loose snow,01 - Traffic signal,02 - Intersection related,07 - Dark,03 - P.D. only,03 - Rear end,Ledbury - Heron Gate - Ridgemont - Elmwood
4052,MONTREAL RD @ DEN HAAG DR/LANG'S RD,372386.718,5034222.066,-75.63601499,45.44466187,2015-02-25,15:10,01 - Clear,02 - Wet,01 - Traffic signal,02 - Intersection related,01 - Daylight,03 - P.D. only,04 - Sideswipe,Carson Grove - Carson Meadows
4053,COLONEL BY DR @ HOG'S BACK RD,367603.6733,5025873.056,-75.69821563,45.3699861,2015-02-25,17:53,01 - Clear,06 - Ice,01 - Traffic signal,02 - Intersection related,07 - Dark,03 - P.D. only,03 - Rear end,Carleto
4054,RIVERSIDE DR @ TREMBLAY RD/HWY417 IC117 RAMP52,370801.1142,5031015.426,-75.65671188,45.41596141,2015-01-25,11:50,01 - Clear,01 - Dry,01 - Traffic signal,03 - At intersection,01 - Daylight,03 - P.D. only,03 - Rear end,Industrial Park
4055,CATHERINE ST @ KENT ST,367907.7075,5030190.01,-75.6937825,45.40880152,2015-01-28,9:57,01 - Clear,01 - Dry,01 - Traffic signal,03 - At intersection,01 - Daylight,03 - P.D. only,04 - Sideswipe,Centretown
4056,BOOTH ST @ OTTAWA RIVER PKWY/WELLINGTON ST,366262.9437,5031007.62,-75.71469082,45.41630453,2015-01-28,10:07,01 - Clear,01 - Dry,01 - Traffic signal,03 - At intersection,01 - Daylight,03 - P.D. only,04 - Sideswipe,LeBreton Flats
4057,ABBOTT ST @ IBER RD,351983.3128,5014875.601,-75.89866814,45.27225432,2015-03-20,0:01,01 - Clear,01 - Dry,10 - No control,03 - At intersection,07 - Dark,03 - P.D. only,07 - SMV other,Stittsville
4058,CYRVILLE RD btwn MEADOWBROOK RD & MAXIME ST,374651.4823,5031236.41,-75.60749072,45.41757593,2015-04-20,16:25,02 - Rain,02 - Wet,10 - No control,04 - At/near private drive,01 - Daylight,03 - P.D. only,02 - Angle,Industrial Park
4059,RIVERSIDE DR @ HERON RD,368122.5028,5026648.549,-75.69149321,45.37691709,2015-07-10,14:46,01 - Clear,01 - Dry,01 - Traffic signal,02 - Intersection related,01 - Daylight,03 - P.D. only,03 - Rear end,Riverside Park
4060,GREENBANK RD @ JOCKVALE RD,364121.6878,5014329.332,-75.74404695,45.26641978,2015-07-10,13:20,01 - Clear,01 - Dry,01 - Traffic signal,02 - Intersection related,01 - Daylight,03 - P.D. only,03 - Rear end,New Barrhaven
4061,TWIN TER btwn SUNNYCREST DR & CORAL AVE,365680.5532,5025505.242,-75.7228102,45.36684627,2015-06-18,8:28,01 - Clear,01 - Dry,10 - No control,04 - At/near private drive,01 - Daylight,03 - P.D. only,06 - SMV unattended vehicle,Cityview - Skyline - Fisher Heights
4062,JOCKVALE RD @ EXETER DR/TARTAN DR,363323.6795,5014773.056,-75.75416303,45.27047928,2015-06-18,7:50,01 - Clear,01 - Dry,11 - Roundabout,03 - At intersection,01 - Daylight,03 - P.D. only,03 - Rear end,Barrhaven West - Old Barrhaven
4063,DUNROBIN RD btwn DUNROBIN RD & MURPHY SIDE RD,344637.2145,5028823.578,-75.9911643,45.39821751,2015-06-21,9:50,01 - Clear,01 - Dry,10 - No control,05 - At railway crossing,01 - Daylight,03 - P.D. only,03 - Rear end,Carp - Hardwood Plains
4064,OGILVIE RD btwn CITY PARK DR & BLAIR RD (1),374291.5075,5033072.089,-75.61183066,45.43412824,2015-06-21,3:24,01 - Clear,01 - Dry,10 - No control,01 - Non intersection,07 - Dark,03 - P.D. only,07 - SMV other,Industrial Park
4065,RIVERSIDE DR @ WALKLEY RD,368418.7239,5024853.169,-75.68794262,45.3607359,2015-06-18,20:55,01 - Clear,01 - Dry,01 - Traffic signal,02 - Intersection related,05 - Dusk,03 - P.D. only,05 - Turning movement,Riverside Park
4066,HUNT CLUB RD btwn DAZE ST & TURN LANE,371467.5848,5023957.116,-75.64915068,45.35239021,2015-06-13,13:57,01 - Clear,01 - Dry,10 - No control,01 - Non intersection,01 - Daylight,03 - P.D. only,03 - Rear end,South Keys - Heron Gate - Greenboro West
4067,SPRUCE RIDGE RD btwn RICHARDSON SIDE RD & HAZELDEAN RD,343271.0223,5014318.273,-76.00974132,45.26776983,2015-06-24,0:13,01 - Clear,01 - Dry,10 - No control,01 - Non intersection,07 - Dark,03 - P.D. only,07 - SMV other,Stittsville - Basswood
4068,DALHOUSIE ST btwn RIDEAU ST & BESSERER ST,368213.9795,5032216.784,-75.68960935,45.42701007,2015-02-08,11:23,03 - Snow,03 - Loose snow,10 - No control,01 - Non intersection,01 - Daylight,03 - P.D. only,04 - Sideswipe,Byward Market - Parliament Hill
4069,HIGHWAY 416 btwn HWY416 IC66 RAMP52 & HWY416 IC66 RAMP24,360133.2278,5014682.37,-75.79482968,45.26992155,2015-09-26,0:30,01 - Clear,01 - Dry,10 - No control,01 - Non intersection,07 - Dark,03 - P.D. only,07 - SMV other,Munster Hamlet - Richmond
4070,BANK ST @ SUNNYSIDE AVE,368732.781,5028581.067,-75.68345161,45.39424989,2015-01-22,10:28,01 - Clear,06 - Ice,01 - Traffic signal,02 - Intersection related,01 - Daylight,03 - P.D. only,03 - Rear end,Old Ottawa South
4071,CASTLE HILL CRES btwn GREYROCK CRES & BONNIE CRES,363641.8274,5025571.648,-75.748826,45.3676179,2015-01-22,9:15,01 - Clear,05 - Packed snow,10 - No control,04 - At/near private drive,01 - Daylight,03 - P.D. only,02 - Angle,Braemar Park - Bel Air Heights - Copeland Park
4072,LONGFIELDS DR @ WOODROFFE AVE,365421.1699,5017106.463,-75.7271496,45.29129751,2015-01-26,6:54,01 - Clear,06 - Ice,01 - Traffic signal,02 - Intersection related,07 - Dark,03 - P.D. only,03 - Rear end,Greenbelt
4073,COLONNADE RD @ MERIVALE RD,365361.7673,5022544.978,-75.72724199,45.34023789,2015-01-26,7:44,01 - Clear,01 - Dry,01 - Traffic signal,02 - Intersection related,03 - Dawn,03 - P.D. only,03 - Rear end,Tanglewood