Record,Location,X,Y,lon,lat,Date,Time,Environment,Road_Surface,Traffic_Control,Collision_Location,Light,Collision_Classification,Impact_type,Neighborhood
4074,BOTTRIELL WAY N @ CHARLEMAGNE BLVD,383694.7851,5037954.092,-75.49088202,45.4770545,2015-02-26,7:15,01 - Clear,01 - Dry,01 - Traffic signal,03 - At intersection,01 - Daylight,03 - P.D. only,02 - Angle,Fallingbrook
4075,MONTREAL RD @ SAVARD AVE,370158.7409,5033113.105,-75.66464018,45.43489578,2015-02-26,14:47,01 - Clear,01 - Dry,02 - Stop sign,02 - Intersection related,01 - Daylight,03 - P.D. only,03 - Rear end,Vanier
4076,AVIATION PKWY @ MONTREAL RD,372146.7166,5034107.137,-75.6390984,45.44365095,2015-01-26,8:56,01 - Clear,01 - Dry,01 - Traffic signal,02 - Intersection related,01 - Daylight,03 - P.D. only,03 - Rear end,Cummings
4077,WOODCLIFFE PRIV @ JEANNE D'ARC BLVD,380107.0857,5036226.809,-75.53702915,45.46190994,2015-01-26,9:05,01 - Clear,01 - Dry,02 - Stop sign,02 - Intersection related,01 - Daylight,03 - P.D. only,03 - Rear end,Chapel Hill
4078,CARLING AVE @ HWY 417 CARLING IC124R67,364330.4957,5027524.055,-75.73979988,45.38512719,2015-03-06,10:22,01 - Clear,01 - Dry,03 - Yield sign,02 - Intersection related,01 - Daylight,03 - P.D. only,04 - Sideswipe,Westboro
4079,PINECREST RD @ RICHMOND RD,360071.7066,5024471.994,-75.79452152,45.35801388,2015-01-27,17:50,01 - Clear,01 - Dry,01 - Traffic signal,02 - Intersection related,07 - Dark,03 - P.D. only,03 - Rear end,Whitehaven - Queensway Terrace North
4080,BANK ST btwn BANK ST EXTENSION NB & JOHNSTON RD,370832.4534,5024884.347,-75.65713184,45.36079324,2015-03-20,10:44,01 - Clear,01 - Dry,10 - No control,01 - Non intersection,01 - Daylight,03 - P.D. only,04 - Sideswipe,South Keys - Heron Gate - Greenboro West
4081,UTAH ST btwn LIVINGSTONE AVE & CHEVERTON AVE,369774.6056,5027397.979,-75.6703026,45.38350897,2015-03-20,13:33,01 - Clear,01 - Dry,10 - No control,04 - At/near private drive,01 - Daylight,03 - P.D. only,05 - Turning movement,Alta Vista
4082,CEDARVIEW RD @ HWY 416 WESTHUNT IC72R42,359597.2836,5019764.499,-75.8010978,45.31569298,2015-04-21,10:27,01 - Clear,01 - Dry,10 - No control,03 - At intersection,01 - Daylight,03 - P.D. only,07 - SMV other,Greenbelt
4083,BRONSON AVE @ IMPERIAL AVE/PLYMOUTH ST,367319.4262,5029643.431,-75.70136652,45.40393636,2015-04-21,12:08,02 - Rain,02 - Wet,10 - No control,02 - Intersection related,01 - Daylight,03 - P.D. only,05 - Turning movement,The Glebe
4084,FALLOWFIELD RD @ GREENBANK RD,363080.6757,5016733.536,-75.75702946,45.28813991,2015-07-06,12:17,01 - Clear,01 - Dry,01 - Traffic signal,02 - Intersection related,01 - Daylight,03 - P.D. only,03 - Rear end,Greenbelt
4085,FOURTH LINE RD @ ROGER STEVENS DR,366455.7593,4999357.119,-75.71615799,45.13149809,2015-07-09,13:30,01 - Clear,01 - Dry,01 - Traffic signal,02 - Intersection related,01 - Daylight,03 - P.D. only,03 - Rear end,Manotick - North Gower
4086,5TH LINE RD btwn SPRINGHILL RD & DALMENY RD,381826.0878,5004107.828,-75.52004537,45.17273523,2015-06-17,21:07,01 - Clear,01 - Dry,10 - No control,01 - Non intersection,05 - Dusk,03 - P.D. only,07 - SMV other,Metcalfe
4087,BELGATE WAY @ DONALD ST,372584.4415,5032403.949,-75.63373806,45.4282842,2015-06-17,17:18,01 - Clear,01 - Dry,02 - Stop sign,03 - At intersection,01 - Daylight,03 - P.D. only,02 - Angle,Cummings
4088,SUNNYBROOKE DR btwn BRIDGESTONE DR & GRASSY PLAINS DR,355244.0348,5015498.466,-75.85705083,45.27763265,2015-06-20,18:48,01 - Clear,01 - Dry,10 - No control,04 - At/near private drive,01 - Daylight,03 - P.D. only,02 - Angle,Bridlewood - Emerald Meadows
4089,DATA CENTRE RD @ RIVERSIDE DR,368896.4851,5027672.389,-75.68147903,45.38605893,2015-02-19,20:28,01 - Clear,01 - Dry,01 - Traffic signal,03 - At intersection,07 - Dark,03 - P.D. only,02 - Angle,Alta Vista
4090,HWY417 IC127 RAMP51 btwn HIGHWAY 417 & HWY417 IC127 RAMP53,361962.1093,5024667.315,-75.77037209,45.35961979,2015-09-27,12:15,01 - Clear,01 - Dry,10 - No control,01 - Non intersection,01 - Daylight,03 - P.D. only,07 - SMV other,Iris
4091,RIVERSIDE DR @ HERON RD,368121.1049,5026647.703,-75.69151117,45.37690961,2015-02-04,10:09,01 - Clear,02 - Wet,01 - Traffic signal,02 - Intersection related,01 - Daylight,03 - P.D. only,03 - Rear end,Riverside Park
4092,PRESTWICK DR btwn SUMMERLANDS CRES & SUMMERLANDS CRES,383588.6307,5036310.701,-75.49250308,45.46228076,2015-02-04,12:10,03 - Snow,08 - Loose sand or gravel,10 - No control,04 - At/near private drive,01 - Daylight,03 - P.D. only,99 - Other,Queenswood Heights
4093,WALKLEY RD btwn 152 E OF HEATHERINGTON RD & HOLLY LANE,372096.5727,5026987.551,-75.64071134,45.37959688,2015-02-14,17:52,03 - Snow,04 - Slush,10 - No control,01 - Non intersection,07 - Dark,03 - P.D. only,04 - Sideswipe,Ledbury - Heron Gate - Ridgemont - Elmwood
4094,DONNELLY DR btwn REDDICK LANE & HARNETT RD,365348.9139,4987417.254,-75.73166951,45.02415542,2015-02-14,19:35,03 - Snow,03 - Loose snow,10 - No control,01 - Non intersection,07 - Dark,03 - P.D. only,07 - SMV other,Munster Hamlet - Richmond
4095,MADELEINE MEILLEUR PRIV @ VANIER PKWY,369654.8152,5033359.306,-75.67104781,45.43715791,2015-02-28,15:53,01 - Clear,06 - Ice,01 - Traffic signal,02 - Intersection related,01 - Daylight,03 - P.D. only,03 - Rear end,Vanier North
4096,METCALFE ST @ SLATER ST,367730.7327,5031549.696,-75.69586955,45.42105148,2015-03-03,14:23,01 - Clear,01 - Dry,01 - Traffic signal,02 - Intersection related,01 - Daylight,03 - P.D. only,04 - Sideswipe,Downtown
4097,EAGLESON RD @ HAZELDEAN RD/ROBERTSON RD,353673.6249,5018425.906,-75.87677731,45.30408536,2015-02-14,1:40,03 - Snow,03 - Loose snow,01 - Traffic signal,02 - Intersection related,07 - Dark,03 - P.D. only,04 - Sideswipe,Greenbelt
4098,KING EDWARD AVE NB btwn RAMP & CATHCART ST,368079.0009,5033148.729,-75.69121436,45.43540761,2015-02-14,12:24,03 - Snow,03 - Loose snow,10 - No control,01 - Non intersection,01 - Daylight,03 - P.D. only,03 - Rear end,Lower Town
4099,CYRVILLE RD btwn OGILVIE RD & JOSEPH CYR ST,372507.438,5031984.104,-75.63477974,45.4245141,2015-02-06,10:15,01 - Clear,04 - Slush,10 - No control,01 - Non intersection,01 - Daylight,03 - P.D. only,07 - SMV other,Cummings
4100,MCARTHUR AVE @ VANIER PKWY,370219.6689,5032689.14,-75.66391786,45.43107542,2015-02-06,10:25,01 - Clear,04 - Slush,01 - Traffic signal,03 - At intersection,01 - Daylight,03 - P.D. only,02 - Angle,Vanier South
4101,PRESTON ST btwn GEORGE ST W & ABERDEEN ST,366633.5765,5029382.584,-75.71015954,45.40165025,2015-02-09,9:21,01 - Clear,04 - Slush,10 - No control,04 - At/near private drive,01 - Daylight,03 - P.D. only,05 - Turning movement,Little Italy
4102,MACDONALD-CARTIER BR btwn RAMP & END (1),367431.4124,5033223.075,-75.69948108,45.43613485,2015-02-09,9:25,01 - Clear,03 - Loose snow,10 - No control,07 - Overpass or bridge,01 - Daylight,03 - P.D. only,03 - Rear end,Byward Market - Parliament Hill
4103,MERIVALE RD btwn ENTERPRISE AVE & BONGARD AVE,365846.9801,5021372.576,-75.72119595,45.32964672,2015-03-14,20:27,03 - Snow,03 - Loose snow,10 - No control,04 - At/near private drive,07 - Dark,03 - P.D. only,02 - Angle,Merivale Gardens - Grenfell Glen - Pineglen - Country Place
4104,BANK ST btwn HERON RD & ANOKA ST,370000.5393,5026836.602,-75.66749197,45.37843689,2015-03-15,10:27,01 - Clear,02 - Wet,10 - No control,01 - Non intersection,01 - Daylight,03 - P.D. only,03 - Rear end,Alta Vista
4105,SHEFFIELD RD @ WALKLEY RD,375257.7351,5028785.985,-75.6000956,45.39546752,2015-01-30,10:10,01 - Clear,04 - Slush,01 - Traffic signal,02 - Intersection related,01 - Daylight,03 - P.D. only,03 - Rear end,Industrial Park
4106,AVIATION PKWY @ MONTREAL RD,372145.7527,5034108.101,-75.63911058,45.44365972,2015-01-30,14:30,01 - Clear,03 - Loose snow,01 - Traffic signal,02 - Intersection related,01 - Daylight,03 - P.D. only,03 - Rear end,Cummings
4107,MERIVALE RD @ WEST HUNT CLUB RD,365612.6952,5021940.089,-75.72411483,45.33477347,2015-01-27,16:55,01 - Clear,01 - Dry,01 - Traffic signal,02 - Intersection related,05 - Dusk,03 - P.D. only,03 - Rear end,Industrial Park
4108,BRIDGE ST @ LONG ISLAND RD,369059.709,5010345.881,-75.68164142,45.23014323,2015-02-04,15:55,03 - Snow,03 - Loose snow,01 - Traffic signal,02 - Intersection related,01 - Daylight,03 - P.D. only,03 - Rear end,Manotick
4109,COWELL RD btwn TURN LANE & MCCORDICK RD,367291.242,4993995.753,-75.7062063,45.08318211,2015-02-12,14:43,01 - Clear,06 - Ice,10 - No control,01 - Non intersection,01 - Daylight,03 - P.D. only,07 - SMV other,Munster Hamlet - Richmond
4110,NICHOLAS ST btwn BESSERER ST & DALY AVE,368190.7287,5032103.752,-75.689921,45.42599515,2015-02-12,15:39,01 - Clear,01 - Dry,10 - No control,04 - At/near private drive,01 - Daylight,03 - P.D. only,03 - Rear end,Byward Market - Parliament Hill
4111,BLAIR RD btwn MEADOWBROOK RD & LAURA PRIV,375262.2044,5032207.955,-75.59954938,45.42625612,2015-02-08,13:48,03 - Snow,04 - Slush,10 - No control,01 - Non intersection,01 - Daylight,03 - P.D. only,04 - Sideswipe,Greenbelt
4112,MONTREAL RD @ SHEFFORD RD,376125.7305,5034853.093,-75.58813232,45.44996794,2015-02-12,7:39,03 - Snow,03 - Loose snow,01 - Traffic signal,02 - Intersection related,01 - Daylight,03 - P.D. only,01 - Approaching,Beacon Hill South - Cardinal Heights
4113,HERON RD RAMP 24 @ HERON RD RAMP 42,368628.4344,5026935.113,-75.68499705,45.37944961,2015-02-25,6:30,01 - Clear,01 - Dry,10 - No control,02 - Intersection related,03 - Dawn,03 - P.D. only,03 - Rear end,Alta Vista
4114,RIVERSIDE DR SB btwn BILLINGS BRIDGE SC RAMP SB & BANK ST,369196.8002,5027963.787,-75.67760634,45.38865329,2015-03-09,11:35,01 - Clear,01 - Dry,10 - No control,01 - Non intersection,01 - Daylight,03 - P.D. only,03 - Rear end,Alta Vista
4115,OTTAWA RIVER PKWY @ PORTAGE BRIDGE,366515.2249,5031315.023,-75.71142924,45.41904824,2015-02-04,15:16,03 - Snow,03 - Loose snow,01 - Traffic signal,02 - Intersection related,01 - Daylight,03 - P.D. only,03 - Rear end,LeBreton Flats
4116,FISHER AVE @ MALIBU TER,366260.7338,5025797.121,-75.7153681,45.36942191,2015-02-14,20:39,03 - Snow,05 - Packed snow,02 - Stop sign,03 - At intersection,07 - Dark,03 - P.D. only,05 - Turning movement,Civic Hospital - Experimental Farm - Central Park
4117,BLAIR RD @ REGIONAL RD 174 N/OR174 IC112 RAMP61,374632.6907,5032992.921,-75.60748176,45.43338195,2015-02-14,21:06,03 - Snow,03 - Loose snow,01 - Traffic signal,03 - At intersection,07 - Dark,03 - P.D. only,02 - Angle,Industrial Park
4118,WOODROFFE AVE btwn WOODROFFE AVE & NAVAHO DR,362689.712,5023510.988,-75.761221,45.34915556,2015-03-03,18:56,03 - Snow,03 - Loose snow,10 - No control,01 - Non intersection,07 - Dark,03 - P.D. only,04 - Sideswipe,Crestview - Meadowlands
4119,JOHNSTON RD @ ZAIDAN DR,372796.5687,5025722.525,-75.6319485,45.3681471,2015-03-06,0:39,01 - Clear,01 - Dry,02 - Stop sign,02 - Intersection related,07 - Dark,03 - P.D. only,07 - SMV other,Greenboro East
4120,DORIMA ST btwn INNES RD & RENAISSANCE DR,384360.79,5036218.409,-75.48264571,45.46136289,2015-02-16,16:45,01 - Clear,06 - Ice,10 - No control,01 - Non intersection,05 - Dusk,03 - P.D. only,01 - Approaching,Avalon
4121,ST. LAURENT BLVD btwn DONALD ST & 125 N OF QUEEN MARY ST,372104.3153,5032448.007,-75.63986719,45.42872698,2015-04-01,10:00,01 - Clear,01 - Dry,10 - No control,01 - Non intersection,01 - Daylight,03 - P.D. only,03 - Rear end,Overbrook
4122,PERTH ST @ QUEEN CHARLOTTE ST/ROCHELLE DR,356182.6065,5005738.934,-75.84609669,45.1897458,2015-02-07,4:38,01 - Clear,02 - Wet,02 - Stop sign,02 - Intersection related,07 - Dark,03 - P.D. only,07 - SMV other,Richmond
4123,SILVER ST @ TRENTON AVE,365251.2515,5026586.862,-75.72815771,45.37661565,2015-02-06,14:50,03 - Snow,04 - Slush,02 - Stop sign,03 - At intersection,01 - Daylight,03 - P.D. only,02 - Angle,Carlington
4124,FOURTH AVE btwn LYON ST S & BANK ST,368345.1205,5029464.254,-75.68828853,45.40223182,2015-02-09,11:55,03 - Snow,03 - Loose snow,10 - No control,04 - At/near private drive,01 - Daylight,03 - P.D. only,02 - Angle,The Glebe
4125,TEAKDALE AVE btwn CUMORAH DR & TO BE DETERMINED,380871.002,5035268.226,-75.52741046,45.45320261,2015-02-09,13:26,03 - Snow,06 - Ice,10 - No control,01 - Non intersection,01 - Daylight,03 - P.D. only,01 - Approaching,Orleans Village - Chateauneuf
4126,GREENBANK RD @ JOCKVALE RD,364121.6878,5014331.859,-75.74404664,45.26644252,2015-03-17,23:57,01 - Clear,01 - Dry,01 - Traffic signal,02 - Intersection related,07 - Dark,03 - P.D. only,02 - Angle,New Barrhaven
4127,ISLAND PARK DR @ RICHMOND RD,364131.6506,5028867.075,-75.7421774,45.39722831,2015-03-18,10:27,01 - Clear,01 - Dry,01 - Traffic signal,03 - At intersection,01 - Daylight,03 - P.D. only,02 - Angle,Island Park
4128,REGIONAL ROAD 174 btwn QUIGLEY HILL RD & REGIONAL ROAD 174 DIVIDED,388335.2124,5042389.235,-75.43078293,45.51641719,2015-01-07,9:16,03 - Snow,03 - Loose snow,10 - No control,01 - Non intersection,01 - Daylight,03 - P.D. only,99 - Other,Cumberland - Estates
4129,CARLING AVE EB btwn FOX CRES & WOODROFFE AVE,361659.3953,5025657.244,-75.77412177,45.36855172,2015-01-07,9:30,01 - Clear,03 - Loose snow,10 - No control,04 - At/near private drive,01 - Daylight,03 - P.D. only,03 - Rear end,Carlingwood West - Glabar Park - McKellar Heights
4130,LEIKIN DR btwn BECKSTEAD RD & BILL LEATHEM DR,367086.3703,5017876.449,-75.70582552,45.29808015,2015-02-13,8:00,01 - Clear,05 - Packed snow,10 - No control,01 - Non intersection,01 - Daylight,03 - P.D. only,07 - SMV other,Greenbelt
4131,RICHMOND RD @ HOLLY ACRES RD/NANAIMO DR,359060.5993,5022748.014,-75.80761533,45.34258047,2015-02-13,11:17,01 - Clear,06 - Ice,01 - Traffic signal,02 - Intersection related,01 - Daylight,03 - P.D. only,03 - Rear end,Greenbelt
4132,KLONDIKE RD @ MARCH VALLEY RD,350278.6165,5024993.005,-75.91946373,45.36340568,2015-02-08,14:28,01 - Clear,05 - Packed snow,02 - Stop sign,03 - At intersection,01 - Daylight,03 - P.D. only,07 - SMV other,South March
4133,RUSSLAND RD btwn DUNNING RD & Continuation of RUSSLAND RD,398926.8868,5023729.423,-75.29880904,45.34719386,2015-02-08,15:35,03 - Snow,05 - Packed snow,10 - No control,01 - Non intersection,01 - Daylight,03 - P.D. only,07 - SMV other,Cumberland
4134,CARLING AVE @ RITCHIE ST,359589.6313,5024367.958,-75.80068571,45.35711561,2015-03-12,18:17,01 - Clear,01 - Dry,01 - Traffic signal,02 - Intersection related,05 - Dusk,03 - P.D. only,03 - Rear end,Crystal Bay - Lakeview Park - Britannia Village
4135,BRITTANY DR @ MONTREAL RD,371912.8154,5033994.872,-75.64210336,45.44266334,2015-02-05,15:16,01 - Clear,01 - Dry,01 - Traffic signal,02 - Intersection related,01 - Daylight,03 - P.D. only,03 - Rear end,Cummings
4136,CALDWELL AVE @ MERIVALE RD,364912.0966,5026233.851,-75.73253062,45.3734685,2015-02-10,14:36,01 - Clear,01 - Dry,01 - Traffic signal,02 - Intersection related,01 - Daylight,03 - P.D. only,03 - Rear end,Civic Hospital - Experimental Farm - Central Park
4137,BANKFIELD RD btwn KILREEN LANE & PRINCE OF WALES DR,366117.5212,5008828.398,-75.71929404,45.21675118,2015-02-15,10:30,05 - Drifting Snow,05 - Packed snow,10 - No control,01 - Non intersection,01 - Daylight,03 - P.D. only,07 - SMV other,Manotick
4138,WESLOCK WAY btwn BEAVERBROOK RD & CATHERWOOD CRT,350934.518,5020871.671,-75.91147596,45.32627821,2015-02-15,11:47,01 - Clear,05 - Packed snow,10 - No control,04 - At/near private drive,01 - Daylight,03 - P.D. only,99 - Other,Kanata Lakes - Marchwood Lakeside - Morgan's Grant - Kanata
4139,CATHERINE ST/HWY 417 O'CONN IC119BR76 @ O'CONN,368243.1081,5030392.167,-75.68947208,45.41059014,2015-03-07,10:38,01 - Clear,01 - Dry,01 - Traffic signal,02 - Intersection related,01 - Daylight,03 - P.D. only,03 - Rear end,Centretown
4140,INDUSTRIAL AVE/INNES RD @ ST. LAURENT BLVD,373099.7274,5030005.085,-75.62748614,45.40665025,2015-01-05,10:19,01 - Clear,04 - Slush,01 - Traffic signal,02 - Intersection related,01 - Daylight,03 - P.D. only,03 - Rear end,Industrial Park
4141,BEARBROOK RD/ROCKCLIFFE PKWY @ ST. JOSEPH BLVD,377127.7704,5035239.11,-75.57526659,45.45333809,2015-01-02,16:05,01 - Clear,01 - Dry,01 - Traffic signal,03 - At intersection,01 - Daylight,03 - P.D. only,07 - SMV other,Greenbelt
4142,COLONEL BY DR btwn ECHO DR & CLEGG ST (1),368824.049,5030399.542,-75.68204997,45.4106036,2015-01-03,19:01,04 - Freezing Rain,04 - Slush,10 - No control,01 - Non intersection,07 - Dark,03 - P.D. only,07 - SMV other,Old Ottawa East
4143,BYRON AVE @ ISLAND PARK DR,364254.7261,5028604.033,-75.74063724,45.39485107,2015-01-05,7:45,01 - Clear,01 - Dry,01 - Traffic signal,02 - Intersection related,03 - Dawn,03 - P.D. only,03 - Rear end,Island Park
4144,BUENA VISTA RD @ MANOR AVE,368788.7022,5034876.099,-75.68191979,45.45088522,2015-01-05,13:41,01 - Clear,05 - Packed snow,02 - Stop sign,03 - At intersection,01 - Daylight,03 - P.D. only,02 - Angle,Rockcliffe - Manor Park
4145,AVIATION PKWY btwn MONTREAL RD & LA CITE PRIV (2),372322.1383,5033765.932,-75.63690303,45.44056404,2015-01-05,13:50,01 - Clear,01 - Dry,10 - No control,01 - Non intersection,01 - Daylight,03 - P.D. only,07 - SMV other,Carson Grove - Carson Meadows
4146,INNES RD @ BEARBROOK RD/GLEN PARK DR E,377993.7697,5032841.125,-75.56455265,45.43167247,2015-02-09,15:22,01 - Clear,04 - Slush,01 - Traffic signal,02 - Intersection related,01 - Daylight,03 - P.D. only,04 - Sideswipe,Blackburn Hamlet
4147,RICHMOND RD btwn ASSALY RD & REGINA LANE,360775.4999,5025576.86,-75.78541397,45.36789958,2015-02-09,15:23,01 - Clear,02 - Wet,10 - No control,04 - At/near private drive,01 - Daylight,03 - P.D. only,06 - SMV unattended vehicle,Woodroffe - Lincoln Heights
4148,SOMERSET ST    W btwn ARTHUR ST & CAMBRIDGE ST N,366890.6261,5030428.242,-75.70674471,45.41103603,2015-03-18,16:35,01 - Clear,01 - Dry,10 - No control,01 - Non intersection,01 - Daylight,03 - P.D. only,05 - Turning movement,Centretown West
4149,BESSERER ST @ WALLER ST,368316.8972,5032190.532,-75.68829765,45.42676453,2015-03-18,16:45,01 - Clear,01 - Dry,01 - Traffic signal,02 - Intersection related,01 - Daylight,03 - P.D. only,04 - Sideswipe,Byward Market - Parliament Hill
4150,CEDARVIEW RD btwn CAMBRIAN RD & STRANDHERD DR,362951.8039,5011918.574,-75.75923594,45.24482531,2015-01-09,7:21,01 - Clear,06 - Ice,10 - No control,01 - Non intersection,03 - Dawn,03 - P.D. only,07 - SMV other,New Barrhaven
4151,RIDEAU ST btwn WURTEMBURG ST & RIDEAU PL,369516.6572,5032966.388,-75.67286517,45.43363539,2015-01-09,6:30,03 - Snow,04 - Slush,10 - No control,01 - Non intersection,07 - Dark,03 - P.D. only,01 - Approaching,Lowe
4152,HUNT CLUB RD @ RIVERSIDE DR,368035.7391,5021945.98,-75.69320243,45.3346123,2015-02-13,11:53,01 - Clear,01 - Dry,01 - Traffic signal,02 - Intersection related,01 - Daylight,03 - P.D. only,03 - Rear end,Hunt Club Woods - Quintarra - Revelstoke - Riverside South P
4153,BYRON AVE @ KIRKWOOD AVE,363866.691,5028431.073,-75.74561355,45.39332765,2015-02-13,15:14,01 - Clear,01 - Dry,01 - Traffic signal,02 - Intersection related,01 - Daylight,03 - P.D. only,04 - Sideswipe,Westboro
4154,RUSSELL RD btwn TUPPER AVE & SOUTHVALE CRES,374438.8831,5028645.369,-75.61057277,45.39428424,2015-03-18,12:32,01 - Clear,01 - Dry,10 - No control,04 - At/near private drive,01 - Daylight,03 - P.D. only,02 - Angle,Sheffield Glen
4155,BASELINE RD @ CLYDE AVE,364359.6672,5024890.995,-75.73974491,45.36143285,2015-03-20,9:15,01 - Clear,01 - Dry,01 - Traffic signal,02 - Intersection related,01 - Daylight,03 - P.D. only,03 - Rear end,Civic Hospital - Experimental Farm - Central Park
4156,EAGLESON RD btwn FAULKNER TR & FALLOWFIELD RD,355808.2842,5012954.242,-75.85012078,45.25469844,2015-02-15,15:44,05 - Drifting Snow,05 - Packed snow,10 - No control,01 - Non intersection,01 - Daylight,03 - P.D. only,07 - SMV other,Stittsville - Basswood
4157,HALIFAX DR btwn BINGHAM ST & DAKOTA AVE,373437.7774,5028019.361,-75.62344444,45.38875054,2015-02-15,16:44,03 - Snow,03 - Loose snow,10 - No control,04 - At/near private drive,01 - Daylight,03 - P.D. only,03 - Rear end,Urbandale
4158,CATHERINE ST/HWY 417 O'CONN IC119BR76 @ O'CONN,368243.711,5030391.118,-75.68946451,45.41058065,2015-03-13,14:12,01 - Clear,01 - Dry,01 - Traffic signal,02 - Intersection related,01 - Daylight,03 - P.D. only,02 - Angle,Centretown
4159,FOXHALL WAY btwn BRIDGESTONE DR & KINGBROOK DR,355309.2462,5016489.662,-75.85611883,45.28654696,2015-03-13,18:19,01 - Clear,01 - Dry,10 - No control,04 - At/near private drive,05 - Dusk,03 - P.D. only,99 - Other,Bridlewood - Emerald Meadows
4160,HIGHWAY 417 btwn HWY417 IC127 RAMP25 & HWY417 IC126 RAMP51,363153.117,5025807.654,-75.75503646,45.36978232,2015-01-26,6:50,01 - Clear,01 - Dry,10 - No control,01 - Non intersection,07 - Dark,03 - P.D. only,03 - Rear end,Braemar Park - Bel Air Heights - Copeland Park
4161,RIVERSIDE DR btwn OLD RIVERSIDE DR & RIVERGATE WAY,368112.0503,5023301.685,-75.69205542,45.34680377,2015-01-05,17:10,01 - Clear,06 - Ice,10 - No control,01 - Non intersection,05 - Dusk,03 - P.D. only,03 - Rear end,Hunt Club Woods - Quintarra - Revelstoke - Riverside South P
4162,MACDONALD-CARTIER BR btwn RAMP & END (2),367303.9468,5033252.946,-75.70110632,45.43641502,2015-01-08,8:45,03 - Snow,06 - Ice,10 - No control,07 - Overpass or bridge,01 - Daylight,03 - P.D. only,07 - SMV other,Bywar
4163,PARKDALE AVE WB ON RAMP/OTTAWA RIVER PKWY btwn PARKDALE AVE & OTTAWA R,364648.9374,5030473.951,-75.73537584,45.41164261,2015-01-08,21:15,03 - Snow,06 - Ice,10 - No control,01 - Non intersection,07 - Dark,03 - P.D. only,07 - SMV other,Mechanicsville
4164,HAWTHORNE AVE/ISABELLA ST @ QUEEN ELIZABETH DR,368666.6754,5030477.054,-75.68405028,45.4113154,2015-01-10,18:15,01 - Clear,01 - Dry,01 - Traffic signal,03 - At intersection,07 - Dark,03 - P.D. only,02 - Angle,The Glebe
4165,ALTA VISTA DR @ VALOUR DR,370439.2923,5029582.591,-75.66152512,45.40310335,2015-02-09,16:02,01 - Clear,05 - Packed snow,02 - Stop sign,02 - Intersection related,01 - Daylight,03 - P.D. only,03 - Rear end,Elmvale - Eastway - Riverview - Riverview Park West
4166,CRICHTON ST @ ELECTRIC ST,368940.7022,5033559.118,-75.68014838,45.43902162,2015-02-09,16:16,01 - Clear,05 - Packed snow,02 - Stop sign,03 - At intersection,01 - Daylight,03 - P.D. only,05 - Turning movement,New Edinburgh
4167,MONTREAL RD btwn BURMA RD & MONTREAL RD,373243.0357,5034515.146,-75.62502889,45.44721552,2015-03-21,7:40,03 - Snow,03 - Loose snow,10 - No control,01 - Non intersection,01 - Daylight,03 - P.D. only,07 - SMV other,Carson Grove - Carson Meadows
4168,BOOTH ST @ 148 N OF MIDDLE ST/E.B.EDDY S,366035.5339,5031414.984,-75.71754553,45.41998981,2015-03-21,17:51,06 - Strong wind,01 - Dry,01 - Traffic signal,02 - Intersection related,01 - Daylight,03 - P.D. only,03 - Rear end,LeBreto
4169,CLYDE AVE btwn CLYDE AVE & STARWOOD RD,364435.4299,5024708.435,-75.73879994,45.35978376,2015-01-09,8:20,01 - Clear,04 - Slush,10 - No control,04 - At/near private drive,01 - Daylight,03 - P.D. only,05 - Turning movement,Crestview - Meadowlands
4170,KING EDWARD AVE @ LAURIER AVE,368737.7795,5032032.173,-75.68294017,45.42530132,2015-01-09,15:20,01 - Clear,04 - Slush,01 - Traffic signal,03 - At intersection,01 - Daylight,03 - P.D. only,02 - Angle,Sandy Hill
4171,MEADOWLANDS DR btwn TURN LANE & SULLIVAN AVE,363102.9547,5022756.036,-75.7560367,45.34232833,2015-02-13,17:29,01 - Clear,02 - Wet,10 - No control,04 - At/near private drive,07 - Dark,03 - P.D. only,05 - Turning movement,Crestview - Meadowlands
4172,CARLING AVE @ MAITLAND AVE/SHERBOURNE RD,362942.6979,5026487.081,-75.75764256,45.37591321,2015-02-13,19:03,01 - Clear,01 - Dry,01 - Traffic signal,02 - Intersection related,07 - Dark,03 - P.D. only,03 - Rear end,Carlingwood - McKellar Park - Laurentien View
4173,BERKELEY AVE @ TAY ST,362871.7742,5028160.766,-75.75835113,45.39097868,2015-02-10,5:50,01 - Clear,05 - Packed snow,03 - Yield sign,03 - At intersection,07 - Dark,03 - P.D. only,07 - SMV other,Westboro
4174,MERIVALE RD @ CAPILANO DR/WITHROW AVE,364642.2537,5024228.584,-75.73621832,45.35544851,2015-03-21,16:19,01 - Clear,02 - Wet,01 - Traffic signal,02 - Intersection related,01 - Daylight,03 - P.D. only,02 - Angle,Cityview - Skyline - Fisher Heights
4175,RODEO DR btwn HAYLOCK WAY & CLARIDGE DR,364655.3514,5015570.558,-75.7370973,45.27754312,2015-03-21,22:30,01 - Clear,06 - Ice,10 - No control,04 - At/near private drive,07 - Dark,03 - P.D. only,06 - SMV unattended vehicle,New Barrhaven