Record,Location,X,Y,lon,lat,Date,Time,Environment,Road_Surface,Traffic_Control,Collision_Location,Light,Collision_Classification,Impact_type,Neighborhood
4282,ALTA VISTA DR @ SMYTH RD,370434.6436,5029082.039,-75.66165111,45.39860001,2015-02-13,12:59,01 - Clear,01 - Dry,01 - Traffic signal,02 - Intersection related,01 - Daylight,03 - P.D. only,03 - Rear end,Alta Vista
4283,INNES RD @ JEANNE D'ARC BLVD/MER BLEUE RD,382638.7175,5035565.144,-75.50476611,45.45567936,2015-01-31,18:30,01 - Clear,01 - Dry,01 - Traffic signal,02 - Intersection related,07 - Dark,03 - P.D. only,03 - Rear end,Chapel Hill South
4284,KING EDWARD AVE @ MURRAY ST,368291.6998,5032751.172,-75.68854734,45.43181125,2015-02-01,7:19,01 - Clear,01 - Dry,01 - Traffic signal,02 - Intersection related,01 - Daylight,03 - P.D. only,04 - Sideswipe,Byward Market
4285,SPRINGFIELD RD btwn RIDEAU TER & PUTMAN AVE,369168.645,5034001.298,-75.67717727,45.44297922,2015-02-12,16:07,03 - Snow,06 - Ice,10 - No control,01 - Non intersection,01 - Daylight,03 - P.D. only,06 - SMV unattended vehicle,New Edinburgh
4286,GLADSTONE AVE @ O'CONNOR ST,368074.7112,5030659.052,-75.69158899,45.41300673,2015-02-12,16:00,01 - Clear,05 - Packed snow,01 - Traffic signal,02 - Intersection related,01 - Daylight,03 - P.D. only,03 - Rear end,Centretown
4287,BRADY AVE btwn IPSWICH TER & HALTON TER,349000.2372,5023200.709,-75.93594173,45.34735997,2015-03-30,17:19,01 - Clear,01 - Dry,10 - No control,04 - At/near private drive,01 - Daylight,03 - P.D. only,06 - SMV unattended vehicle,Morgan's Grant
4288,BANK ST @ KILBORN AVE/BELANGER AVE,369653.7199,5027428.03,-75.67184215,45.38379056,2015-03-30,21:09,01 - Clear,01 - Dry,01 - Traffic signal,03 - At intersection,07 - Dark,03 - P.D. only,99 - Other,Alta Vista
4289,WEST HUNT CLUB RD WB btwn MERIVALE RD & ROYDON PL,365783.2976,5022051.896,-75.7219246,45.33576469,2015-02-13,16:26,01 - Clear,01 - Dry,10 - No control,01 - Non intersection,01 - Daylight,03 - P.D. only,03 - Rear end,Industrial Park
4290,MONTREAL RD @ SHEFFORD RD,376124.7666,5034853.093,-75.58814464,45.44996804,2015-02-13,16:41,01 - Clear,01 - Dry,01 - Traffic signal,02 - Intersection related,01 - Daylight,03 - P.D. only,03 - Rear end,Beacon Hill South - Cardinal Heights
4291,UPLANDS DR @ GILLESPIE CRES S/FOXRUN LANE,368484.346,5022917.657,-75.68735437,45.34331467,2015-02-19,15:02,01 - Clear,06 - Ice,03 - Yield sign,02 - Intersection related,01 - Daylight,03 - P.D. only,03 - Rear end,Hunt Club Woods - Quintarra - Revelstoke - Riverside South P
4292,BASELINE RD @ CLYDE AVE,364357.7394,5024889.067,-75.73976975,45.36141567,2015-03-31,16:21,01 - Clear,01 - Dry,01 - Traffic signal,02 - Intersection related,01 - Daylight,03 - P.D. only,03 - Rear end,Braemar Park - Bel Air Heights - Copeland Park
4293,MONTREAL RD @ OGILVIE RD,375653.7711,5034557.068,-75.59420798,45.4473525,2015-03-31,16:58,01 - Clear,01 - Dry,01 - Traffic signal,02 - Intersection related,01 - Daylight,03 - P.D. only,02 - Angle,Beacon Hill South - Cardinal Heights
4294,CAMBRIAN RD @ TWIN ELM RD N,359362.6387,5009762.9,-75.80518929,45.22571552,2015-02-02,16:55,03 - Snow,03 - Loose snow,02 - Stop sign,03 - At intersection,01 - Daylight,03 - P.D. only,02 - Angle,Munster Hamlet - Richmond
4295,RIDEAU ST btwn CUMBERLAND ST & KING EDWARD AVE,368483.7554,5032396.722,-75.68613887,45.42860458,2015-02-02,17:00,01 - Clear,04 - Slush,10 - No control,04 - At/near private drive,01 - Daylight,03 - P.D. only,02 - Angle,Lowe
4296,EARL GREY DR @ ROLAND MICHENER DR,350772.6083,5018946.905,-75.91371992,45.30896931,2015-02-07,18:17,04 - Freezing Rain,02 - Wet,02 - Stop sign,03 - At intersection,07 - Dark,03 - P.D. only,02 - Angle,Kanata
4297,PRESTON ST btwn GLADSTONE AVE & LOUISA ST,366496.8263,5029695.347,-75.71186704,45.40447647,2015-02-07,16:00,01 - Clear,01 - Dry,10 - No control,01 - Non intersection,01 - Daylight,03 - P.D. only,05 - Turning movement,Little Italy
4298,EARL ARMSTRONG RD @ RIVER RD,367573.6824,5014684.879,-75.70001645,45.26931935,2015-02-08,10:30,03 - Snow,05 - Packed snow,01 - Traffic signal,02 - Intersection related,01 - Daylight,03 - P.D. only,03 - Rear end,Gloucester
4299,BRONSON AVE btwn BREWER WAY & RIVERSIDE DR RAMPS 34B & 42A-3,368387.9841,5027241.749,-75.68802747,45.3822305,2015-02-13,7:59,01 - Clear,06 - Ice,10 - No control,07 - Overpass or bridge,01 - Daylight,03 - P.D. only,04 - Sideswipe,Riverside Park
4300,CAMPEAU DR @ KANATA AVE,350595.831,5019400.498,-75.91593229,45.31306241,2015-01-14,21:00,01 - Clear,01 - Dry,01 - Traffic signal,02 - Intersection related,07 - Dark,03 - P.D. only,03 - Rear end,Kanata Lakes - Marchwood Lakeside - Morgan's Grant - Kanata
4301,CHURCHILL AVE @ RICHMOND RD,363227.6938,5028292.069,-75.75379044,45.39213052,2015-01-16,10:39,01 - Clear,04 - Slush,01 - Traffic signal,02 - Intersection related,01 - Daylight,03 - P.D. only,02 - Angle,Carlingwood - McKellar Park - Laurentien View
4302,APPLEFORD ST @ OGILVIE RD,375316.7271,5033685.173,-75.59864114,45.43954179,2015-02-15,10:48,01 - Clear,01 - Dry,01 - Traffic signal,02 - Intersection related,01 - Daylight,03 - P.D. only,03 - Rear end,Beacon Hill South - Cardinal Heights
4303,KIRKWOOD AVE @ RICHMOND RD,363778.6897,5028642.037,-75.74671216,45.39523328,2015-01-31,10:40,01 - Clear,02 - Wet,01 - Traffic signal,03 - At intersection,01 - Daylight,03 - P.D. only,05 - Turning movement,Westboro
4304,TENTH LINE RD @ CHARLEMAGNE BLVD N/TOMPKINS AV,383182.966,5037976.436,-75.49742396,45.47731318,2015-02-01,13:00,01 - Clear,03 - Loose snow,01 - Traffic signal,02 - Intersection related,01 - Daylight,03 - P.D. only,03 - Rear end,Queenswood Heights
4305,ST. JOSEPH BLVD btwn TENTH LINE RD & OR174 IC101 RAMP63,382938.0327,5038678.501,-75.50044466,45.48365718,2015-02-11,9:50,01 - Clear,03 - Loose snow,10 - No control,01 - Non intersection,01 - Daylight,03 - P.D. only,07 - SMV other,Queenswood Heights
4306,LEES AVE / GRAHAM AVE @ MAIN ST,369000.7429,5030560.088,-75.67977191,45.41203195,2015-02-10,14:20,03 - Snow,03 - Loose snow,01 - Traffic signal,02 - Intersection related,01 - Daylight,03 - P.D. only,05 - Turning movement,Old Ottawa East
4307,ST. JOSEPH BLVD btwn OR174 IC101 RAMP45 & SECOND AVE,383552.868,5039036.583,-75.49252337,45.48680977,2015-02-12,19:42,01 - Clear,02 - Wet,10 - No control,01 - Non intersection,07 - Dark,03 - P.D. only,04 - Sideswipe,Industrial Park
4308,GREENBANK RD btwn WEST HUNT CLUB RD & FALLOWFIELD RD,362893.7128,5017159.42,-75.75936281,45.2919875,2015-02-12,21:21,01 - Clear,06 - Ice,10 - No control,01 - Non intersection,07 - Dark,03 - P.D. only,01 - Approaching,Greenbelt
4309,RIDEAU ST @ WALLER ST,368281.784,5032274.102,-75.68873555,45.42751965,2015-01-08,14:48,01 - Clear,01 - Dry,01 - Traffic signal,02 - Intersection related,01 - Daylight,03 - P.D. only,04 - Sideswipe,Byward Market - Parliament Hill
4310,BANK ST @ GLADSTONE AVE,367916.7064,5030562.089,-75.69361991,45.41214856,2015-02-14,0:07,01 - Clear,03 - Loose snow,01 - Traffic signal,02 - Intersection related,07 - Dark,03 - P.D. only,03 - Rear end,Centretown
4311,VIEWMOUNT DR @ MERIVALE RD,365194.661,5022947.05,-75.72932496,45.34387008,2015-02-14,5:18,03 - Snow,03 - Loose snow,01 - Traffic signal,02 - Intersection related,07 - Dark,03 - P.D. only,01 - Approaching,Tanglewood
4312,INDUSTRIAL AVE/INNES RD @ ST. LAURENT BLVD,373100.6913,5030003.157,-75.6274741,45.40663281,2015-02-19,15:42,01 - Clear,01 - Dry,01 - Traffic signal,02 - Intersection related,01 - Daylight,03 - P.D. only,03 - Rear end,Industrial Park
4313,CARP RD @ HAZELDEAN RD,348804.5759,5014358.99,-75.93922359,45.26781177,2015-04-01,11:08,01 - Clear,01 - Dry,01 - Traffic signal,02 - Intersection related,01 - Daylight,03 - P.D. only,03 - Rear end,Stittsville
4314,NAVAHO DR @ WOODROFFE AVE/TRANSITWAY N BASELIN,362703.9007,5023493.337,-75.76104201,45.34899556,2015-04-01,15:24,01 - Clear,01 - Dry,01 - Traffic signal,02 - Intersection related,01 - Daylight,03 - P.D. only,03 - Rear end,Crestview - Meadowlands
4315,RIVERSIDE DR btwn MOONEY'S BAY PL & WALKLEY RD,368427.3986,5024966.782,-75.68781728,45.36175738,2015-02-03,0:24,05 - Drifting Snow,03 - Loose snow,10 - No control,01 - Non intersection,07 - Dark,03 - P.D. only,07 - SMV other,Riverside Park
4316,POULIN AVE @ RICHMOND RD,360325.6794,5024900.996,-75.79123191,45.36185396,2015-02-04,9:00,03 - Snow,04 - Slush,01 - Traffic signal,02 - Intersection related,01 - Daylight,03 - P.D. only,02 - Angle,Woodroffe - Lincoln Heights
4317,BYRON AVE btwn CLARENDON AVE & HARMER AVE N,364754.3181,5028840.099,-75.73422828,45.39693255,2015-02-07,20:01,03 - Snow,05 - Packed snow,10 - No control,01 - Non intersection,07 - Dark,03 - P.D. only,07 - SMV other,Island Park
4318,CLAYMOR AVE @ DYNES RD,366743.713,5025671.01,-75.7092186,45.36824467,2015-02-07,22:18,03 - Snow,05 - Packed snow,01 - Traffic signal,03 - At intersection,07 - Dark,03 - P.D. only,05 - Turning movement,Carleton Heights - Rideauview
4319,CONROY RD @ JOHNSTON RD,373396.8071,5026308.942,-75.62420525,45.37336494,2015-02-13,6:35,01 - Clear,06 - Ice,01 - Traffic signal,02 - Intersection related,03 - Dawn,03 - P.D. only,03 - Rear end,Hunt Club
4320,BELCOURT BLVD @ INNES RD,382122.3411,5035269.332,-75.51141393,45.45307522,2015-02-14,8:15,03 - Snow,03 - Loose snow,01 - Traffic signal,02 - Intersection related,01 - Daylight,03 - P.D. only,02 - Angle,Chapel Hill South
4321,INNES RD @ STAR TOP RD/WINDMILL LANE,374146.7619,5030666.079,-75.61401912,45.41249459,2015-01-13,12:42,01 - Clear,01 - Dry,01 - Traffic signal,03 - At intersection,01 - Daylight,03 - P.D. only,05 - Turning movement,Industrial Park
4322,TYRRELL PL @ MOODIE DR,357326.6484,5019853.995,-75.83004669,45.31667181,2015-01-17,16:05,01 - Clear,01 - Dry,01 - Traffic signal,03 - At intersection,01 - Daylight,03 - P.D. only,05 - Turning movement,Bells Corners East
4323,INNES RD btwn PRESTWICK DR & TENTH LINE RD,383816.4993,5036104.46,-75.48962285,45.46039945,2015-01-18,12:17,01 - Clear,02 - Wet,10 - No control,01 - Non intersection,01 - Daylight,03 - P.D. only,03 - Rear end,Queenswood Heights
4324,QUEEN MARY ST btwn NAUGHTON ST & FRANCES ST,371506.1134,5032088.098,-75.64755996,45.42554599,2015-02-15,17:24,01 - Clear,03 - Loose snow,10 - No control,01 - Non intersection,07 - Dark,03 - P.D. only,06 - SMV unattended vehicle,Overbrook
4325,OR174 IC105 RAMP36 btwn JEANNE D'ARC BLVD N & OR174 IC105 RAMP16,379310.3183,5037086.812,-75.54708582,45.46973302,2015-02-02,9:36,03 - Snow,03 - Loose snow,10 - No control,01 - Non intersection,01 - Daylight,03 - P.D. only,03 - Rear end,Greenbelt
4326,LYON ST @ WELLINGTON ST,366934.3071,5031424.72,-75.70606107,45.41999817,2015-02-04,5:35,03 - Snow,03 - Loose snow,01 - Traffic signal,03 - At intersection,07 - Dark,03 - P.D. only,05 - Turning movement,Downtown
4327,ARGYLE AVE @ O'CONNOR ST,368183.7469,5030485.091,-75.69021844,45.41143162,2015-02-11,12:06,01 - Clear,02 - Wet,01 - Traffic signal,03 - At intersection,01 - Daylight,03 - P.D. only,02 - Angle,Centretown
4328,GLOUCESTER ST @ LYON ST,367196.6258,5031001.091,-75.70276319,45.41616314,2015-02-11,13:12,01 - Clear,02 - Wet,01 - Traffic signal,03 - At intersection,01 - Daylight,03 - P.D. only,07 - SMV other,Downtown
4329,OTTAWA RIVER PKWY btwn VIMY PLACE PRIV & BOOTH ST,366177.4422,5030945.054,-75.71579096,45.41574908,2015-02-13,6:43,03 - Snow,06 - Ice,10 - No control,01 - Non intersection,03 - Dawn,03 - P.D. only,07 - SMV other,LeBreton Flats
4330,DUROCHER ST @ MONTREAL RD,370136.7085,5033100.14,-75.66492347,45.43478118,2015-01-22,16:35,05 - Drifting Snow,02 - Wet,02 - Stop sign,03 - At intersection,01 - Daylight,03 - P.D. only,05 - Turning movement,Vanier
4331,HIGHWAY 417 btwn HWY417 IC118 RAMP67 & HWY417 IC117 RAMP36,370190.2851,5031114.584,-75.66450237,45.41691095,2015-02-05,3:15,01 - Clear,02 - Wet,10 - No control,01 - Non intersection,07 - Dark,03 - P.D. only,07 - SMV other,Old Ottawa East
4332,HAZELDEAN RD btwn FRINGEWOOD DR & HUNTMAR DR,350851.9955,5015998.95,-75.91298132,45.28243757,2015-02-14,6:08,03 - Snow,06 - Ice,10 - No control,01 - Non intersection,07 - Dark,03 - P.D. only,07 - SMV other,Stittsville
4333,PRINCE OF WALES DR btwn RIDEAU GLEN DR & FALLOWFIELD RD,367454.5306,5018015.979,-75.70111416,45.29930289,2015-02-14,6:36,03 - Snow,03 - Loose snow,10 - No control,01 - Non intersection,07 - Dark,03 - P.D. only,07 - SMV other,Greenbelt
4334,STAGECOACH RD btwn APPLE ORCHARD RD & WELLWOOD ST,376285.2834,5012495.996,-75.58932454,45.24879297,2015-02-14,9:53,03 - Snow,03 - Loose snow,10 - No control,01 - Non intersection,01 - Daylight,03 - P.D. only,07 - SMV other,Greely
4335,"EGLISE, RUE DE L btwn MONTREAL RD & COLLEGE CIRC",371258.8858,5033418.664,-75.65053935,45.43754136,2015-02-21,12:41,03 - Snow,04 - Slush,10 - No control,01 - Non intersection,01 - Daylight,03 - P.D. only,05 - Turning movement,Vanier South
4336,BRITTANY DR btwn BANGS ST & TRURO ST,371681.6101,5034363.142,-75.64500845,45.44599902,2015-01-29,18:11,01 - Clear,01 - Dry,10 - No control,01 - Non intersection,07 - Dark,03 - P.D. only,03 - Rear end,Rockcliffe - Manor Park
4337,PRINCE OF WALES DR btwn FALLOWFIELD RD & AMBERWOOD CRES,367372.9005,5019485.822,-75.70196934,45.31253561,2015-01-30,9:11,03 - Snow,06 - Ice,10 - No control,01 - Non intersection,01 - Daylight,03 - P.D. only,01 - Approaching,Greenbelt
4338,MONTREAL RD btwn STE. ANNE ST & MONA AVE,370732.4685,5033430.395,-75.65726558,45.43769675,2015-02-04,14:40,03 - Snow,03 - Loose snow,10 - No control,01 - Non intersection,01 - Daylight,03 - P.D. only,03 - Rear end,Vanier South
4339,BANK ST @ JOHNSTON RD,370851.7305,5024839.046,-75.65689186,45.36038382,2015-02-06,7:29,03 - Snow,05 - Packed snow,01 - Traffic signal,03 - At intersection,01 - Daylight,03 - P.D. only,02 - Angle,South Keys - Heron Gate - Greenboro West
4340,KIRKWOOD AVE btwn CARLING AVE & COLDREY AVE,364362.3029,5027315.862,-75.73941886,45.3832512,2015-02-08,3:34,03 - Snow,03 - Loose snow,10 - No control,01 - Non intersection,07 - Dark,03 - P.D. only,03 - Rear end,Carlington
4341,HWY 417 INNES IC112R58 @ INNES RD,374225.4215,5030710.98,-75.61300796,45.41289079,2015-02-17,6:56,01 - Clear,01 - Dry,03 - Yield sign,02 - Intersection related,03 - Dawn,03 - P.D. only,03 - Rear end,Industrial Park
4342,MARIELLE CRT btwn RICHMOND RD & END,359958.1793,5024251.368,-75.79599507,45.35603763,2015-01-15,12:30,01 - Clear,01 - Dry,10 - No control,04 - At/near private drive,01 - Daylight,03 - P.D. only,06 - SMV unattended vehicle,Whitehaven - Queensway Terrace North
4343,HUNT CLUB RD @ RIVERSIDE DR,368036.703,5021945.017,-75.69319026,45.33460355,2015-01-19,12:30,01 - Clear,01 - Dry,01 - Traffic signal,02 - Intersection related,01 - Daylight,03 - P.D. only,03 - Rear end,Hunt Club Woods - Quintarra - Revelstoke - Riverside South P
4344,ALBION RD btwn BANK ST & DES MESANGES DR,371950.7704,5024119.204,-75.64296267,45.35380253,2015-01-21,8:19,01 - Clear,04 - Slush,10 - No control,04 - At/near private drive,01 - Daylight,03 - P.D. only,05 - Turning movement,Emerald Woods - Sawmill Creek
4345,ST. JOSEPH BLVD @ TENTH LINE RD,382890.8038,5038665.971,-75.50105072,45.48354973,2015-02-17,6:37,01 - Clear,06 - Ice,01 - Traffic signal,02 - Intersection related,03 - Dawn,03 - P.D. only,04 - Sideswipe,Industrial Park
4346,ST. LAURENT BLVD btwn DONALD ST & 125 N OF QUEEN MARY ST,372139.978,5032365.115,-75.63942282,45.42797773,2015-02-17,23:17,01 - Clear,01 - Dry,10 - No control,01 - Non intersection,07 - Dark,03 - P.D. only,04 - Sideswipe,Overbrook
4347,RENAUD RD @ NAVAN RD,381816.7611,5032737.031,-75.51571655,45.43032535,2015-02-04,10:37,03 - Snow,03 - Loose snow,01 - Traffic signal,02 - Intersection related,01 - Daylight,03 - P.D. only,07 - SMV other,Chapel Hill South
4348,BELCOURT BLVD @ ST. JOSEPH BLVD,381204.2332,5037358.85,-75.5228257,45.47197598,2015-02-11,14:00,01 - Clear,01 - Dry,01 - Traffic signal,02 - Intersection related,01 - Daylight,03 - P.D. only,03 - Rear end,Orleans Village - Chateauneuf
4349,PETER MORAND CRES btwn ROGER GUINDON AVE & ROGER GUINDON AVE,372141.447,5029623.904,-75.63977862,45.4033134,2015-02-11,13:00,03 - Snow,05 - Packed snow,10 - No control,01 - Non intersection,01 - Daylight,03 - P.D. only,06 - SMV unattended vehicle,Elmvale - Eastway - Riverview - Riverview Park West
4350,BRONSON AVE/BRONSON/HERON RAMP 35 @ HERON RD,368639.5504,5026699.099,-75.68488564,45.37732501,2015-02-13,7:57,01 - Clear,06 - Ice,01 - Traffic signal,02 - Intersection related,01 - Daylight,03 - P.D. only,03 - Rear end,Riverside Park
4351,INDUSTRIAL AVE/INNES RD @ ST. LAURENT BLVD,373101.6551,5030003.157,-75.62746179,45.40663271,2015-02-13,8:54,01 - Clear,06 - Ice,01 - Traffic signal,02 - Intersection related,01 - Daylight,03 - P.D. only,03 - Rear end,Industrial Park
4352,WOODCLIFFE PRIV @ JEANNE D'ARC BLVD,380105.1579,5036225.845,-75.53705394,45.46190147,2015-01-26,8:30,01 - Clear,01 - Dry,02 - Stop sign,02 - Intersection related,01 - Daylight,03 - P.D. only,03 - Rear end,Chapel Hill
4353,WEST HUNT CLUB RD WB btwn 210 W OF MERIVALE RD & MERIVALE RD,365587.635,5021929.486,-75.72443583,45.33468024,2015-02-14,2:25,03 - Snow,05 - Packed snow,10 - No control,01 - Non intersection,07 - Dark,03 - P.D. only,04 - Sideswipe,Tanglewood
4354,BOTELER ST @ KING EDWARD AVE,367977.6428,5033245.908,-75.69249724,45.43629115,2015-02-14,10:02,03 - Snow,04 - Slush,03 - Yield sign,02 - Intersection related,01 - Daylight,03 - P.D. only,04 - Sideswipe,Lower Town
4355,CYRVILLE RD @ INNES RD,375046.7608,5031118.118,-75.60245763,45.41647203,2015-02-21,14:12,03 - Snow,03 - Loose snow,01 - Traffic signal,02 - Intersection related,01 - Daylight,03 - P.D. only,03 - Rear end,Industrial Park
4356,KING EDWARD AVE @ OSGOODE ST/THOMAS MORE PRIV,368848.7429,5031852.093,-75.68154573,45.42367088,2015-02-06,7:40,03 - Snow,03 - Loose snow,01 - Traffic signal,02 - Intersection related,01 - Daylight,03 - P.D. only,03 - Rear end,Sandy Hill
4357,BANK ST btwn QUEENSDALE AVE & LESTER RD,373359.8754,5023425.754,-75.62507666,45.34742677,2015-02-06,8:30,01 - Clear,03 - Loose snow,10 - No control,04 - At/near private drive,01 - Daylight,03 - P.D. only,03 - Rear end,Blossom Park - Blossom Park West - Sawmill Creek/ Timbermill
4358,BANK ST @ CHAMBERLAIN AVE N/ISABELLA ST,368082.7121,5030166.08,-75.69155006,45.40857041,2015-02-08,8:48,03 - Snow,03 - Loose snow,01 - Traffic signal,02 - Intersection related,01 - Daylight,03 - P.D. only,03 - Rear end,The Glebe
4359,ST. JOSEPH BLVD btwn PLACE D'ORLEANS DR & ST. JOSEPH BLVD,381676.8677,5037740.032,-75.51672218,45.47535366,2015-02-21,16:40,03 - Snow,03 - Loose snow,10 - No control,01 - Non intersection,01 - Daylight,03 - P.D. only,03 - Rear end,Industrial Park
4360,MER BLEUE RD @ 210 S OF INNES RD,382729.7148,5035377.237,-75.50363258,45.45397859,2015-02-22,7:32,01 - Clear,06 - Ice,01 - Traffic signal,02 - Intersection related,01 - Daylight,03 - P.D. only,07 - SMV other,Orl¨¦ans
4361,KING EDWARD AVE @ TEMPLETON ST,369059.709,5031508.064,-75.67889503,45.42055608,2015-01-17,17:30,01 - Clear,02 - Wet,01 - Traffic signal,02 - Intersection related,05 - Dusk,03 - P.D. only,03 - Rear end,Sandy Hill
4362,MERIVALE RD @ WEST HUNT CLUB RD,365612.6952,5021942.98,-75.72411447,45.33479948,2015-01-20,7:00,01 - Clear,01 - Dry,01 - Traffic signal,02 - Intersection related,07 - Dark,03 - P.D. only,04 - Sideswipe,Tanglewood
4363,LYON ST @ WELLINGTON ST,366934.3071,5031424.72,-75.70606107,45.41999817,2015-01-21,15:41,01 - Clear,01 - Dry,01 - Traffic signal,02 - Intersection related,01 - Daylight,03 - P.D. only,05 - Turning movement,Downtown
4364,RIVERSIDE DR @ SMYTH RD SOUTH SIDE RAMP,369786.5172,5028997.494,-75.66993986,45.39789976,2015-01-21,18:30,01 - Clear,01 - Dry,01 - Traffic signal,03 - At intersection,07 - Dark,03 - P.D. only,03 - Rear end,Alta Vista
4365,MITCH OWENS RD btwn TURN LANE & SALE BARN RD,378324.0657,5016313.067,-75.56279021,45.28292742,2015-02-17,23:30,01 - Clear,02 - Wet,10 - No control,01 - Non intersection,07 - Dark,03 - P.D. only,07 - SMV other,Osgoode
4366,ROSEMOUNT AVE btwn WELLINGTON ST W & GLADSTONE AVE,365448.0083,5029243.355,-75.72531929,45.40050121,2015-02-18,8:15,01 - Clear,04 - Slush,10 - No control,01 - Non intersection,01 - Daylight,03 - P.D. only,01 - Approaching,Civi
4367,RIVER RD btwn KILBY LANE & WATERFRONT CRT,372274.6377,5007465.508,-75.64109354,45.20392532,2015-02-04,17:00,03 - Snow,06 - Ice,10 - No control,01 - Non intersection,07 - Dark,03 - P.D. only,01 - Approaching,Manotick
4368,GREENBANK RD btwn WEST HUNT CLUB RD & FALLOWFIELD RD,361592.3584,5020281.385,-75.77559472,45.32018539,2015-02-05,0:20,03 - Snow,04 - Slush,10 - No control,01 - Non intersection,07 - Dark,03 - P.D. only,07 - SMV other,Woodvale - Craig Henry - Manordale - Estates of Arlington Wo
4369,INNES RD btwn 240 E OF TENTH LINE RD/HOME DEPOT E & DORIMA ST,384225.4952,5036284.38,-75.48436481,45.46197183,2015-02-11,17:45,01 - Clear,01 - Dry,10 - No control,01 - Non intersection,07 - Dark,03 - P.D. only,03 - Rear end,Fallingbrook
4370,BASELINE RD btwn ST. HELEN'S PL & CLYDE AVE,364230.9129,5024810.378,-75.74139796,45.3607184,2015-02-11,19:04,03 - Snow,04 - Slush,10 - No control,04 - At/near private drive,07 - Dark,03 - P.D. only,02 - Angle,Braemar Park - Bel Air Heights - Copeland Park
4371,MCARTHUR AVE @ VANIER PKWY,370219.6689,5032689.14,-75.66391786,45.43107542,2015-02-13,17:40,01 - Clear,01 - Dry,01 - Traffic signal,02 - Intersection related,05 - Dusk,03 - P.D. only,04 - Sideswipe,Vanier South
4372,ABBEYHILL DR @ EAGLESON RD,353830.8293,5018040.754,-75.8748109,45.30060872,2015-02-13,20:32,03 - Snow,03 - Loose snow,01 - Traffic signal,02 - Intersection related,07 - Dark,03 - P.D. only,99 - Other,Greenbelt
4373,OGILVIE RD @ 125 E OF ELMLEA GT ,375091.9661,5033552.11,-75.60153273,45.43836719,2015-01-27,16:15,01 - Clear,01 - Dry,01 - Traffic signal,02 - Intersection related,01 - Daylight,03 - P.D. only,03 - Rear end,Beacon Hill South - Cardinal Heights
4374,MONTREAL RD/HANNAH ST @ CODY AVE,370254.6932,5033169.622,-75.66340641,45.43539532,2015-01-30,12:34,01 - Clear,05 - Packed snow,01 - Traffic signal,02 - Intersection related,01 - Daylight,03 - P.D. only,04 - Sideswipe,Vanier
4375,MACKENZIE AVE @ MURRAY ST,367638.7392,5032384.068,-75.69693849,45.42856715,2015-02-14,12:15,03 - Snow,03 - Loose snow,01 - Traffic signal,02 - Intersection related,01 - Daylight,03 - P.D. only,03 - Rear end,Byward Market - Parliament Hill
4376,HAWTHORNE RD/RUSSELL RD @ WALKLEY RD,374673.78,5028499.059,-75.60759375,45.39294442,2015-02-14,12:45,03 - Snow,03 - Loose snow,01 - Traffic signal,02 - Intersection related,01 - Daylight,03 - P.D. only,04 - Sideswipe,Sheffield Glen
4377,BESSERER ST @ WALLER ST,368314.9694,5032191.496,-75.68832216,45.42677337,2015-02-23,13:04,01 - Clear,01 - Dry,01 - Traffic signal,02 - Intersection related,01 - Daylight,03 - P.D. only,04 - Sideswipe,Byward Market - Parliament Hill
4378,BASELINE RD @ SANDCASTLE DR,359630.6329,5021987.011,-75.80042637,45.33568863,2015-02-23,14:10,01 - Clear,01 - Dry,01 - Traffic signal,03 - At intersection,01 - Daylight,03 - P.D. only,05 - Turning movement,Briar Green - Leslie Park
4379,RIDEAU ST btwn 88 W OF WILLIAM ST & WILLIAM ST,368079.971,5032144.575,-75.691331,45.42637249,2015-01-31,14:16,01 - Clear,01 - Dry,10 - No control,01 - Non intersection,01 - Daylight,03 - P.D. only,04 - Sideswipe,Byward Market - Parliament Hill
4380,ISABELLA ST/HWY417 IC119AR75 @ METCALFE ST,368447.7426,5030399.083,-75.68685711,45.41063379,2015-02-01,13:31,01 - Clear,01 - Dry,01 - Traffic signal,02 - Intersection related,01 - Daylight,03 - P.D. only,04 - Sideswipe,The Glebe
4381,PRINCE OF WALES DR btwn FOREST HILL AVE & BASELINE RD/HERON RD,366847.4296,5026336.289,-75.7078111,45.37422152,2015-02-06,9:21,03 - Snow,03 - Loose snow,10 - No control,01 - Non intersection,01 - Daylight,03 - P.D. only,03 - Rear end,Civic Hospital - Experimental Farm - Central Park
4382,LEES AVE / GRAHAM AVE @ MAIN ST,369001.5303,5030560.537,-75.6797618,45.41203591,2015-02-06,9:23,03 - Snow,04 - Slush,01 - Traffic signal,02 - Intersection related,01 - Daylight,03 - P.D. only,04 - Sideswipe,Old Ottawa East
4383,MOODIE DR @ 340 S OF CARLING AVE/NORTEL NORTH ,356002.7218,5023615.956,-75.84654246,45.35062015,2015-02-08,17:02,03 - Snow,03 - Loose snow,01 - Traffic signal,02 - Intersection related,05 - Dusk,03 - P.D. only,02 - Angle,Greenbelt
4384,SHEA RD btwn BROWNLEE RD & GARVIN RD,355903.8852,5008867.409,-75.84932267,45.21791708,2015-02-09,6:05,01 - Clear,05 - Packed snow,10 - No control,01 - Non intersection,07 - Dark,03 - P.D. only,07 - SMV other,Stittsville - Basswood