Record,Location,X,Y,lon,lat,Date,Time,Environment,Road_Surface,Traffic_Control,Collision_Location,Light,Collision_Classification,Impact_type,Neighborhood
4385,BELFAST RD @ ST. LAURENT BLVD,372859.7602,5030577.116,-75.63047234,45.41182049,2015-01-22,20:47,01 - Clear,01 - Dry,01 - Traffic signal,02 - Intersection related,07 - Dark,03 - P.D. only,03 - Rear end,Industrial Park
4386,TENTH LINE RD btwn 275 N OF DES EPINETTES AVE/FALLINGBROOK SC & DES EP,383582.1578,5037039.672,-75.49246899,45.46884011,2015-01-26,9:13,01 - Clear,06 - Ice,10 - No control,01 - Non intersection,01 - Daylight,03 - P.D. only,03 - Rear end,Orl¨¦ans
4387,CONROY RD @ THURSTON DR,373204.5305,5026795.899,-75.62659237,45.37776518,2015-01-22,10:43,01 - Clear,01 - Dry,01 - Traffic signal,03 - At intersection,01 - Daylight,03 - P.D. only,02 - Angle,Industrial Park
4388,ALTA VISTA DR @ BANK ST,370249.033,5026200.257,-75.66440377,45.3726881,2015-01-23,10:57,01 - Clear,01 - Dry,01 - Traffic signal,02 - Intersection related,01 - Daylight,03 - P.D. only,04 - Sideswipe,Ledbury - Heron Gate - Ridgemont - Elmwood
4389,LAVAL ST @ LOYER ST,369410.6864,5033569.111,-75.67414032,45.43906825,2015-01-03,14:11,03 - Snow,03 - Loose snow,02 - Stop sign,03 - At intersection,01 - Daylight,03 - P.D. only,02 - Angle,Vanier North
4390,INDUSTRIAL AVE btwn NEIGHBORHOOD WAY & TRAINYARDS DR,371618.4852,5030546.708,-75.64633314,45.41166651,2015-02-10,6:53,01 - Clear,02 - Wet,10 - No control,04 - At/near private drive,03 - Dawn,03 - P.D. only,04 - Sideswipe,Industrial Park
4391,AIRPORT PKWY btwn RAMP & RAMP (1),368952.6753,5026202.466,-75.68095253,45.37282785,2015-02-05,7:25,01 - Clear,02 - Wet,10 - No control,01 - Non intersection,01 - Daylight,03 - P.D. only,03 - Rear end,Riverside Park
4392,BECKENHAM LANE @ MONTREAL RD,374501.7956,5034383.061,-75.60895764,45.44590271,2015-02-03,14:45,01 - Clear,01 - Dry,02 - Stop sign,03 - At intersection,01 - Daylight,03 - P.D. only,05 - Turning movement,Beacon Hill South - Cardinal Heights
4393,OTTAWA RIVER PKWY @ ISLAND PARK DR,363299.6592,5029452.118,-75.75273384,45.40256244,2015-02-11,17:30,01 - Clear,05 - Packed snow,01 - Traffic signal,02 - Intersection related,05 - Dusk,03 - P.D. only,03 - Rear end,Westboro
4394,ROGER STEVENS DR btwn DORACK DR & FIRST LINE RD,371356.0301,5002333.231,-75.65347016,45.15783265,2015-02-11,20:11,03 - Snow,03 - Loose snow,10 - No control,01 - Non intersection,07 - Dark,03 - P.D. only,01 - Approaching,Manotick - North Gower
4395,OR174 IC112 RAMP15 @ REGIONAL RD 174,375114.4458,5033065.313,-75.60131496,45.43398501,2015-02-14,7:39,05 - Drifting Snow,03 - Loose snow,10 - No control,02 - Intersection related,01 - Daylight,03 - P.D. only,07 - SMV other,Greenbelt
4396,REGIONAL ROAD 174 btwn OR174 IC112 RAMP51 & OR174 IC112 RAMP15,374948.0201,5032932.944,-75.60346064,45.43281075,2015-02-14,8:14,05 - Drifting Snow,06 - Ice,10 - No control,01 - Non intersection,01 - Daylight,03 - P.D. only,04 - Sideswipe,Greenbelt
4397,LEMIEUX ST @ ST. LAURENT BLVD,372389.797,5031742.082,-75.63631609,45.42234787,2015-01-31,14:32,01 - Clear,01 - Dry,01 - Traffic signal,02 - Intersection related,01 - Daylight,03 - P.D. only,03 - Rear end,Overbrook
4398,HUNT CLUB RD @ LORRY GREENBERG DR/SABLE RIDGE ,372824.7026,5024806.059,-75.63171554,45.35989836,2015-01-31,14:29,01 - Clear,01 - Dry,01 - Traffic signal,03 - At intersection,01 - Daylight,03 - P.D. only,05 - Turning movement,Greenboro East
4399,DUNLIN RIDGE btwn BRAMBLING WAY & RIVER MIST RD,364661.3967,5012337.511,-75.73740984,45.24845161,2015-12-10,16:00,02 - Rain,02 - Wet,10 - No control,01 - Non intersection,05 - Dusk,03 - P.D. only,06 - SMV unattended vehicle,New Barrhaven
4400,BROADVIEW AVE @ BYRON AVE,362695.883,5027833.769,-75.76063566,45.38805097,2015-02-14,16:31,03 - Snow,03 - Loose snow,02 - Stop sign,03 - At intersection,01 - Daylight,03 - P.D. only,02 - Angle,Carlingwood - McKellar Park - Laurentien View
4401,HUNT CLUB RD btwn LINDBERGH PRIV & NORTH BOWESVILLE RD,368645.368,5022302.337,-75.68537925,45.33776352,2015-02-25,7:35,03 - Snow,05 - Packed snow,10 - No control,01 - Non intersection,01 - Daylight,03 - P.D. only,03 - Rear end,Hunt Club - Ottawa Airport
4402,COLONEL BY DR/MACKENZIE AVE @ DALY AVE,368001.7477,5031904.098,-75.69236139,45.42421584,2015-02-25,8:45,03 - Snow,03 - Loose snow,01 - Traffic signal,02 - Intersection related,01 - Daylight,03 - P.D. only,03 - Rear end,Byward Market - Parliament Hill
4403,KNUDSON DR btwn SHAUGHNESSY CRES & GOULDING CRES,350742.0799,5020620.117,-75.91395405,45.32402729,2015-02-02,15:30,03 - Snow,05 - Packed snow,10 - No control,04 - At/near private drive,01 - Daylight,03 - P.D. only,02 - Angle,Kanata Lakes - Marchwood Lakeside - Morgan's Grant - Kanata
4404,BASELINE RD @ CLYDE AVE,364359.6672,5024890.031,-75.73974503,45.36142418,2015-02-06,9:35,01 - Clear,03 - Loose snow,01 - Traffic signal,03 - At intersection,01 - Daylight,03 - P.D. only,02 - Angle,Braemar Park - Bel Air Heights - Copeland Park
4405,BASELINE RD @ GREENBANK RD,360597.6843,5022583.054,-75.78802168,45.34097558,2015-02-09,7:28,03 - Snow,04 - Slush,01 - Traffic signal,02 - Intersection related,01 - Daylight,03 - P.D. only,03 - Rear end,Qualicum - Redwood Park
4406,BANK ST btwn SIEVERIGHT AVE & ATHANS AVE,372292.2621,5024100.171,-75.63860734,45.35359849,2015-02-09,7:56,03 - Snow,03 - Loose snow,10 - No control,04 - At/near private drive,01 - Daylight,03 - P.D. only,03 - Rear end,Blossom Park - Blossom Park West - Sawmill Creek/ Timbermill
4407,LYON ST @ WELLINGTON ST,366936.2349,5031427.612,-75.70603607,45.42002402,2015-03-06,10:31,01 - Clear,01 - Dry,01 - Traffic signal,03 - At intersection,01 - Daylight,03 - P.D. only,04 - Sideswipe,Downtown
4408,BANK ST @ RIVERSIDE DR N,369225.7159,5027982.1,-75.67723471,45.3888154,2015-01-26,10:41,01 - Clear,06 - Ice,01 - Traffic signal,02 - Intersection related,01 - Daylight,03 - P.D. only,03 - Rear end,Alta Vista
4409,WELLINGTON ST btwn LYON ST N & KENT ST,367021.7765,5031480.22,-75.7049365,45.42048977,2015-01-26,17:13,01 - Clear,01 - Dry,10 - No control,01 - Non intersection,05 - Dusk,03 - P.D. only,01 - Approaching,Downtown
4410,CARLING AVE/STATION RD @ MARCH RD,350906.6529,5022246.026,-75.91170339,45.3386468,2015-01-23,18:32,01 - Clear,04 - Slush,01 - Traffic signal,02 - Intersection related,07 - Dark,03 - P.D. only,03 - Rear end,South March
4411,BANK ST btwn ALTA VISTA DR & WALKLEY RD,370254.8161,5026181.944,-75.66433237,45.37252278,2015-01-25,13:20,01 - Clear,01 - Dry,10 - No control,01 - Non intersection,01 - Daylight,03 - P.D. only,04 - Sideswipe,Ledbury - Heron Gate - Ridgemont - Elmwood
4412,FIFTH AVE btwn MONK ST & BANK ST,368383.6931,5029390.755,-75.68780534,45.401567,2015-01-09,14:56,01 - Clear,03 - Loose snow,10 - No control,01 - Non intersection,01 - Daylight,03 - P.D. only,01 - Approaching,The Glebe
4413,ROBLYN WAY btwn MARKLAND CRES & MARKLAND CRES,365921.4917,5016152.878,-75.72088913,45.28267387,2015-02-11,19:19,03 - Snow,06 - Ice,10 - No control,04 - At/near private drive,07 - Dark,03 - P.D. only,06 - SMV unattended vehicle,Chapman Mills - Rideau Crest - Davidson Heights
4414,INNES RD btwn 298 E OF WILDFLOWER DR & LANTHIER DR/PRESTWICK DR,383443.4137,5035951.456,-75.49441719,45.45906495,2015-02-06,1:11,01 - Clear,01 - Dry,10 - No control,01 - Non intersection,07 - Dark,03 - P.D. only,07 - SMV other,Queenswood Heights
4415,INDUSTRIAL AVE btwn RUSSELL RD & ST. LAURENT BLVD,372997.9876,5029962.66,-75.62879156,45.40627845,2015-02-08,10:19,03 - Snow,05 - Packed snow,10 - No control,01 - Non intersection,01 - Daylight,03 - P.D. only,01 - Approaching,Industrial Park
4416,BYRON AVE @ KIRKWOOD AVE,363863.7994,5028433,-75.74565025,45.39334523,2015-02-11,20:56,03 - Snow,05 - Packed snow,01 - Traffic signal,03 - At intersection,07 - Dark,03 - P.D. only,02 - Angle,Westboro
4417,RIVERSIDE DR @ TREMBLAY RD/HWY417 IC117 RAMP52,370801.1142,5031016.39,-75.65671175,45.41597009,2015-02-14,11:09,05 - Drifting Snow,06 - Ice,01 - Traffic signal,02 - Intersection related,01 - Daylight,03 - P.D. only,03 - Rear end,Industrial Park
4418,LANCASTER RD btwn BARBERRY LANE & WALKLEY RD,374902.9574,5028628.083,-75.6046488,45.3940824,2015-02-14,15:54,03 - Snow,06 - Ice,10 - No control,04 - At/near private drive,01 - Daylight,03 - P.D. only,02 - Angle,Industrial Park
4419,ST. LAURENT BLVD btwn BELFAST RD & INDUSTRIAL AVE,372870.3627,5030559.767,-75.6303393,45.41166336,2015-02-02,12:12,03 - Snow,04 - Slush,10 - No control,01 - Non intersection,01 - Daylight,03 - P.D. only,03 - Rear end,Industrial Park
4420,DELMAR DR @ KILBORN AVE,372097.6532,5027943.056,-75.64056728,45.38819403,2015-02-04,9:00,03 - Snow,03 - Loose snow,02 - Stop sign,03 - At intersection,01 - Daylight,03 - P.D. only,05 - Turning movement,Playfair Park - Lynda Park - Guildwood Estates
4421,PRINCE OF WALES DR @ MEADOWLANDS DR/HOG'S BACK,367372.8828,5025692.995,-75.70118454,45.36838659,2015-02-14,14:00,03 - Snow,04 - Slush,01 - Traffic signal,02 - Intersection related,01 - Daylight,03 - P.D. only,03 - Rear end,Carleton Heights - Rideauview
4422,TERRY FOX DR @ 240 S OF EDGEWATER ST,351970.9183,5017474.714,-75.89857902,45.2956427,2015-02-14,17:12,03 - Snow,03 - Loose snow,01 - Traffic signal,03 - At intersection,07 - Dark,03 - P.D. only,02 - Angle,Katimavik - Hazeldean
4423,FLORENCE ST btwn BAY ST & LYON ST N,367486.6681,5030395.906,-75.69913467,45.41069195,2015-02-26,7:00,01 - Clear,01 - Dry,10 - No control,04 - At/near private drive,03 - Dawn,03 - P.D. only,02 - Angle,Centretown
4424,BASELINE RD @ COLLEGE SQUARE SC,362760.4512,5023897.858,-75.76027297,45.35263074,2015-02-27,18:02,01 - Clear,01 - Dry,01 - Traffic signal,02 - Intersection related,07 - Dark,03 - P.D. only,03 - Rear end,Braemar Park - Bel Air Heights - Copeland Park
4425,LACASSE AVE @ MCARTHUR AVE,370823.711,5032755.127,-75.65619002,45.43161238,2015-02-05,9:05,01 - Clear,02 - Wet,02 - Stop sign,02 - Intersection related,01 - Daylight,03 - P.D. only,02 - Angle,Vanier South
4426,MURRAY ST btwn SUSSEX DR & PARENT AVE,367784.3281,5032439.576,-75.69507099,45.4290535,2015-02-05,9:30,01 - Clear,02 - Wet,10 - No control,01 - Non intersection,01 - Daylight,03 - P.D. only,04 - Sideswipe,Byward Market
4427,O'CONNOR ST @ WELLINGTON ST,367412.7353,5031723.064,-75.6999105,45.42263992,2015-02-06,9:41,03 - Snow,03 - Loose snow,01 - Traffic signal,02 - Intersection related,01 - Daylight,03 - P.D. only,04 - Sideswipe,Downtown
4428,COVENTRY RD btwn BELFAST RD & ST. LAURENT SC WEST,371923.7586,5031699.841,-75.64227636,45.42201268,2015-02-06,10:04,03 - Snow,04 - Slush,10 - No control,01 - Non intersection,01 - Daylight,03 - P.D. only,99 - Other,Overbrook
4429,BRITTANY DR btwn KRISTIN WAY & MONTREAL RD,371903.271,5034017.861,-75.64222221,45.4428711,2015-02-09,8:04,03 - Snow,03 - Loose snow,10 - No control,01 - Non intersection,01 - Daylight,03 - P.D. only,04 - Sideswipe,Rockcliffe - Manor Park
4430,MACLAREN ST @ METCALFE ST,368050.7428,5031033.058,-75.69184718,45.41637408,2015-03-11,7:40,01 - Clear,02 - Wet,01 - Traffic signal,03 - At intersection,01 - Daylight,03 - P.D. only,05 - Turning movement,Centretown
4431,CRESTWAY DR @ PRINCE OF WALES DR,367369.5621,5016577.391,-75.70237894,45.2863662,2015-01-29,8:43,01 - Clear,01 - Dry,01 - Traffic signal,02 - Intersection related,01 - Daylight,03 - P.D. only,03 - Rear end,Greenbelt
4432,BLACKBURN BYPASS EB btwn 1700 W OF NAVAN RD & NAVAN RD,379385.5581,5033088.96,-75.54672992,45.43375527,2015-01-29,17:54,03 - Snow,05 - Packed snow,10 - No control,01 - Non intersection,07 - Dark,03 - P.D. only,04 - Sideswipe,Greenbelt
4433,PRINCE OF WALES DR @ FALAISE RD/KOCHAR DR N,367460.203,5024905.172,-75.70016981,45.36129014,2015-01-26,8:45,01 - Clear,01 - Dry,01 - Traffic signal,02 - Intersection related,01 - Daylight,03 - P.D. only,03 - Rear end,Carleton Heights - Rideauview
4434,BILLINGS BRIDGESC RAMP NB @ RIVERSIDE DR WB,369023.0801,5027794.649,-75.67984665,45.38714739,2015-01-26,17:15,01 - Clear,01 - Dry,03 - Yield sign,03 - At intersection,05 - Dusk,03 - P.D. only,02 - Angle,Alta Vista
4435,WOODROFFE AVE/HWY 417 WOODROFF IC127R25 @ HWY ,362180.0363,5024695.18,-75.76758742,45.35985272,2015-02-03,7:45,01 - Clear,06 - Ice,01 - Traffic signal,02 - Intersection related,01 - Daylight,03 - P.D. only,03 - Rear end,Iris
4436,OSGOODE MAIN ST btwn CORBET ST & OLD GEORGE ST,374630.2887,5000744.06,-75.61205166,45.14321719,2015-02-02,14:30,03 - Snow,03 - Loose snow,10 - No control,01 - Non intersection,01 - Daylight,03 - P.D. only,03 - Rear end,Kars - Osgoode
4437,MALVERN DR @ THISTLEDOWN CRT N,363184.1544,5016124.003,-75.75578213,45.28264674,2015-02-12,9:00,03 - Snow,04 - Slush,02 - Stop sign,02 - Intersection related,01 - Daylight,03 - P.D. only,03 - Rear end,Barrhaven West - Old Barrhaven
4438,WILLOW CREEK CIRC btwn CASTLESTONE WAY & END,366789.518,5014100.521,-75.71008176,45.26413089,2015-01-31,23:30,03 - Snow,05 - Packed snow,10 - No control,04 - At/near private drive,07 - Dark,03 - P.D. only,06 - SMV unattended vehicle,Chapman Mills - Rideau Crest - Davidson Heights
4439,"MONTREAL RD btwn EGLISE, RUE DE L & ST. LAURENT BLVD",371517.7511,5033800.727,-75.64717918,45.44095433,2015-02-08,10:48,03 - Snow,05 - Packed snow,10 - No control,01 - Non intersection,01 - Daylight,03 - P.D. only,03 - Rear end,Vanier South
4440,RIVERSIDE DR NB btwn BILLINGS BRIDGE SC RAMP SB & BANK ST,369284.4761,5027877.685,-75.67649802,45.3878705,2015-02-08,11:30,03 - Snow,05 - Packed snow,10 - No control,01 - Non intersection,01 - Daylight,03 - P.D. only,03 - Rear end,Alta Vista
4441,ST. LAURENT BLVD btwn MCARTHUR AVE & DONALD ST,372022.7179,5032657.581,-75.64088126,45.43062048,2015-02-11,21:02,03 - Snow,05 - Packed snow,10 - No control,04 - At/near private drive,07 - Dark,03 - P.D. only,02 - Angle,Castl
4442,GARFIELD AVE @ MAITLAND AVE,363341.7279,5025561.082,-75.75265799,45.36754796,2015-02-12,5:19,03 - Snow,03 - Loose snow,01 - Traffic signal,02 - Intersection related,07 - Dark,03 - P.D. only,07 - SMV other,Braemar Park - Bel Air Heights - Copeland Park
4443,TENTH LINE RD @ OR174 IC101 RAMP61,382702.9977,5039061.651,-75.50339002,45.48713068,2015-02-14,8:45,05 - Drifting Snow,06 - Ice,02 - Stop sign,02 - Intersection related,01 - Daylight,03 - P.D. only,07 - SMV other,Chatelaine Village
4444,AQUAVIEW DR btwn Continuation of AQUAVIEW DR & Continuation of AQUAVIE,385548.9057,5035984.784,-75.46749395,45.45912464,2015-02-18,11:16,05 - Drifting Snow,06 - Ice,10 - No control,01 - Non intersection,01 - Daylight,03 - P.D. only,06 - SMV unattended vehicle,Avalon
4445,BRONSON AVE/BRONSON/HERON RAMP 35 @ HERON RD,368641.2967,5026697.952,-75.6848635,45.37731453,2015-06-21,21:04,02 - Rain,02 - Wet,01 - Traffic signal,02 - Intersection related,05 - Dusk,03 - P.D. only,03 - Rear end,Riverside Park
4446,BLAIR RD @ OGILVIE RD,374507.003,5033196.773,-75.60905909,45.43522863,2015-05-13,13:41,01 - Clear,01 - Dry,01 - Traffic signal,02 - Intersection related,01 - Daylight,03 - P.D. only,03 - Rear end,Industrial Park
4447,HUNTER CRES @ WOODS RD,337876.5448,5039050.277,-76.07682742,45.49059222,2015-06-23,11:00,01 - Clear,01 - Dry,02 - Stop sign,03 - At intersection,01 - Daylight,03 - P.D. only,02 - Angle,Constanc
4448,DALY AVE @ CHARLOTTE ST,369334.5027,5032722.744,-75.67522495,45.43146002,2015-03-02,11:33,01 - Clear,01 - Dry,02 - Stop sign,03 - At intersection,01 - Daylight,03 - P.D. only,05 - Turning movement,Sandy Hill
4449,CARLING AVE/STATION RD @ MARCH RD,350908.5807,5022246.99,-75.9116787,45.33865535,2015-02-27,21:22,01 - Clear,01 - Dry,01 - Traffic signal,02 - Intersection related,07 - Dark,03 - P.D. only,03 - Rear end,South March
4450,OLD SECOND LINE RD @ TERRY FOX DR,348795.2,5022408.413,-75.93862864,45.34024358,2015-01-13,15:40,03 - Snow,06 - Ice,01 - Traffic signal,03 - At intersection,01 - Daylight,03 - P.D. only,07 - SMV other,South March
4451,CLARENCE ST btwn WILLIAM ST & DALHOUSIE ST,367958.4373,5032451.978,-75.69284453,45.42914939,2015-03-30,12:20,02 - Rain,02 - Wet,10 - No control,01 - Non intersection,01 - Daylight,03 - P.D. only,99 - Other,Byward Market
4452,O'CONNOR ST btwn MACLAREN ST & GILMOUR ST,367932.1451,5030889.293,-75.69338077,45.41509124,2015-03-30,17:46,01 - Clear,01 - Dry,10 - No control,04 - At/near private drive,01 - Daylight,03 - P.D. only,05 - Turning movement,Centretown
4453,INNES RD @ TENTH LINE RD,383951.7603,5036160.043,-75.4878846,45.46088422,2015-04-20,1:02,01 - Clear,01 - Dry,01 - Traffic signal,03 - At intersection,07 - Dark,03 - P.D. only,07 - SMV other,Queenswood Heights
4454,INDUSTRIAL AVE/INNES RD @ ST. LAURENT BLVD,373100.6913,5030006.049,-75.6274737,45.40665883,2015-03-17,17:13,01 - Clear,01 - Dry,01 - Traffic signal,02 - Intersection related,01 - Daylight,03 - P.D. only,03 - Rear end,Industrial Park
4455,BAYCREST DR @ WALKLEY RD,371420.7667,5026591.009,-75.64939303,45.37609353,2015-03-17,18:40,01 - Clear,01 - Dry,01 - Traffic signal,03 - At intersection,07 - Dark,03 - P.D. only,02 - Angle,Ledbury - Heron Gate - Ridgemont - Elmwood
4456,HUNT CLUB RD btwn TURN LANE & TURN LANE (2),371727.2907,5024268.554,-75.64579438,45.35516769,2015-04-19,14:45,01 - Clear,01 - Dry,10 - No control,04 - At/near private drive,01 - Daylight,03 - P.D. only,03 - Rear end,South Keys - Heron Gate - Greenboro West
4457,BANKFIELD RD @ MANOTICK MAIN ST/RIDEAU VALLEY ,368430.7346,5010156.919,-75.68967488,45.22850006,2015-04-20,18:40,01 - Clear,01 - Dry,01 - Traffic signal,02 - Intersection related,01 - Daylight,03 - P.D. only,03 - Rear end,Manotick
4458,WEST HUNT CLUB RD @ WOODROFFE AVE,363669.2496,5021246.129,-75.74899084,45.32869501,2015-06-29,17:15,01 - Clear,01 - Dry,01 - Traffic signal,02 - Intersection related,01 - Daylight,03 - P.D. only,03 - Rear end,Woodvale - Craig Henry - Manordale - Estates of Arlington Wo
4459,MACKENZIE AVE btwn 205 N OF RIDEAU ST & RIDEAU ST,367788.9785,5032135.346,-75.69505047,45.42631572,2015-06-12,3:11,02 - Rain,02 - Wet,10 - No control,01 - Non intersection,07 - Dark,03 - P.D. only,07 - SMV other,Byward Market
4460,YORKWOOD PL btwn GROVEMONT DR & HARBOUR VIEW ST,366643.9891,5014838.095,-75.71184418,45.27078035,2015-02-16,19:17,01 - Clear,03 - Loose snow,10 - No control,01 - Non intersection,07 - Dark,03 - P.D. only,06 - SMV unattended vehicle,Chapman Mills - Rideau Crest - Davidson Heights
4461,MCWATTERS RD btwn LISA AVE & STANTON RD,360637.1754,5023061.909,-75.78746376,45.34528117,2015-02-04,19:39,03 - Snow,03 - Loose snow,10 - No control,01 - Non intersection,07 - Dark,03 - P.D. only,06 - SMV unattended vehicle,Iris
4462,BELMONT AVE btwn RIVERDALE AVE & BRISTOL AVE,369225.4943,5028641.385,-75.67715146,45.39474746,2015-02-21,18:00,03 - Snow,03 - Loose snow,10 - No control,01 - Non intersection,07 - Dark,03 - P.D. only,06 - SMV unattended vehicle,Old Ottawa South
4463,LYNDALE AVE @ PARKDALE AVE,364860.441,5029930.03,-75.7327402,45.40673041,2015-06-21,13:57,01 - Clear,01 - Dry,01 - Traffic signal,02 - Intersection related,01 - Daylight,03 - P.D. only,03 - Rear end,Tunney's Pasture
4464,DALHOUSIE ST @ ST. ANDREW ST,367871.4263,5032782.504,-75.69391407,45.4321312,2015-06-21,0:30,01 - Clear,01 - Dry,02 - Stop sign,03 - At intersection,07 - Dark,03 - P.D. only,02 - Angle,Lower Town
4465,SPARKS ST btwn BAY ST & LYON ST N,366959.6285,5031342.744,-75.70574789,45.41925833,2015-06-16,8:56,02 - Rain,02 - Wet,10 - No control,01 - Non intersection,01 - Daylight,03 - P.D. only,04 - Sideswipe,Downtown
4466,BLACK'S SIDE RD @ FLEWELLYN RD,350717.2982,5010136.749,-75.91523986,45.22969623,2015-06-25,16:30,01 - Clear,01 - Dry,02 - Stop sign,02 - Intersection related,01 - Daylight,03 - P.D. only,03 - Rear end,Stittsville - Basswood
4467,ARLINGTON AVE btwn CAMBRIDGE ST N & BRONSON AVE,367202.9657,5029860.333,-75.70282661,45.40589837,2015-02-27,12:15,01 - Clear,01 - Dry,10 - No control,01 - Non intersection,01 - Daylight,03 - P.D. only,04 - Sideswipe,Centretown West
4468,BANK ST @ CATHERINE ST,368038.7415,5030268.054,-75.69209866,45.40949191,2015-02-26,13:17,01 - Clear,02 - Wet,01 - Traffic signal,02 - Intersection related,01 - Daylight,03 - P.D. only,04 - Sideswipe,Centretown
4469,GEORGE ST @ WILLIAM ST,368047.9721,5032233.038,-75.69172852,45.42717135,2015-04-01,16:59,01 - Clear,01 - Dry,01 - Traffic signal,02 - Intersection related,01 - Daylight,03 - P.D. only,06 - SMV unattended vehicle,Byward Market
4470,UPLANDS DR btwn PAUL ANKA DR & SHEARWATER PRIV,369566.4768,5023467.631,-75.67347523,45.34816412,2015-04-02,0:00,01 - Clear,01 - Dry,10 - No control,01 - Non intersection,00 - Unknown,03 - P.D. only,06 - SMV unattended vehicle,Hunt Club East - Western Community
4471,TERRY FOX DR @ PALLADIUM DR/KATIMAVIK RD,351268.7541,5018180.329,-75.90746487,45.3020388,2015-03-20,20:17,01 - Clear,01 - Dry,01 - Traffic signal,02 - Intersection related,07 - Dark,03 - P.D. only,03 - Rear end,Katimavik - Hazeldean
4472,ST. LAURENT BLVD btwn DONALD ST & 125 N OF QUEEN MARY ST,372104.3153,5032444.151,-75.63986772,45.42869229,2015-03-25,13:37,01 - Clear,01 - Dry,10 - No control,01 - Non intersection,01 - Daylight,03 - P.D. only,99 - Other,Overbrook
4473,MAIN ST @ RIVERDALE AVE,369430.9991,5029532.576,-75.67441023,45.40274715,2015-04-20,22:52,02 - Rain,02 - Wet,01 - Traffic signal,03 - At intersection,07 - Dark,03 - P.D. only,05 - Turning movement,Old Ottawa East
4474,REGIONAL ROAD 174 EB btwn OR174 IC109 RAMP55 & TRANSIT,376479.4654,5035000.563,-75.58358907,45.45125859,2015-04-21,16:18,01 - Clear,01 - Dry,10 - No control,01 - Non intersection,01 - Daylight,03 - P.D. only,99 - Other,Greenbelt
4475,MONTREAL RD @ SHEFFORD RD,376125.7305,5034852.494,-75.58813241,45.44996255,2015-07-08,16:00,01 - Clear,01 - Dry,01 - Traffic signal,02 - Intersection related,01 - Daylight,03 - P.D. only,03 - Rear end,Beacon Hill South - Cardinal Heights
4476,SHEFFIELD RD @ WALKLEY RD,375257.0144,5028784.178,-75.60010507,45.39545133,2015-07-09,17:14,01 - Clear,01 - Dry,01 - Traffic signal,02 - Intersection related,01 - Daylight,03 - P.D. only,03 - Rear end,Industrial Park
4477,MERIVALE RD btwn CLYDE AVE & RITA AVE,364562.429,5024411.913,-75.73721489,45.35710488,2015-06-19,15:17,01 - Clear,01 - Dry,10 - No control,01 - Non intersection,01 - Daylight,03 - P.D. only,03 - Rear end,Cityview - Skyline - Fisher Heights
4478,LYON ST @ WELLINGTON ST,366935.271,5031424.364,-75.7060488,45.41999488,2015-06-16,12:38,01 - Clear,01 - Dry,01 - Traffic signal,03 - At intersection,01 - Daylight,03 - P.D. only,04 - Sideswipe,Downtown
4479,ALERT RD/AIRPORT PKWY/UPLANDS DR RAMP 62 @ LES,371315.2865,5021351.966,-75.65144442,45.32896432,2015-06-16,22:23,01 - Clear,01 - Dry,01 - Traffic signal,02 - Intersection related,07 - Dark,03 - P.D. only,03 - Rear end,Greenbelt
4480,BELFAST RD btwn TRAINYARDS DR & ST. LAURENT BLVD,371974.9732,5030877.178,-75.64173415,45.41460581,2015-05-14,11:20,01 - Clear,01 - Dry,10 - No control,01 - Non intersection,01 - Daylight,03 - P.D. only,06 - SMV unattended vehicle,Industrial Park
4481,BOWMOOR AVE btwn TIVERTON DR & INVERNESS AVE,365873.5233,5024503.926,-75.72047075,45.35781982,2015-05-17,16:22,01 - Clear,01 - Dry,10 - No control,04 - At/near private drive,01 - Daylight,03 - P.D. only,06 - SMV unattended vehicle,Borden Farm - Stewart Farm - Parkwood Hills - Fisher Glen
4482,NAVAHO DR @ WOODROFFE AVE/TRANSITWAY N BASELIN,362705.5077,5023493.337,-75.7610215,45.34899543,2015-04-02,8:40,02 - Rain,02 - Wet,01 - Traffic signal,03 - At intersection,01 - Daylight,03 - P.D. only,05 - Turning movement,Crestview - Meadowlands
4483,KILMARNOCK WAY btwn RAVENDALE WAY & RAVENDALE WAY,365504.0492,5012052.443,-75.72671085,45.24581439,2015-06-26,7:43,01 - Clear,01 - Dry,10 - No control,04 - At/near private drive,01 - Daylight,03 - P.D. only,06 - SMV unattended vehicle,New Barrhaven
4484,NICHOLAS ST NB btwn NICHOLAS ST NB OFF RAMP TO NICHOLAS ST SB & LAURIE,368380.801,5031818.376,-75.68752912,45.42341019,2015-02-26,8:16,01 - Clear,01 - Dry,10 - No control,01 - Non intersection,01 - Daylight,03 - P.D. only,04 - Sideswipe,Sandy Hill
4485,VANIER PKWY SB btwn QUEEN MARY ST & PRESLAND RD,370369.7716,5031854.024,-75.6621109,45.42354733,2015-02-26,8:40,01 - Clear,01 - Dry,10 - No control,01 - Non intersection,01 - Daylight,03 - P.D. only,04 - Sideswipe,Overbrook
4486,LEMIEUX ST @ ST. LAURENT BLVD,372390.7608,5031743.046,-75.63630364,45.42235645,2015-01-31,13:38,01 - Clear,01 - Dry,01 - Traffic signal,02 - Intersection related,01 - Daylight,03 - P.D. only,03 - Rear end,Overbrook