Record,Location,X,Y,lon,lat,Date,Time,Environment,Road_Surface,Traffic_Control,Collision_Location,Light,Collision_Classification,Impact_type,Neighborhood
4487,BANK ST btwn GLADSTONE AVE & MCLEOD ST,367919.9322,5030556.657,-75.69357939,45.41209939,2015-02-04,9:16,03 - Snow,04 - Slush,10 - No control,04 - At/near private drive,01 - Daylight,03 - P.D. only,03 - Rear end,Centretown
4488,KING EDWARD AVE @ ST. PATRICK ST,368247.7374,5032822.143,-75.6891,45.43245381,2015-04-02,19:34,01 - Clear,01 - Dry,01 - Traffic signal,02 - Intersection related,07 - Dark,03 - P.D. only,04 - Sideswipe,Byward Market
4489,BANK ST @ HERON RD,369994.7561,5026852.988,-75.66756364,45.37858486,2015-04-07,14:38,01 - Clear,01 - Dry,01 - Traffic signal,02 - Intersection related,01 - Daylight,03 - P.D. only,04 - Sideswipe,Alta Vista
4490,STEWART ST btwn WALLER ST & CUMBERLAND ST,368387.0477,5032049.652,-75.68741945,45.42549056,2015-04-26,7:21,01 - Clear,01 - Dry,10 - No control,01 - Non intersection,01 - Daylight,03 - P.D. only,06 - SMV unattended vehicle,Sandy Hill
4491,BEECHWOOD AVE @ STE. CECILE ST,369652.1507,5033965.239,-75.67100202,45.44261009,2015-07-08,17:56,01 - Clear,01 - Dry,02 - Stop sign,02 - Intersection related,01 - Daylight,03 - P.D. only,03 - Rear end,Vanier North
4492,HIGHWAY 417 btwn HWY417 IC123 RAMP62 & HWY417 IC122 RAMP16,364876.0492,5028256.918,-75.73274461,45.39167477,2015-07-10,14:45,01 - Clear,01 - Dry,10 - No control,01 - Non intersection,01 - Daylight,03 - P.D. only,04 - Sideswipe,Island Park
4493,INNES RD @ TENTH LINE RD,383951.0396,5036160.642,-75.48789372,45.4608897,2015-07-12,13:29,01 - Clear,01 - Dry,01 - Traffic signal,02 - Intersection related,01 - Daylight,03 - P.D. only,03 - Rear end,Queenswood Heights
4494,MORNINGVIEW ST btwn TOONEY DR & DELORME AVE,382141.7794,5035580.766,-75.51111647,45.45587509,2015-07-12,16:20,01 - Clear,01 - Dry,10 - No control,04 - At/near private drive,01 - Daylight,03 - P.D. only,06 - SMV unattended vehicle,Orleans Village - Chateauneuf
4495,TRIM RD btwn REGIONAL ROAD 174 & RAMP,384374.9164,5039938.088,-75.48186252,45.49482741,2015-06-16,18:41,01 - Clear,01 - Dry,10 - No control,01 - Non intersection,01 - Daylight,03 - P.D. only,03 - Rear end,Industrial Park
4496,REYNOLDS DR btwn ST. GEORGES ST & WARDEN AVE,382783.3935,5037422.897,-75.50262187,45.47237767,2015-05-01,0:00,01 - Clear,01 - Dry,10 - No control,01 - Non intersection,00 - Unknown,03 - P.D. only,06 - SMV unattended vehicle,Queenswood Heights
4497,MOCKINGBIRD DR btwn TULIP CRES & TULIP CRES,382479.4727,5038981.106,-75.50626188,45.48643092,2015-05-02,15:00,01 - Clear,01 - Dry,10 - No control,01 - Non intersection,01 - Daylight,03 - P.D. only,06 - SMV unattended vehicle,Chatelaine Village
4498,DALHOUSIE ST btwn MURRAY ST & CLARENCE ST,368033.3301,5032520.535,-75.69187871,45.42975947,2015-05-15,16:30,01 - Clear,01 - Dry,10 - No control,01 - Non intersection,01 - Daylight,03 - P.D. only,06 - SMV unattended vehicle,Byward Market
4499,ISABELLA ST/HWY 417 O'CONN IC119BR57 @ O'CONNO,368298.4252,5030309.206,-75.68877613,45.40983867,2015-05-20,16:55,01 - Clear,01 - Dry,01 - Traffic signal,03 - At intersection,01 - Daylight,03 - P.D. only,04 - Sideswipe,The Glebe
4500,GEORGE ST btwn BY WARD MARKET SQ & WILLIAM ST,368034.3978,5032219.152,-75.69190376,45.42704763,2015-05-31,16:45,01 - Clear,01 - Dry,10 - No control,01 - Non intersection,01 - Daylight,03 - P.D. only,04 - Sideswipe,Byward Market
4501,HUNTMAR DR btwn PALLADIUM DR & MAPLE GROVE RD,350237.7255,5016748.634,-75.92074228,45.28922343,2015-04-24,16:42,01 - Clear,01 - Dry,10 - No control,04 - At/near private drive,01 - Daylight,03 - P.D. only,02 - Angle,Stittsville
4502,ST. ANDREW ST btwn SUSSEX DR & PARENT AVE,367663.7554,5032649.032,-75.696585,45.43094896,2015-02-24,0:00,03 - Snow,05 - Packed snow,10 - No control,01 - Non intersection,00 - Unknown,03 - P.D. only,06 - SMV unattended vehicle,Lower Town
4503,FALCON AVE @ HERON RD,369607.7191,5026794.055,-75.67251272,45.37809051,2015-03-03,23:32,01 - Clear,02 - Wet,02 - Stop sign,02 - Intersection related,07 - Dark,03 - P.D. only,03 - Rear end,Alta Vista
4504,LYON ST @ WELLINGTON ST,366936.2349,5031427.612,-75.70603607,45.42002402,2015-02-09,17:12,03 - Snow,02 - Wet,01 - Traffic signal,03 - At intersection,01 - Daylight,03 - P.D. only,04 - Sideswipe,Downtown
4505,OGILVIE RD @ 240 W OF BLAIR RD,374298.8229,5033077.292,-75.61173644,45.43417433,2015-02-12,8:30,01 - Clear,04 - Slush,01 - Traffic signal,02 - Intersection related,01 - Daylight,03 - P.D. only,03 - Rear end,Industrial Park
4506,JEANNE D'ARC BLVD @ MILLWOOD CRT,380185.1513,5038173.758,-75.53573236,45.47941862,2015-04-15,14:30,01 - Clear,01 - Dry,02 - Stop sign,02 - Intersection related,01 - Daylight,03 - P.D. only,03 - Rear end,Orleans South West
4507,BLAIR RD @ OGILVIE RD,374508.6876,5033196.165,-75.60903765,45.435223,2015-04-21,8:43,01 - Clear,01 - Dry,01 - Traffic signal,02 - Intersection related,01 - Daylight,03 - P.D. only,03 - Rear end,Industrial Park
4508,BROOKFIELD RD btwn KALADAR AVE & TRAVERSE DR,369812.7974,5026398.487,-75.66994657,45.37451232,2015-04-28,19:10,01 - Clear,01 - Dry,10 - No control,01 - Non intersection,01 - Daylight,03 - P.D. only,06 - SMV unattended vehicle,Alta Vista
4509,NICHOLAS ST SB btwn LAURIER AVE E & Continuation of NICHOLAS ST,368404.6024,5031757.253,-75.6872329,45.42285806,2015-03-22,15:14,01 - Clear,01 - Dry,10 - No control,01 - Non intersection,01 - Daylight,03 - P.D. only,04 - Sideswipe,Sandy Hill
4510,RICHMOND RD btwn PERTH ST & CAMBRIAN RD,358947.2534,5008148.581,-75.81065405,45.21122157,2015-06-12,12:02,02 - Rain,02 - Wet,10 - No control,04 - At/near private drive,01 - Daylight,03 - P.D. only,03 - Rear end,Munster Hamlet - Richmond
4511,HAWTHORNE RD btwn STEVENAGE DR & HUNT CLUB RD,375503.4256,5026419.142,-75.59729699,45.37414709,2015-06-12,17:00,02 - Rain,02 - Wet,10 - No control,01 - Non intersection,01 - Daylight,03 - P.D. only,05 - Turning movement,Industrial Park
4512,INNES RD @ TENTH LINE RD,383951.5801,5036159.831,-75.48788694,45.46088234,2015-07-13,13:01,01 - Clear,01 - Dry,01 - Traffic signal,02 - Intersection related,01 - Daylight,03 - P.D. only,03 - Rear end,Queenswood Heights
4513,FROBISHER LANE W @ RIVERSIDE DR,370118.7151,5029600.866,-75.66561731,45.40329777,2015-07-13,12:55,01 - Clear,01 - Dry,01 - Traffic signal,02 - Intersection related,01 - Daylight,03 - P.D. only,03 - Rear end,Industrial Park
4514,PRINCE OF WALES DR @ FALLOWFIELD RD,367399.71,5019164.668,-75.70166803,45.30964353,2015-06-15,17:15,01 - Clear,01 - Dry,01 - Traffic signal,02 - Intersection related,01 - Daylight,03 - P.D. only,03 - Rear end,Greenbelt
4515,MATHESON RD btwn CARVER PL & WHITEROCK ST,373010.9595,5032945.329,-75.62821295,45.4331138,2015-06-13,16:00,01 - Clear,01 - Dry,10 - No control,01 - Non intersection,01 - Daylight,03 - P.D. only,06 - SMV unattended vehicle,Carson Grove - Carson Meadows
4516,GLENFERN AVE btwn LA VERENDRYE DR & GLENHURST CRES,374838.112,5035712.172,-75.60446957,45.45782765,2015-05-13,13:43,01 - Clear,01 - Dry,10 - No control,01 - Non intersection,01 - Daylight,03 - P.D. only,06 - SMV unattended vehicle,Beacon Hill North
4517,QUEEN ST btwn METCALFE ST & ELGIN ST,367666.7683,5031692.887,-75.69666854,45.42234562,2015-05-13,12:08,01 - Clear,01 - Dry,10 - No control,01 - Non intersection,01 - Daylight,03 - P.D. only,06 - SMV unattended vehicle,Downtown
4518,HWY 417 VANIER IC117R63 @ VANIER PKWY,370800.2192,5031396.474,-75.65667228,45.41939001,2015-06-01,15:13,01 - Clear,01 - Dry,01 - Traffic signal,02 - Intersection related,01 - Daylight,03 - P.D. only,03 - Rear end,Overbrook
4519,ARLINGTON AVE @ KENT ST,367869.2165,5030257.824,-75.69426551,45.40941516,2015-06-01,15:10,01 - Clear,01 - Dry,01 - Traffic signal,03 - At intersection,01 - Daylight,03 - P.D. only,02 - Angle,Centretown
4520,MONTREAL RD @ VANIER PKWY,370072.7098,5033064.146,-75.66574613,45.4344633,2015-04-24,12:30,01 - Clear,01 - Dry,01 - Traffic signal,02 - Intersection related,01 - Daylight,03 - P.D. only,03 - Rear end,Vanier
4521,ST. LAURENT BLVD btwn COVENTRY RD & LEMIEUX ST,372345.6998,5031856.894,-75.63686377,45.42338516,2015-04-24,12:14,01 - Clear,01 - Dry,10 - No control,04 - At/near private drive,01 - Daylight,03 - P.D. only,02 - Angle,Overbrook
4522,8TH LINE RD btwn PARKWAY RD & ADAM BAKER WAY,383201.4572,5016802.304,-75.50055011,45.28680223,2015-03-04,8:09,01 - Clear,04 - Slush,10 - No control,01 - Non intersection,01 - Daylight,03 - P.D. only,07 - SMV other,Metcalfe
4523,BRONSON AVE btwn BREWER WAY & RIVERSIDE DR RAMPS 34B & 42A-3,368399.6915,5027215.838,-75.68788133,45.3819963,2015-03-04,11:09,01 - Clear,02 - Wet,10 - No control,07 - Overpass or bridge,01 - Daylight,03 - P.D. only,04 - Sideswipe,Riverside Park
4524,ISABELLA ST/HWY 417 O'CONN IC119BR57 @ O'CONNO,368297.3812,5030310.408,-75.68878931,45.40984958,2015-02-13,16:46,03 - Snow,04 - Slush,01 - Traffic signal,03 - At intersection,05 - Dusk,03 - P.D. only,04 - Sideswipe,The Glebe
4525,CARLING AVE @ KIRKWOOD AVE S,364351.9464,5027338.647,-75.73954834,45.3834571,2015-02-14,9:23,03 - Snow,03 - Loose snow,01 - Traffic signal,02 - Intersection related,01 - Daylight,03 - P.D. only,03 - Rear end,Carlington
4526,BANK ST btwn WHITE ALDER AVE & FINDLAY CREEK DR,375700.8214,5020806.158,-75.59558178,45.32362404,2015-04-10,18:43,01 - Clear,01 - Dry,10 - No control,01 - Non intersection,05 - Dusk,03 - P.D. only,04 - Sideswipe,Greenbelt
4527,PRINCE OF WALES DR btwn BLAZER AVE & DEAKIN ST,367352.6386,5021349.659,-75.70199232,45.32930793,2015-04-15,12:07,01 - Clear,01 - Dry,10 - No control,04 - At/near private drive,01 - Daylight,03 - P.D. only,03 - Rear end,Industrial Park
4528,REGIONAL ROAD 174 btwn OR174 IC109 RAMP54 & OR174 IC109 RAMP55,376430.3088,5034894.539,-75.58423289,45.4503097,2015-04-24,15:58,01 - Clear,01 - Dry,10 - No control,01 - Non intersection,01 - Daylight,03 - P.D. only,03 - Rear end,Greenbelt
4529,REGIONAL ROAD 174 btwn HIGHWAY 417 & HWY417 IC113 RAMP65,373389.8484,5031764.736,-75.62353545,45.42245437,2015-11-10,17:08,01 - Clear,01 - Dry,10 - No control,01 - Non intersection,07 - Dark,03 - P.D. only,03 - Rear end,Pineview
4530,BANK ST @ RIVERSIDE DR S,369306.6448,5027893.107,-75.67621293,45.38800722,2015-04-29,14:42,01 - Clear,01 - Dry,01 - Traffic signal,02 - Intersection related,01 - Daylight,03 - P.D. only,03 - Rear end,Alta Vista
4531,MERIVALE RD @ WEST HUNT CLUB RD,365611.7313,5021942.98,-75.72412677,45.33479957,2015-04-29,14:47,01 - Clear,01 - Dry,01 - Traffic signal,02 - Intersection related,01 - Daylight,03 - P.D. only,03 - Rear end,Tanglewood
4532,EAGLESON RD @ HWY 417 EAGLESO IC138R51/PARK AN,353037.1811,5020014.869,-75.8847379,45.31842718,2015-06-13,1:08,01 - Clear,02 - Wet,01 - Traffic signal,03 - At intersection,07 - Dark,03 - P.D. only,07 - SMV other,Greenbelt
4533,RIVERSIDE DR NB btwn SMYTH RD NORTH SIDE RAMP & Continuation of RIVERS,369957.7462,5029338.006,-75.66770804,45.40094765,2015-06-13,15:45,01 - Clear,99 - Other,10 - No control,01 - Non intersection,01 - Daylight,03 - P.D. only,07 - SMV other,Industrial Park
4534,FRANK BENDER ST @ JEANNE D'ARC BLVD,381871.4714,5035883.935,-75.51452457,45.45863262,2015-07-14,9:11,01 - Clear,01 - Dry,01 - Traffic signal,02 - Intersection related,01 - Daylight,03 - P.D. only,04 - Sideswipe,Orleans Village - Chateauneuf
4535,KALADAR AVE btwn GREGG ST & BROOKFIELD RD,369714.5724,5026537.813,-75.67118221,45.37577503,2015-04-09,9:47,01 - Clear,01 - Dry,10 - No control,04 - At/near private drive,01 - Daylight,03 - P.D. only,99 - Other,Alta Vista
4536,BRONSON AVE @ GLADSTONE AVE,367133.7017,5030081.204,-75.70368342,45.40789188,2015-06-10,18:53,02 - Rain,02 - Wet,01 - Traffic signal,03 - At intersection,01 - Daylight,03 - P.D. only,05 - Turning movement,Centretown West
4537,HORSESHOE CRES btwn STITTSVILLE MAIN ST & MOJAVE CRES (2),349450.4697,5015266.741,-75.93091136,45.27593932,2015-04-17,18:00,01 - Clear,01 - Dry,10 - No control,01 - Non intersection,01 - Daylight,03 - P.D. only,06 - SMV unattended vehicle,Stittsville
4538,ROSS AVE btwn SIR FREDERICK BANTING DRWY & SPENCER ST,364391.3891,5029276.802,-75.73881065,45.4008929,2015-04-25,13:35,01 - Clear,01 - Dry,10 - No control,01 - Non intersection,01 - Daylight,03 - P.D. only,06 - SMV unattended vehicle,Island Park
4539,GILMOUR ST btwn METCALFE ST & ELGIN ST,368241.7617,5031047.459,-75.68940493,45.41648637,2015-04-25,17:31,01 - Clear,01 - Dry,10 - No control,01 - Non intersection,01 - Daylight,03 - P.D. only,06 - SMV unattended vehicle,Centretown
4540,EARL ARMSTRONG RD @ PARK N RIDE/295 E OF RIVER RD,367882.9291,5014698.176,-75.69607413,45.26941133,2015-09-17,12:12,01 - Clear,01 - Dry,01 - Traffic signal,02 - Intersection related,01 - Daylight,02 - Non-fatal injury,03 - Rear end,Gloucester
4541,QUEEN ST btwn METCALFE ST & ELGIN ST,367671.9215,5031695.253,-75.69660239,45.42236644,2015-04-24,9:15,01 - Clear,01 - Dry,10 - No control,01 - Non intersection,01 - Daylight,03 - P.D. only,07 - SMV other,Downtown
4542,PARKDALE AVE @ SHERWOOD DR,365380.703,5028746.991,-75.72623989,45.39604087,2015-04-23,17:36,01 - Clear,01 - Dry,01 - Traffic signal,02 - Intersection related,01 - Daylight,03 - P.D. only,03 - Rear end,Civic Hospital - Experimental Farm - Central Park
4543,KENT ST @ SLATER ST,367261.4304,5031252.468,-75.7019034,45.41841917,2015-03-04,13:10,01 - Clear,01 - Dry,01 - Traffic signal,02 - Intersection related,01 - Daylight,03 - P.D. only,04 - Sideswipe,Downtown
4544,ST. PATRICK ST btwn KING EDWARD AVE & MURRAY ST,368291.0796,5032850.134,-75.6885425,45.43270173,2015-03-04,15:02,01 - Clear,01 - Dry,10 - No control,01 - Non intersection,01 - Daylight,03 - P.D. only,04 - Sideswipe,Lower Town
4545,CARLING AVE EB btwn HOLLY ACRES RD & BAYSHORE DR,358489.6626,5023655.947,-75.8148016,45.35079401,2015-02-15,20:13,06 - Strong wind,06 - Ice,10 - No control,01 - Non intersection,07 - Dark,03 - P.D. only,07 - SMV other,Bayshore
4546,BRONSON AVE btwn COOPER ST & SOMERSET ST W,366933.2114,5030557.484,-75.70618441,45.41219514,2015-02-17,4:08,01 - Clear,01 - Dry,10 - No control,04 - At/near private drive,07 - Dark,03 - P.D. only,05 - Turning movement,Centretown West
4547,MERIVALE RD @ WOODFIELD DR/ROYDON PL,365462.7434,5022300.094,-75.7259837,45.33802573,2015-04-21,10:35,01 - Clear,02 - Wet,01 - Traffic signal,02 - Intersection related,01 - Daylight,03 - P.D. only,03 - Rear end,Tanglewood
4548,HUNT CLUB RD btwn LORRY GREENBERG DR & PIKE ST,372872.7763,5024844.797,-75.63109665,45.36024224,2015-04-21,18:45,01 - Clear,01 - Dry,10 - No control,04 - At/near private drive,05 - Dusk,03 - P.D. only,03 - Rear end,Greenboro East
4549,CATHERINE ST @ LYON ST/HWY 417 LYON IC120BR36,367746.692,5030091.565,-75.69585188,45.40793024,2015-04-22,12:47,01 - Clear,01 - Dry,01 - Traffic signal,03 - At intersection,01 - Daylight,03 - P.D. only,07 - SMV other,Centretown
4550,FALLOWFIELD RD btwn KOLO DR & BILTMORE CRES,345566.1299,5003623.822,-75.98137023,45.17140643,2015-04-22,20:38,01 - Clear,01 - Dry,10 - No control,01 - Non intersection,07 - Dark,03 - P.D. only,07 - SMV other,Munster Hamlet - Richmond
4551,REGIONAL ROAD 174 btwn OR174 IC109 RAMP56 & OR174 IC109 RAMP86,376380.1883,5034831.888,-75.58488269,45.44975114,2015-04-24,18:54,01 - Clear,01 - Dry,10 - No control,01 - Non intersection,01 - Daylight,03 - P.D. only,03 - Rear end,Greenbelt
4552,RICHMOND RD btwn WINSTON AVE & CHURCHILL AVE N,363210.0578,5028280.152,-75.75401707,45.39202476,2015-04-28,22:10,01 - Clear,01 - Dry,10 - No control,01 - Non intersection,07 - Dark,03 - P.D. only,06 - SMV unattended vehicle,Carlingwood - McKellar Park - Laurentien View
4553,LEES AVE @ KING EDWARD AVE/MANN AVE,369179.2238,5031336.828,-75.67739041,45.41900438,2015-04-29,15:04,01 - Clear,01 - Dry,01 - Traffic signal,02 - Intersection related,01 - Daylight,03 - P.D. only,03 - Rear end,Sandy Hill
4554,COOPER ST @ BANK ST,367648.7103,5030989.491,-75.69698899,45.41601831,2015-04-16,20:08,01 - Clear,01 - Dry,02 - Stop sign,03 - At intersection,07 - Dark,03 - P.D. only,02 - Angle,Centretown
4555,CHAMPLAIN ST @ JEANNE D'ARC BLVD,381379.3843,5038722.968,-75.52037326,45.48422997,2015-04-17,14:40,01 - Clear,01 - Dry,01 - Traffic signal,02 - Intersection related,01 - Daylight,03 - P.D. only,03 - Rear end,Orleans South West
4556,TERRY FOX DR btwn COPE DR & TRANS CANADA TRAIL,353338.9526,5015887.049,-75.88129316,45.28126333,2015-06-13,16:17,01 - Clear,01 - Dry,10 - No control,01 - Non intersection,01 - Daylight,03 - P.D. only,03 - Rear end,Glen Cairn - Kanata South Business Park
4557,SMYTH RD btwn BROADMOOR AVE & SOUTH HAVEN PL,371040.8808,5029127.373,-75.65390242,45.39895081,2015-07-06,14:08,01 - Clear,01 - Dry,10 - No control,01 - Non intersection,01 - Daylight,03 - P.D. only,07 - SMV other,Alta Vista
4558,ARGYLE AVE @ O'CONNOR ST,368185.6747,5030485.091,-75.69019381,45.41143145,2015-04-10,15:00,02 - Rain,02 - Wet,01 - Traffic signal,02 - Intersection related,01 - Daylight,03 - P.D. only,03 - Rear end,Centretown
4559,OGILVIE RD @ CITY PARK DR E/CSIS HQ ACCESS,374188.7282,5033010.095,-75.61315286,45.43358066,2015-04-10,16:15,01 - Clear,01 - Dry,01 - Traffic signal,02 - Intersection related,01 - Daylight,03 - P.D. only,03 - Rear end,Industrial Park
4560,SHEFFIELD RD @ WALKLEY RD,375257.7351,5028784.792,-75.60009577,45.39545679,2015-06-01,7:03,01 - Clear,01 - Dry,01 - Traffic signal,02 - Intersection related,01 - Daylight,03 - P.D. only,03 - Rear end,Industrial Park
4561,METCALFE ST btwn LISGAR ST & COOPER ST,367942.3628,5031208.958,-75.69320927,45.41796656,2015-05-02,11:49,01 - Clear,01 - Dry,10 - No control,01 - Non intersection,01 - Daylight,03 - P.D. only,06 - SMV unattended vehicle,Centretown
4562,BELL ST    N btwn ECCLES ST & CHRISTIE ST,366854.13,5030178.442,-75.70724238,45.40879164,2015-05-04,0:00,01 - Clear,01 - Dry,10 - No control,01 - Non intersection,00 - Unknown,03 - P.D. only,06 - SMV unattended vehicle,Centretown West
4563,FLEMING AVE btwn FIFE CRES & FIFE CRES,372614.2545,5028282.152,-75.63392412,45.39119525,2015-05-04,0:00,01 - Clear,01 - Dry,10 - No control,01 - Non intersection,00 - Unknown,03 - P.D. only,06 - SMV unattended vehicle,Urbandale
4564,BAYCREST DR @ WALKLEY RD,371421.7306,5026590.167,-75.64938084,45.37608586,2015-06-11,0:26,01 - Clear,02 - Wet,01 - Traffic signal,02 - Intersection related,07 - Dark,03 - P.D. only,03 - Rear end,Ledbury - Heron Gate - Ridgemont - Elmwood
4565,CARP RD @ STITTSVILLE MAIN ST,349524.7861,5014329.721,-75.93004861,45.26750296,2015-04-23,15:10,01 - Clear,01 - Dry,01 - Traffic signal,03 - At intersection,01 - Daylight,03 - P.D. only,05 - Turning movement,Stittsville
4566,CYRVILLE RD @ INNES RD,375047.7247,5031120.046,-75.60244504,45.41648928,2015-04-21,17:23,01 - Clear,01 - Dry,01 - Traffic signal,03 - At intersection,01 - Daylight,03 - P.D. only,05 - Turning movement,Industrial Park
4567,CANTEVAL TER @ CHARLEMAGNE BLVD,383879.6841,5036992.089,-75.48867224,45.46837838,2015-03-10,8:20,01 - Clear,01 - Dry,02 - Stop sign,02 - Intersection related,01 - Daylight,03 - P.D. only,04 - Sideswipe,Fallingbrook
4568,BOTELER ST @ SUSSEX DR,367450.3476,5032952.453,-75.69927353,45.43369819,2015-03-12,7:09,01 - Clear,01 - Dry,01 - Traffic signal,02 - Intersection related,01 - Daylight,03 - P.D. only,03 - Rear end,Byward Market - Parliament Hill
4569,KING EDWARD AVE @ SUSSEX DR,367665.0777,5033504.286,-75.69645889,45.43864412,2015-02-17,8:07,03 - Snow,06 - Ice,01 - Traffic signal,02 - Intersection related,01 - Daylight,03 - P.D. only,03 - Rear end,Byward Market - Parliament Hill
4570,MURRAY ST btwn DALHOUSIE ST & CUMBERLAND ST,368006.6693,5032576.58,-75.6922122,45.43026615,2015-02-17,21:24,01 - Clear,03 - Loose snow,10 - No control,01 - Non intersection,07 - Dark,03 - P.D. only,04 - Sideswipe,Byward Market
4571,THORNTON AVE btwn RALPH ST & MONK ST,368364.6406,5029291.646,-75.68806145,45.40067698,2015-04-22,14:15,01 - Clear,01 - Dry,10 - No control,04 - At/near private drive,01 - Daylight,03 - P.D. only,02 - Angle,The Glebe
4572,GLADSTONE AVE @ PRESTON ST,366490.6699,5029714.004,-75.71194334,45.40464488,2015-04-22,22:52,01 - Clear,01 - Dry,01 - Traffic signal,02 - Intersection related,07 - Dark,03 - P.D. only,03 - Rear end,Little Italy
4573,BANK ST @ RIVERSIDE DR N,369223.7882,5027983.064,-75.6772592,45.38882425,2015-04-23,9:41,01 - Clear,01 - Dry,01 - Traffic signal,03 - At intersection,01 - Daylight,03 - P.D. only,04 - Sideswipe,Alta Vista
4574,BASELINE RD btwn LOBLAWS SC & MERIVALE RD,364957.347,5025267.202,-75.73207066,45.36476687,2015-04-25,12:09,01 - Clear,01 - Dry,10 - No control,04 - At/near private drive,01 - Daylight,03 - P.D. only,03 - Rear end,Civic Hospital - Experimental Farm - Central Park
4575,BRONSON AVE @ JAMES ST,367066.7007,5030242.051,-75.70451896,45.4093451,2015-04-25,13:06,01 - Clear,01 - Dry,02 - Stop sign,02 - Intersection related,01 - Daylight,03 - P.D. only,04 - Sideswipe,Centretown West
4576,CAMPEAU DR @ HUNTMAR DR,349063.4991,5018039.357,-75.93559583,45.30091271,2015-04-29,18:22,01 - Clear,01 - Dry,11 - Roundabout,02 - Intersection related,01 - Daylight,03 - P.D. only,05 - Turning movement,Stittsville - Basswood
4577,CARLING AVE @ BAYSHORE DR/BIRCHDALE AVE,359004.0869,5023990.811,-75.80820018,45.35376755,2015-06-26,11:57,01 - Clear,01 - Dry,01 - Traffic signal,02 - Intersection related,01 - Daylight,03 - P.D. only,03 - Rear end,Bayshore
4578,BAXTER RD btwn IRIS ST & END,361043.5082,5023632.526,-75.78221408,45.3503831,2015-06-13,19:50,01 - Clear,01 - Dry,10 - No control,04 - At/near private drive,01 - Daylight,03 - P.D. only,99 - Other,Iris
4579,BRONSON AVE @ CATHERINE ST/RAYMOND ST,367251.9878,5029796.927,-75.70220846,45.40532349,2015-06-14,12:31,01 - Clear,01 - Dry,01 - Traffic signal,03 - At intersection,01 - Daylight,03 - P.D. only,02 - Angle,Centretown West
4580,LAURIER AVE   W btwn KENT ST & BANK ST,367399.5346,5031215.491,-75.70014365,45.41807412,2015-01-02,15:44,03 - Snow,02 - Wet,10 - No control,01 - Non intersection,01 - Daylight,03 - P.D. only,06 - SMV unattended vehicle,Downtown
4581,ECLIPSE CRES btwn SUMMER DAYS WALK E & SUMMER DAYS WALK W,385928.8982,5035253.73,-75.46275653,45.45250331,2015-10-15,17:22,01 - Clear,01 - Dry,10 - No control,01 - Non intersection,07 - Dark,03 - P.D. only,06 - SMV unattended vehicle,Summerside
4582,MOJAVE CRES btwn HORSESHOE CRES & CHEROKEE WAY (1),349596.1659,5015296.552,-75.9290518,45.2761983,2015-01-05,0:00,03 - Snow,03 - Loose snow,10 - No control,01 - Non intersection,00 - Unknown,03 - P.D. only,06 - SMV unattended vehicle,Stittsville
4583,FALLOWFIELD RD btwn ORR ST & GREENBANK RD,363038.1532,5016697.5,-75.75757572,45.28781918,2015-07-02,7:53,01 - Clear,01 - Dry,10 - No control,01 - Non intersection,01 - Daylight,03 - P.D. only,03 - Rear end,Barrhaven West - Old Barrhaven
4584,FALLOWFIELD RD btwn SHEA RD & EAGLESON RD,354085.9615,5011083.006,-75.87224845,45.23798326,2015-07-02,6:00,01 - Clear,01 - Dry,10 - No control,01 - Non intersection,01 - Daylight,03 - P.D. only,99 - Other,Stittsville - Basswood
4585,PRESLAND RD btwn NAUGHTON ST & FRANCES ST,371444.2625,5031916.083,-75.64837354,45.42400417,2015-05-04,18:00,02 - Rain,02 - Wet,10 - No control,01 - Non intersection,01 - Daylight,03 - P.D. only,06 - SMV unattended vehicle,Overbrook
4586,ARLINGTON AVE btwn PERCY ST & BAY ST,367533.1629,5030055.094,-75.6985841,45.40762126,2015-05-10,11:50,01 - Clear,01 - Dry,10 - No control,01 - Non intersection,01 - Daylight,03 - P.D. only,06 - SMV unattended vehicle,Centretown
4587,KITCHENER AVE btwn BANFF AVE & COCHRANE ST,370751.1123,5025621.027,-75.65807169,45.36742931,2015-05-17,14:55,01 - Clear,01 - Dry,10 - No control,01 - Non intersection,01 - Daylight,03 - P.D. only,06 - SMV unattended vehicle,Ledbury - Heron Gate - Ridgemont - Elmwood
4588,BANK ST @ RIVERSIDE DR S,369303.9964,5027894.193,-75.6762466,45.38801724,2015-06-12,17:36,02 - Rain,02 - Wet,01 - Traffic signal,02 - Intersection related,01 - Daylight,03 - P.D. only,03 - Rear end,Alta Vista
4589,CENTREPOINTE DR btwn CENTREPOINTE DR & Continuation of CENTREPOINTE DR,362092.5659,5023415.028,-75.76885217,45.34834115,2015-04-21,15:00,01 - Clear,01 - Dry,10 - No control,01 - Non intersection,01 - Daylight,03 - P.D. only,06 - SMV unattended vehicle,Centrepointe
4590,CHATELAIN AVE @ MERIVALE RD,364842.7405,5026766.99,-75.73335121,45.37827154,2015-04-21,12:35,01 - Clear,01 - Dry,02 - Stop sign,03 - At intersection,01 - Daylight,03 - P.D. only,05 - Turning movement,Carlington