Record,Location,X,Y,lon,lat,Date,Time,Environment,Road_Surface,Traffic_Control,Collision_Location,Light,Collision_Classification,Impact_type,Neighborhood
5314,MCRAE AVE @ SCOTT ST,363455.941,5028813.212,-75.75081367,45.39680059,2015-02-05,13:15,01 - Clear,02 - Wet,02 - Stop sign,02 - Intersection related,01 - Daylight,03 - P.D. only,02 - Angle,Westboro
5315,HAWTHORNE RD btwn BLAIS RD & RIDEAU RD,377904.0045,5020637.605,-75.56750631,45.32188149,2015-05-01,3:44,01 - Clear,01 - Dry,10 - No control,01 - Non intersection,07 - Dark,03 - P.D. only,07 - SMV other,Greenbelt
5316,D'AOUST AVE btwn CHILLIWACK WAY & TIMBERMILL ST,372359.0924,5023552.528,-75.63782932,45.34866455,2015-04-17,6:00,01 - Clear,01 - Dry,10 - No control,04 - At/near private drive,03 - Dawn,03 - P.D. only,06 - SMV unattended vehicle,Blossom Park - Blossom Park West - Sawmill Creek/ Timbermill
5317,THOMSON ST btwn MONTREAL RD & END,372003.0674,5034148.136,-75.64092888,45.44403367,2015-01-21,18:45,01 - Clear,06 - Ice,10 - No control,01 - Non intersection,07 - Dark,03 - P.D. only,06 - SMV unattended vehicle,Rockcliffe - Manor Park
5318,BAYCREST DR @ CEDARWOOD DR,371231.104,5026788.847,-75.65178774,45.37789161,2015-01-23,16:00,01 - Clear,02 - Wet,02 - Stop sign,02 - Intersection related,05 - Dusk,03 - P.D. only,03 - Rear end,Ledbury - Heron Gate - Ridgemont - Elmwood
5319,HUNT CLUB RD btwn NORTH BOWESVILLE RD & BILLY BISHOP PRIV,368837.1752,5022415.108,-75.68291759,45.33876073,2015-04-19,17:26,01 - Clear,01 - Dry,10 - No control,01 - Non intersection,01 - Daylight,03 - P.D. only,03 - Rear end,Hunt Club - Ottawa Airport
5320,MALVERN DR @ SHERWAY DR,362990.6442,5015885.915,-75.75827649,45.28052046,2015-04-21,16:11,01 - Clear,01 - Dry,02 - Stop sign,02 - Intersection related,01 - Daylight,03 - P.D. only,03 - Rear end,Barrhaven West - Old Barrhaven
5321,STRANDHERD DR @ CEDARVIEW RD/TARTAN DR,362292.1765,5013543.962,-75.76744987,45.25950489,2015-05-02,18:09,01 - Clear,01 - Dry,01 - Traffic signal,02 - Intersection related,01 - Daylight,03 - P.D. only,03 - Rear end,New Barrhaven
5322,HUNT CLUB RD @ BRIDLE PATH DR/DAZE ST,371290.765,5023864.022,-75.65141962,45.35156937,2015-03-14,13:50,01 - Clear,01 - Dry,01 - Traffic signal,02 - Intersection related,01 - Daylight,03 - P.D. only,04 - Sideswipe,South Keys - Heron Gate - Greenboro West
5323,BANK ST @ KILBORN AVE/BELANGER AVE,369653.3567,5027427.794,-75.67184682,45.38378847,2015-03-17,7:59,02 - Rain,02 - Wet,01 - Traffic signal,02 - Intersection related,01 - Daylight,03 - P.D. only,03 - Rear end,Alta Vista
5324,CARLING AVE @ CROYDON AVE,360659.6445,5025042.036,-75.78695333,45.3630965,2015-04-29,20:18,01 - Clear,01 - Dry,01 - Traffic signal,03 - At intersection,07 - Dark,03 - P.D. only,05 - Turning movement,Whitehaven - Queensway Terrace North
5325,OTTAWA RIVER PKWY EB btwn TRANSIT & TURN LANE (1),362889.1638,5029197.053,-75.75800704,45.40030159,2015-04-30,16:10,01 - Clear,01 - Dry,10 - No control,01 - Non intersection,01 - Daylight,03 - P.D. only,03 - Rear end,Westboro Beach
5326,BANK ST @ HUNT CLUB RD,371608.956,5024096.287,-75.64732782,45.35362897,2015-05-06,13:30,01 - Clear,01 - Dry,01 - Traffic signal,02 - Intersection related,01 - Daylight,03 - P.D. only,03 - Rear end,South Keys - Heron Gate - Greenboro West
5327,HUNTLEY RD btwn MANSFIELD RD & BROWNLEE RD,354028.3771,5008485.829,-75.87323873,45.21461703,2015-05-06,18:46,01 - Clear,01 - Dry,10 - No control,04 - At/near private drive,01 - Daylight,03 - P.D. only,03 - Rear end,Munster Hamlet - Richmond
5328,BELL ST @ GLADSTONE AVE,366945.1422,5029970.163,-75.70610604,45.40690953,2015-03-30,18:18,03 - Snow,02 - Wet,02 - Stop sign,03 - At intersection,05 - Dusk,03 - P.D. only,02 - Angle,Centretown West
5329,CARLING AVE WB btwn COLE AVE & CHURCHILL AVE N,363654.5888,5026935.236,-75.74850061,45.3798862,2015-03-31,10:04,01 - Clear,01 - Dry,10 - No control,01 - Non intersection,01 - Daylight,03 - P.D. only,04 - Sideswipe,Carlingwood - McKellar Park - Laurentien View
5330,SCRIVENS ST btwn WALTER ST & CARLING AVE,359421.7553,5024262.874,-75.80283987,45.35618316,2015-01-11,12:51,01 - Clear,03 - Loose snow,10 - No control,04 - At/near private drive,01 - Daylight,03 - P.D. only,02 - Angle,Bayshore
5331,HIGHWAY 417 btwn HWY417 IC117 RAMP26 & HWY417 IC117 RAMP61,370895.9409,5031244.548,-75.65546969,45.41801401,2015-01-30,12:55,01 - Clear,02 - Wet,10 - No control,01 - Non intersection,01 - Daylight,03 - P.D. only,04 - Sideswipe,Industrial Park
5332,INDUSTRIAL AVE @ ALTA VISTA DR/SANDFORD FLEMIN,370884.7238,5030556.124,-75.65570531,45.41182091,2015-02-03,12:14,03 - Snow,04 - Slush,01 - Traffic signal,02 - Intersection related,01 - Daylight,03 - P.D. only,03 - Rear end,Industrial Park
5333,IRIS ST @ PINECREST SC,360639.703,5023381.563,-75.78739542,45.34815721,2015-02-03,13:00,01 - Clear,04 - Slush,01 - Traffic signal,03 - At intersection,01 - Daylight,03 - P.D. only,03 - Rear end,Iris
5334,CARLING AVE @ KIRKWOOD AVE S,364349.7728,5027338.031,-75.73957617,45.38345174,2015-02-05,15:36,01 - Clear,01 - Dry,01 - Traffic signal,02 - Intersection related,01 - Daylight,03 - P.D. only,99 - Other,Carlington
5335,MARINA DR btwn FAIRWAY DR & FAIRWAY DR,373482.5389,5003747.571,-75.62623155,45.1703551,2015-04-30,19:46,01 - Clear,01 - Dry,10 - No control,01 - Non intersection,07 - Dark,03 - P.D. only,06 - SMV unattended vehicle,Manotick
5336,CRAMER DR btwn DEXTER DR & ALDERBROOK DR,360367.1475,5021321.725,-75.79110473,45.32964443,2015-04-13,21:40,02 - Rain,02 - Wet,10 - No control,04 - At/near private drive,07 - Dark,03 - P.D. only,06 - SMV unattended vehicle,Sheahan Estates - Trend Village - Arlington Woods
5337,ALBION RD @ LESTER RD,372694.446,5022333.436,-75.63371744,45.3376632,2015-04-14,12:30,01 - Clear,01 - Dry,01 - Traffic signal,03 - At intersection,01 - Daylight,03 - P.D. only,05 - Turning movement,Greenbelt
5338,MERIVALE RD @ CAPILANO DR/WITHROW AVE,364640.5013,5024226.323,-75.73624096,45.35542831,2015-02-04,16:14,01 - Clear,03 - Loose snow,01 - Traffic signal,03 - At intersection,01 - Daylight,03 - P.D. only,07 - SMV other,Crestview - Meadowlands
5339,MEADOWLANDS DR btwn CHESTERTON DR & TIVERTON DR,365114.6294,5024047.392,-75.73021193,45.3537777,2015-02-04,16:34,01 - Clear,01 - Dry,10 - No control,01 - Non intersection,01 - Daylight,03 - P.D. only,03 - Rear end,Borden Farm - Stewart Farm - Parkwood Hills - Fisher Glen
5340,MERIVALE RD @ CAPILANO DR/WITHROW AVE,364642.429,5024229.215,-75.73621601,45.35545417,2015-04-22,16:35,01 - Clear,01 - Dry,01 - Traffic signal,02 - Intersection related,01 - Daylight,03 - P.D. only,04 - Sideswipe,Cityview - Skyline - Fisher Heights
5341,INNES RD @ TENTH LINE RD,383952.7242,5036158.115,-75.48787258,45.46086677,2015-04-23,8:00,01 - Clear,01 - Dry,01 - Traffic signal,02 - Intersection related,01 - Daylight,03 - P.D. only,03 - Rear end,Queenswood Heights
5342,FLEWELLYN RD btwn ORMROD RD & DWYER HILL RD,342848.3262,5003193.471,-76.01597785,45.16768563,2015-05-02,22:29,01 - Clear,01 - Dry,10 - No control,01 - Non intersection,07 - Dark,03 - P.D. only,07 - SMV other,Munster Hamlet - Richmond
5343,EAGLESON RD @ MICHAEL COWPLAND DR/STONEHAVEN D,354383.5899,5016622.962,-75.86790485,45.28781234,2015-05-03,10:45,01 - Clear,01 - Dry,01 - Traffic signal,02 - Intersection related,01 - Daylight,03 - P.D. only,99 - Other,Glen Cairn - Kanata South Business Park
5344,NAVAN RD @ TENTH LINE RD,385757.7875,5031834.943,-75.46550609,45.4217641,2015-05-03,17:39,01 - Clear,01 - Dry,01 - Traffic signal,02 - Intersection related,01 - Daylight,03 - P.D. only,03 - Rear end,Navan - Vars
5345,FERNBANK RD btwn STITTSVILLE MAIN ST & CHERRY DR,350947.1189,5012175.38,-75.91212409,45.24802558,2015-05-03,17:44,01 - Clear,01 - Dry,10 - No control,01 - Non intersection,01 - Daylight,03 - P.D. only,99 - Other,Stittsville
5346,TYNDALL ST btwn HOLLAND AVE & HINTON AVE N,365073.823,5028932.446,-75.73013646,45.39773603,2015-05-02,6:30,01 - Clear,01 - Dry,10 - No control,01 - Non intersection,01 - Daylight,03 - P.D. only,06 - SMV unattended vehicle,Islan
5347,CARLING AVE @ FAIRLAWN AVE/WOODROFFE AVE E,361934.6841,5025830.528,-75.77058762,45.37008852,2015-05-03,10:50,01 - Clear,01 - Dry,01 - Traffic signal,02 - Intersection related,01 - Daylight,03 - P.D. only,03 - Rear end,Carlingwood West - Glabar Park - McKellar Heights
5348,GREENBANK RD btwn JOCKVALE RD & CAMBRIAN RD,364163.1336,5014236.437,-75.74352994,45.26558041,2015-05-07,21:33,01 - Clear,01 - Dry,10 - No control,01 - Non intersection,07 - Dark,03 - P.D. only,07 - SMV other,New Barrhaven
5349,ELGIN ST @ SOMERSET ST,368163.6971,5031200.517,-75.69038258,45.4178706,2015-05-06,16:00,01 - Clear,01 - Dry,01 - Traffic signal,02 - Intersection related,01 - Daylight,03 - P.D. only,04 - Sideswipe,Centretown
5350,HUNTMAR DR @ MAPLE GROVE RD,350267.605,5016713.224,-75.92036463,45.28890287,2015-01-29,22:30,03 - Snow,05 - Packed snow,02 - Stop sign,02 - Intersection related,07 - Dark,03 - P.D. only,03 - Rear end,Stittsville
5351,MAITLAND AVE/GLENMOUNT AVE @ ERINDALE DR,363697.6922,5025211.27,-75.74815585,45.36437058,2015-01-16,15:38,01 - Clear,02 - Wet,01 - Traffic signal,02 - Intersection related,01 - Daylight,03 - P.D. only,03 - Rear end,Braemar Park - Bel Air Heights - Copeland Park
5352,HIGHWAY 7 btwn UPPER DWYER HILL RD & HIGHWAY 7,341367.4212,5007540.765,-76.03449743,45.20688362,2015-02-04,16:21,03 - Snow,06 - Ice,10 - No control,01 - Non intersection,01 - Daylight,03 - P.D. only,07 - SMV other,Munster Hamlet - Richmond
5353,JOHN SHAW RD btwn GALETTA SIDE RD & LILLIE SIDE RD,326212.2002,5033325.74,-76.22630516,45.43953598,2015-02-04,7:20,03 - Snow,05 - Packed snow,10 - No control,01 - Non intersection,01 - Daylight,03 - P.D. only,07 - SMV other,Fitzro
5354,BASELINE RD @ WOODROFFE AVE,362550.6541,5023771.95,-75.76296501,45.35151514,2015-02-04,9:15,03 - Snow,03 - Loose snow,01 - Traffic signal,02 - Intersection related,01 - Daylight,03 - P.D. only,03 - Rear end,Iris
5355,HAWTHORNE AVE @ MAIN ST,368971.2688,5030633.137,-75.68013893,45.41269192,2015-02-06,16:45,01 - Clear,04 - Slush,01 - Traffic signal,03 - At intersection,01 - Daylight,03 - P.D. only,05 - Turning movement,Old Ottawa East
5356,ST. LAURENT BLVD btwn FOLEY AVE & WALKLEY RD,373892.1477,5028064.686,-75.61763614,45.38911368,2015-02-06,17:18,03 - Snow,04 - Slush,10 - No control,04 - At/near private drive,01 - Daylight,03 - P.D. only,02 - Angle,Hawthorne Meadows - Sheffield Glen
5357,TERRY FOX DR btwn LEGGET DR & HELMSDALE DR,350563.5362,5023778.557,-75.91593935,45.3524593,2015-04-30,18:22,01 - Clear,01 - Dry,10 - No control,01 - Non intersection,01 - Daylight,03 - P.D. only,04 - Sideswipe,South March
5358,METCALFE ST @ GILMOUR ST,368098.7138,5030962.015,-75.69124345,45.41573052,2015-04-30,14:53,01 - Clear,01 - Dry,01 - Traffic signal,03 - At intersection,01 - Daylight,03 - P.D. only,04 - Sideswipe,Centretown
5359,MARCH RD btwn CAMPEAU DR/HWY 417 MARCH IC138R63 & HWY417 IC138 RAMP62,352751.9864,5020669.72,-75.88831193,45.3243392,2015-04-14,7:42,01 - Clear,01 - Dry,10 - No control,01 - Non intersection,01 - Daylight,03 - P.D. only,03 - Rear end,Greenbelt
5360,AERO DR @ HOLLY ACRES RD,358341.6535,5023227.984,-75.81673672,45.3469545,2015-04-13,18:08,01 - Clear,01 - Dry,01 - Traffic signal,03 - At intersection,01 - Daylight,03 - P.D. only,02 - Angle,Crystal Bay - Lakeview Park - Britannia Village
5361,LABELLE ST/RAMP @ LEMIEUX ST/HWY417 IC115 RAMP,372541.7204,5031689.051,-75.63438228,45.42185603,2015-02-06,13:36,01 - Clear,03 - Loose snow,02 - Stop sign,03 - At intersection,01 - Daylight,03 - P.D. only,02 - Angle,Cummings
5362,BAY ST @ SLATER ST,366983.5029,5031080.053,-75.70547601,45.41689259,2015-02-06,17:00,01 - Clear,04 - Slush,01 - Traffic signal,02 - Intersection related,01 - Daylight,03 - P.D. only,05 - Turning movement,Downtown
5363,TRADEWINDS DR btwn RISBOROUGH CRT & WINDING WAY,367468.9829,5016729.683,-75.70109244,45.28772765,2015-05-03,12:30,01 - Clear,01 - Dry,10 - No control,04 - At/near private drive,01 - Daylight,03 - P.D. only,06 - SMV unattended vehicle,Greenbelt
5364,GLADSTONE AVE btwn LYON ST N & KENT ST,367598.1713,5030370.728,-75.69771349,45.41045541,2015-05-04,12:10,01 - Clear,01 - Dry,10 - No control,01 - Non intersection,01 - Daylight,03 - P.D. only,04 - Sideswipe,Centretown
5365,TERRY FOX DR @ PALLADIUM DR/KATIMAVIK RD,351269.718,5018182.257,-75.9074524,45.30205609,2015-05-03,18:37,01 - Clear,01 - Dry,01 - Traffic signal,02 - Intersection related,01 - Daylight,03 - P.D. only,03 - Rear end,Katimavik - Hazeldean
5366,STRANDHERD DR @ WOODROFFE AVE,366105.1375,5015394.895,-75.71864205,45.27583759,2015-03-28,22:26,01 - Clear,01 - Dry,01 - Traffic signal,02 - Intersection related,07 - Dark,03 - P.D. only,03 - Rear end,New Barrhaven
5367,CARP RD btwn WESTBROOK RD & LLOYDALEX CRES,347835.8784,5015333.043,-75.95148327,45.27663661,2015-05-04,14:26,01 - Clear,01 - Dry,10 - No control,01 - Non intersection,01 - Daylight,03 - P.D. only,05 - Turning movement,Stittsville - Basswood
5368,EARL MULLIGAN DR @ WOODROFFE AVE,365251.6651,5017506.942,-75.72926158,45.2949156,2015-05-07,15:30,01 - Clear,01 - Dry,01 - Traffic signal,03 - At intersection,01 - Daylight,03 - P.D. only,05 - Turning movement,Greenbelt
5369,CYRVILLE RD @ OGILVIE RD,372454.683,5032005.088,-75.63545093,45.424708,2015-05-08,15:25,01 - Clear,01 - Dry,01 - Traffic signal,02 - Intersection related,01 - Daylight,03 - P.D. only,03 - Rear end,Cummings
5370,HIGHWAY 417 btwn HWY417 IC155 RAMP25 & RAMP,342229.5821,5017502.227,-76.02277239,45.29647673,2015-09-28,7:04,01 - Clear,01 - Dry,10 - No control,01 - Non intersection,03 - Dawn,03 - P.D. only,99 - Other,Carp - Hardwood Plains
5371,RICHMOND RD @ HOLLY ACRES RD/NANAIMO DR,359058.6716,5022747.05,-75.80764003,45.34257194,2015-01-20,14:17,01 - Clear,01 - Dry,01 - Traffic signal,03 - At intersection,01 - Daylight,03 - P.D. only,02 - Angle,Greenbelt
5372,HUNT CLUB RD btwn RAMP & RAMP (2),371048.4075,5023717.938,-75.65453191,45.35027789,2015-01-21,18:30,01 - Clear,01 - Dry,10 - No control,01 - Non intersection,07 - Dark,03 - P.D. only,03 - Rear end,Hunt Club East - Western Community
5373,ST. LAURENT BLVD btwn CONROY RD & THURSTON DR,373288.7627,5027288.94,-75.6254486,45.38219312,2015-02-04,9:19,03 - Snow,03 - Loose snow,10 - No control,04 - At/near private drive,01 - Daylight,03 - P.D. only,02 - Angle,Industrial Park
5374,LEES AVE btwn ROBINSON AVE & CHAPEL CRES,369591.0088,5031239.678,-75.67214213,45.41809224,2015-02-04,10:13,03 - Snow,03 - Loose snow,10 - No control,01 - Non intersection,01 - Daylight,03 - P.D. only,07 - SMV other,Sandy Hill
5375,O'CONNOR ST btwn NEPEAN ST & LISGAR ST,367735.1677,5031203.934,-75.69585705,45.41794003,2015-02-06,15:30,01 - Clear,01 - Dry,10 - No control,01 - Non intersection,01 - Daylight,03 - P.D. only,06 - SMV unattended vehicle,Centretown
5376,STRANDHERD DR btwn KENNEVALE DR & Continuation of STRANDHERD DR,361508.2455,5014067.26,-75.77737798,45.2642772,2015-02-06,20:38,05 - Drifting Snow,06 - Ice,10 - No control,01 - Non intersection,07 - Dark,03 - P.D. only,07 - SMV other,Munster Hamlet - Richmond
5377,FRASER AVE @ BYRON AVE,362506.2217,5027654.709,-75.76307848,45.38645546,2015-04-30,10:50,01 - Clear,01 - Dry,02 - Stop sign,03 - At intersection,01 - Daylight,03 - P.D. only,02 - Angle,Carlingwood - McKellar Park - Laurentien View
5378,KIRKWOOD AVE @ MERIVALE RD,364853.7014,5026644.133,-75.73322621,45.37716515,2015-04-30,10:14,01 - Clear,01 - Dry,01 - Traffic signal,02 - Intersection related,01 - Daylight,03 - P.D. only,02 - Angle,Carlington
5379,REGIONAL ROAD 174 EB btwn HWY417 IC113 RAMP65 & OR174 BLAIR IC112 RAMP51,374826.253,5032838.807,-75.6050301,45.43197596,2015-04-08,7:44,01 - Clear,01 - Dry,10 - No control,01 - Non intersection,01 - Daylight,03 - P.D. only,07 - SMV other,Greenbelt
5380,BANK ST @ HERON RD,369996.6839,5026852.024,-75.66753916,45.37857601,2015-03-04,14:14,01 - Clear,01 - Dry,01 - Traffic signal,02 - Intersection related,01 - Daylight,03 - P.D. only,03 - Rear end,Alta Vista
5381,TERRY FOX DR @ PALLADIUM DR/KATIMAVIK RD,351270.6819,5018181.896,-75.90744015,45.30205278,2015-04-24,21:24,01 - Clear,01 - Dry,01 - Traffic signal,02 - Intersection related,07 - Dark,03 - P.D. only,03 - Rear end,Katimavik - Hazeldean
5382,RIDEAU RD btwn DOWNEY RD & BOWESVILLE RD,372591.0749,5015030.174,-75.63603503,45.27196051,2015-04-26,18:46,01 - Clear,01 - Dry,10 - No control,01 - Non intersection,01 - Daylight,03 - P.D. only,07 - SMV other,Greenbelt
5383,STAR TOP RD btwn Continuation of STAR TOP RD & INNES RD,374113.027,5030752.826,-75.61443787,45.41327844,2015-05-04,17:10,02 - Rain,02 - Wet,10 - No control,04 - At/near private drive,01 - Daylight,03 - P.D. only,02 - Angle,Industrial Park
5384,REGIONAL ROAD 174 EB btwn HWY417 IC113 RAMP65 & OR174 BLAIR IC112 RAMP51,374775.3413,5032798.222,-75.60568647,45.43161589,2015-05-04,17:27,02 - Rain,02 - Wet,10 - No control,01 - Non intersection,01 - Daylight,03 - P.D. only,03 - Rear end,Pineview
5385,LOVITT RD @ RICHMOND RD,359666.9602,5023803.655,-75.79976141,45.35203196,2015-05-04,8:37,01 - Clear,01 - Dry,02 - Stop sign,03 - At intersection,01 - Daylight,03 - P.D. only,03 - Rear end,Whitehaven - Queensway Terrace North
5386,SMYTH RD @ SOUTH HAVEN PL/GENERAL HOSPITAL ENTRANCE W,371121.8183,5029137.42,-75.65286736,45.39903355,2015-05-04,10:12,01 - Clear,01 - Dry,01 - Traffic signal,03 - At intersection,01 - Daylight,03 - P.D. only,02 - Angle,Alta Vista
5387,DONALD ST @ ST. LAURENT BLVD,372093.7129,5032472.103,-75.63999938,45.42894481,2015-03-27,17:46,01 - Clear,01 - Dry,01 - Traffic signal,02 - Intersection related,01 - Daylight,03 - P.D. only,07 - SMV other,Overbrook
5388,COLDREY AVE @ KIRKWOOD AVE,364438.6955,5027137.022,-75.73846505,45.38163553,2015-05-04,19:29,02 - Rain,02 - Wet,01 - Traffic signal,03 - At intersection,01 - Daylight,03 - P.D. only,02 - Angle,Carlington
5389,IBER RD btwn HUNTMAR DR & HARRY DOUGLAS DR,350990.3087,5016023.89,-75.91121603,45.28265291,2015-05-05,7:30,01 - Clear,01 - Dry,10 - No control,01 - Non intersection,01 - Daylight,03 - P.D. only,03 - Rear end,Stittsville
5390,BANK ST @ RIVERSIDE DR N,369225.7159,5027983.064,-75.67723459,45.38882408,2015-02-13,17:35,01 - Clear,01 - Dry,01 - Traffic signal,02 - Intersection related,05 - Dusk,03 - P.D. only,04 - Sideswipe,Alta Vista
5391,TENTH LINE RD btwn ST. JOSEPH BLVD & OR174 IC101 RAMP26,382838.1536,5038776.419,-75.50170657,45.48454933,2015-02-17,6:38,01 - Clear,01 - Dry,10 - No control,01 - Non intersection,03 - Dawn,03 - P.D. only,04 - Sideswipe,Industrial Park
5392,PARKDALE AVE @ WELLINGTON ST,365148.7367,5029271.038,-75.72913826,45.40077616,2015-01-22,14:33,01 - Clear,01 - Dry,01 - Traffic signal,03 - At intersection,01 - Daylight,03 - P.D. only,05 - Turning movement,Islan
5393,DONALD ST @ ST. LAURENT BLVD,372094.6768,5032472.103,-75.63998706,45.42894471,2015-01-22,17:06,01 - Clear,01 - Dry,01 - Traffic signal,02 - Intersection related,05 - Dusk,03 - P.D. only,02 - Angle,Overbrook
5394,HERITAGE PARK CRES btwn OAK MEADOWS DR & OAK MEADOWS DR,380447.3123,5035133.185,-75.53284744,45.4520336,2015-02-04,8:45,03 - Snow,02 - Wet,10 - No control,04 - At/near private drive,01 - Daylight,03 - P.D. only,02 - Angle,Orleans Village - Chateauneuf
5395,BEECHWOOD AVE @ CHARLEVOIX ST/MACKAY ST,369185.871,5033591.869,-75.67701065,45.43929376,2015-02-04,10:33,03 - Snow,03 - Loose snow,01 - Traffic signal,02 - Intersection related,01 - Daylight,03 - P.D. only,03 - Rear end,Lindenlea - New Edinburgh
5396,HIGHWAY 417 btwn HWY417 IC119B RAMP57 & HWY417 IC119A RAMP75,368385.8521,5030401.882,-75.68764736,45.4106646,2015-09-28,8:20,01 - Clear,01 - Dry,10 - No control,01 - Non intersection,01 - Daylight,03 - P.D. only,03 - Rear end,The Glebe
5397,INDUSTRIAL AVE @ RIVERSIDE DR,370686.6463,5030592.071,-75.65823086,45.41216302,2015-04-02,8:43,03 - Snow,02 - Wet,01 - Traffic signal,02 - Intersection related,01 - Daylight,03 - P.D. only,04 - Sideswipe,Industrial Park
5398,RIVERSIDE DR @ 175 S OF HUNT CLUB  RD/RUNWAY C,368026.5723,5021767.746,-75.69334215,45.33300941,2015-04-02,7:35,02 - Rain,02 - Wet,01 - Traffic signal,03 - At intersection,01 - Daylight,03 - P.D. only,05 - Turning movement,Hunt Club Woods - Quintarra - Revelstoke - Riverside South P
5399,KING EDWARD AVE @ MURRAY ST,368291.6998,5032754.064,-75.68854697,45.43183727,2015-03-05,16:40,01 - Clear,01 - Dry,01 - Traffic signal,02 - Intersection related,01 - Daylight,03 - P.D. only,04 - Sideswipe,Byward Market
5400,BANK ST btwn RIVERSIDE DR & RIVERSIDE DR,369291.2231,5027910.457,-75.67640758,45.38816475,2015-04-27,12:22,01 - Clear,01 - Dry,10 - No control,01 - Non intersection,01 - Daylight,03 - P.D. only,03 - Rear end,Alta Vista
5401,BANK ST @ CHAMBERLAIN AVE N/ISABELLA ST,368082.7121,5030166.08,-75.69155006,45.40857041,2015-04-29,10:54,01 - Clear,01 - Dry,01 - Traffic signal,03 - At intersection,01 - Daylight,03 - P.D. only,02 - Angle,The Glebe
5402,BANK ST btwn RIVERDALE AVE & RIVERSIDE DR,369223.8789,5027983.776,-75.67725795,45.38883065,2015-01-23,16:06,01 - Clear,01 - Dry,10 - No control,03 - At intersection,01 - Daylight,03 - P.D. only,02 - Angle,Alta Vista
5403,LANCASTER RD @ WALKLEY RD,374908.7405,5028602.059,-75.60457864,45.39384767,2015-02-06,9:41,03 - Snow,03 - Loose snow,01 - Traffic signal,02 - Intersection related,01 - Daylight,03 - P.D. only,03 - Rear end,Industrial Park
5404,GREENBANK RD @ BELLMAN DR/BATEMAN DR,361257.6394,5021016.043,-75.77978007,45.32682284,2015-05-04,16:19,01 - Clear,01 - Dry,01 - Traffic signal,03 - At intersection,01 - Daylight,03 - P.D. only,02 - Angle,Sheahan Estates - Trend Village - Arlington Woods
5405,BRONSON AVE btwn LISGAR ST & COOPER ST,366925.9173,5030574.546,-75.70627544,45.4123493,2015-04-13,21:57,02 - Rain,02 - Wet,10 - No control,01 - Non intersection,07 - Dark,03 - P.D. only,06 - SMV unattended vehicle,Centretown West
5406,HAZELDEAN RD @ HUNTMAR DR/IBER RD,350940.6702,5016078.95,-75.91184362,45.28315161,2015-05-05,11:50,01 - Clear,01 - Dry,01 - Traffic signal,02 - Intersection related,01 - Daylight,03 - P.D. only,03 - Rear end,Stittsville
5407,MONTREAL RD btwn BURMA RD & MONTREAL RD,373916.4164,5034449.721,-75.61643065,45.4465606,2015-05-05,15:55,01 - Clear,01 - Dry,10 - No control,01 - Non intersection,01 - Daylight,03 - P.D. only,04 - Sideswipe,Carson Grove - Carson Meadows
5408,BERRIGAN DR @ LONGFIELDS DR,364305.3301,5015647.14,-75.74154902,45.27826191,2015-05-08,18:34,01 - Clear,01 - Dry,11 - Roundabout,03 - At intersection,01 - Daylight,03 - P.D. only,02 - Angle,New Barrhaven
5409,NICHOLAS ST NB btwn LAURIER AVE E & WALLER ST,368456.2633,5031733.673,-75.68657587,45.4226412,2015-02-19,18:30,01 - Clear,02 - Wet,10 - No control,01 - Non intersection,07 - Dark,03 - P.D. only,03 - Rear end,Sandy Hill
5410,MERIVALE RD btwn MEADOWLANDS DR & 210 S OF MEADOWLANDS DR/MERIVALE PL ,364893.3987,5023649.848,-75.73308353,45.35021964,2015-03-11,15:02,01 - Clear,01 - Dry,10 - No control,01 - Non intersection,01 - Daylight,03 - P.D. only,04 - Sideswipe,Borden Farm - Stewart Farm - Parkwood Hills - Fisher Glen
5411,EAGLE LANE btwn BEAVER RDG & MEADOWLANDS DR E,365255.1275,5024458.19,-75.72836869,45.35746189,2015-01-24,12:15,01 - Clear,01 - Dry,10 - No control,04 - At/near private drive,01 - Daylight,03 - P.D. only,06 - SMV unattended vehicle,Cityview - Skyline - Fisher Heights
5412,CATHERINE ST @ METCALFE ST,368393.67,5030486.87,-75.68753653,45.41142858,2015-01-25,16:24,01 - Clear,01 - Dry,01 - Traffic signal,02 - Intersection related,05 - Dusk,03 - P.D. only,04 - Sideswipe,Centretown
5413,HUNT CLUB RD @ DOWNPATRICK RD/MCCARTHY RD,370508.6983,5023400.027,-75.66146123,45.34746819,2015-02-04,12:37,03 - Snow,02 - Wet,01 - Traffic signal,02 - Intersection related,01 - Daylight,03 - P.D. only,03 - Rear end,Hunt Club East - Western Community
5414,JARVIS DR @ RIVER RD,368185.7595,5020112.036,-75.69152336,45.31809728,2015-02-04,13:20,03 - Snow,03 - Loose snow,02 - Stop sign,02 - Intersection related,01 - Daylight,03 - P.D. only,03 - Rear end,Greenbelt
5415,CYRVILLE RD btwn STAR TOP RD & MEADOWBROOK RD,374404.0552,5031325.835,-75.61063914,45.41840519,2015-02-17,17:06,06 - Strong wind,01 - Dry,10 - No control,04 - At/near private drive,01 - Daylight,03 - P.D. only,05 - Turning movement,Pineview
5416,BASELINE RD @ 207 E OF CLYDE AVE,364535.4807,5024999.53,-75.7374878,45.36239448,2015-02-23,16:26,01 - Clear,02 - Wet,01 - Traffic signal,03 - At intersection,01 - Daylight,03 - P.D. only,02 - Angle,Civic Hospital - Experimental Farm - Central Park