Record,Location,X,Y,lon,lat,Date,Time,Environment,Road_Surface,Traffic_Control,Collision_Location,Light,Collision_Classification,Impact_type,Neighborhood
5417,CARLING AVE WB btwn ALPINE AVE & FOREST ST,360531.1866,5024963.364,-75.78860184,45.36239884,2015-04-29,17:25,01 - Clear,01 - Dry,10 - No control,01 - Non intersection,01 - Daylight,03 - P.D. only,03 - Rear end,Whitehaven - Queensway Terrace North
5418,LEWIS ST @ METCALFE ST,368120.7121,5030923.093,-75.69096741,45.41537833,2015-04-01,13:15,01 - Clear,01 - Dry,02 - Stop sign,02 - Intersection related,01 - Daylight,03 - P.D. only,05 - Turning movement,Centretown
5419,LAUDER DR btwn WEMBLEY AVE & BROMLEY RD,362684.5337,5026501.726,-75.76093677,45.37606635,2015-03-09,8:45,01 - Clear,05 - Packed snow,10 - No control,04 - At/near private drive,01 - Daylight,03 - P.D. only,05 - Turning movement,Carlingwood - McKellar Park - Laurentien View
5420,CHAMPLAIN ST @ JEANNE D'ARC BLVD,381379.7447,5038724.08,-75.52036848,45.48423994,2015-04-29,20:35,01 - Clear,01 - Dry,01 - Traffic signal,03 - At intersection,07 - Dark,03 - P.D. only,05 - Turning movement,Chatelaine Village
5421,CARLING AVE @ PINECREST  RD/GREENVIEW AVE,360007.6396,5024631.082,-75.79532143,45.3594504,2015-04-30,10:27,01 - Clear,01 - Dry,01 - Traffic signal,02 - Intersection related,01 - Daylight,03 - P.D. only,03 - Rear end,Whitehaven - Queensway Terrace North
5422,OLD MONTREAL RD btwn TED KELLY LANE & MEADOW LANE RD,386478.2273,5040921.078,-75.45479209,45.50342829,2015-02-12,8:10,03 - Snow,05 - Packed snow,10 - No control,01 - Non intersection,01 - Daylight,03 - P.D. only,07 - SMV other,Cumberland - Estates
5423,KEMP DR btwn MELVA AVE & ROBERT KEMP ST,374989.1418,5022147.244,-75.60446877,45.33576212,2015-05-04,20:46,02 - Rain,02 - Wet,10 - No control,01 - Non intersection,05 - Dusk,03 - P.D. only,07 - SMV other,Greenbelt
5424,INNES RD btwn INNES RD & PAGE RD,380719.6081,5034452.673,-75.52947165,45.44588136,2015-05-05,7:24,01 - Clear,01 - Dry,10 - No control,01 - Non intersection,01 - Daylight,03 - P.D. only,03 - Rear end,Orleans Village - Chateauneuf
5425,ARMSTRONG ST @ PARKDALE AVE,365091.656,5029403.113,-75.72985117,45.40196946,2015-04-23,18:50,01 - Clear,01 - Dry,01 - Traffic signal,03 - At intersection,01 - Daylight,03 - P.D. only,02 - Angle,Islan
5426,HAWTHORNE AVE btwn COLONEL BY DR & MAIN ST,368885.5049,5030593.835,-75.68123965,45.41234615,2015-04-30,9:04,01 - Clear,01 - Dry,10 - No control,01 - Non intersection,01 - Daylight,03 - P.D. only,03 - Rear end,Old Ottawa East
5427,FORTUNE DR btwn STE. THERESE LANE & ST. DUNSTANS PL,379878.7119,5037404.786,-75.53976906,45.47253304,2015-05-05,18:30,01 - Clear,01 - Dry,10 - No control,04 - At/near private drive,01 - Daylight,03 - P.D. only,06 - SMV unattended vehicle,Orleans South West
5428,PLEASANT PARK RD @ ST. LAURENT BLVD,373599.6556,5028794.104,-75.62126936,45.39570545,2015-05-06,10:30,01 - Clear,01 - Dry,01 - Traffic signal,03 - At intersection,01 - Daylight,03 - P.D. only,05 - Turning movement,Urbandale
5429,SPLINTER CRES btwn TORSA CRT & DUMAURIER AVE,359874.5904,5023535.634,-75.79714159,45.34960404,2015-05-06,0:00,01 - Clear,01 - Dry,10 - No control,01 - Non intersection,00 - Unknown,03 - P.D. only,06 - SMV unattended vehicle,Whitehaven - Queensway Terrace North
5430,GROVEHURST DR btwn OLDFIELD ST & KARENDALE ST,366582.195,5015624.478,-75.71253377,45.27786161,2015-05-08,0:00,01 - Clear,01 - Dry,10 - No control,01 - Non intersection,00 - Unknown,03 - P.D. only,06 - SMV unattended vehicle,Chapman Mills - Rideau Crest - Davidson Heights
5431,HAZELDEAN RD @ HUNTMAR DR/IBER RD,350943.5618,5016078.95,-75.91180676,45.28315143,2015-05-09,9:42,01 - Clear,01 - Dry,01 - Traffic signal,03 - At intersection,01 - Daylight,03 - P.D. only,05 - Turning movement,Stittsville
5432,DALHOUSIE ST btwn GUIGUES AVE & ST. PATRICK ST,367940.3512,5032672.87,-75.69304732,45.43113853,2015-03-31,9:15,01 - Clear,01 - Dry,10 - No control,01 - Non intersection,01 - Daylight,03 - P.D. only,04 - Sideswipe,Lower Town
5433,COSTELLO AVE @ MONTEREY DR,360007.7079,5022095.011,-75.79560366,45.33663084,2015-01-26,8:30,01 - Clear,01 - Dry,02 - Stop sign,02 - Intersection related,01 - Daylight,03 - P.D. only,02 - Angle,Leslie Park
5434,CARSON'S RD @ DEN HAAG DR,373029.7157,5033806.092,-75.62785395,45.44085668,2015-02-04,13:10,01 - Clear,03 - Loose snow,02 - Stop sign,02 - Intersection related,01 - Daylight,03 - P.D. only,07 - SMV other,Carson Grove - Carson Meadows
5435,RIVERSIDE DR @ BROOKFIELD RD/HOG'S BACK RD,368167.711,5026222.04,-75.69097078,45.37307539,2015-02-04,13:47,03 - Snow,06 - Ice,01 - Traffic signal,02 - Intersection related,01 - Daylight,03 - P.D. only,03 - Rear end,Riverside Park
5436,PRINCE OF WALES DR btwn WINDING WAY & MERIVALE RD,367451.639,5017603.449,-75.70120315,45.29559125,2015-03-17,12:42,01 - Clear,01 - Dry,10 - No control,01 - Non intersection,01 - Daylight,03 - P.D. only,99 - Other,Greenbelt
5437,TENTH LINE RD @ CHARLEMAGNE BLVD S/DES EPINETT,383640.9751,5036900.456,-75.49173924,45.46758093,2015-03-19,4:50,01 - Clear,01 - Dry,01 - Traffic signal,03 - At intersection,07 - Dark,03 - P.D. only,07 - SMV other,Orl¨¦ans
5438,BELFAST RD @ ST. LAURENT BLVD,372861.688,5030577.116,-75.63044772,45.41182031,2015-04-29,16:30,01 - Clear,01 - Dry,01 - Traffic signal,02 - Intersection related,01 - Daylight,03 - P.D. only,04 - Sideswipe,Industrial Park
5439,LERNER WAY btwn THORIN CRT & SINCLAIR ST,375974.7619,5034599.036,-75.5900989,45.44769749,2015-03-24,16:35,01 - Clear,01 - Dry,10 - No control,01 - Non intersection,01 - Daylight,03 - P.D. only,06 - SMV unattended vehicle,Beacon Hill South - Cardinal Heights
5440,BROADVIEW AVE btwn CARLING AVE & KERR AVE,363208.6384,5026593.722,-75.75423475,45.37685063,2015-03-14,14:42,01 - Clear,01 - Dry,10 - No control,01 - Non intersection,01 - Daylight,03 - P.D. only,04 - Sideswipe,Carlingwood West - Glabar Park - McKellar Heights
5441,TERRY FOX DR btwn MAPLE GROVE RD & WALTER BAKER PL,351689.5122,5017712.657,-75.9021442,45.29780261,2015-03-14,16:18,02 - Rain,02 - Wet,10 - No control,01 - Non intersection,01 - Daylight,03 - P.D. only,03 - Rear end,Katimavik - Hazeldean
5442,RICHMOND RD btwn WINONA AVE & EDEN AVE,363309.8451,5028347.632,-75.75273474,45.39262361,2015-04-30,15:46,01 - Clear,01 - Dry,10 - No control,01 - Non intersection,01 - Daylight,03 - P.D. only,04 - Sideswipe,Westboro
5443,BRIAN COBURN BLVD btwn AQUAVIEW DR & TENTH LINE RD,384525.2606,5035069.364,-75.48072922,45.45100609,2015-04-30,16:30,01 - Clear,01 - Dry,10 - No control,04 - At/near private drive,01 - Daylight,03 - P.D. only,02 - Angle,Avalon
5444,QUEEN MARY ST @ VANIER PKWY,370363.7105,5031957.103,-75.66217462,45.42447536,2015-02-20,9:08,01 - Clear,04 - Slush,01 - Traffic signal,02 - Intersection related,01 - Daylight,03 - P.D. only,03 - Rear end,Overbrook
5445,OLD CARP RD btwn SECOND LINE RD & MARCHBROOK CIRC,347880.7778,5023625.428,-75.95018997,45.35125135,2015-03-01,0:00,01 - Clear,03 - Loose snow,10 - No control,04 - At/near private drive,00 - Unknown,03 - P.D. only,07 - SMV other,Morgan's Grant
5446,MERIVALE RD/LOTTA AVE @ CLYDE AVE,364521.2158,5024508.292,-75.73772923,45.3579756,2015-05-05,12:50,01 - Clear,01 - Dry,01 - Traffic signal,02 - Intersection related,01 - Daylight,03 - P.D. only,03 - Rear end,Cityview - Skyline - Fisher Heights
5447,GREENBANK RD @ 220 N OF STRANDHERD DR,363845.1556,5014987.889,-75.74749227,45.27236876,2015-05-05,17:26,01 - Clear,01 - Dry,01 - Traffic signal,02 - Intersection related,01 - Daylight,03 - P.D. only,03 - Rear end,New Barrhaven
5448,TERMINAL AVE btwn SANDFORD FLEMING AVE & STEAMLINE ST,370893.1299,5030834.518,-75.6555606,45.41432499,2015-05-03,8:48,01 - Clear,01 - Dry,10 - No control,01 - Non intersection,01 - Daylight,03 - P.D. only,07 - SMV other,Industrial Park
5449,BANK ST @ HERON RD,369995.72,5026850.096,-75.66755172,45.37855875,2015-05-06,12:30,01 - Clear,01 - Dry,01 - Traffic signal,02 - Intersection related,01 - Daylight,03 - P.D. only,03 - Rear end,Alta Vista
5450,BOYER RD @ GAULTOIS AVE,380656.7725,5036251.098,-75.52999742,45.462069,2015-03-16,17:45,01 - Clear,01 - Dry,02 - Stop sign,03 - At intersection,01 - Daylight,03 - P.D. only,02 - Angle,Chapel Hill
5451,EARL MULLIGAN DR @ WOODROFFE AVE,365250.7012,5017507.906,-75.72927375,45.29492436,2015-05-09,9:35,01 - Clear,01 - Dry,01 - Traffic signal,02 - Intersection related,01 - Daylight,03 - P.D. only,03 - Rear end,Greenbelt
5452,INNES RD @ 240 E OF TENTH LINE RD/HOME DEPOT E,384168.11,5036257.866,-75.48510277,45.4617398,2015-05-09,11:39,01 - Clear,01 - Dry,01 - Traffic signal,03 - At intersection,01 - Daylight,03 - P.D. only,05 - Turning movement,Fallingbrook
5453,MARCH RD btwn HWY417 IC138 RAMP36 & HWY417 IC138 RAMP26,352881.143,5020377.672,-75.88669283,45.32170246,2015-04-27,8:52,01 - Clear,01 - Dry,10 - No control,01 - Non intersection,01 - Daylight,03 - P.D. only,03 - Rear end,Greenbelt
5454,WOODROFFE AVE @ DEERFOX DR/STONEWAY DR,365885.6981,5015940.921,-75.72137144,45.28076981,2015-04-27,10:36,01 - Clear,01 - Dry,01 - Traffic signal,02 - Intersection related,01 - Daylight,03 - P.D. only,04 - Sideswipe,Chapman Mills - Rideau Crest - Davidson Heights
5455,MACDONALD-CARTIER BR btwn RAMP & END (1),367190.3591,5033310.286,-75.70255073,45.43694109,2015-01-27,14:39,01 - Clear,01 - Dry,10 - No control,07 - Overpass or bridge,01 - Daylight,03 - P.D. only,03 - Rear end,District de Hull
5456,ELGIN ST @ LAURIER AVE,367947.6122,5031548.917,-75.69309864,45.42102493,2015-01-27,17:39,01 - Clear,01 - Dry,01 - Traffic signal,03 - At intersection,00 - Unknown,03 - P.D. only,05 - Turning movement,Downtown
5457,ELGIN ST @ WELLINGTON ST W,367665.8696,5031878.073,-75.69665639,45.42401194,2015-02-04,14:00,03 - Snow,03 - Loose snow,01 - Traffic signal,02 - Intersection related,01 - Daylight,03 - P.D. only,03 - Rear end,Downtown
5458,ARGYLE AVE @ O'CONNOR ST,368184.6269,5030485.792,-75.6902071,45.41143785,2015-02-04,14:16,03 - Snow,03 - Loose snow,01 - Traffic signal,02 - Intersection related,01 - Daylight,03 - P.D. only,03 - Rear end,Centretown
5459,HUNTMAR DR @ MAPLE GROVE RD,350267.605,5016712.008,-75.92036474,45.28889193,2015-04-29,16:23,01 - Clear,01 - Dry,02 - Stop sign,02 - Intersection related,01 - Daylight,03 - P.D. only,03 - Rear end,Stittsville
5460,HERON RD @ BAYCREST DR,371143.7293,5026980.026,-75.65287756,45.37962005,2015-03-20,15:20,01 - Clear,01 - Dry,01 - Traffic signal,02 - Intersection related,01 - Daylight,03 - P.D. only,04 - Sideswipe,Ledbury - Heron Gate - Ridgemont - Elmwood
5461,CLARENCE ST btwn WILLIAM ST & DALHOUSIE ST,367996.1835,5032475.818,-75.69235913,45.42936048,2015-03-19,18:00,01 - Clear,01 - Dry,10 - No control,04 - At/near private drive,01 - Daylight,03 - P.D. only,02 - Angle,Byward Market
5462,ALBION RD @ SOUTHGATE RD/ROYAL OAK CRT,371817.9852,5024444.025,-75.64461317,45.35673786,2015-03-15,7:30,03 - Snow,04 - Slush,02 - Stop sign,03 - At intersection,01 - Daylight,03 - P.D. only,02 - Angle,South Keys - Heron Gate - Greenboro West
5463,HUNT CLUB RD @ RIVERSIDE DR,368036.703,5021944.053,-75.69319038,45.33459487,2015-03-17,10:39,01 - Clear,02 - Wet,01 - Traffic signal,02 - Intersection related,01 - Daylight,03 - P.D. only,03 - Rear end,Hunt Club Woods - Quintarra - Revelstoke - Riverside South P
5464,HWY417 IC142 RAMP61 btwn HWY417 IC142 RAMP63 & HIGHWAY 417,348917.3362,5017463.352,-75.93751072,45.29573883,2015-04-30,18:08,01 - Clear,01 - Dry,10 - No control,01 - Non intersection,01 - Daylight,03 - P.D. only,07 - SMV other,Stittsville - Basswood
5465,QUEEN ELIZABETH DRWY btwn FOURTH AVE & THIRD AVE,368811.8517,5029794.758,-75.68228431,45.40516307,2015-04-30,19:16,01 - Clear,01 - Dry,10 - No control,01 - Non intersection,01 - Daylight,03 - P.D. only,03 - Rear end,The Glebe
5466,CARP RD @ STITTSVILLE MAIN ST,349524.0632,5014330.806,-75.93005772,45.26751277,2015-03-01,11:41,01 - Clear,01 - Dry,01 - Traffic signal,03 - At intersection,01 - Daylight,03 - P.D. only,02 - Angle,Stittsville
5467,PRESTON ST @ SOMERSET ST,366307.6986,5030128.05,-75.7142288,45.40838646,2015-03-16,13:30,01 - Clear,01 - Dry,01 - Traffic signal,02 - Intersection related,01 - Daylight,03 - P.D. only,03 - Rear end,Little Italy
5468,FOXLEIGH CRES btwn BLUEGRASS DR & TROTTING WAY,354864.3869,5016139.904,-75.86182474,45.28343159,2015-05-06,4:12,01 - Clear,01 - Dry,10 - No control,01 - Non intersection,07 - Dark,03 - P.D. only,06 - SMV unattended vehicle,Bridlewood - Emerald Meadows
5469,HAMILTON AVE   N btwn SPENCER ST & ARMSTRONG ST,364993.9065,5029427.462,-75.73109671,45.40219695,2015-05-06,11:29,01 - Clear,01 - Dry,10 - No control,01 - Non intersection,01 - Daylight,03 - P.D. only,03 - Rear end,Islan
5470,REGIONAL ROAD 174 EB btwn OR174 IC109 RAMP55 & TRANSIT,376473.6823,5034988.033,-75.58366482,45.45114645,2015-03-19,15:59,01 - Clear,01 - Dry,10 - No control,01 - Non intersection,01 - Daylight,03 - P.D. only,03 - Rear end,Greenbelt
5471,BANK ST @ SUNNYSIDE AVE,368735.6726,5028582.031,-75.68341456,45.3942583,2015-03-18,16:25,01 - Clear,01 - Dry,01 - Traffic signal,02 - Intersection related,01 - Daylight,03 - P.D. only,03 - Rear end,Old Ottawa South
5472,FALLOWFIELD RD @ VIA PARK PL/275 W OF WOODROFFE AVE,364847.2373,5017764.575,-75.73438624,45.29726845,2015-05-09,12:15,01 - Clear,01 - Dry,01 - Traffic signal,02 - Intersection related,01 - Daylight,03 - P.D. only,03 - Rear end,New Barrhaven
5473,NOTRE DAME ST btwn ST. JEAN ST & BELCOURT BLVD,381194.165,5037143.726,-75.5229879,45.47004157,2015-01-24,12:48,01 - Clear,02 - Wet,10 - No control,04 - At/near private drive,01 - Daylight,03 - P.D. only,02 - Angle,Orleans Village - Chateauneuf
5474,CENTREPOINTE DR @ PINETRAIL CRES N,362654.5622,5022422.853,-75.76179681,45.33936749,2015-04-27,16:25,01 - Clear,01 - Dry,02 - Stop sign,02 - Intersection related,01 - Daylight,03 - P.D. only,02 - Angle,Centrepointe
5475,PRINCE OF WALES DR @ MEADOWLANDS DR/HOG'S BACK,367372.8828,5025693.959,-75.70118441,45.36839527,2015-04-27,21:39,01 - Clear,01 - Dry,01 - Traffic signal,03 - At intersection,07 - Dark,03 - P.D. only,05 - Turning movement,Carleton Heights - Rideauview
5476,BANK ST btwn CAMERON AVE & CHESLEY ST,368963.7791,5028241.441,-75.68054578,45.39117292,2015-01-30,8:55,03 - Snow,02 - Wet,10 - No control,04 - At/near private drive,01 - Daylight,03 - P.D. only,02 - Angle,Old Ottawa South
5477,ALBION RD btwn LESTER RD & LEITRIM RD,373091.7972,5021357.337,-75.6287828,45.32884204,2015-02-04,15:26,03 - Snow,04 - Slush,10 - No control,01 - Non intersection,01 - Daylight,03 - P.D. only,01 - Approaching,Greenbelt
5478,MANOTICK MAIN ST btwn TIGHE ST & O'GRADY ST,368883.9415,5009773.71,-75.6839533,45.22501088,2015-03-27,15:14,03 - Snow,02 - Wet,10 - No control,04 - At/near private drive,01 - Daylight,03 - P.D. only,02 - Angle,Manotick
5479,SHIRLEY'S BROOK DR btwn MARCONI AVE & ARRISDALE CRT,350170.3186,5024206.48,-75.92091829,45.35633539,2015-03-27,16:58,03 - Snow,02 - Wet,10 - No control,04 - At/near private drive,01 - Daylight,03 - P.D. only,02 - Angle,South March
5480,HWY 417 TERRYFO IC140R52 @ TERRY FOX DR,351052.9954,5018434.126,-75.91019224,45.30433678,2015-04-25,14:00,01 - Clear,01 - Dry,01 - Traffic signal,02 - Intersection related,01 - Daylight,03 - P.D. only,03 - Rear end,Katimavik - Hazeldean
5481,MANOTICK MAIN ST btwn HIGHCROFT DR & MAPLE AVE,368688.2294,5009939.717,-75.68642394,45.22652238,2015-03-18,17:21,01 - Clear,01 - Dry,10 - No control,04 - At/near private drive,05 - Dusk,03 - P.D. only,04 - Sideswipe,Manotick
5482,CHARLEMAGNE BLVD @ GARDENWAY DR/BOTTRIELL WAY ,384049.7586,5037035.047,-75.48649062,45.4687456,2015-03-13,20:11,01 - Clear,01 - Dry,01 - Traffic signal,02 - Intersection related,07 - Dark,03 - P.D. only,04 - Sideswipe,Fallingbrook
5483,FRANK ST @ O'CONNOR ST,368051.7067,5030698.055,-75.69187786,45.41335975,2015-03-22,10:56,01 - Clear,01 - Dry,02 - Stop sign,03 - At intersection,01 - Daylight,03 - P.D. only,02 - Angle,Centretown
5484,MAIN ST btwn HAZEL ST & HERRIDGE ST,369186.9554,5030121.987,-75.67745033,45.40807296,2015-03-22,14:05,01 - Clear,01 - Dry,10 - No control,01 - Non intersection,01 - Daylight,03 - P.D. only,04 - Sideswipe,Old Ottawa East
5485,EARL ARMSTRONG RD @ RIVER RD,367572.4618,5014686.565,-75.70003179,45.26933463,2015-05-01,7:12,01 - Clear,01 - Dry,01 - Traffic signal,02 - Intersection related,01 - Daylight,03 - P.D. only,03 - Rear end,Gloucester
5486,CARLING AVE @ CHURCHILL AVE,363774.7317,5027014.02,-75.74695725,45.38058499,2015-05-01,13:22,01 - Clear,01 - Dry,01 - Traffic signal,02 - Intersection related,01 - Daylight,03 - P.D. only,03 - Rear end,Westboro
5487,IRIS ST @ WOODROFFE AVE,362282.6921,5024441.29,-75.76630673,45.35755983,2015-03-27,7:56,03 - Snow,02 - Wet,01 - Traffic signal,02 - Intersection related,01 - Daylight,03 - P.D. only,04 - Sideswipe,Iris
5488,HIGHWAY 417 btwn HWY417 IC115 RAMP51 & HWY417 IC115 RAMP35,372365.2996,5031486.036,-75.6366642,45.42004646,2015-10-03,12:20,01 - Clear,01 - Dry,10 - No control,01 - Non intersection,01 - Daylight,03 - P.D. only,99 - Other,Industrial Park
5489,HIGHWAY 416 btwn HWY416 IC66 RAMP24 & HWY416 IC57 RAMP62,360391.5555,5014264.419,-75.79158457,45.2661404,2015-02-12,4:55,03 - Snow,05 - Packed snow,10 - No control,01 - Non intersection,07 - Dark,03 - P.D. only,07 - SMV other,Munster Hamlet - Richmond
5490,CARLING AVE btwn BOOTH ST & CAMBRIDGE ST S,367347.4831,5029258.592,-75.70105696,45.40047118,2015-05-06,15:22,01 - Clear,01 - Dry,10 - No control,01 - Non intersection,01 - Daylight,03 - P.D. only,03 - Rear end,The Glebe
5491,BANK ST @ KILBORN AVE/BELANGER AVE,369653.7199,5027426.102,-75.67184241,45.38377321,2015-03-20,13:18,01 - Clear,01 - Dry,01 - Traffic signal,03 - At intersection,01 - Daylight,03 - P.D. only,05 - Turning movement,Alta Vista
5492,WALKLEY RD @ HEATHERINGTON RD,371767.6887,5026794.045,-75.64493653,45.3778873,2015-03-20,16:04,01 - Clear,01 - Dry,01 - Traffic signal,03 - At intersection,01 - Daylight,03 - P.D. only,05 - Turning movement,Ledbury - Heron Gate - Ridgemont - Elmwood
5493,SOMERSET ST    W btwn BRONSON AVE & PERCY ST,367044.6735,5030524.426,-75.70476468,45.41188779,2015-01-26,21:22,01 - Clear,01 - Dry,10 - No control,04 - At/near private drive,07 - Dark,03 - P.D. only,07 - SMV other,Chinatown
5494,BLAIR RD btwn APPLEFORD ST & DUNHAM ST,374251.5332,5033852.587,-75.61223138,45.44115471,2015-02-08,9:53,03 - Snow,03 - Loose snow,10 - No control,04 - At/near private drive,01 - Daylight,03 - P.D. only,02 - Angle,Beacon Hill South - Cardinal Heights
5495,CARLING AVE btwn DAVIDSON'S SIDE RD & GRANDVIEW RD,354795.913,5023874.501,-75.86191684,45.35303364,2015-04-28,7:53,01 - Clear,01 - Dry,10 - No control,01 - Non intersection,01 - Daylight,03 - P.D. only,03 - Rear end,Greenbelt
5496,KING EDWARD AVE @ LAURIER AVE,368737.7795,5032034.101,-75.68293992,45.42531867,2015-01-30,13:08,01 - Clear,01 - Dry,01 - Traffic signal,03 - At intersection,01 - Daylight,03 - P.D. only,05 - Turning movement,Sandy Hill
5497,BANK ST @ SOMERSET ST,367695.6668,5030915.083,-75.69639858,45.41534459,2015-01-30,16:15,01 - Clear,02 - Wet,01 - Traffic signal,03 - At intersection,01 - Daylight,03 - P.D. only,05 - Turning movement,Centretown
5498,HERON RD @ BRIAR HILL DR/SANDALWOOD DR,371452.7278,5027011.092,-75.6489283,45.37987024,2015-02-04,15:00,03 - Snow,04 - Slush,01 - Traffic signal,02 - Intersection related,01 - Daylight,03 - P.D. only,03 - Rear end,Ledbury - Heron Gate - Ridgemont - Elmwood
5499,OLD PRESCOTT RD @ THUNDERBIRD DR,377315.9845,5015015.791,-75.57582802,45.27135974,2015-02-04,17:07,03 - Snow,03 - Loose snow,02 - Stop sign,02 - Intersection related,01 - Daylight,03 - P.D. only,03 - Rear end,Greely
5500,BASELINE RD @ MERIVALE RD,365054.6964,5025325.033,-75.73082102,45.36527886,2015-03-27,8:15,04 - Freezing Rain,06 - Ice,01 - Traffic signal,02 - Intersection related,01 - Daylight,03 - P.D. only,03 - Rear end,Civic Hospital - Experimental Farm - Central Park
5501,RICHMOND RD btwn GOLDEN AVE & BERKLEY AVE,362899.6577,5028055.492,-75.75800745,45.39002913,2015-04-28,14:28,01 - Clear,01 - Dry,10 - No control,01 - Non intersection,01 - Daylight,03 - P.D. only,06 - SMV unattended vehicle,Carlingwood - McKellar Park - Laurentien View
5502,SAUNDERSON DR @ SMYTH RD,372795.659,5029323.069,-75.63146414,45.40054338,2015-03-13,18:24,01 - Clear,01 - Dry,01 - Traffic signal,02 - Intersection related,07 - Dark,03 - P.D. only,04 - Sideswipe,Elmvale - Eastway - Riverview - Riverview Park West
5503,COVENTRY RD @ LOLA ST,371262.7446,5031617.561,-75.65073312,45.42133547,2015-03-13,17:38,01 - Clear,01 - Dry,01 - Traffic signal,02 - Intersection related,01 - Daylight,03 - P.D. only,07 - SMV other,Overbrook
5504,WALKLEY RD btwn COLLISTON CRES & COLLISTON CRES,370966.2341,5026318.464,-75.65523233,45.37368433,2015-02-25,15:38,03 - Snow,05 - Packed snow,10 - No control,01 - Non intersection,01 - Daylight,03 - P.D. only,01 - Approaching,Ledbury - Heron Gate - Ridgemont - Elmwood
5505,BANK ST @ SNAKE ISLAND RD/VICTORIA ST,383696.7883,5010121.889,-75.49529728,45.22664022,2015-03-22,16:47,01 - Clear,01 - Dry,01 - Traffic signal,03 - At intersection,01 - Daylight,03 - P.D. only,02 - Angle,Metcalfe
5506,ROGER STEVENS DR btwn DWYER HILL RD & MALAKOFF RD,356664.379,4991391.931,-75.8414531,45.06061001,2015-03-23,11:06,01 - Clear,01 - Dry,10 - No control,01 - Non intersection,01 - Daylight,03 - P.D. only,07 - SMV other,Munster Hamlet - Richmond
5507,FROBISHER LANE W @ RIVERSIDE DR,370117.8491,5029601.083,-75.66562834,45.4032998,2015-03-28,14:16,01 - Clear,01 - Dry,01 - Traffic signal,02 - Intersection related,01 - Daylight,03 - P.D. only,03 - Rear end,Industrial Park
5508,MOONEY'S BAY PL @ RIVERSIDE DR,368357.9878,5025297.592,-75.68866065,45.36474022,2015-05-01,15:58,01 - Clear,01 - Dry,01 - Traffic signal,02 - Intersection related,01 - Daylight,03 - P.D. only,03 - Rear end,Riverside Park
5509,INNES RD @ TENTH LINE RD,383952.7242,5036160.043,-75.48787227,45.46088411,2015-05-01,16:13,01 - Clear,01 - Dry,01 - Traffic signal,02 - Intersection related,01 - Daylight,03 - P.D. only,03 - Rear end,Queenswood Heights
5510,BASELINE RD @ WOODROFFE AVE,362550.1494,5023770.275,-75.76297165,45.35150011,2015-03-27,11:00,01 - Clear,02 - Wet,01 - Traffic signal,02 - Intersection related,01 - Daylight,03 - P.D. only,03 - Rear end,Iris
5511,CAMPEAU DR @ KANATA AVE,350596.3919,5019402.198,-75.91592498,45.31307767,2015-03-29,1:00,01 - Clear,01 - Dry,01 - Traffic signal,02 - Intersection related,07 - Dark,03 - P.D. only,07 - SMV other,Kanata Lakes - Marchwood Lakeside - Morgan's Grant - Kanata
5512,PRINCE OF WALES DR btwn RIDEAUVIEW TER & FAIRCHILD PRIV,367071.9928,5026848.058,-75.70487974,45.37880638,2015-01-25,5:11,05 - Drifting Snow,03 - Loose snow,10 - No control,01 - Non intersection,07 - Dark,03 - P.D. only,07 - SMV other,Civic Hospital - Experimental Farm - Central Park
5513,ST. LAURENT BLVD @ COVENTRY RD/OGILVIE RD,372306.1787,5031951.804,-75.63735573,45.42424293,2015-01-28,21:01,01 - Clear,01 - Dry,01 - Traffic signal,02 - Intersection related,07 - Dark,03 - P.D. only,03 - Rear end,Overbrook
5514,MONTREAL RD @ DUCHARME BLVD/CANTIN ST,371017.1962,5033565.337,-75.6536085,45.43888399,2015-01-13,18:39,01 - Clear,06 - Ice,01 - Traffic signal,02 - Intersection related,07 - Dark,03 - P.D. only,03 - Rear end,Vanier South
5515,CAMERON ST @ REGIONAL RD 174,389859.8097,5042617.082,-75.41123267,45.51828277,2015-03-21,10:03,03 - Snow,03 - Loose snow,01 - Traffic signal,02 - Intersection related,01 - Daylight,03 - P.D. only,03 - Rear end,Cumberland - Estates
5516,BLAIR RD @ INNES RD,375580.6626,5031440.037,-75.59559058,45.41931468,2015-04-09,7:45,01 - Clear,01 - Dry,01 - Traffic signal,02 - Intersection related,01 - Daylight,03 - P.D. only,03 - Rear end,Greenbelt
5517,ALBERT ST @ PRESTON ST,366160.374,5030465.697,-75.71606869,45.41143745,2015-02-17,8:52,01 - Clear,06 - Ice,01 - Traffic signal,02 - Intersection related,01 - Daylight,03 - P.D. only,03 - Rear end,Centretown West
5518,INNES RD btwn VISENEAU DR & BELCOURT BLVD,382074.7947,5035240.54,-75.51202626,45.45282143,2015-02-19,18:15,01 - Clear,01 - Dry,10 - No control,01 - Non intersection,07 - Dark,03 - P.D. only,04 - Sideswipe,Orleans Village - Chateauneuf
5519,SHEFFIELD RD @ WALKLEY RD,375257.5379,5028785.819,-75.60009815,45.39546605,2015-04-28,16:53,01 - Clear,01 - Dry,01 - Traffic signal,02 - Intersection related,01 - Daylight,03 - P.D. only,04 - Sideswipe,Industrial Park
5520,INNES RD @ VISENEAU DR,381798.7511,5035075.002,-75.51558092,45.45136253,2015-01-30,19:35,01 - Clear,02 - Wet,01 - Traffic signal,02 - Intersection related,07 - Dark,03 - P.D. only,03 - Rear end,Chapel Hill South