Record,Location,X,Y,lon,lat,Date,Time,Environment,Road_Surface,Traffic_Control,Collision_Location,Light,Collision_Classification,Impact_type,Neighborhood
5521,RIVERSIDE DR @ BROOKFIELD RD/HOG'S BACK RD,368166.7471,5026221.076,-75.6909832,45.37306681,2015-01-30,20:20,01 - Clear,01 - Dry,01 - Traffic signal,03 - At intersection,07 - Dark,03 - P.D. only,05 - Turning movement,Riverside Park
5522,RUSSELL RD btwn CUBA AVE & SMYTH RD,373222.0533,5029432.697,-75.62600306,45.40148822,2015-02-04,17:30,01 - Clear,04 - Slush,10 - No control,01 - Non intersection,07 - Dark,03 - P.D. only,01 - Approaching,Elmvale - Eastway - Riverview - Riverview Park West
5523,ALBION RD btwn RIDEAU RD & TULLAMORE ST,375350.8085,5016107.067,-75.60071476,45.28137859,2015-02-04,18:51,03 - Snow,06 - Ice,10 - No control,01 - Non intersection,07 - Dark,03 - P.D. only,01 - Approaching,Greenbelt
5524,ROBERTSON RD btwn FITZGERALD RD & MOODIE DR,357032.6846,5020437.392,-75.83373429,45.32194321,2015-03-28,12:10,01 - Clear,01 - Dry,10 - No control,04 - At/near private drive,01 - Daylight,03 - P.D. only,02 - Angle,Bells Corners West
5525,MAPLE GROVE RD @ TERRY FOX DR,351553.6086,5017863.019,-75.90386274,45.29916466,2015-03-28,13:02,01 - Clear,01 - Dry,01 - Traffic signal,02 - Intersection related,01 - Daylight,03 - P.D. only,03 - Rear end,Katimavik - Hazeldean
5526,LEITRIM RD btwn FENTON RD & ALBION RD,373822.2973,5020651.925,-75.61956304,45.32242353,2015-04-23,17:08,01 - Clear,01 - Dry,10 - No control,01 - Non intersection,01 - Daylight,03 - P.D. only,03 - Rear end,Greenbelt
5527,BASELINE RD btwn CLYDE AVE & 207 E OF CLYDE AVE,364444.4864,5024947.862,-75.73865546,45.36193732,2015-03-12,7:51,01 - Clear,01 - Dry,10 - No control,01 - Non intersection,01 - Daylight,03 - P.D. only,04 - Sideswipe,Civic Hospital - Experimental Farm - Central Park
5528,ST. LAURENT BLVD @ WALKLEY RD,373902.6334,5028047.171,-75.6175047,45.38895506,2015-03-10,16:14,01 - Clear,01 - Dry,01 - Traffic signal,02 - Intersection related,01 - Daylight,03 - P.D. only,03 - Rear end,Hawthorne Meadows
5529,BRONSON AVE @ CATHERINE ST/RAYMOND ST,367251.7446,5029796.085,-75.70221167,45.40531594,2015-02-05,15:32,01 - Clear,01 - Dry,01 - Traffic signal,02 - Intersection related,01 - Daylight,03 - P.D. only,04 - Sideswipe,Centretown West
5530,HIGHWAY 417 btwn HWY417 IC110 RAMP64 & HWY417 IC104 RAMP16,377338.6702,5026846.797,-75.57380581,45.37780732,2015-09-28,15:00,02 - Rain,02 - Wet,10 - No control,01 - Non intersection,01 - Daylight,03 - P.D. only,07 - SMV other,Greenbelt
5531,STAR TOP RD btwn CYRVILLE RD & ALGOMA RD,373831.9268,5031450.952,-75.61793106,45.41958761,2015-03-23,17:10,01 - Clear,01 - Dry,10 - No control,04 - At/near private drive,01 - Daylight,03 - P.D. only,03 - Rear end,Industrial Park
5532,WALKLEY RD btwn LANCASTER RD & SHEFFIELD RD,375243.9578,5028777.65,-75.60027274,45.39539391,2015-03-25,8:26,01 - Clear,01 - Dry,10 - No control,01 - Non intersection,01 - Daylight,03 - P.D. only,03 - Rear end,Industrial Park
5533,CLYDE AVE btwn BONNIE CRES & MAITLAND AVE,364151.5436,5025377.73,-75.74234283,45.36583008,2015-03-28,13:00,01 - Clear,01 - Dry,10 - No control,01 - Non intersection,01 - Daylight,03 - P.D. only,06 - SMV unattended vehicle,Braemar Park - Bel Air Heights - Copeland Park
5534,CALDWELL AVE btwn MORISSET AVE & MEDFORD ST,364684.3178,5026130.196,-75.73545105,45.37255533,2015-03-29,15:17,01 - Clear,01 - Dry,10 - No control,01 - Non intersection,01 - Daylight,03 - P.D. only,06 - SMV unattended vehicle,Carlington
5535,MONSON CRES btwn FILLMORE CRES & FILLMORE CRES,375385.4482,5036184.238,-75.59740425,45.46201993,2015-04-01,20:56,01 - Clear,01 - Dry,10 - No control,04 - At/near private drive,07 - Dark,03 - P.D. only,06 - SMV unattended vehicle,Beacon Hill North
5536,GREEN VALLEY CRES @ PRINCE OF WALES DR,366993.9128,5026708.032,-75.70589425,45.37755339,2015-05-01,16:45,01 - Clear,01 - Dry,02 - Stop sign,03 - At intersection,01 - Daylight,03 - P.D. only,02 - Angle,Civic Hospital - Experimental Farm - Central Park
5537,AQUAVIEW DR btwn CROWBERRY ST & LOUIS TOSCANO DR,384581.5624,5035321.314,-75.47996866,45.45326648,2015-05-01,16:40,01 - Clear,01 - Dry,10 - No control,04 - At/near private drive,01 - Daylight,03 - P.D. only,03 - Rear end,Avalon
5538,JINKINSON RD btwn FERNBANK RD & HAZELDEAN RD,346931.6887,5012363.055,-75.96325907,45.24996619,2015-03-29,7:38,01 - Clear,01 - Dry,10 - No control,01 - Non intersection,01 - Daylight,03 - P.D. only,07 - SMV other,Stittsville - Basswood
5539,CLEGG ST @ MAIN ST,369271.667,5029921.723,-75.67639443,45.40626326,2015-02-02,14:29,03 - Snow,03 - Loose snow,01 - Traffic signal,02 - Intersection related,01 - Daylight,03 - P.D. only,02 - Angle,Old Ottawa East
5540,BATHGATE DR @ PLUMBER AVE,373498.7233,5033714.057,-75.62187242,45.43998267,2015-02-11,15:14,01 - Clear,01 - Dry,02 - Stop sign,02 - Intersection related,01 - Daylight,03 - P.D. only,05 - Turning movement,Carson Grove - Carson Meadows
5541,BELFAST RD @ ST. LAURENT BLVD,372860.7241,5030577.116,-75.63046003,45.4118204,2015-02-11,15:15,01 - Clear,01 - Dry,01 - Traffic signal,03 - At intersection,01 - Daylight,03 - P.D. only,05 - Turning movement,Industrial Park
5542,HARRIS PL btwn WITHROW AVE & INDIAN RD,363771.8963,5023215.63,-75.74744675,45.3464078,2015-04-26,0:00,01 - Clear,01 - Dry,10 - No control,01 - Non intersection,07 - Dark,03 - P.D. only,06 - SMV unattended vehicle,Crestview - Meadowlands
5543,INNES RD @ STONEHENGE CRES E,375365.6702,5031313.071,-75.59835552,45.41819402,2015-05-03,16:52,01 - Clear,01 - Dry,01 - Traffic signal,02 - Intersection related,01 - Daylight,03 - P.D. only,03 - Rear end,Greenbelt
5544,TERRY FOX DR btwn CAMPEAU DR & DIDSBURY RD,350469.0947,5019008.046,-75.91758474,45.30953927,2015-02-20,20:04,01 - Clear,05 - Packed snow,10 - No control,01 - Non intersection,07 - Dark,03 - P.D. only,04 - Sideswipe,Kanata
5545,BOOTH ST btwn VIMY PLACE PRIV & OTTAWA RIVER PKWY,366249.4497,5031044.246,-75.71485865,45.41663526,2015-02-23,23:34,01 - Clear,06 - Ice,10 - No control,01 - Non intersection,07 - Dark,03 - P.D. only,03 - Rear end,LeBreton Flats
5546,HERON RD WB btwn PRINCE OF WALES DR & HERON RD WB ON RAMP/VINCENT MASS,367461.3122,5026535.094,-75.69994891,45.3759557,2015-04-28,17:28,01 - Clear,01 - Dry,10 - No control,07 - Overpass or bridge,01 - Daylight,03 - P.D. only,03 - Rear end,Carleton University
5547,NAVAHO DR @ WOODROFFE AVE/TRANSITWAY N BASELIN,362704.3142,5023493.283,-75.76103674,45.34899504,2015-01-31,12:21,01 - Clear,01 - Dry,01 - Traffic signal,02 - Intersection related,01 - Daylight,03 - P.D. only,03 - Rear end,Crestview - Meadowlands
5548,MERIVALE RD @ CAPILANO DR/WITHROW AVE,364642.429,5024227.287,-75.73621624,45.35543682,2015-02-04,19:30,03 - Snow,04 - Slush,01 - Traffic signal,02 - Intersection related,07 - Dark,03 - P.D. only,03 - Rear end,Cityview - Skyline - Fisher Heights
5549,ALBION RD btwn RIDEAU RD & TULLAMORE ST,375498.2222,5015754.142,-75.59888623,45.27818828,2015-02-05,3:44,01 - Clear,06 - Ice,10 - No control,01 - Non intersection,07 - Dark,03 - P.D. only,07 - SMV other,Greenbelt
5550,RIVERSIDE DR @ TREMBLAY RD/HWY417 IC117 RAMP52,370802.0781,5031016.39,-75.65669944,45.41596999,2015-02-26,9:06,03 - Snow,03 - Loose snow,01 - Traffic signal,02 - Intersection related,01 - Daylight,03 - P.D. only,03 - Rear end,Industrial Park
5551,INNES RD @ STAR TOP RD/WINDMILL LANE,374145.7981,5030667.042,-75.6140313,45.41250335,2015-03-03,13:09,01 - Clear,01 - Dry,01 - Traffic signal,02 - Intersection related,01 - Daylight,03 - P.D. only,99 - Other,Industrial Park
5552,WOODROFFE AVE NB btwn SPORTSPLEX N & TRANSIT,363782.9762,5021029.088,-75.74756599,45.32673254,2015-04-22,17:27,01 - Clear,01 - Dry,10 - No control,01 - Non intersection,01 - Daylight,03 - P.D. only,03 - Rear end,Merivale Gardens - Grenfell Glen - Pineglen - Country Place
5553,LIMEBANK RD @ SPRATT RD,369775.5993,5016889.124,-75.67166972,45.28895282,2015-04-22,12:05,01 - Clear,01 - Dry,01 - Traffic signal,02 - Intersection related,01 - Daylight,03 - P.D. only,03 - Rear end,Gloucester
5554,MCCARTHY RD btwn HUNTVIEW PRIV & TWYFORD ST,369892.1178,5023805.881,-75.66927544,45.35117745,2015-03-09,16:21,01 - Clear,02 - Wet,10 - No control,01 - Non intersection,01 - Daylight,03 - P.D. only,04 - Sideswipe,Hunt Club East - Western Community
5555,COBOURG ST @ ST. PATRICK ST,368801.6443,5033238.419,-75.68196734,45.43614883,2015-03-09,16:04,01 - Clear,01 - Dry,01 - Traffic signal,02 - Intersection related,01 - Daylight,03 - P.D. only,04 - Sideswipe,Lower Town
5556,BRONSON AVE btwn FINDLAY AVE & BRONSON AVE SB OFF RAMP 34,367747.2884,5028495.884,-75.69604792,45.39357272,2015-02-02,16:20,01 - Clear,03 - Loose snow,10 - No control,01 - Non intersection,01 - Daylight,03 - P.D. only,04 - Sideswipe,Carleton University
5557,WOODROFFE AVE @ KNOXDALE RD/MEDHURST DR,363419.6177,5021826.599,-75.75210644,45.33393894,2015-01-14,15:32,01 - Clear,02 - Wet,01 - Traffic signal,03 - At intersection,01 - Daylight,03 - P.D. only,05 - Turning movement,Woodvale - Craig Henry - Manordale - Estates of Arlington Wo
5558,D'AOUST AVE btwn TIMBERMILL ST & ST. BERNARD ST,372616.592,5023607.436,-75.63453603,45.34913374,2015-03-27,8:47,04 - Freezing Rain,03 - Loose snow,10 - No control,01 - Non intersection,01 - Daylight,03 - P.D. only,04 - Sideswipe,Blossom Park - Blossom Park West - Sawmill Creek/ Timbermill
5559,CHARKAY ST @ CHESTERTON DR,365665.7867,5023925.739,-75.7231932,45.35263546,2015-03-27,9:34,01 - Clear,02 - Wet,02 - Stop sign,02 - Intersection related,01 - Daylight,03 - P.D. only,03 - Rear end,Borden Farm - Stewart Farm - Parkwood Hills - Fisher Glen
5560,HERON RD @ BAYCREST DR,371142.7654,5026978.099,-75.65289012,45.3796028,2015-04-03,22:34,02 - Rain,02 - Wet,01 - Traffic signal,03 - At intersection,07 - Dark,03 - P.D. only,05 - Turning movement,Ledbury - Heron Gate - Ridgemont - Elmwood
5561,ROBERTSON RD btwn HAANEL DR & MILL HILL RD,355942.4335,5019777.298,-75.84770847,45.31608387,2015-02-15,4:21,03 - Snow,03 - Loose snow,10 - No control,01 - Non intersection,07 - Dark,03 - P.D. only,07 - SMV other,Greenbelt
5562,BANK ST @ RIVERSIDE DR N,369225.7159,5027983.064,-75.67723459,45.38882408,2015-02-15,11:37,01 - Clear,02 - Wet,01 - Traffic signal,03 - At intersection,01 - Daylight,03 - P.D. only,02 - Angle,Alta Vista
5563,TERRY FOX DR btwn CAMPEAU DR & DIDSBURY RD,350468.1144,5019008.479,-75.9175972,45.30954323,2015-11-04,0:49,01 - Clear,01 - Dry,10 - No control,01 - Non intersection,07 - Dark,03 - P.D. only,06 - SMV unattended vehicle,Kanata
5564,BELFAST RD @ COVENTRY RD,371524.685,5031643.01,-75.64738294,45.42153952,2015-05-07,10:09,01 - Clear,01 - Dry,01 - Traffic signal,02 - Intersection related,01 - Daylight,03 - P.D. only,04 - Sideswipe,Overbrook
5565,ALBERT ST @ BRONSON AVE,366739.7043,5031014.773,-75.70859896,45.41632684,2015-07-05,17:34,01 - Clear,01 - Dry,01 - Traffic signal,03 - At intersection,01 - Daylight,03 - P.D. only,02 - Angle,Byward Market - Parliament Hill
5566,MOODIE DR @ RICHMOND RD N,357395.0909,5019689.11,-75.82919131,45.31518303,2015-07-08,15:43,01 - Clear,01 - Dry,02 - Stop sign,03 - At intersection,01 - Daylight,03 - P.D. only,02 - Angle,Bells Corners East
5567,CARLING AVE EB btwn CARLING AVE EB OFF RAMP/OTTAWA RIVER PKWY & TRANSI,360946.9034,5025207.153,-75.78326801,45.36455927,2015-01-19,5:42,03 - Snow,03 - Loose snow,10 - No control,01 - Non intersection,07 - Dark,03 - P.D. only,07 - SMV other,Whitehaven - Queensway Terrace North
5568,PINECREST RD @ RICHMOND RD,360074.1119,5024471.873,-75.79449083,45.3580126,2015-06-24,18:37,01 - Clear,01 - Dry,01 - Traffic signal,02 - Intersection related,01 - Daylight,03 - P.D. only,03 - Rear end,Whitehaven - Queensway Terrace North
5569,GLOUCESTER ST btwn BAY ST & LYON ST N,367139.849,5030967.389,-75.70349281,45.41586496,2015-05-07,17:23,01 - Clear,01 - Dry,10 - No control,04 - At/near private drive,01 - Daylight,03 - P.D. only,06 - SMV unattended vehicle,Downtown
5570,DONALD ST @ ST. LAURENT BLVD,372091.5507,5032472.225,-75.64002699,45.42894611,2015-05-04,14:00,01 - Clear,01 - Dry,01 - Traffic signal,02 - Intersection related,01 - Daylight,03 - P.D. only,03 - Rear end,Overbrook
5571,TALLWOOD DR btwn AVENSHIRE GT & WOODROFFE AVE,362837.6032,5022628.494,-75.75943734,45.34120272,2015-02-03,10:10,01 - Clear,04 - Slush,10 - No control,01 - Non intersection,01 - Daylight,03 - P.D. only,04 - Sideswipe,Centrepointe
5572,CARP RD btwn MCGEE SIDE RD & ARBOURBROOK BLVD,344809.359,5018738.877,-75.98978167,45.30746243,2015-02-05,6:20,03 - Snow,06 - Ice,10 - No control,01 - Non intersection,07 - Dark,03 - P.D. only,01 - Approaching,Stittsville - Basswood
5573,BANTREE ST @ INNES RD,373704.7593,5030407.037,-75.61970173,45.41020752,2015-03-03,10:15,01 - Clear,02 - Wet,01 - Traffic signal,03 - At intersection,01 - Daylight,03 - P.D. only,02 - Angle,Industrial Park
5574,MONTREAL RD @ DEN HAAG DR/LANG'S RD,372386.718,5034222.066,-75.63601499,45.44466187,2015-09-21,16:40,01 - Clear,01 - Dry,01 - Traffic signal,02 - Intersection related,01 - Daylight,03 - P.D. only,03 - Rear end,Carson Grove - Carson Meadows
5575,KLONDIKE RD btwn MARCONI AVE & MARCH VALLEY RD,350006.7808,5024752.42,-75.92295556,45.36125843,2015-10-12,15:43,01 - Clear,01 - Dry,10 - No control,04 - At/near private drive,01 - Daylight,03 - P.D. only,06 - SMV unattended vehicle,South March
5576,MEADOWLANDS DR @ MERIVALE RD,364858.6999,5023725.257,-75.73351716,45.35090114,2015-11-06,15:26,01 - Clear,01 - Dry,01 - Traffic signal,03 - At intersection,01 - Daylight,03 - P.D. only,05 - Turning movement,Cityview - Skyline - Fisher Heights
5577,HUNTMAR DR btwn CORIOLIS CRT & HAZELDEAN RD,350873.7092,5016156.882,-75.91268989,45.28385726,2015-02-06,12:25,01 - Clear,01 - Dry,10 - No control,04 - At/near private drive,01 - Daylight,03 - P.D. only,02 - Angle,Stittsville
5578,OGILVIE RD btwn CUMMINGS AVE & BEAULIEU PL,372777.2545,5032184.723,-75.63130452,45.426293,2015-02-07,21:13,03 - Snow,04 - Slush,10 - No control,04 - At/near private drive,07 - Dark,03 - P.D. only,02 - Angle,Industrial Park
5579,VIEWMOUNT DR btwn HOMESTEAD ST & OLD COUNTRY GT,366672.541,5023810.139,-75.71036006,45.35150721,2015-01-15,13:24,01 - Clear,01 - Dry,10 - No control,01 - Non intersection,01 - Daylight,03 - P.D. only,06 - SMV unattended vehicle,Borden Farm - Stewart Farm - Parkwood Hills - Fisher Glen
5580,CEDARVIEW RD btwn BRUIN RD & HWY416 IC72 RAMP62,359576.9907,5019791.533,-75.80135362,45.31593782,2015-01-16,0:01,03 - Snow,03 - Loose snow,10 - No control,01 - Non intersection,07 - Dark,03 - P.D. only,07 - SMV other,Greenbelt
5581,STRANDHERD DR @ WOODROFFE AVE,366108.0817,5015394.667,-75.71860456,45.27583528,2015-02-09,17:30,01 - Clear,01 - Dry,01 - Traffic signal,02 - Intersection related,07 - Dark,03 - P.D. only,03 - Rear end,Chapman Mills - Rideau Crest - Davidson Heights
5582,BRONSON AVE btwn FLORENCE ST & GLADSTONE AVE,367126.9547,5030099.395,-75.7037673,45.40805616,2015-02-16,0:10,01 - Clear,01 - Dry,10 - No control,01 - Non intersection,07 - Dark,03 - P.D. only,07 - SMV other,Centretown West
5583,INNES RD @ JEANNE D'ARC BLVD/MER BLEUE RD,382640.6452,5035568.036,-75.50474101,45.45570516,2015-09-21,18:24,01 - Clear,01 - Dry,01 - Traffic signal,03 - At intersection,01 - Daylight,03 - P.D. only,02 - Angle,Chapel Hill South
5584,LAURIER AVE @ O'CONNOR ST,367636.7007,5031356.168,-75.69709566,45.41931863,2015-05-07,12:09,01 - Clear,01 - Dry,01 - Traffic signal,03 - At intersection,01 - Daylight,03 - P.D. only,04 - Sideswipe,Downtown
5585,SECOND AVE btwn CHRYSLER ST & PERCY ST,367760.689,5029304.298,-75.69577361,45.40084539,2015-07-05,18:11,01 - Clear,01 - Dry,10 - No control,04 - At/near private drive,01 - Daylight,03 - P.D. only,07 - SMV other,The Glebe
5586,GRACEWOOD CRES btwn WILLOWBURN ST & WILLOWBURN ST,374308.19,5019946.298,-75.61346484,45.31602661,2015-03-07,15:04,01 - Clear,05 - Packed snow,10 - No control,01 - Non intersection,01 - Daylight,02 - Non-fatal injury,07 - SMV other,Greenbelt
5587,ALTA VISTA DR @ BANK ST,370248.0691,5026201.82,-75.66441587,45.37270225,2015-07-28,11:44,01 - Clear,01 - Dry,01 - Traffic signal,02 - Intersection related,01 - Daylight,03 - P.D. only,04 - Sideswipe,Ledbury - Heron Gate - Ridgemont - Elmwood
5588,CARLING AVE EB btwn HWY417 IC124 RAMP57 & KIRKWOOD AVE,364293.6951,5027256.492,-75.74030202,45.38272283,2015-07-17,12:00,01 - Clear,01 - Dry,10 - No control,01 - Non intersection,01 - Daylight,03 - P.D. only,07 - SMV other,Carlington
5589,RIVERSIDE DR @ HERON RD,368120.3842,5026647.581,-75.69152039,45.37690858,2015-07-17,14:38,01 - Clear,01 - Dry,01 - Traffic signal,02 - Intersection related,01 - Daylight,03 - P.D. only,03 - Rear end,Riverside Park
5590,KING EDWARD AVE @ RIDEAU ST,368510.7433,5032414.071,-75.68579176,45.42875822,2015-01-03,15:06,03 - Snow,03 - Loose snow,01 - Traffic signal,02 - Intersection related,01 - Daylight,03 - P.D. only,03 - Rear end,Lowe
5591,STITTSVILLE MAIN ST btwn BEVERLY ST & WARNER COLPITTS LANE,349893.123,5013770.24,-75.92540573,45.26244504,2015-02-06,8:01,03 - Snow,03 - Loose snow,10 - No control,01 - Non intersection,01 - Daylight,03 - P.D. only,03 - Rear end,Stittsville
5592,BOOTH ST @ WILLOW ST,366710.695,5029982.093,-75.70909928,45.40703765,2015-02-06,18:49,01 - Clear,04 - Slush,01 - Traffic signal,03 - At intersection,07 - Dark,03 - P.D. only,02 - Angle,Centretown West
5593,INDUSTRIAL AVE @ RIVERSIDE DR,370683.7547,5030592.071,-75.6582678,45.41216329,2015-03-05,7:51,01 - Clear,01 - Dry,01 - Traffic signal,02 - Intersection related,01 - Daylight,03 - P.D. only,03 - Rear end,Industrial Park
5594,RIVERSIDE DR @ WALKLEY RD,368417.76,5024853.047,-75.68795494,45.36073489,2015-03-05,8:45,01 - Clear,01 - Dry,01 - Traffic signal,02 - Intersection related,01 - Daylight,03 - P.D. only,03 - Rear end,Riverside Park
5595,DONALD ST @ VANIER PKWY,370309.7854,5032270.103,-75.66282201,45.42729666,2015-09-22,15:18,01 - Clear,01 - Dry,01 - Traffic signal,02 - Intersection related,01 - Daylight,03 - P.D. only,04 - Sideswipe,Overbrook
5596,INDUSTRIAL AVE/INNES RD @ ST. LAURENT BLVD,373099.7274,5030004.121,-75.62748628,45.40664157,2015-09-24,13:33,01 - Clear,01 - Dry,01 - Traffic signal,02 - Intersection related,01 - Daylight,03 - P.D. only,04 - Sideswipe,Industrial Park
5597,TENTH LINE RD btwn OR174 IC101 RAMP61 & OR174 IC101 RAMP26,382748.3671,5038965.32,-75.50282499,45.48625892,2015-10-17,18:46,01 - Clear,01 - Dry,10 - No control,07 - Overpass or bridge,07 - Dark,03 - P.D. only,03 - Rear end,Chatelaine Village
5598,CASTLEFRANK RD @ HAZELDEAN RD,352677.8781,5017676.287,-75.88954645,45.29740869,2015-01-05,11:09,01 - Clear,02 - Wet,01 - Traffic signal,02 - Intersection related,01 - Daylight,03 - P.D. only,04 - Sideswipe,Glen Cairn - Kanata South Business Park
5599,BLACKLEAF DR @ JOCKVALE RD,365567.3359,5012899.706,-75.72580116,45.25343261,2015-01-05,16:07,01 - Clear,06 - Ice,02 - Stop sign,03 - At intersection,01 - Daylight,03 - P.D. only,02 - Angle,New Barrhaven
5600,AIRPORT PKWY @ HUNT CLUB RD,371020.4557,5023701.552,-75.65489079,45.35013309,2015-02-07,21:14,03 - Snow,03 - Loose snow,01 - Traffic signal,03 - At intersection,07 - Dark,03 - P.D. only,05 - Turning movement,Hunt Club East - Western Community
5601,RIVERSIDE DR RAMP 42A @ RIVERSIDE DR,368440.4168,5027268.237,-75.6873546,45.38246407,2015-02-08,12:17,03 - Snow,03 - Loose snow,03 - Yield sign,02 - Intersection related,01 - Daylight,03 - P.D. only,07 - SMV other,Alta Vista
5602,MCARTHUR AVE btwn LAFONTAINE AVE & EASTWOOD PL,371034.4041,5032781.129,-75.65349408,45.43182641,2015-01-16,15:49,01 - Clear,04 - Slush,10 - No control,01 - Non intersection,01 - Daylight,03 - P.D. only,04 - Sideswipe,Vanier South
5603,INNES RD @ VISENEAU DR,381797.7872,5035074.038,-75.51559339,45.45135396,2015-01-16,20:09,01 - Clear,01 - Dry,01 - Traffic signal,03 - At intersection,07 - Dark,03 - P.D. only,05 - Turning movement,Chapel Hill South
5604,DON ST @ GREENVIEW AVE,359812.5878,5025004.551,-75.79776934,45.3628262,2015-02-01,13:32,01 - Clear,01 - Dry,,03 - At intersection,01 - Daylight,03 - P.D. only,02 - Angle,Crystal Bay - Lakeview Park - Britannia Village
5605,CHOMLEY CRES btwn MIMOSA AVE & PENHILL AVE,371495.0355,5030162.961,-75.64796206,45.40822549,2015-02-01,14:00,01 - Clear,05 - Packed snow,10 - No control,04 - At/near private drive,01 - Daylight,03 - P.D. only,02 - Angle,Elmvale - Eastway - Riverview - Riverview Park West
5606,BANKFIELD RD @ PRINCE OF WALES DR,366381.6176,5008975.868,-75.71591359,45.21805509,2015-05-07,18:23,01 - Clear,01 - Dry,01 - Traffic signal,02 - Intersection related,01 - Daylight,03 - P.D. only,99 - Other,Manotick
5607,HWY417 IC140 RAMP36 btwn TERRY FOX DR & HIGHWAY 417,350797.5158,5018573.833,-75.91343692,45.30561067,2015-08-27,15:20,01 - Clear,01 - Dry,10 - No control,01 - Non intersection,01 - Daylight,03 - P.D. only,07 - SMV other,Kanata Lakes - Marchwood Lakeside - Morgan's Grant - Kanata
5608,SIXTH LINE RD btwn TORWOOD DR & BESSBOROUGH LANE,345513.1645,5034114.223,-75.97953912,45.44577333,2015-07-17,16:09,02 - Rain,02 - Wet,10 - No control,01 - Non intersection,01 - Daylight,03 - P.D. only,07 - SMV other,Carp - Hardwood Plains
5609,MARCH RD @ SOLANDT RD,350489.605,5022710.494,-75.91698153,45.34285347,2015-07-17,17:30,02 - Rain,02 - Wet,01 - Traffic signal,03 - At intersection,01 - Daylight,03 - P.D. only,05 - Turning movement,South March
5610,ST. JOSEPH BLVD btwn ST. JEAN ST & BELCOURT BLVD,381119.0737,5037298.36,-75.52392409,45.47144105,2015-01-06,15:30,01 - Clear,04 - Slush,10 - No control,04 - At/near private drive,01 - Daylight,03 - P.D. only,02 - Angle,Orleans Village - Chateauneuf
5611,MACKAY ST btwn QUEEN VICTORIA ST & KEEFER ST,368438.7019,5033871.243,-75.68652398,45.44187587,2015-02-07,3:14,01 - Clear,02 - Wet,10 - No control,01 - Non intersection,07 - Dark,03 - P.D. only,06 - SMV unattended vehicle,New Edinburgh
5612,INNES RD btwn BANTREE ST & STAR TOP RD,374062.9065,5030614.03,-75.61509765,45.41203458,2015-02-09,12:30,01 - Clear,02 - Wet,10 - No control,01 - Non intersection,01 - Daylight,03 - P.D. only,04 - Sideswipe,Industrial Park
5613,HERON RD @ 155 W OF BANK ST/CANADIAN TIRE SC,369847.8238,5026831.015,-75.66944244,45.37840082,2015-03-05,12:08,01 - Clear,01 - Dry,01 - Traffic signal,03 - At intersection,01 - Daylight,03 - P.D. only,02 - Angle,Alta Vista
5614,ST. LAURENT BLVD btwn TREMBLAY RD & SHORE ST,372611.1356,5031195.793,-75.63356327,45.4174112,2015-03-09,12:51,01 - Clear,01 - Dry,10 - No control,01 - Non intersection,01 - Daylight,03 - P.D. only,03 - Rear end,Industrial Park
5615,GREENBANK RD @ HWY 417 IC129 RAMP57/IRIS ST,360531.309,5023312.494,-75.78878638,45.34754435,2015-01-23,17:39,01 - Clear,01 - Dry,01 - Traffic signal,02 - Intersection related,00 - Unknown,03 - P.D. only,03 - Rear end,Iris
5616,GOTH AVE btwn GOTHWOOD PL & SUGAR CANE LANE,372695.2365,5023407.612,-75.63355993,45.34732819,2015-01-30,20:47,02 - Rain,03 - Loose snow,10 - No control,01 - Non intersection,07 - Dark,03 - P.D. only,06 - SMV unattended vehicle,Blossom Park - Blossom Park West - Sawmill Creek/ Timbermill
5617,LEWIS ST btwn ELGIN ST & CARTIER ST,368299.366,5031030.433,-75.68867119,45.41632795,2015-01-30,0:00,01 - Clear,01 - Dry,10 - No control,01 - Non intersection,00 - Unknown,03 - P.D. only,06 - SMV unattended vehicle,Golden Triangle
5618,INNES RD @ ORLEANS BLVD,380461.759,5034295.921,-75.53279153,45.44449898,2015-10-18,9:49,01 - Clear,01 - Dry,01 - Traffic signal,02 - Intersection related,01 - Daylight,03 - P.D. only,02 - Angle,Orleans Village - Chateauneuf
5619,GRENADINE ST btwn CAYMAN RD & MAPLE GROVE RD,349769.4485,5016304.872,-75.92675198,45.28526044,2015-01-17,10:20,01 - Clear,05 - Packed snow,10 - No control,01 - Non intersection,01 - Daylight,03 - P.D. only,06 - SMV unattended vehicle,Stittsville
5620,HAWKESWOOD DR btwn NIGHTFALL ST & SUMMERHILL ST,368354.2289,5014523.437,-75.69009087,45.26779661,2015-06-30,8:00,01 - Clear,01 - Dry,10 - No control,04 - At/near private drive,01 - Daylight,03 - P.D. only,06 - SMV unattended vehicle,Greenbelt
5621,PRESLAND RD btwn NAUGHTON ST & FRANCES ST,371394.7274,5031912.029,-75.64900701,45.42397241,2015-01-17,12:40,01 - Clear,01 - Dry,10 - No control,04 - At/near private drive,01 - Daylight,03 - P.D. only,02 - Angle,Overbrook
5622,WOODPARK WAY btwn WOODFORD WAY & MASONBROOK ST,364928.6468,5016916.722,-75.73345113,45.28963254,2015-02-01,16:20,03 - Snow,06 - Ice,10 - No control,01 - Non intersection,01 - Daylight,03 - P.D. only,01 - Approaching,New Barrhaven