Record,Location,X,Y,lon,lat,Date,Time,Environment,Road_Surface,Traffic_Control,Collision_Location,Light,Collision_Classification,Impact_type,Neighborhood
5623,TIMBERMILL ST btwn D'AOUST AVE & CHILLIWACK WAY,372468.3029,5023526.562,-75.63643932,45.34842039,2015-02-01,12:30,01 - Clear,04 - Slush,10 - No control,04 - At/near private drive,01 - Daylight,03 - P.D. only,02 - Angle,Blossom Park - Blossom Park West - Sawmill Creek/ Timbermill
5624,SMYTH RD E/LANCASTER RD @ ST. LAURENT BLVD N/R,373364.6218,5029424.666,-75.62418328,45.40140201,2015-02-11,11:17,01 - Clear,02 - Wet,01 - Traffic signal,03 - At intersection,01 - Daylight,03 - P.D. only,03 - Rear end,Sheffield Glen
5625,RICHMOND RD @ WOODROFFE AVE,361584.6864,5026653.077,-75.77496095,45.37751819,2015-02-11,11:00,01 - Clear,01 - Dry,01 - Traffic signal,02 - Intersection related,01 - Daylight,03 - P.D. only,03 - Rear end,Carlingwood - McKellar Park - Laurentien View
5626,BELFAST RD @ ST. LAURENT BLVD,372859.7602,5030578.08,-75.63047221,45.41182917,2015-02-20,16:00,01 - Clear,01 - Dry,01 - Traffic signal,02 - Intersection related,01 - Daylight,03 - P.D. only,03 - Rear end,Industrial Park
5627,COLONEL BY DR/MACKENZIE AVE @ DALY AVE,368002.7116,5031902.778,-75.69234925,45.42420387,2015-02-21,10:00,03 - Snow,04 - Slush,01 - Traffic signal,02 - Intersection related,01 - Daylight,03 - P.D. only,03 - Rear end,Byward Market - Parliament Hill
5628,HIGHWAY 417 btwn HWY417 IC129 RAMP25 & HWY417 IC129 RAMP35,360574.6303,5023614.299,-75.78819954,45.35025654,2015-09-29,7:36,01 - Clear,01 - Dry,10 - No control,01 - Non intersection,01 - Daylight,03 - P.D. only,04 - Sideswipe,Iris
5629,FISHER AVE btwn HOLLAND AVE & CRERAR AVE,365408.4671,5027805.33,-75.72600097,45.3875656,2015-07-24,19:14,01 - Clear,01 - Dry,10 - No control,01 - Non intersection,01 - Daylight,03 - P.D. only,04 - Sideswipe,Civic Hospital - Experimental Farm - Central Park
5630,WOODROFFE AVE @ SPORTSPLEX S,363830.3843,5020900.171,-75.74697663,45.32556857,2015-07-17,17:34,02 - Rain,02 - Wet,01 - Traffic signal,02 - Intersection related,01 - Daylight,03 - P.D. only,03 - Rear end,Merivale Gardens - Grenfell Glen - Pineglen - Country Place
5631,GREENBANK RD @ STRANDHERD DR,363934.4046,5014784.778,-75.74637911,45.27053367,2015-07-16,21:00,01 - Clear,01 - Dry,01 - Traffic signal,02 - Intersection related,05 - Dusk,03 - P.D. only,03 - Rear end,New Barrhaven
5632,BELCOURT BLVD @ INNES RD,382122.6211,5035265.472,-75.51141096,45.45304046,2015-01-06,19:46,01 - Clear,02 - Wet,01 - Traffic signal,02 - Intersection related,07 - Dark,03 - P.D. only,03 - Rear end,Chapel Hill South
5633,INDUSTRIAL AVE @ RIVERSIDE DR,370686.6463,5030593.035,-75.65823073,45.4121717,2015-02-09,20:10,01 - Clear,02 - Wet,01 - Traffic signal,02 - Intersection related,07 - Dark,03 - P.D. only,04 - Sideswipe,Industrial Park
5634,WEST HUNT CLUB RD WB btwn 545 E OF ROYDON PL/SUNDERLAND ST & ANTARES D,366758.407,5022542.449,-75.70942311,45.34009318,2015-02-12,4:52,03 - Snow,03 - Loose snow,10 - No control,01 - Non intersection,07 - Dark,03 - P.D. only,07 - SMV other,Industrial Park
5635,ST. LAURENT BLVD btwn HWY417 IC115 RAMP51 & HWY417 IC115 RAMP25,372555.232,5031340.371,-75.63425759,45.41871746,2015-03-09,12:30,01 - Clear,02 - Wet,10 - No control,01 - Non intersection,01 - Daylight,03 - P.D. only,04 - Sideswipe,Industrial Park
5636,CITY PARK DR btwn AMBASSADOR AVE & OGILVIE RD,374248.5817,5032876.985,-75.61240674,45.43237707,2015-03-09,14:46,01 - Clear,01 - Dry,10 - No control,04 - At/near private drive,01 - Daylight,03 - P.D. only,05 - Turning movement,Industrial Park
5637,DESJARDINS AVE btwn COBOURG ST & CHARLOTTE ST,368999.3107,5033192.778,-75.6794471,45.43572005,2015-02-24,0:00,01 - Clear,01 - Dry,10 - No control,01 - Non intersection,00 - Unknown,03 - P.D. only,06 - SMV unattended vehicle,Lower Town
5638,BANK ST btwn RIVERSIDE DR & BILLINGS TRANSIT,369396.2834,5027797.685,-75.6750808,45.38714039,2015-10-20,10:55,01 - Clear,01 - Dry,10 - No control,04 - At/near private drive,01 - Daylight,03 - P.D. only,04 - Sideswipe,Alta Vista
5639,ISABELLA ST/HWY417 IC119AR75 @ METCALFE ST,368448.6954,5030399.401,-75.6868449,45.41063656,2015-10-21,7:08,01 - Clear,01 - Dry,01 - Traffic signal,03 - At intersection,01 - Daylight,03 - P.D. only,04 - Sideswipe,The Glebe
5640,BANK ST btwn ST. PAUL AVE & KITCHENER AVE,370521.4363,5025536.465,-75.66101465,45.36669002,2015-01-09,19:07,01 - Clear,03 - Loose snow,10 - No control,04 - At/near private drive,07 - Dark,03 - P.D. only,05 - Turning movement,Ledbury - Heron Gate - Ridgemont - Elmwood
5641,STONEHAVEN DR @ HARNESS LANE/BLUEMEADOW WAY,354572.7258,5016744.792,-75.86548166,45.28889522,2015-01-10,10:37,01 - Clear,02 - Wet,01 - Traffic signal,03 - At intersection,01 - Daylight,03 - P.D. only,02 - Angle,Bridlewood - Emerald Meadows
5642,DAVID DR btwn HOWDEN AVE & SULLIVAN AVE,363134.9056,5022989.571,-75.75560149,45.344427,2015-01-01,3:11,01 - Clear,06 - Ice,10 - No control,01 - Non intersection,07 - Dark,03 - P.D. only,06 - SMV unattended vehicle,Crestview - Meadowlands
5643,TERRY FOX DR @ PALLADIUM DR/KATIMAVIK RD,351269.718,5018181.293,-75.90745249,45.30204741,2015-01-02,7:35,01 - Clear,02 - Wet,01 - Traffic signal,03 - At intersection,03 - Dawn,03 - P.D. only,02 - Angle,Katimavik - Hazeldean
5644,CARLING AVE @ NORTON AVE,360637.6804,5025011.069,-75.78723718,45.36281961,2015-01-20,6:46,01 - Clear,01 - Dry,02 - Stop sign,03 - At intersection,07 - Dark,03 - P.D. only,02 - Angle,Whitehaven - Queensway Terrace North
5645,ST. LAURENT BLVD btwn BOURASSA ST & SMYTH RD,373244.4428,5029675.725,-75.62568337,45.40367268,2015-01-20,7:43,01 - Clear,04 - Slush,10 - No control,01 - Non intersection,03 - Dawn,03 - P.D. only,04 - Sideswipe,Industrial Park
5646,FALLOWFIELD RD @ WOODROFFE AVE,365085.15,5017901.744,-75.73133641,45.29848231,2015-02-01,18:50,01 - Clear,01 - Dry,01 - Traffic signal,02 - Intersection related,07 - Dark,03 - P.D. only,03 - Rear end,New Barrhaven
5647,BRONSON AVE @ CATHERINE ST/RAYMOND ST,367252.7085,5029796.085,-75.70219936,45.40531585,2015-02-01,22:20,01 - Clear,02 - Wet,01 - Traffic signal,03 - At intersection,07 - Dark,03 - P.D. only,05 - Turning movement,Centretown West
5648,MADAWASKA DR btwn DOW'S LAKE RD & BRONSON AVE,367599.2549,5028930.361,-75.69788309,45.39749532,2015-02-11,11:56,01 - Clear,01 - Dry,10 - No control,04 - At/near private drive,01 - Daylight,03 - P.D. only,02 - Angle,The Glebe
5649,RUSSELL RD btwn ST. LAURENT BLVD & SOUTHVALE CRES,373624.5357,5029223.169,-75.62089175,45.39956353,2015-02-11,12:12,01 - Clear,01 - Dry,10 - No control,01 - Non intersection,01 - Daylight,03 - P.D. only,04 - Sideswipe,Sheffield Glen
5650,FOREST VALLEY DR btwn ST. JOSEPH BLVD & RIVERMILL CRES,379183.4233,5035987.369,-75.54887483,45.45985459,2015-04-11,19:18,01 - Clear,01 - Dry,10 - No control,01 - Non intersection,05 - Dusk,03 - P.D. only,07 - SMV other,Chapel Hill
5651,PRETORIA AVE btwn ELGIN ST & QUEEN ELIZABETH DRWY,368652.3683,5030423.107,-75.68424003,45.41083131,2015-02-14,20:15,01 - Clear,04 - Slush,10 - No control,01 - Non intersection,07 - Dark,03 - P.D. only,99 - Other,The Glebe
5652,CARLING AVE EB btwn HWY417 IC124 RAMP57 & KIRKWOOD AVE,364279.6355,5027242.433,-75.74048323,45.38259752,2015-07-16,16:18,01 - Clear,01 - Dry,10 - No control,01 - Non intersection,01 - Daylight,03 - P.D. only,04 - Sideswipe,Carlington
5653,BARONESS DR btwn HOLITZNER WAY & HOLITZNER WAY,366790.8669,5016989.814,-75.70970376,45.29012843,2015-07-16,11:51,01 - Clear,01 - Dry,10 - No control,01 - Non intersection,01 - Daylight,03 - P.D. only,06 - SMV unattended vehicle,Greenbelt
5654,TERRY FOX DR @ 329 N OF CAMPEAU DR/SIGNATURE C,350061.994,5019031.818,-75.92277403,45.30977953,2015-07-18,10:15,02 - Rain,02 - Wet,01 - Traffic signal,03 - At intersection,01 - Daylight,03 - P.D. only,02 - Angle,Kanata Lakes - Marchwood Lakeside - Morgan's Grant - Kanata
5655,HAZELDEAN RD @ TERRY FOX DR,352209.0524,5017242.091,-75.89556526,45.29353347,2015-07-18,10:50,01 - Clear,01 - Dry,01 - Traffic signal,02 - Intersection related,01 - Daylight,03 - P.D. only,03 - Rear end,Glen Cairn - Kanata South Business Park
5656,STRANDHERD DR @ WOODROFFE AVE,366107.1179,5015394.667,-75.71861684,45.27583537,2015-01-21,14:30,01 - Clear,01 - Dry,01 - Traffic signal,02 - Intersection related,01 - Daylight,03 - P.D. only,03 - Rear end,Chapman Mills - Rideau Crest - Davidson Heights
5657,NAUGHTON ST @ PRINCE ALBERT ST,371340.758,5031997.061,-75.6496851,45.42474263,2015-01-24,12:21,01 - Clear,04 - Slush,02 - Stop sign,03 - At intersection,01 - Daylight,03 - P.D. only,02 - Angle,Overbrook
5658,MELROSE AVE btwn RUSKIN ST & CARLING AVE,365922.752,5028495.764,-75.7193484,45.39373328,2015-03-12,8:30,01 - Clear,01 - Dry,10 - No control,04 - At/near private drive,01 - Daylight,03 - P.D. only,02 - Angle,Civic Hospital - Experimental Farm - Central Park
5659,HAWKSHAW CRES btwn COBBLE HILL DR & COBBLE HILL DR,361056.7016,5014896.723,-75.7830375,45.27177705,2015-03-18,9:30,01 - Clear,01 - Dry,10 - No control,01 - Non intersection,01 - Daylight,03 - P.D. only,06 - SMV unattended vehicle,Munster Hamlet - Richmond
5660,SHAUGHNESSY CRES btwn KNUDSON DR & WINDEYER CRES (1),350763.8072,5020357.708,-75.91370126,45.32166465,2015-03-20,19:00,01 - Clear,01 - Dry,10 - No control,04 - At/near private drive,07 - Dark,03 - P.D. only,06 - SMV unattended vehicle,Kanata Lakes - Marchwood Lakeside - Morgan's Grant - Kanata
5661,VICK AVE btwn CARLING AVE & END,359874.4994,5024471.948,-75.79703845,45.35802899,2015-01-30,0:00,01 - Clear,05 - Packed snow,10 - No control,01 - Non intersection,00 - Unknown,03 - P.D. only,06 - SMV unattended vehicle,Whitehaven - Queensway Terrace North
5662,BRONSON AVE @ PRIMROSE AVE,366887.6272,5030670.053,-75.70675256,45.41321205,2015-10-21,7:54,01 - Clear,01 - Dry,01 - Traffic signal,02 - Intersection related,01 - Daylight,03 - P.D. only,04 - Sideswipe,Centretown West
5663,MARIONVILLE RD btwn 9TH LINE RD & RODNEY LANE(NORTH DUNDAS TWP),391080.7551,5002977.426,-75.40251989,45.16149379,2015-10-26,14:40,01 - Clear,01 - Dry,10 - No control,01 - Non intersection,01 - Daylight,03 - P.D. only,07 - SMV other,Osgoode
5664,GREENBANK RD btwn WEST HUNT CLUB RD & FALLOWFIELD RD,362679.5691,5017664.646,-75.76203374,45.2965512,2015-01-10,13:30,01 - Clear,02 - Wet,10 - No control,01 - Non intersection,01 - Daylight,03 - P.D. only,03 - Rear end,Greenbelt
5665,REGIONAL RD 174 @ TRIM RD,384352.8172,5039989.859,-75.48213683,45.49529571,2015-01-13,16:15,01 - Clear,01 - Dry,01 - Traffic signal,02 - Intersection related,01 - Daylight,03 - P.D. only,03 - Rear end,Chatelaine Village
5666,RICHMOND RD @ BELLFIELD ST/RIDGEVALLEY DR,359492.5922,5023528.635,-75.80201704,45.34957096,2015-01-02,12:29,01 - Clear,01 - Dry,02 - Stop sign,03 - At intersection,01 - Daylight,03 - P.D. only,02 - Angle,Bayshore
5667,FISHER AVE btwn BASELINE RD & MALIBU TER,366205.2478,5025931.665,-75.71605967,45.37063737,2015-01-02,20:32,01 - Clear,01 - Dry,10 - No control,04 - At/near private drive,07 - Dark,03 - P.D. only,02 - Angle,Civic Hospital - Experimental Farm - Central Park
5668,BELCOURT BLVD @ NOTRE DAME ST,381316.7099,5037215.101,-75.52140977,45.47067033,2015-01-20,11:45,01 - Clear,02 - Wet,02 - Stop sign,03 - At intersection,01 - Daylight,03 - P.D. only,02 - Angle,Orleans Village - Chateauneuf
5669,MONTREAL RD @ MONTFORT HOSPITAL,372223.3888,5034142.798,-75.63811351,45.44396442,2015-02-02,0:39,01 - Clear,01 - Dry,01 - Traffic signal,03 - At intersection,07 - Dark,03 - P.D. only,05 - Turning movement,Carson Grove - Carson Meadows
5670,MERIVALE RD @ WEST HUNT CLUB RD,365614.6229,5021942.98,-75.72408988,45.33479932,2015-02-02,8:27,03 - Snow,03 - Loose snow,01 - Traffic signal,02 - Intersection related,01 - Daylight,03 - P.D. only,03 - Rear end,Industrial Park
5671,ST. JOSEPH BLVD btwn YOUVILLE DR & NOTRE DAME ST W,379263.0544,5036180.205,-75.54782754,45.4615811,2015-02-11,7:25,01 - Clear,06 - Ice,10 - No control,01 - Non intersection,01 - Daylight,03 - P.D. only,03 - Rear end,Chapel Hill
5672,RIVERSIDE DR NB btwn BANK ST & RIVERSIDE DR NB RAMP FROM EB TO WB,369361.5846,5027980.818,-75.67549991,45.38879136,2015-02-11,13:43,03 - Snow,04 - Slush,10 - No control,04 - At/near private drive,01 - Daylight,03 - P.D. only,05 - Turning movement,Alta Vista
5673,MERIVALE RD btwn GILBEY DR & KIMWAY CRES,364714.754,5024774.611,-75.73522688,45.36035539,2015-04-13,15:03,01 - Clear,01 - Dry,10 - No control,01 - Non intersection,01 - Daylight,03 - P.D. only,04 - Sideswipe,Cityview - Skyline - Fisher Heights
5674,BEAUSEJOUR DR btwn AUTUMN RIDGE DR & AUTUMN RIDGE DR,380444.3722,5035782.011,-75.53278523,45.45787155,2015-05-04,10:25,01 - Clear,01 - Dry,10 - No control,04 - At/near private drive,01 - Daylight,03 - P.D. only,99 - Other,Chapel Hill
5675,HADLEY CIRC @ MOODIE DR,357135.9276,5020300.119,-75.83243195,45.32070032,2015-07-16,10:04,01 - Clear,01 - Dry,02 - Stop sign,02 - Intersection related,01 - Daylight,03 - P.D. only,03 - Rear end,Bells Corners West
5676,RICHMOND RD @ LYNHAR RD/STAFFORD RD,358137.6643,5021086.115,-75.81957058,45.32769738,2015-07-16,9:29,01 - Clear,01 - Dry,01 - Traffic signal,02 - Intersection related,01 - Daylight,03 - P.D. only,03 - Rear end,Bells Corners East
5677,BRONSON AVE @ CARLING AVE/GLEBE AVE,367448.4277,5029335.922,-75.69975786,45.40115795,2015-07-18,12:33,01 - Clear,01 - Dry,01 - Traffic signal,02 - Intersection related,01 - Daylight,03 - P.D. only,04 - Sideswipe,The Glebe
5678,VIEWMOUNT DR btwn MERIVALE RD & GRANT CARMAN DR,365290.9944,5023010.117,-75.72808808,45.34442925,2015-07-18,14:35,01 - Clear,01 - Dry,10 - No control,04 - At/near private drive,01 - Daylight,03 - P.D. only,05 - Turning movement,Borden Farm - Stewart Farm - Parkwood Hills - Fisher Glen
5679,BASELINE RD @ CLYDE AVE,364358.7033,5024888.103,-75.73975756,45.36140691,2015-01-28,13:45,01 - Clear,01 - Dry,01 - Traffic signal,02 - Intersection related,01 - Daylight,03 - P.D. only,04 - Sideswipe,Braemar Park - Bel Air Heights - Copeland Park
5680,RIDEAU ST @ WALLER ST,368283.7118,5032274.102,-75.68871092,45.42751947,2015-01-28,17:23,01 - Clear,01 - Dry,01 - Traffic signal,03 - At intersection,05 - Dusk,03 - P.D. only,03 - Rear end,Byward Market - Parliament Hill
5681,PRINCE OF WALES DR @ WEST HUNT CLUB RD,367459.6742,5021890.058,-75.70055856,45.3341608,2015-02-14,12:45,03 - Snow,03 - Loose snow,01 - Traffic signal,02 - Intersection related,01 - Daylight,03 - P.D. only,03 - Rear end,Industrial Park
5682,EAGLESON RD @ FERNBANK RD,354797.6654,5015587.907,-75.8627308,45.27846935,2015-02-14,13:40,01 - Clear,02 - Wet,01 - Traffic signal,02 - Intersection related,01 - Daylight,03 - P.D. only,02 - Angle,Bridlewood - Emerald Meadows
5683,BOOTH ST @ OTTAWA RIVER PKWY/WELLINGTON ST,366264.0376,5031005.411,-75.71467712,45.41628455,2015-03-22,8:52,03 - Snow,03 - Loose snow,01 - Traffic signal,02 - Intersection related,01 - Daylight,03 - P.D. only,03 - Rear end,LeBreton Flats
5684,BASELINE RD btwn 207 E OF CLYDE AVE & LOBLAWS SC,364638.0266,5025062.638,-75.7361713,45.36295357,2015-03-23,9:10,01 - Clear,01 - Dry,10 - No control,04 - At/near private drive,01 - Daylight,03 - P.D. only,02 - Angle,Civic Hospital - Experimental Farm - Central Park
5685,CAHILL DR btwn SANDHAMN PRIV & SANDHAMN PRIV,371810.0688,5024724.858,-75.64467613,45.35926545,2015-01-30,19:00,01 - Clear,04 - Slush,10 - No control,01 - Non intersection,07 - Dark,03 - P.D. only,06 - SMV unattended vehicle,Greenboro East
5686,SLATE ST btwn CINNABAR WAY & CINNABAR WAY,351488.2029,5015011.566,-75.90496498,45.27351082,2015-03-22,0:00,01 - Clear,01 - Dry,10 - No control,01 - Non intersection,00 - Unknown,03 - P.D. only,06 - SMV unattended vehicle,Stittsville
5687,DALHOUSIE ST btwn CLARENCE ST & YORK ST,368085.0324,5032433.566,-75.69122919,45.42897228,2015-01-25,2:29,01 - Clear,01 - Dry,10 - No control,01 - Non intersection,07 - Dark,03 - P.D. only,03 - Rear end,Byward Market
5688,CONSTELLATION CRES btwn TURN LANE & TURN LANE,362329.2916,5023541.86,-75.76581666,45.349463,2015-10-28,15:14,02 - Rain,02 - Wet,10 - No control,01 - Non intersection,01 - Daylight,03 - P.D. only,04 - Sideswipe,Centrepointe
5689,ALGOMA RD @ COMSTOCK RD,373661.5071,5031107.344,-75.62015639,45.41651279,2015-01-20,12:38,01 - Clear,02 - Wet,02 - Stop sign,03 - At intersection,01 - Daylight,03 - P.D. only,02 - Angle,Industrial Park
5690,ANDERSON RD btwn WEIR RD & DOLMAN RIDGE RD,377955.7039,5031071.566,-75.56530187,45.4157551,2015-01-20,15:05,01 - Clear,01 - Dry,10 - No control,01 - Non intersection,01 - Daylight,03 - P.D. only,04 - Sideswipe,Greenbelt
5691,MCARTHUR AVE @ NORTH RIVER RD,369820.7072,5032645.136,-75.66902198,45.43071669,2015-02-02,9:04,03 - Snow,05 - Packed snow,01 - Traffic signal,02 - Intersection related,01 - Daylight,03 - P.D. only,03 - Rear end,Vanier South
5692,SHORE ST @ ST. LAURENT BLVD,372804.6921,5030719.11,-75.63115622,45.41310344,2015-02-02,11:05,03 - Snow,03 - Loose snow,02 - Stop sign,03 - At intersection,01 - Daylight,03 - P.D. only,03 - Rear end,Industrial Park
5693,JEANNE D'ARC BLVD  S btwn DES EPINETTES AVE & SAPINIER ST,382337.9023,5035944.929,-75.50855182,45.45912979,2015-02-11,15:41,01 - Clear,01 - Dry,10 - No control,01 - Non intersection,01 - Daylight,03 - P.D. only,05 - Turning movement,Orleans Village - Chateauneuf
5694,WEST HUNT CLUB RD btwn HWY416 IC72 RAMP63 & CEDARVIEW RD,359699.4003,5019543.393,-75.79981997,45.31369548,2015-02-11,16:32,01 - Clear,01 - Dry,10 - No control,01 - Non intersection,01 - Daylight,03 - P.D. only,99 - Other,Greenbelt
5695,BANK ST @ RIVERSIDE DR S,369303.7532,5027894.071,-75.67624973,45.38801616,2015-04-20,20:05,02 - Rain,02 - Wet,01 - Traffic signal,03 - At intersection,07 - Dark,03 - P.D. only,05 - Turning movement,Alta Vista
5696,ISLAND PARK DR @ RICHMOND RD,364130.6867,5028867.075,-75.74218972,45.39722839,2015-04-21,22:30,01 - Clear,01 - Dry,01 - Traffic signal,03 - At intersection,07 - Dark,03 - P.D. only,04 - Sideswipe,Island Park
5697,HIGHWAY 417 btwn HWY417 IC126 RAMP61 & HWY417 IC124 RAMP76,364106.116,5027120.84,-75.74271338,45.38151816,2015-10-05,17:15,01 - Clear,01 - Dry,10 - No control,01 - Non intersection,01 - Daylight,03 - P.D. only,03 - Rear end,Westboro
5698,MARCH RD @ SOLANDT RD,350490.3292,5022710.863,-75.91697225,45.34285674,2015-07-15,20:15,01 - Clear,01 - Dry,01 - Traffic signal,02 - Intersection related,01 - Daylight,03 - P.D. only,04 - Sideswipe,South March
5699,WOODPARK WAY btwn MASONBROOK ST & MULLCRAFT CRES,365239.2366,5017074.325,-75.72947274,45.29102401,2015-07-19,12:26,01 - Clear,01 - Dry,10 - No control,04 - At/near private drive,01 - Daylight,03 - P.D. only,06 - SMV unattended vehicle,Greenbelt
5700,CARP RD @ WESTBROOK RD,347736.8444,5015442.801,-75.95273597,45.27763031,2015-07-19,14:14,01 - Clear,01 - Dry,01 - Traffic signal,02 - Intersection related,01 - Daylight,03 - P.D. only,03 - Rear end,Stittsville - Basswood
5701,EMMERSON AVE @ PARKDALE AVE,364713.7368,5030271.044,-75.7345727,45.40981135,2015-01-29,10:08,01 - Clear,01 - Dry,02 - Stop sign,03 - At intersection,01 - Daylight,03 - P.D. only,05 - Turning movement,Island Park
5702,CLYDE AVE btwn STARWOOD RD & LOTTA AVE,364510.132,5024534.032,-75.73786758,45.35820815,2015-02-14,14:03,03 - Snow,05 - Packed snow,10 - No control,01 - Non intersection,01 - Daylight,03 - P.D. only,03 - Rear end,Cityview - Skyline - Fisher Heights
5703,ELGIN ST @ SLATER ST,367890.7077,5031646.093,-75.69381325,45.42190442,2015-02-14,15:00,03 - Snow,05 - Packed snow,01 - Traffic signal,02 - Intersection related,01 - Daylight,03 - P.D. only,03 - Rear end,Downtown
5704,GREENBANK RD @ CANFIELD RD/CRAIG HENRY DR,361106.6798,5021363.047,-75.78166622,45.32995731,2015-03-25,21:52,01 - Clear,01 - Dry,01 - Traffic signal,03 - At intersection,07 - Dark,03 - P.D. only,02 - Angle,Woodvale - Craig Henry - Manordale - Estates of Arlington Wo
5705,RUSSELL RD btwn BOUNDARY RD & RUSSELL RD,386562.3146,5026016.314,-75.45619174,45.36931973,2015-03-26,18:15,01 - Clear,01 - Dry,10 - No control,01 - Non intersection,05 - Dusk,03 - P.D. only,07 - SMV other,Navan - Vars
5706,BANTREE ST btwn OLD INNES RD & EDINBURGH PL,373851.257,5030088.903,-75.61787492,45.40733066,2015-01-16,13:46,01 - Clear,04 - Slush,10 - No control,01 - Non intersection,01 - Daylight,03 - P.D. only,06 - SMV unattended vehicle,Industrial Park
5707,SPARKS ST btwn BRONSON AVE & BAY ST,366801.4752,5031244.45,-75.70778089,45.41838794,2015-03-14,0:00,03 - Snow,04 - Slush,10 - No control,01 - Non intersection,00 - Unknown,03 - P.D. only,06 - SMV unattended vehicle,Downtown
5708,ASHBOURNE CRES btwn Continuation of ASHBOURNE CRES & Continuation of A,365401.9947,5013118.75,-75.72788077,45.25541782,2015-03-20,0:00,01 - Clear,01 - Dry,10 - No control,01 - Non intersection,00 - Unknown,03 - P.D. only,06 - SMV unattended vehicle,New Barrhaven
5709,RIVERSIDE DR @ BROOKFIELD RD/HOG'S BACK RD,368168.6749,5026223.003,-75.69095835,45.37308397,2015-01-22,8:00,01 - Clear,06 - Ice,01 - Traffic signal,02 - Intersection related,01 - Daylight,03 - P.D. only,03 - Rear end,Riverside Park
5710,CARLING AVE @ MOODIE DR/JAMES CUMMINGS AVE W,356000.691,5023937.993,-75.84653503,45.35351802,2015-01-06,8:50,01 - Clear,01 - Dry,01 - Traffic signal,02 - Intersection related,01 - Daylight,03 - P.D. only,03 - Rear end,Greenbelt
5711,WEST HUNT CLUB RD @ CLEOPATRA DR/LANCELOT DR,365235.7,5021731.048,-75.72894985,45.33292512,2015-01-06,11:35,01 - Clear,02 - Wet,01 - Traffic signal,03 - At intersection,01 - Daylight,03 - P.D. only,05 - Turning movement,Tanglewood
5712,COVENTRY RD @ VANIER PKWY,370676.3849,5031611.221,-75.6582257,45.42133389,2015-01-21,9:00,01 - Clear,01 - Dry,01 - Traffic signal,02 - Intersection related,01 - Daylight,03 - P.D. only,03 - Rear end,Overbrook
5713,CATHERINE ST btwn BANK ST & O'CONNOR ST,368079.6809,5030295.435,-75.69157218,45.40973457,2015-02-02,11:26,03 - Snow,03 - Loose snow,10 - No control,04 - At/near private drive,01 - Daylight,03 - P.D. only,05 - Turning movement,Centretown
5714,LONGFIELDS DR @ WOODROFFE AVE,365420.206,5017105.499,-75.727162,45.29128892,2015-02-11,17:44,03 - Snow,03 - Loose snow,01 - Traffic signal,02 - Intersection related,07 - Dark,03 - P.D. only,03 - Rear end,Greenbelt
5715,REGIONAL ROAD 174 btwn TRANSIT & OR174 IC109 RAMP56,375571.5274,5033436.719,-75.59542037,45.4372806,2015-02-11,21:21,03 - Snow,03 - Loose snow,10 - No control,01 - Non intersection,07 - Dark,03 - P.D. only,07 - SMV other,Greenbelt
5716,RIVERSIDE DR btwn HERON RD & RIVERSIDE DR RAMP 34,368109.6814,5026797.481,-75.69163781,45.3782583,2015-04-22,2:36,01 - Clear,01 - Dry,10 - No control,01 - Non intersection,07 - Dark,03 - P.D. only,07 - SMV other,Riverside Park
5717,MAPLE GROVE RD btwn HUNTMAR DR & ROSEHILL AVE,350288.2735,5016730.804,-75.92009954,45.28905972,2015-04-23,1:04,01 - Clear,02 - Wet,10 - No control,01 - Non intersection,07 - Dark,03 - P.D. only,07 - SMV other,Stittsville
5718,VANIER PKWY SB btwn ST. PATRICK ST & TO BE DETERMINED,369148.4674,5033462.541,-75.67750561,45.43813356,2015-04-24,4:35,01 - Clear,01 - Dry,10 - No control,01 - Non intersection,07 - Dark,03 - P.D. only,07 - SMV other,Lindenlea - New Edinburgh
5719,NAVAN RD btwn RENAUD RD & MER BLEUE RD,381868.2575,5032725.054,-75.5150604,45.43021192,2015-04-13,10:00,01 - Clear,01 - Dry,10 - No control,01 - Non intersection,01 - Daylight,03 - P.D. only,99 - Other,Chapel Hill South
5720,MOODIE DR @ WEST HUNT CLUB RD,357906.2103,5018498.816,-75.8228004,45.30443417,2015-04-17,20:25,01 - Clear,01 - Dry,01 - Traffic signal,02 - Intersection related,07 - Dark,03 - P.D. only,03 - Rear end,Greenbelt
5721,MERIVALE RD @ COLDREY AVE/CRERAR AVE,364895.4245,5027392.905,-75.73260239,45.38389889,2015-06-17,15:07,01 - Clear,01 - Dry,01 - Traffic signal,02 - Intersection related,01 - Daylight,03 - P.D. only,07 - SMV other,Carlington
5722,PRINCE OF WALES DR @ RIDEAU HEIGHTS LANE,367477.271,5022691.13,-75.7002326,45.34136713,2015-07-15,17:00,01 - Clear,01 - Dry,02 - Stop sign,03 - At intersection,01 - Daylight,03 - P.D. only,02 - Angle,Industrial Park
5723,CARLING AVE @ HWY 417 CARLING IC124R67,364332.2089,5027523.841,-75.73977803,45.38512512,2015-07-15,17:07,01 - Clear,01 - Dry,03 - Yield sign,02 - Intersection related,01 - Daylight,03 - P.D. only,04 - Sideswipe,Westboro