Record,Location,X,Y,lon,lat,Date,Time,Environment,Road_Surface,Traffic_Control,Collision_Location,Light,Collision_Classification,Impact_type,Neighborhood
5724,MARCH RD btwn CARLING AVE/STATION RD & 280 S OF CARLING AVE/STATION RD,350967.4366,5022184.165,-75.91093363,45.33808616,2015-07-20,8:48,01 - Clear,01 - Dry,10 - No control,01 - Non intersection,01 - Daylight,03 - P.D. only,03 - Rear end,South March
5725,BLACKLEAF DR @ JOCKVALE RD,365567.3359,5012899.706,-75.72580116,45.25343261,2015-07-20,16:09,01 - Clear,01 - Dry,02 - Stop sign,03 - At intersection,01 - Daylight,03 - P.D. only,02 - Angle,New Barrhaven
5726,QUEEN ELIZABETH DRWY @ TORRINGTON PL,367984.1405,5028614.267,-75.69300803,45.39461657,2015-01-28,19:45,01 - Clear,01 - Dry,02 - Stop sign,03 - At intersection,07 - Dark,03 - P.D. only,02 - Angle,The Glebe
5727,COLONEL BY DR/MACKENZIE AVE @ DALY AVE,368003.6755,5031902.17,-75.69233701,45.42419832,2015-02-14,13:45,03 - Snow,03 - Loose snow,01 - Traffic signal,02 - Intersection related,01 - Daylight,03 - P.D. only,03 - Rear end,Byward Market - Parliament Hill
5728,BRONSON AVE @ MCLEOD ST,367160.7067,5030013.158,-75.70334707,45.40727722,2015-03-30,11:52,02 - Rain,02 - Wet,02 - Stop sign,03 - At intersection,01 - Daylight,03 - P.D. only,02 - Angle,Centretown West
5729,RIVERSIDE DR @ SMYTH RD SOUTH SIDE RAMP,369789.4088,5028998.819,-75.66990276,45.39791141,2015-03-30,17:26,01 - Clear,01 - Dry,01 - Traffic signal,02 - Intersection related,01 - Daylight,03 - P.D. only,03 - Rear end,Alta Vista
5730,O'CONNOR ST btwn ALBERT ST & SLATER ST,367545.0352,5031507.084,-75.69824759,45.42068475,2015-01-12,0:00,01 - Clear,01 - Dry,10 - No control,01 - Non intersection,00 - Unknown,03 - P.D. only,06 - SMV unattended vehicle,Downtown
5731,HAZELNUT CRES btwn VERBENA CRES & VERBENA CRES,374032.448,5019340.597,-75.61706598,45.31060396,2015-07-12,0:00,01 - Clear,01 - Dry,10 - No control,01 - Non intersection,00 - Unknown,03 - P.D. only,06 - SMV unattended vehicle,Greenbelt
5732,GLADSTONE AVE btwn PERCY ST & BAY ST,367396.384,5030247.227,-75.70030688,45.40936226,2015-03-09,10:50,01 - Clear,02 - Wet,10 - No control,01 - Non intersection,01 - Daylight,03 - P.D. only,06 - SMV unattended vehicle,Centretown
5733,BRONSON AVE btwn PLYMOUTH ST & RENFREW AVE,367349.9646,5029571.322,-75.7009856,45.40328482,2015-10-30,20:07,01 - Clear,01 - Dry,10 - No control,01 - Non intersection,07 - Dark,03 - P.D. only,03 - Rear end,The Glebe
5734,TERRY FOX DR btwn CAMPEAU DR & DIDSBURY RD,350554.0813,5018969.223,-75.91650455,45.3091844,2015-10-30,22:27,01 - Clear,01 - Dry,10 - No control,04 - At/near private drive,07 - Dark,03 - P.D. only,02 - Angle,Kanata
5735,PINECREST RD @ RICHMOND RD,360071.7066,5024469.103,-75.79452184,45.35798787,2015-01-22,9:33,01 - Clear,03 - Loose snow,01 - Traffic signal,02 - Intersection related,01 - Daylight,03 - P.D. only,03 - Rear end,Whitehaven - Queensway Terrace North
5736,WOODWARD DR btwn COURTWOOD CRES & CLYDE AVE,363590.8307,5026149.82,-75.74940815,45.3728245,2015-01-06,14:20,02 - Rain,02 - Wet,10 - No control,04 - At/near private drive,01 - Daylight,03 - P.D. only,02 - Angle,Carlington
5737,FINDLAY CREEK DR @ BANK ST,375845.2643,5020454.534,-75.59378992,45.32044567,2015-01-22,8:29,01 - Clear,01 - Dry,01 - Traffic signal,02 - Intersection related,01 - Daylight,03 - P.D. only,04 - Sideswipe,Greenbelt
5738,LENESTER AVE btwn DUBERRY ST & FAIRLAWN AVE,362050.0862,5025442.588,-75.76915941,45.36658846,2015-01-22,15:06,01 - Clear,02 - Wet,10 - No control,01 - Non intersection,01 - Daylight,03 - P.D. only,01 - Approaching,Glabar Park
5739,TERRACE DR @ WESTCLIFFE RD,356429.8793,5019992.857,-75.84146933,45.31798782,2015-02-04,9:05,03 - Snow,03 - Loose snow,02 - Stop sign,03 - At intersection,01 - Daylight,03 - P.D. only,02 - Angle,Bells Corners West
5740,BANK ST btwn RIDEAU RD & TURN LANE,377287.2544,5017109.502,-75.57588833,45.2902011,2015-02-11,23:24,03 - Snow,03 - Loose snow,10 - No control,01 - Non intersection,07 - Dark,03 - P.D. only,07 - SMV other,Greenbelt
5741,BANK ST @ LEITRIM RD,375357.7542,5021618.051,-75.59984173,45.33096369,2015-02-12,6:50,03 - Snow,03 - Loose snow,01 - Traffic signal,03 - At intersection,03 - Dawn,03 - P.D. only,07 - SMV other,Greenbelt
5742,ST. LAURENT BLVD btwn INDUSTRIAL AVE & BOURASSA ST,373163.718,5029850.683,-75.62669018,45.40525476,2015-04-28,14:01,01 - Clear,01 - Dry,10 - No control,04 - At/near private drive,01 - Daylight,03 - P.D. only,02 - Angle,Industrial Park
5743,MERIVALE RD btwn MEADOWLANDS DR & 210 S OF MEADOWLANDS DR/MERIVALE PL ,364932.1489,5023559.003,-75.73260008,45.34939891,2015-05-02,13:10,01 - Clear,01 - Dry,10 - No control,01 - Non intersection,01 - Daylight,03 - P.D. only,04 - Sideswipe,Borden Farm - Stewart Farm - Parkwood Hills - Fisher Glen
5744,WEST HUNT CLUB RD WB btwn 354 E OF WOODROFFE AVE/REC PATH & CLEOPATRA ,364616.9973,5021661.744,-75.73685104,45.33235454,2015-06-17,18:31,01 - Clear,01 - Dry,10 - No control,01 - Non intersection,01 - Daylight,03 - P.D. only,03 - Rear end,Tanglewood
5745,BAY ST @ QUEEN ST,366898.9762,5031212.944,-75.70653917,45.41809581,2015-06-18,7:05,01 - Clear,01 - Dry,01 - Traffic signal,02 - Intersection related,01 - Daylight,03 - P.D. only,99 - Other,Downtown
5746,PRINCE OF WALES DR @ RIDEAU HEIGHTS LANE,367479.4331,5022690.41,-75.70020511,45.34136045,2015-07-15,16:33,01 - Clear,01 - Dry,02 - Stop sign,02 - Intersection related,01 - Daylight,03 - P.D. only,03 - Rear end,Industrial Park
5747,RICHMOND RD btwn STAFFORD RD & NORTHSIDE RD,358154.2409,5021096.205,-75.81935804,45.32778691,2015-07-15,14:53,01 - Clear,01 - Dry,10 - No control,01 - Non intersection,01 - Daylight,03 - P.D. only,04 - Sideswipe,Bells Corners East
5748,CARLING AVE @ CARLING RMP 56,360873.4621,5025162.37,-75.78421052,45.36416219,2015-07-21,10:00,02 - Rain,02 - Wet,10 - No control,02 - Intersection related,01 - Daylight,03 - P.D. only,07 - SMV other,Whitehaven - Queensway Terrace North
5749,MCEWEN AVE btwn AMBLESIDE DR & END,360953.699,5026062.448,-75.78308405,45.37225461,2015-07-21,12:44,01 - Clear,01 - Dry,10 - No control,01 - Non intersection,01 - Daylight,03 - P.D. only,06 - SMV unattended vehicle,Woodroffe - Lincoln Heights
5750,GRENON AVE btwn MICHELE DR & RICHMOND RD,359724.3801,5024086.701,-75.79899721,45.35457432,2015-07-21,0:00,01 - Clear,01 - Dry,10 - No control,01 - Non intersection,00 - Unknown,03 - P.D. only,06 - SMV unattended vehicle,Whitehaven - Queensway Terrace North
5751,ALBERT ST @ PRESTON ST,366160.374,5030465.697,-75.71606869,45.41143745,2015-01-29,8:55,01 - Clear,06 - Ice,01 - Traffic signal,02 - Intersection related,01 - Daylight,03 - P.D. only,03 - Rear end,Centretown West
5752,AQUAVIEW DR @ ESPRIT DR,384966.4284,5035744.915,-75.47497977,45.4570336,2015-01-29,15:40,03 - Snow,05 - Packed snow,02 - Stop sign,03 - At intersection,01 - Daylight,03 - P.D. only,02 - Angle,Avalon
5753,ISLAND PARK DR @ RICHMOND RD,364131.6506,5028867.075,-75.7421774,45.39722831,2015-02-14,14:00,03 - Snow,04 - Slush,01 - Traffic signal,02 - Intersection related,01 - Daylight,03 - P.D. only,99 - Other,Island Park
5754,CAMPEAU DR/HWY 417 MARCH IC138R63 @ MARCH RD,352840.604,5020477.61,-75.8872002,45.3226045,2015-03-31,7:54,01 - Clear,01 - Dry,01 - Traffic signal,02 - Intersection related,01 - Daylight,03 - P.D. only,04 - Sideswipe,Greenbelt
5755,BESSERER ST btwn NELSON ST & FRIEL ST,368753.114,5032465.294,-75.68268799,45.42919698,2015-03-31,10:18,01 - Clear,01 - Dry,10 - No control,04 - At/near private drive,01 - Daylight,03 - P.D. only,02 - Angle,Sandy Hill
5756,MCBEAN ST btwn HAMILTON ST & MARTIN ST,356951.9321,5006020.975,-75.83627729,45.19222722,2015-03-17,16:40,01 - Clear,01 - Dry,10 - No control,01 - Non intersection,01 - Daylight,03 - P.D. only,06 - SMV unattended vehicle,Richmond
5757,MARIPOSA AVE btwn BUCHAN RD & GLENWOOD AVE,369266.0724,5034643.448,-75.67584785,45.44874805,2015-03-25,8:00,01 - Clear,01 - Dry,10 - No control,01 - Non intersection,01 - Daylight,03 - P.D. only,06 - SMV unattended vehicle,Rockcliffe - Manor Park
5758,DEERCROFT AVE btwn HAYLOCK WAY & OAKFIELD CRES,364645.4254,5015389.469,-75.73724563,45.27591453,2015-03-26,0:00,03 - Snow,03 - Loose snow,10 - No control,01 - Non intersection,00 - Unknown,03 - P.D. only,06 - SMV unattended vehicle,New Barrhaven
5759,CARLING AVE @ MAITLAND AVE/SHERBOURNE RD,362942.6979,5026488.045,-75.75764245,45.37592188,2015-10-31,11:57,01 - Clear,01 - Dry,01 - Traffic signal,02 - Intersection related,01 - Daylight,03 - P.D. only,03 - Rear end,Carlingwood - McKellar Park - Laurentien View
5760,HUNT CLUB RD btwn MOUNTAIN CRES & TURN LANE,371471.4546,5023977.205,-75.64909859,45.3525706,2015-01-23,12:35,01 - Clear,01 - Dry,10 - No control,01 - Non intersection,01 - Daylight,03 - P.D. only,04 - Sideswipe,South Keys - Heron Gate - Greenboro West
5761,GILMOUR ST @ KENT ST,367614.7449,5030671.125,-75.69746349,45.4131568,2015-01-23,6:35,01 - Clear,02 - Wet,01 - Traffic signal,03 - At intersection,07 - Dark,03 - P.D. only,05 - Turning movement,Centretown
5762,MCARTHUR AVE @ VANIER PKWY,370218.705,5032689.14,-75.66393018,45.43107551,2015-01-07,8:44,03 - Snow,05 - Packed snow,01 - Traffic signal,02 - Intersection related,01 - Daylight,03 - P.D. only,99 - Other,Vanier South
5763,BRENTWOOD AVE @ VICTORIA ST,384705.5692,5010721.195,-75.48235686,45.23191872,2015-01-23,11:51,01 - Clear,01 - Dry,02 - Stop sign,02 - Intersection related,01 - Daylight,03 - P.D. only,03 - Rear end,Metcalfe
5764,STAFFORD RD btwn BEXLEY PL & RICHMOND RD,358092.3546,5021191.991,-75.82013716,45.3286535,2015-01-24,13:55,01 - Clear,02 - Wet,10 - No control,04 - At/near private drive,01 - Daylight,03 - P.D. only,05 - Turning movement,Bells Corners East
5765,DONALD B. MUNRO DR/OLD CARP RD W @ MARCH RD,343091.3242,5022593.903,-76.01139192,45.3422472,2015-02-04,12:30,03 - Snow,03 - Loose snow,02 - Stop sign,03 - At intersection,01 - Daylight,03 - P.D. only,02 - Angle,Carp - Hardwood Plains
5766,KILBORN AVE @ UTAH ST,369795.5035,5027684.435,-75.66999806,45.38608447,2015-02-04,12:45,03 - Snow,03 - Loose snow,02 - Stop sign,03 - At intersection,01 - Daylight,03 - P.D. only,02 - Angle,Alta Vista
5767,CARLING AVE @ MOODIE DR/JAMES CUMMINGS AVE W,356002.5181,5023939.944,-75.84651151,45.35353544,2015-02-12,6:40,03 - Snow,04 - Slush,01 - Traffic signal,02 - Intersection related,03 - Dawn,03 - P.D. only,07 - SMV other,Crystal Bay - Lakeview Park - Britannia Village
5768,HUNT CLUB RD @ RIVERSIDE DR,368037.6669,5021944.053,-75.69317809,45.33459479,2015-02-12,0:20,03 - Snow,03 - Loose snow,01 - Traffic signal,02 - Intersection related,07 - Dark,03 - P.D. only,03 - Rear end,Hunt Club Woods - Quintarra - Revelstoke - Riverside South P
5769,MACDONALD-CARTIER BR btwn RAMP & END (2),367491.1714,5033189.34,-75.69872165,45.43582596,2015-04-29,16:48,01 - Clear,01 - Dry,10 - No control,07 - Overpass or bridge,01 - Daylight,03 - P.D. only,03 - Rear end,Byward Market - Parliament Hill
5770,INNES RD btwn HWY417 IC112 RAMP65 & HWY417 IC112 RAMP56,374417.0903,5030824.616,-75.61054341,45.41389418,2015-05-19,17:27,01 - Clear,01 - Dry,10 - No control,01 - Non intersection,01 - Daylight,03 - P.D. only,04 - Sideswipe,Industrial Park
5771,CHURCHILL AVE @ RICHMOND RD,363226.9731,5028292.912,-75.75379954,45.39213816,2015-06-18,9:14,01 - Clear,01 - Dry,01 - Traffic signal,02 - Intersection related,01 - Daylight,03 - P.D. only,04 - Sideswipe,Carlingwood - McKellar Park - Laurentien View
5772,INDUSTRIAL AVE btwn RIVERSIDE DR & SANDFORD FLEMING AVE,370697.6916,5030591.202,-75.65808988,45.41215416,2015-06-22,11:49,01 - Clear,01 - Dry,10 - No control,01 - Non intersection,01 - Daylight,03 - P.D. only,03 - Rear end,Industrial Park
5773,MITCH OWENS RD btwn SPRATT RD & LIMEBANK RD,371247.1563,5011848.358,-75.65358621,45.24345932,2015-07-14,11:33,01 - Clear,01 - Dry,10 - No control,01 - Non intersection,01 - Daylight,03 - P.D. only,99 - Other,Manotick
5774,ELM CRES S @ STITTSVILLE MAIN ST,350868.8713,5012632.049,-75.91307853,45.25213997,2015-07-14,9:45,01 - Clear,01 - Dry,02 - Stop sign,02 - Intersection related,01 - Daylight,03 - P.D. only,03 - Rear end,Stittsville
5775,STRANDHERD DR btwn Continuation of STRANDHERD DR & MCKENNA CASEY DR,361841.1676,5013650.623,-75.7731838,45.26050135,2015-07-21,14:48,01 - Clear,01 - Dry,10 - No control,05 - At railway crossing,01 - Daylight,03 - P.D. only,03 - Rear end,Munster Hamlet - Richmond
5776,DEAKIN ST @ PRINCE OF WALES DR,367389.9904,5021523.848,-75.70149384,45.33087193,2015-07-21,17:03,01 - Clear,01 - Dry,01 - Traffic signal,02 - Intersection related,01 - Daylight,03 - P.D. only,04 - Sideswipe,Industrial Park
5777,WOODROFFE AVE btwn FALLOWFIELD RD & EARL MULLIGAN DR,365106.3548,5017860.298,-75.7310711,45.29810757,2015-01-29,17:38,03 - Snow,05 - Packed snow,10 - No control,04 - At/near private drive,05 - Dusk,03 - P.D. only,05 - Turning movement,Greenbelt
5778,COBOURG ST @ STEWART ST,369253.7436,5032584.114,-75.67627512,45.43022012,2015-02-15,13:31,01 - Clear,05 - Packed snow,02 - Stop sign,03 - At intersection,01 - Daylight,03 - P.D. only,02 - Angle,Sandy Hill
5779,BANK ST btwn FIRST AVE & SECOND AVE,368283.3488,5029676.098,-75.68905023,45.40414353,2015-02-15,13:46,01 - Clear,03 - Loose snow,10 - No control,01 - Non intersection,01 - Daylight,03 - P.D. only,04 - Sideswipe,The Glebe
5780,DALHOUSIE ST @ YORK ST,368092.7432,5032421.035,-75.69113227,45.42885883,2015-04-03,14:45,01 - Clear,01 - Dry,01 - Traffic signal,02 - Intersection related,01 - Daylight,03 - P.D. only,04 - Sideswipe,Byward Market
5781,INNES RD btwn O'TOOLE RD & DUNNING RD,391563.4898,5039303.661,-75.39001565,45.48826287,2015-05-11,20:25,01 - Clear,02 - Wet,10 - No control,01 - Non intersection,05 - Dusk,03 - P.D. only,07 - SMV other,Cumberland - Estates
5782,RANKIN ST @ SOUTHMORE DR,369256.6859,5024729.009,-75.6772638,45.3595422,2015-09-23,16:30,01 - Clear,01 - Dry,10 - No control,02 - Intersection related,01 - Daylight,03 - P.D. only,99 - Other,Hunt Club Woods - Quintarra - Revelstoke - Riverside South P
5783,CARLING AVE @ CARLINGWOOD SC,362073.0121,5025916.619,-75.76881181,45.37085187,2015-09-24,19:30,01 - Clear,01 - Dry,01 - Traffic signal,03 - At intersection,07 - Dark,03 - P.D. only,05 - Turning movement,Carlingwood West - Glabar Park - McKellar Heights
5784,BANK ST @ LAWRENCE ST,386401.775,5002844.863,-75.4620475,45.16085743,2015-10-31,15:00,01 - Clear,01 - Dry,02 - Stop sign,03 - At intersection,01 - Daylight,03 - P.D. only,03 - Rear end,Vernon
5785,KNUDSON DR btwn GOULDING CRES & WESLOCK WAY,350834.2518,5020726.538,-75.91276845,45.32497885,2015-01-23,13:16,01 - Clear,01 - Dry,10 - No control,04 - At/near private drive,01 - Daylight,03 - P.D. only,02 - Angle,Kanata Lakes - Marchwood Lakeside - Morgan's Grant - Kanata
5786,RICHARDSON SIDE RD @ TERRY FOX DR,348803.086,5019506.072,-75.93878598,45.31412702,2015-01-23,16:12,01 - Clear,01 - Dry,01 - Traffic signal,02 - Intersection related,01 - Daylight,03 - P.D. only,03 - Rear end,Kanata Lakes - Marchwood Lakeside - Morgan's Grant - Kanata
5787,INDUSTRIAL AVE/INNES RD @ ST. LAURENT BLVD,373099.7274,5030006.049,-75.62748601,45.40665892,2015-01-07,14:02,01 - Clear,04 - Slush,01 - Traffic signal,02 - Intersection related,01 - Daylight,03 - P.D. only,03 - Rear end,Industrial Park
5788,DES EPINETTES AVE @ JEANNE D'ARC BLVD,382228.5509,5035958.519,-75.5099477,45.45926419,2015-01-07,19:44,01 - Clear,02 - Wet,01 - Traffic signal,03 - At intersection,07 - Dark,03 - P.D. only,05 - Turning movement,Orleans Village - Chateauneuf
5789,PINECREST RD @ BASELINE RD,360782.6858,5022693.055,-75.7856488,45.34195063,2015-01-24,15:28,01 - Clear,02 - Wet,02 - Stop sign,03 - At intersection,01 - Daylight,03 - P.D. only,05 - Turning movement,Iris
5790,OSGOODE MAIN ST btwn CORBET ST & OLD GEORGE ST,374629.667,5000742.816,-75.61205973,45.14320605,2015-01-24,18:00,03 - Snow,02 - Wet,10 - No control,01 - Non intersection,07 - Dark,03 - P.D. only,06 - SMV unattended vehicle,Kars - Osgoode
5791,ROCHESTER ST btwn ADELINE ST & CARLING AVE,366971.0832,5029087.111,-75.70588601,45.39896177,2015-02-06,8:28,03 - Snow,06 - Ice,10 - No control,04 - At/near private drive,01 - Daylight,03 - P.D. only,05 - Turning movement,Centretown West
5792,HOBBLEBUSH ST @ LONGFIELDS DR,364622.6797,5016649.887,-75.73738358,45.28725768,2015-02-18,14:55,01 - Clear,01 - Dry,02 - Stop sign,02 - Intersection related,01 - Daylight,03 - P.D. only,03 - Rear end,New Barrhaven
5793,BASELINE RD @ GREENBANK RD,360597.6843,5022584.018,-75.78802157,45.34098426,2015-02-12,8:50,01 - Clear,04 - Slush,01 - Traffic signal,02 - Intersection related,01 - Daylight,03 - P.D. only,03 - Rear end,Qualicum - Redwood Park
5794,ORLEANS BLVD btwn FORTUNE DR & LUMBERMAN WAY,380214.6471,5037780.271,-75.53541554,45.47587515,2015-11-10,7:40,"07 - Fog, mist, smoke, dust",01 - Dry,10 - No control,01 - Non intersection,01 - Daylight,03 - P.D. only,04 - Sideswipe,Orleans South West
5795,ALBION RD btwn BANK ST & DES MESANGES DR,371986.4373,5024028.289,-75.64251986,45.35298109,2015-11-10,9:29,01 - Clear,01 - Dry,10 - No control,04 - At/near private drive,01 - Daylight,03 - P.D. only,02 - Angle,Emerald Woods - Sawmill Creek
5796,BANK ST @ QUEENSDALE AVE,373337.4636,5023445.874,-75.62535985,45.34760999,2015-06-22,13:44,01 - Clear,01 - Dry,01 - Traffic signal,03 - At intersection,01 - Daylight,03 - P.D. only,05 - Turning movement,Blossom Park - Blossom Park West - Sawmill Creek/ Timbermill
5797,HWY 417 MOODIE IC134R52 @ MOODIE DR,356457.3954,5022043.104,-75.84090447,45.33643415,2015-06-23,18:28,01 - Clear,01 - Dry,01 - Traffic signal,02 - Intersection related,01 - Daylight,03 - P.D. only,03 - Rear end,Greenbelt
5798,DALHOUSIE ST @ RIDEAU ST,368205.9884,5032228.032,-75.68971002,45.427112,2015-07-14,15:35,01 - Clear,01 - Dry,01 - Traffic signal,03 - At intersection,01 - Daylight,03 - P.D. only,02 - Angle,Byward Market - Parliament Hill
5799,HAZELDEAN RD/HAZELDEAN RD IC RAMP 62 @ HAZELDE,346896.5155,5012421.184,-75.96370222,45.25049137,2015-07-14,13:52,01 - Clear,01 - Dry,02 - Stop sign,02 - Intersection related,01 - Daylight,03 - P.D. only,03 - Rear end,Stittsville - Basswood
5800,WALKLEY RD @ DON REID DR/RYDER ST,372602.4476,5027283.463,-75.63421208,45.3822106,2015-07-22,12:30,01 - Clear,01 - Dry,01 - Traffic signal,02 - Intersection related,01 - Daylight,03 - P.D. only,03 - Rear end,Playfair Park - Lynda Park - Guildwood Estates
5801,ISABELLA ST/HWY417 IC119AR75 @ METCALFE ST,368447.9858,5030399.925,-75.6868539,45.41064134,2015-04-21,8:25,01 - Clear,02 - Wet,01 - Traffic signal,03 - At intersection,01 - Daylight,03 - P.D. only,02 - Angle,The Glebe
5802,COOPER ST btwn CARTIER ST & DRIVEWAY (THE),368305.3225,5031383.862,-75.68854954,45.41950744,2015-01-30,11:05,01 - Clear,05 - Packed snow,10 - No control,01 - Non intersection,01 - Daylight,03 - P.D. only,99 - Other,Golden Triangle
5803,SMYTH RD btwn VALOUR DR & BARNHART PL,370799.9881,5029102.783,-75.65698231,45.39875231,2015-01-30,11:35,01 - Clear,05 - Packed snow,10 - No control,01 - Non intersection,01 - Daylight,03 - P.D. only,04 - Sideswipe,Alta Vista
5804,CARLING AVE @ PINECREST  RD/GREENVIEW AVE,360006.6757,5024633.01,-75.79533351,45.35946782,2015-02-15,15:11,03 - Snow,04 - Slush,01 - Traffic signal,02 - Intersection related,01 - Daylight,03 - P.D. only,03 - Rear end,Whitehaven - Queensway Terrace North
5805,HUNT CLUB RD @ LINDBERGH PRIV,368362.7223,5022134.317,-75.68900683,45.33627737,2015-07-20,17:00,01 - Clear,01 - Dry,02 - Stop sign,03 - At intersection,01 - Daylight,03 - P.D. only,02 - Angle,Hunt Club - Ottawa Airport
5806,MONTREAL RD @ ST. LAURENT BLVD,371548.5945,5033817.113,-75.64678275,45.44109882,2015-09-18,14:45,01 - Clear,01 - Dry,01 - Traffic signal,02 - Intersection related,01 - Daylight,03 - P.D. only,03 - Rear end,Cummings
5807,HOPEWELL AVE btwn GROSVENOR AVE & BANK ST,368731.3014,5028480.645,-75.68348352,45.39334646,2015-09-25,11:41,01 - Clear,01 - Dry,10 - No control,04 - At/near private drive,01 - Daylight,03 - P.D. only,02 - Angle,Old Ottawa South
5808,KING EDWARD AVE @ TEMPLETON ST,369057.7813,5031507.1,-75.67891978,45.42054759,2015-10-31,20:00,01 - Clear,01 - Dry,01 - Traffic signal,02 - Intersection related,07 - Dark,03 - P.D. only,03 - Rear end,Sandy Hill
5809,MERIVALE RD/LOTTA AVE @ CLYDE AVE,364520.7344,5024508.008,-75.73773541,45.35797309,2015-11-01,11:36,01 - Clear,01 - Dry,01 - Traffic signal,02 - Intersection related,01 - Daylight,03 - P.D. only,03 - Rear end,Cityview - Skyline - Fisher Heights
5810,CAMPEAU DR @ KANATA AVE,350594.8671,5019403.39,-75.91594432,45.31308849,2015-01-23,23:13,01 - Clear,01 - Dry,01 - Traffic signal,03 - At intersection,07 - Dark,03 - P.D. only,05 - Turning movement,Kanata Lakes - Marchwood Lakeside - Morgan's Grant - Kanata
5811,AVIATION PKWY @ MONTREAL RD,372146.7166,5034108.101,-75.63909826,45.44365963,2015-01-26,9:30,01 - Clear,01 - Dry,01 - Traffic signal,03 - At intersection,01 - Daylight,03 - P.D. only,05 - Turning movement,Cummings
5812,TENTH LINE RD @ CHARLEMAGNE BLVD S/DES EPINETT,383640.9751,5036900.456,-75.49173924,45.46758093,2015-01-07,19:56,01 - Clear,01 - Dry,01 - Traffic signal,03 - At intersection,07 - Dark,03 - P.D. only,05 - Turning movement,Orl¨¦ans
5813,CHAMPNEUF DR btwn CEDAR MILLS RD & WESTPORT CRES,381324.1019,5036461.759,-75.52143254,45.46389157,2015-01-25,17:10,01 - Clear,01 - Dry,10 - No control,04 - At/near private drive,05 - Dusk,03 - P.D. only,02 - Angle,Orleans Village - Chateauneuf
5814,TREMBLAY RD btwn AVENUE O & AVENUE P,371732.1778,5031339.046,-75.64477316,45.41878476,2015-02-06,9:26,01 - Clear,04 - Slush,10 - No control,01 - Non intersection,01 - Daylight,03 - P.D. only,06 - SMV unattended vehicle,Industrial Park
5815,BANK ST btwn CHESLEY ST & RIVERDALE AVE,369008.3335,5028193.054,-75.67998312,45.39073346,2015-02-07,11:25,01 - Clear,03 - Loose snow,10 - No control,04 - At/near private drive,01 - Daylight,03 - P.D. only,02 - Angle,Old Ottawa South
5816,TERRY FOX DR btwn LEGGET DR & HELMSDALE DR,350263.2764,5023468.354,-75.91979976,45.34968756,2015-02-12,13:37,03 - Snow,03 - Loose snow,10 - No control,01 - Non intersection,01 - Daylight,03 - P.D. only,06 - SMV unattended vehicle,South March
5817,FALLOWFIELD RD btwn MERIVALE RD & WOODROFFE AVE,365575.1098,5018263.511,-75.72504542,45.30169526,2015-02-12,17:56,03 - Snow,03 - Loose snow,10 - No control,01 - Non intersection,05 - Dusk,03 - P.D. only,03 - Rear end,Greenbelt
5818,RICHARDSON SIDE RD btwn BREWER HUNT WAY & CARLING AVE,351755.3805,5022187.554,-75.90088021,45.33806437,2015-11-10,12:06,01 - Clear,01 - Dry,10 - No control,04 - At/near private drive,01 - Daylight,03 - P.D. only,07 - SMV other,South March
5819,BANTREE ST btwn OLD INNES RD & EDINBURGH PL,373789.9449,5030213.493,-75.61864065,45.40845771,2015-06-16,8:58,02 - Rain,02 - Wet,10 - No control,04 - At/near private drive,01 - Daylight,03 - P.D. only,02 - Angle,Industrial Park
5820,CARLING AVE @ ISLAND PARK DR,365348.6995,5027996.462,-75.72674071,45.38929054,2015-06-24,0:24,01 - Clear,01 - Dry,01 - Traffic signal,03 - At intersection,07 - Dark,03 - P.D. only,02 - Angle,Civic Hospital - Experimental Farm - Central Park
5821,ALTA VISTA DR btwn HERON RD & RIDGEMONT AVE,370501.5089,5026781.227,-75.66110344,45.37789185,2015-06-26,15:01,01 - Clear,01 - Dry,10 - No control,01 - Non intersection,01 - Daylight,03 - P.D. only,03 - Rear end,Ledbury - Heron Gate - Ridgemont - Elmwood
5822,HWY 417 TERRYFO IC140R52 @ TERRY FOX DR,351053.1833,5018434.348,-75.91018983,45.30433876,2015-07-12,15:38,01 - Clear,01 - Dry,01 - Traffic signal,02 - Intersection related,01 - Daylight,03 - P.D. only,02 - Angle,Katimavik - Hazeldean
5823,EMOND ST @ MONTREAL RD,370195.4314,5033135.67,-75.66416828,45.43509538,2015-04-21,15:14,01 - Clear,01 - Dry,02 - Stop sign,03 - At intersection,01 - Daylight,03 - P.D. only,02 - Angle,Vanier
5824,BESSERER ST btwn NELSON ST & FRIEL ST,368751.106,5032461.985,-75.68271408,45.42916739,2015-04-21,18:53,01 - Clear,01 - Dry,10 - No control,04 - At/near private drive,01 - Daylight,03 - P.D. only,05 - Turning movement,Sandy Hill
5825,CASTLEFRANK RD @ MCCURDY DR S/TAMBLYN CRES,352354.7329,5018044.661,-75.89363106,45.30074535,2015-01-31,10:10,01 - Clear,01 - Dry,01 - Traffic signal,03 - At intersection,01 - Daylight,03 - P.D. only,02 - Angle,Katimavik - Hazeldean
5826,AVIATION PKWY @ MONTREAL RD,372146.7166,5034108.101,-75.63909826,45.44365963,2015-01-31,16:30,01 - Clear,01 - Dry,01 - Traffic signal,02 - Intersection related,01 - Daylight,03 - P.D. only,03 - Rear end,Cummings