Record,Location,X,Y,lon,lat,Date,Time,Environment,Road_Surface,Traffic_Control,Collision_Location,Light,Collision_Classification,Impact_type,Neighborhood
5827,ST. LAURENT BLVD btwn TRANSIT & HWY417 IC115 RAMP35,372455.5663,5031593.349,-75.63549619,45.42100328,2015-02-26,8:43,01 - Clear,01 - Dry,10 - No control,01 - Non intersection,01 - Daylight,03 - P.D. only,03 - Rear end,Overbrook
5828,OTTAWA RIVER PKWY @ PORTAGE BRIDGE,366515.9478,5031314.902,-75.71142002,45.41904709,2015-02-25,14:29,01 - Clear,01 - Dry,01 - Traffic signal,02 - Intersection related,01 - Daylight,03 - P.D. only,04 - Sideswipe,LeBreton Flats
5829,GREENBANK RD @ JOCKVALE RD,364122.147,5014329.724,-75.74404105,45.26642327,2015-07-26,13:00,01 - Clear,01 - Dry,01 - Traffic signal,02 - Intersection related,01 - Daylight,03 - P.D. only,03 - Rear end,New Barrhaven
5830,CARLING AVE @ PRESTON ST,366829.71,5028934.793,-75.70771075,45.39760379,2015-07-30,19:39,01 - Clear,01 - Dry,01 - Traffic signal,03 - At intersection,01 - Daylight,03 - P.D. only,02 - Angle,Centretown West
5831,CONROY RD @ WALKLEY RD,372903.7226,5027464.013,-75.63034056,45.38380589,2015-09-25,15:03,01 - Clear,01 - Dry,01 - Traffic signal,02 - Intersection related,01 - Daylight,03 - P.D. only,04 - Sideswipe,Elmvale - Eastway - Riverview - Riverview Park West
5832,CREEK'S END LANE btwn HOLLY ACRES RD & END,358387.7136,5023196.3,-75.81615241,45.34666589,2015-11-03,9:59,01 - Clear,01 - Dry,10 - No control,04 - At/near private drive,01 - Daylight,03 - P.D. only,02 - Angle,Bayshore
5833,WOODRIDGE CRES btwn 220 W OF BAYSHORE DR/BAYSHORE SC & BAYSHORE DR,359142.2486,5023435.771,-75.80649797,45.3487626,2015-10-30,18:00,01 - Clear,01 - Dry,10 - No control,01 - Non intersection,01 - Daylight,03 - P.D. only,04 - Sideswipe,Bayshore
5834,ST. LAURENT BLVD btwn JOLIFFE ST & SUSAN ST,373769.2452,5028372.663,-75.61916248,45.39189683,2015-01-26,14:18,01 - Clear,01 - Dry,10 - No control,01 - Non intersection,01 - Daylight,03 - P.D. only,03 - Rear end,Urbandale
5835,CARLING AVE EB btwn HWY417 IC124 RAMP57 & KIRKWOOD AVE,364302.5434,5027267.124,-75.74018776,45.38281774,2015-01-27,8:05,01 - Clear,01 - Dry,10 - No control,01 - Non intersection,01 - Daylight,03 - P.D. only,04 - Sideswipe,Carlington
5836,GLADSTONE AVE @ SPADINA AVE,365902.6637,5029435.116,-75.71948858,45.40218709,2015-01-09,15:13,01 - Clear,02 - Wet,02 - Stop sign,02 - Intersection related,01 - Daylight,03 - P.D. only,02 - Angle,Civi
5837,ELGIN ST @ SLATER ST,367889.7438,5031646.093,-75.69382556,45.42190451,2015-01-26,3:04,01 - Clear,01 - Dry,01 - Traffic signal,03 - At intersection,07 - Dark,03 - P.D. only,07 - SMV other,Downtown
5838,EAGLE LANE btwn BEAVER RDG & MEADOWLANDS DR E,365271.8755,5024431.292,-75.72815824,45.35721843,2015-01-26,8:29,01 - Clear,01 - Dry,10 - No control,01 - Non intersection,01 - Daylight,03 - P.D. only,06 - SMV unattended vehicle,Borden Farm - Stewart Farm - Parkwood Hills - Fisher Glen
5839,FALLOWFIELD RD btwn HOLITMAN DR & 482 E OF HOLITMAN DR/BARRHAVEN CROSS,364133.9853,5017361.158,-75.74352781,45.29369911,2015-02-12,18:07,03 - Snow,06 - Ice,10 - No control,01 - Non intersection,07 - Dark,03 - P.D. only,03 - Rear end,Greenbelt
5840,CARNEGIE ST @ GOREN AVE,373317.4544,5028311.821,-75.62494027,45.39139375,2015-02-13,9:52,01 - Clear,05 - Packed snow,10 - No control,03 - At intersection,01 - Daylight,03 - P.D. only,05 - Turning movement,Urbandale
5841,BLAIR RD btwn MEADOWBROOK RD & LAURA PRIV,375240.2551,5032249.1,-75.59982396,45.42662853,2015-11-12,14:20,02 - Rain,02 - Wet,10 - No control,01 - Non intersection,01 - Daylight,03 - P.D. only,03 - Rear end,Greenbelt
5842,INNES RD btwn PRESTWICK DR & TENTH LINE RD,383929.4536,5036150.435,-75.48817134,45.46080031,2015-11-12,15:20,02 - Rain,02 - Wet,10 - No control,04 - At/near private drive,01 - Daylight,03 - P.D. only,04 - Sideswipe,Queenswood Heights
5843,HUNT CLUB RD EB btwn 275 E OF HAWTHORNE RD/OC TRANSPO TURNAROUND & HAWTHORNE RD,375621.906,5026465.527,-75.59577784,45.37455247,2015-10-11,16:49,01 - Clear,01 - Dry,10 - No control,01 - Non intersection,01 - Daylight,03 - P.D. only,04 - Sideswipe,Greenbelt
5844,WELLINGTON ST    W btwn MELROSE AVE & MERTON ST,365476.446,5029575.458,-75.72491521,45.40348693,2015-07-02,1:01,01 - Clear,01 - Dry,10 - No control,01 - Non intersection,07 - Dark,03 - P.D. only,03 - Rear end,Hintonburg
5845,FALLOWFIELD RD btwn TRANSIT & 482 E OF HOLITMAN DR/BARRHAVEN CROSSING ,364457.2069,5017541.746,-75.73938557,45.29529667,2015-07-02,10:37,01 - Clear,01 - Dry,10 - No control,01 - Non intersection,01 - Daylight,03 - P.D. only,03 - Rear end,New Barrhaven
5846,WEST HUNT CLUB RD @ WOODROFFE AVE,363672.1324,5021245.408,-75.74895415,45.32868828,2015-07-07,16:54,01 - Clear,01 - Dry,01 - Traffic signal,03 - At intersection,01 - Daylight,03 - P.D. only,03 - Rear end,Merivale Gardens - Grenfell Glen - Pineglen - Country Place
5847,BRONSON AVE @ CATHERINE ST/RAYMOND ST,367253.4292,5029796.206,-75.70219014,45.40531688,2015-07-07,13:43,01 - Clear,01 - Dry,01 - Traffic signal,02 - Intersection related,01 - Daylight,03 - P.D. only,03 - Rear end,Centretown West
5848,KENT ST @ LISGAR ST,367438.4225,5030963.93,-75.6996788,45.41580717,2015-04-26,18:27,01 - Clear,01 - Dry,02 - Stop sign,03 - At intersection,01 - Daylight,03 - P.D. only,04 - Sideswipe,Centretown
5849,INNES RD @ ORLEANS BLVD,380460.0744,5034295.322,-75.53281316,45.44449377,2015-05-03,17:07,01 - Clear,01 - Dry,01 - Traffic signal,02 - Intersection related,01 - Daylight,03 - P.D. only,03 - Rear end,Orleans Village - Chateauneuf
5850,BLAIR RD @ CLAVER ST,374416.7283,5033436.023,-75.61017894,45.43739027,2015-02-01,12:00,01 - Clear,01 - Dry,02 - Stop sign,02 - Intersection related,01 - Daylight,03 - P.D. only,03 - Rear end,Beacon Hill South - Cardinal Heights
5851,MONTREAL RD btwn ST. LAURENT BLVD & HILLSIDE DR,371582.3294,5033837.354,-75.64634883,45.44127772,2015-02-02,12:35,03 - Snow,04 - Slush,10 - No control,01 - Non intersection,01 - Daylight,03 - P.D. only,04 - Sideswipe,Cummings
5852,FULLERTON AVE btwn LOLA ST & BRANT ST,371116.4939,5032451.956,-75.65248938,45.42885687,2015-02-26,13:25,01 - Clear,05 - Packed snow,10 - No control,01 - Non intersection,01 - Daylight,03 - P.D. only,04 - Sideswipe,Vanier South
5853,HIGHWAY 417 btwn HWY417 IC118 RAMP35 & HWY417 IC117 RAMP51,370433.125,5031132.153,-75.66139758,45.41704629,2015-10-05,13:00,01 - Clear,01 - Dry,10 - No control,01 - Non intersection,01 - Daylight,03 - P.D. only,03 - Rear end,Industrial Park
5854,CARLETON AVE @ RICHMOND RD,364238.7267,5028930.549,-75.74080223,45.39779036,2015-08-02,14:14,01 - Clear,01 - Dry,02 - Stop sign,03 - At intersection,01 - Daylight,03 - P.D. only,02 - Angle,Island Park
5855,HAWTHORNE AVE @ MAIN ST,368968.7726,5030633.051,-75.68017082,45.41269137,2015-09-01,13:32,01 - Clear,01 - Dry,01 - Traffic signal,02 - Intersection related,01 - Daylight,03 - P.D. only,03 - Rear end,Old Ottawa East
5856,LEES AVE @ KING EDWARD AVE/MANN AVE,369179.006,5031335.354,-75.67739338,45.41899113,2015-09-25,13:45,01 - Clear,01 - Dry,01 - Traffic signal,02 - Intersection related,01 - Daylight,03 - P.D. only,03 - Rear end,Sandy Hill
5857,YORK ST WB btwn BYWARD MARKE SQ & SUSSEX DR,367861.6387,5032299.572,-75.694101,45.42778682,2015-09-26,4:36,01 - Clear,01 - Dry,10 - No control,01 - Non intersection,07 - Dark,03 - P.D. only,06 - SMV unattended vehicle,Byward Market
5858,BAYCREST DR btwn SANDALWOOD DR & WALKLEY RD,371390.2211,5026645.124,-75.64977569,45.37658334,2015-11-04,13:28,01 - Clear,01 - Dry,10 - No control,04 - At/near private drive,01 - Daylight,03 - P.D. only,02 - Angle,Ledbury - Heron Gate - Ridgemont - Elmwood
5859,CARLING AVE @ CHURCHILL AVE,363775.6956,5027012.092,-75.74694518,45.38056756,2015-11-04,16:04,01 - Clear,01 - Dry,01 - Traffic signal,02 - Intersection related,01 - Daylight,03 - P.D. only,03 - Rear end,Westboro
5860,RIVERSIDE DR NB btwn BILLINGS BRIDGE SC RAMP NB & BILLINGS BRIDGE SC R,369144.7171,5027777.444,-75.6782957,45.38698142,2015-01-10,22:58,01 - Clear,99 - Other,10 - No control,01 - Non intersection,07 - Dark,03 - P.D. only,07 - SMV other,Alta Vista
5861,RAMSAYVILLE RD btwn LEITRIM RD & EIGHTH LINE RD,379134.6885,5022860.102,-75.55147644,45.3417491,2015-01-26,22:51,01 - Clear,01 - Dry,10 - No control,01 - Non intersection,07 - Dark,03 - P.D. only,07 - SMV other,Greenbelt
5862,COLONNADE RD @ PRINCE OF WALES DR,367394.7116,5023266.034,-75.70121322,45.34654737,2015-02-09,9:45,03 - Snow,02 - Wet,01 - Traffic signal,03 - At intersection,01 - Daylight,03 - P.D. only,05 - Turning movement,Industrial Park
5863,PINECREST RD btwn RICHMOND RD & FALLIS AVE,360086.1645,5024427.657,-75.79434195,45.3576138,2015-02-08,11:22,03 - Snow,02 - Wet,10 - No control,01 - Non intersection,01 - Daylight,03 - P.D. only,04 - Sideswipe,Whitehaven - Queensway Terrace North
5864,INDUSTRIAL AVE @ RIVERSIDE DR,370683.9852,5030593.642,-75.65826465,45.41217741,2015-02-13,15:37,01 - Clear,02 - Wet,01 - Traffic signal,02 - Intersection related,01 - Daylight,03 - P.D. only,03 - Rear end,Industrial Park
5865,CONROY RD btwn ROSEBELLA AVE & KINGSDALE AVE,374313.9039,5024129.709,-75.61280437,45.35366677,2015-11-13,0:54,02 - Rain,02 - Wet,10 - No control,01 - Non intersection,07 - Dark,03 - P.D. only,07 - SMV other,Blossom Park - Blossom Park West - Sawmill Creek/ Timbermill
5866,FRIEL ST btwn WILBROD ST & LAURIER AVE E,368949.2123,5032273.849,-75.68020707,45.42745647,2015-11-13,10:50,02 - Rain,02 - Wet,10 - No control,01 - Non intersection,01 - Daylight,03 - P.D. only,04 - Sideswipe,Sandy Hill
5867,CORDOVA ST @ WITHROW AVE,363961.4047,5023806.636,-75.7449579,45.35170964,2015-05-04,9:30,01 - Clear,01 - Dry,02 - Stop sign,03 - At intersection,01 - Daylight,03 - P.D. only,02 - Angle,Crestview - Meadowlands
5868,ALTA VISTA DR btwn AYERS AVE & RIDGEMONT AVE,370517.7231,5026652.802,-75.66091352,45.3767348,2015-05-04,15:28,02 - Rain,02 - Wet,10 - No control,01 - Non intersection,01 - Daylight,03 - P.D. only,04 - Sideswipe,Ledbury - Heron Gate - Ridgemont - Elmwood
5869,PLEASANT PARK RD @ ALTA VISTA DR,370365.7231,5028467.547,-75.662613,45.39307749,2015-06-24,12:48,01 - Clear,01 - Dry,01 - Traffic signal,02 - Intersection related,01 - Daylight,03 - P.D. only,07 - SMV other,Alta Vista
5870,COLDREY AVE btwn LAPERRIERE AVE & KIRKWOOD AVE,364414.191,5027121.765,-75.73877977,45.38150034,2015-06-24,17:40,01 - Clear,01 - Dry,10 - No control,04 - At/near private drive,01 - Daylight,03 - P.D. only,02 - Angle,Carlington
5871,ASHTON STATION RD btwn COPELAND RD & FRANKTOWN RD,345605.1546,4997277.793,-75.98139178,45.1142986,2015-07-02,19:30,01 - Clear,01 - Dry,10 - No control,01 - Non intersection,01 - Daylight,03 - P.D. only,07 - SMV other,Beckwith
5872,BALSAM ST @ ROCHESTER ST,366632.6989,5029861.202,-75.71011073,45.4059568,2015-07-03,15:54,01 - Clear,01 - Dry,02 - Stop sign,03 - At intersection,01 - Daylight,03 - P.D. only,07 - SMV other,Centretown West
5873,CARP RD btwn RICHARDSON SIDE RD & HWY417 IC144 RAMP62,346698.4844,5016609.996,-75.96587155,45.28819583,2015-07-07,12:59,01 - Clear,01 - Dry,10 - No control,01 - Non intersection,01 - Daylight,03 - P.D. only,07 - SMV other,Stittsville - Basswood
5874,MONTREAL RD @ DEN HAAG DR/LANG'S RD,372385.2766,5034220.503,-75.63603363,45.44464794,2015-07-06,18:13,01 - Clear,01 - Dry,01 - Traffic signal,03 - At intersection,01 - Daylight,03 - P.D. only,03 - Rear end,Carson Grove - Carson Meadows
5875,HALIFAX DR btwn DAKOTA AVE & WALKLEY RD,373605.9967,5027935.281,-75.62130813,45.38797752,2015-05-04,16:16,02 - Rain,02 - Wet,10 - No control,01 - Non intersection,01 - Daylight,03 - P.D. only,04 - Sideswipe,Urbandale
5876,FRANK FINNIGAN WAY @ PALLADIUM DR,349910.8703,5017528.822,-75.92483799,45.29626486,2015-05-01,22:45,01 - Clear,01 - Dry,01 - Traffic signal,03 - At intersection,07 - Dark,03 - P.D. only,04 - Sideswipe,Kanata Lakes - Marchwood Lakeside - Morgan's Grant - Kanata
5877,RIVER RD btwn EARL ARMSTRONG RD & NICOLLS ISLAND RD,367607.1882,5013701.855,-75.69971379,45.26047118,2015-02-02,12:47,01 - Clear,03 - Loose snow,10 - No control,01 - Non intersection,01 - Daylight,03 - P.D. only,03 - Rear end,Greenbelt
5878,PARKDALE AVE btwn INGLEWOOD PL & CARLING AVE,365578.3373,5028290.758,-75.72377206,45.39191866,2015-02-02,13:15,03 - Snow,05 - Packed snow,10 - No control,01 - Non intersection,01 - Daylight,03 - P.D. only,99 - Other,Civic Hospital - Experimental Farm - Central Park
5879,ST. JOSEPH BLVD @ TENTH LINE RD,382889.8399,5038666.935,-75.50106289,45.48355851,2015-03-01,13:55,01 - Clear,01 - Dry,01 - Traffic signal,02 - Intersection related,01 - Daylight,03 - P.D. only,03 - Rear end,Industrial Park
5880,KING EDWARD AVE @ RIDEAU ST,368512.6711,5032412.143,-75.68576738,45.4287407,2015-09-16,12:10,01 - Clear,01 - Dry,01 - Traffic signal,02 - Intersection related,01 - Daylight,03 - P.D. only,04 - Sideswipe,Lowe
5881,O'CONNOR ST @ SLATER ST,367580.6688,5031449.13,-75.6977997,45.4201601,2015-09-16,14:52,01 - Clear,01 - Dry,01 - Traffic signal,03 - At intersection,01 - Daylight,03 - P.D. only,04 - Sideswipe,Downtown
5882,MACKENZIE KING BR/WALLER ST @ NICHOLAS ST/WALL,368371.8975,5031992.7,-75.68762039,45.42497951,2015-09-26,15:28,01 - Clear,01 - Dry,01 - Traffic signal,02 - Intersection related,01 - Daylight,03 - P.D. only,04 - Sideswipe,Sandy Hill
5883,BANK ST @ MITCH OWENS RD,377758.7657,5015945.05,-75.57004922,45.27967505,2015-02-05,21:55,01 - Clear,01 - Dry,01 - Traffic signal,03 - At intersection,07 - Dark,03 - P.D. only,05 - Turning movement,Osgoode
5884,MONTREAL RD @ BATHGATE DR/BURMA RD,373223.7585,5034517.074,-75.62527503,45.44723476,2015-01-12,8:49,01 - Clear,04 - Slush,01 - Traffic signal,02 - Intersection related,01 - Daylight,03 - P.D. only,03 - Rear end,Carson Grove - Carson Meadows
5885,CARLING AVE @ KIRKWOOD AVE S,364352.6644,5027337.067,-75.73953937,45.38344282,2015-01-14,15:15,01 - Clear,01 - Dry,01 - Traffic signal,02 - Intersection related,01 - Daylight,03 - P.D. only,03 - Rear end,Carlington
5886,RIVERSIDE DR S @ TERMINAL AVE S,370585.7539,5030623.425,-75.65951554,45.41245462,2015-01-28,12:04,01 - Clear,01 - Dry,10 - No control,03 - At intersection,01 - Daylight,03 - P.D. only,05 - Turning movement,Industrial Park
5887,SUMMITVIEW DR btwn STONEHAVEN DR & END,356565.2385,5015791.334,-75.84018161,45.2801719,2015-02-03,20:30,01 - Clear,03 - Loose snow,10 - No control,04 - At/near private drive,07 - Dark,03 - P.D. only,06 - SMV unattended vehicle,Bridlewood - Emerald Meadows
5888,MCKINLEY DR @ SHIRLEY'S BROOK DR,349835.6158,5023729.029,-75.92523353,45.35206076,2015-02-14,1:11,03 - Snow,03 - Loose snow,02 - Stop sign,02 - Intersection related,07 - Dark,03 - P.D. only,07 - SMV other,South March
5889,MEADOWLANDS DR @ MERIVALE RD,364858.6999,5023725.992,-75.73351707,45.35090775,2015-02-14,2:25,03 - Snow,03 - Loose snow,01 - Traffic signal,03 - At intersection,07 - Dark,03 - P.D. only,07 - SMV other,Cityview - Skyline - Fisher Heights
5890,PRINCE OF WALES DR @ STRANDHERD DR,367174.7828,5014823.938,-75.70508204,45.27060609,2015-11-13,12:45,02 - Rain,02 - Wet,01 - Traffic signal,02 - Intersection related,01 - Daylight,03 - P.D. only,07 - SMV other,Greenbelt
5891,KING EDWARD AVE @ ST. PATRICK ST,368248.7013,5032821.179,-75.6890878,45.43244505,2015-05-04,19:06,02 - Rain,02 - Wet,01 - Traffic signal,02 - Intersection related,01 - Daylight,03 - P.D. only,04 - Sideswipe,Byward Market
5892,BLACKSTONE CRES @ SOUTHVALE CRES N,374482.7396,5028826.183,-75.60998716,45.39590675,2015-06-29,13:46,01 - Clear,01 - Dry,10 - No control,03 - At intersection,01 - Daylight,03 - P.D. only,05 - Turning movement,Sheffield Glen
5893,CARLING AVE WB btwn POULIN AVE & ALPINE AVE,360480.8211,5024933.51,-75.78924806,45.36213422,2015-07-03,16:02,01 - Clear,01 - Dry,10 - No control,01 - Non intersection,01 - Daylight,03 - P.D. only,03 - Rear end,Whitehaven - Queensway Terrace North
5894,ABERDEEN ST btwn PRESTON ST & ROCHESTER ST,366725.2285,5029370.533,-75.70899043,45.40153371,2015-07-03,19:09,01 - Clear,01 - Dry,10 - No control,01 - Non intersection,01 - Daylight,03 - P.D. only,04 - Sideswipe,Little Italy
5895,WOLISTON CRES btwn HEYSHAM LANE & KETTLEWELL WAY,348818.9515,5023803.176,-75.93820146,45.35279251,2015-06-16,10:37,01 - Clear,01 - Dry,10 - No control,01 - Non intersection,01 - Daylight,03 - P.D. only,05 - Turning movement,Morgan's Grant
5896,FABLE ST @ MALVERN DR,362419.9658,5015703.086,-75.76557123,45.27892236,2015-07-01,1:20,01 - Clear,01 - Dry,02 - Stop sign,02 - Intersection related,07 - Dark,03 - P.D. only,07 - SMV other,Barrhaven West - Old Barrhaven
5897,SMYTH RD @ BOTSFORD ST/DAUPHIN RD,372243.9455,5029262.001,-75.63851895,45.40004728,2015-05-05,16:45,01 - Clear,01 - Dry,01 - Traffic signal,02 - Intersection related,01 - Daylight,03 - P.D. only,04 - Sideswipe,Elmvale - Eastway - Riverview - Riverview Park West
5898,MELFA CRES btwn PRINCE OF WALES DR & MINAKI AVE (1),367498.1334,5025234.297,-75.69964393,45.36424814,2015-05-05,15:30,01 - Clear,01 - Dry,10 - No control,04 - At/near private drive,01 - Daylight,03 - P.D. only,06 - SMV unattended vehicle,Carleton Heights - Rideauview
5899,RUSSELL RD S @ ST. LAURENT BLVD,373572.0933,5029262.433,-75.62155606,45.39992196,2015-02-02,13:23,03 - Snow,03 - Loose snow,01 - Traffic signal,02 - Intersection related,01 - Daylight,03 - P.D. only,03 - Rear end,Sheffield Glen
5900,ST. LAURENT BLVD btwn COVENTRY RD & LEMIEUX ST,372328.852,5031892.297,-75.63707418,45.42370532,2015-02-02,13:50,03 - Snow,06 - Ice,10 - No control,01 - Non intersection,01 - Daylight,03 - P.D. only,03 - Rear end,Overbrook
5901,BELFAST RD @ ST. LAURENT BLVD,372860.7241,5030578.08,-75.6304599,45.41182907,2015-03-02,6:21,01 - Clear,02 - Wet,01 - Traffic signal,02 - Intersection related,03 - Dawn,03 - P.D. only,03 - Rear end,Industrial Park
5902,BELFAST RD @ ST. LAURENT BLVD,372861.688,5030579.044,-75.63044745,45.41183765,2015-03-02,12:54,01 - Clear,01 - Dry,01 - Traffic signal,03 - At intersection,01 - Daylight,03 - P.D. only,05 - Turning movement,Industrial Park
5903,KING EDWARD AVE @ STEWART ST,368634.7144,5032205.097,-75.68423469,45.42686664,2015-09-16,18:59,01 - Clear,01 - Dry,01 - Traffic signal,03 - At intersection,01 - Daylight,03 - P.D. only,05 - Turning movement,Sandy Hill
5904,FRIEL ST @ RIDEAU ST,368770.7385,5032572.03,-75.68244891,45.43015574,2015-09-17,12:47,01 - Clear,01 - Dry,01 - Traffic signal,02 - Intersection related,01 - Daylight,03 - P.D. only,04 - Sideswipe,Lowe
5905,REGIONAL RD 174 @ TRIM RD,384352.8172,5039989.859,-75.48213683,45.49529571,2015-10-07,12:59,01 - Clear,01 - Dry,01 - Traffic signal,02 - Intersection related,01 - Daylight,03 - P.D. only,03 - Rear end,Chatelaine Village
5906,HWY 417 INNES IC112R57 @ INNES RD,374297.757,5030754.653,-75.61207774,45.41327656,2015-10-07,22:33,01 - Clear,01 - Dry,01 - Traffic signal,03 - At intersection,07 - Dark,03 - P.D. only,04 - Sideswipe,Industrial Park
5907,BLAIR RD @ OGILVIE RD,374506.7598,5033197.129,-75.60906215,45.43523186,2015-11-05,16:31,01 - Clear,01 - Dry,01 - Traffic signal,03 - At intersection,05 - Dusk,03 - P.D. only,05 - Turning movement,Industrial Park
5908,GREENBANK RD @ MALVERN DR/FOXFIELD DR,363311.6864,5016193.951,-75.75414838,45.28326553,2015-01-14,17:43,01 - Clear,04 - Slush,01 - Traffic signal,03 - At intersection,07 - Dark,03 - P.D. only,05 - Turning movement,Barrhaven West - Old Barrhaven
5909,ST. JOSEPH BLVD/OLD MONTREAL RD @ TRIM RD,384680.8263,5039285.1,-75.47805538,45.48891751,2015-01-31,10:17,01 - Clear,01 - Dry,11 - Roundabout,03 - At intersection,01 - Daylight,03 - P.D. only,02 - Angle,Cardinal Creek
5910,FALLOWFIELD RD @ VIA PARK PL/275 W OF WOODROFFE AVE,364848.2012,5017765.539,-75.73437384,45.29727704,2015-02-10,13:35,01 - Clear,02 - Wet,01 - Traffic signal,03 - At intersection,01 - Daylight,03 - P.D. only,05 - Turning movement,New Barrhaven
5911,INNES RD @ 260 E OF BELCOURT BLVD/WALMART SC,382347.6331,5035397.433,-75.50851375,45.4542028,2015-11-13,17:26,02 - Rain,02 - Wet,01 - Traffic signal,02 - Intersection related,07 - Dark,03 - P.D. only,03 - Rear end,Chapel Hill South
5912,BANK ST btwn TURN LANE & SPRINGHILL RD,384375.2678,5008331.948,-75.48694465,45.21045895,2015-06-30,22:35,02 - Rain,02 - Wet,10 - No control,01 - Non intersection,07 - Dark,03 - P.D. only,07 - SMV other,Metcalfe
5913,MARCH RD btwn TALL FOREST DR & HUNTMAR DR,343880.9362,5023317.34,-76.00125947,45.34871339,2015-07-03,23:08,01 - Clear,01 - Dry,10 - No control,01 - Non intersection,07 - Dark,03 - P.D. only,07 - SMV other,Carp - Hardwood Plains
5914,CROYDON AVE @ RICHMOND RD,360544.2454,5025271.439,-75.78840041,45.36516984,2015-07-04,18:16,01 - Clear,01 - Dry,01 - Traffic signal,02 - Intersection related,01 - Daylight,03 - P.D. only,03 - Rear end,Woodroffe - Lincoln Heights
5915,DEER PARK RD @ MEADOWLANDS DR,365978.2114,5024860.34,-75.71909055,45.36101765,2015-06-13,12:52,01 - Clear,01 - Dry,01 - Traffic signal,02 - Intersection related,01 - Daylight,03 - P.D. only,03 - Rear end,Borden Farm - Stewart Farm - Parkwood Hills - Fisher Glen
5916,YORK ST EB btwn BY WARD MARKET SQ & SUSSEX DR,367822.0388,5032245.243,-75.69461397,45.42730156,2015-05-06,17:04,01 - Clear,01 - Dry,10 - No control,01 - Non intersection,01 - Daylight,03 - P.D. only,03 - Rear end,Byward Market
5917,PINECREST RD @ RICHMOND RD,360071.9498,5024469.711,-75.79451867,45.35799332,2015-05-07,14:23,01 - Clear,01 - Dry,01 - Traffic signal,02 - Intersection related,01 - Daylight,03 - P.D. only,03 - Rear end,Whitehaven - Queensway Terrace North
5918,BANK ST btwn HERON RD & ANOKA ST,370004.3947,5026825.036,-75.66744428,45.37833246,2015-02-02,13:16,03 - Snow,06 - Ice,10 - No control,04 - At/near private drive,01 - Daylight,03 - P.D. only,02 - Angle,Alta Vista
5919,LEEDS AVE @ SHEFFIELD RD,374861.9009,5029551.69,-75.60504192,45.40239666,2015-02-03,6:50,01 - Clear,01 - Dry,03 - Yield sign,02 - Intersection related,03 - Dawn,03 - P.D. only,05 - Turning movement,Industrial Park
5920,BANK ST btwn ALTA VISTA DR & ERIE AVE,370187.3662,5026335.096,-75.66517314,45.37390709,2015-03-02,17:07,01 - Clear,01 - Dry,10 - No control,01 - Non intersection,01 - Daylight,03 - P.D. only,04 - Sideswipe,Ledbury - Heron Gate - Ridgemont - Elmwood
5921,JEANNE D'ARC BLVD  N btwn VINEYARD DR & VOYAGEUR DR,379223.8079,5037416.83,-75.54814207,45.4727115,2015-03-03,8:46,01 - Clear,02 - Wet,10 - No control,01 - Non intersection,01 - Daylight,03 - P.D. only,05 - Turning movement,Orleans South West
5922,HAWTHORNE RD @ HUNT CLUB RD,375508.7138,5026405.083,-75.5972315,45.37402006,2015-09-17,13:06,01 - Clear,01 - Dry,01 - Traffic signal,02 - Intersection related,01 - Daylight,03 - P.D. only,03 - Rear end,Industrial Park
5923,VIEWMOUNT DR btwn GLENMANOR DR & MERIVALE RD,365129.1188,5022913.315,-75.73016536,45.34357218,2015-09-17,19:20,01 - Clear,01 - Dry,10 - No control,04 - At/near private drive,07 - Dark,03 - P.D. only,05 - Turning movement,Crestview - Meadowlands
5924,INNES RD btwn INNES RD & PAGE RD,380816.4069,5034494.807,-75.52822788,45.44624993,2015-10-08,15:19,01 - Clear,01 - Dry,10 - No control,01 - Non intersection,01 - Daylight,03 - P.D. only,03 - Rear end,Chapel Hill South
5925,EAGLESON RD @ 146 N OF ABBEYHILL DR/HAZELDEAN ,353772.3276,5018171.573,-75.87554388,45.30178994,2015-10-11,14:36,01 - Clear,01 - Dry,01 - Traffic signal,02 - Intersection related,01 - Daylight,03 - P.D. only,03 - Rear end,Glen Cairn - Kanata South Business Park
5926,CONROY RD @ WALKLEY RD,372903.7226,5027464.292,-75.63034052,45.3838084,2015-11-05,17:36,01 - Clear,01 - Dry,01 - Traffic signal,02 - Intersection related,07 - Dark,03 - P.D. only,03 - Rear end,Elmvale - Eastway - Riverview - Riverview Park West
5927,RIVERSIDE DR SB btwn HWY417 IC117 RAMP35 & VANIER PKWY,370803.0076,5031163.912,-75.6566678,45.41729725,2015-11-05,18:09,01 - Clear,01 - Dry,10 - No control,01 - Non intersection,07 - Dark,03 - P.D. only,03 - Rear end,Industrial Park
5928,BANK ST @ QUEENSDALE AVE,373337.7068,5023445.995,-75.62535673,45.34761106,2015-02-06,11:19,01 - Clear,02 - Wet,01 - Traffic signal,02 - Intersection related,01 - Daylight,03 - P.D. only,04 - Sideswipe,Blossom Park - Blossom Park West - Sawmill Creek/ Timbermill
5929,PAUL ANKA DR btwn UPLANDS DR & MCCARTHY RD,369533.0272,5023661.822,-75.67387663,45.34991448,2015-01-15,9:30,01 - Clear,01 - Dry,10 - No control,04 - At/near private drive,01 - Daylight,03 - P.D. only,05 - Turning movement,Hunt Club East - Western Community
5930,COLDREY AVE @ KIRKWOOD AVE,364437.7316,5027136.058,-75.73847748,45.38162694,2015-01-15,11:59,01 - Clear,01 - Dry,01 - Traffic signal,03 - At intersection,01 - Daylight,03 - P.D. only,05 - Turning movement,Carlington