Record,Location,X,Y,lon,lat,Date,Time,Environment,Road_Surface,Traffic_Control,Collision_Location,Light,Collision_Classification,Impact_type,Neighborhood
6551,MARCH RD btwn HERZBERG RD & CORKSTOWN RD,352448.6588,5021376.173,-75.89211305,45.33071666,2015-02-26,8:25,01 - Clear,01 - Dry,10 - No control,01 - Non intersection,01 - Daylight,03 - P.D. only,03 - Rear end,Greenbelt
6552,CLEMOW AVE @ BRONSON AVE,367420.7102,5029398.04,-75.70010398,45.40171935,2015-01-11,17:45,01 - Clear,01 - Dry,02 - Stop sign,02 - Intersection related,07 - Dark,03 - P.D. only,04 - Sideswipe,The Glebe
6553,MCBEAN ST btwn BURKE ST & OTTAWA ST,357465.1034,5005451.823,-75.82980685,45.18706767,2015-01-13,14:15,01 - Clear,01 - Dry,10 - No control,01 - Non intersection,01 - Daylight,03 - P.D. only,06 - SMV unattended vehicle,Richmond
6554,OGILVIE RD btwn LASSITER TER & LASSITER TER,375496.7507,5034914.192,-75.59616375,45.45058158,2015-01-09,15:25,01 - Clear,04 - Slush,10 - No control,04 - At/near private drive,01 - Daylight,03 - P.D. only,02 - Angle,Beacon Hill North
6555,RICHMOND RD btwn STINSON AVE & STAFFORD RD,357978.129,5020993.333,-75.8216156,45.32687463,2015-01-09,18:16,01 - Clear,02 - Wet,10 - No control,01 - Non intersection,07 - Dark,03 - P.D. only,03 - Rear end,Bells Corners East
6556,BRONSON AVE btwn BREWER WAY & RIVERSIDE DR RAMPS 34B & 42A-3,368403.5469,5027211.018,-75.68783273,45.38195258,2015-01-08,9:13,01 - Clear,06 - Ice,10 - No control,01 - Non intersection,01 - Daylight,03 - P.D. only,03 - Rear end,Riverside Park
6557,BRONSON AVE RAMP 36 btwn BRONSON AVE & HERON RD,368630.2783,5026767.31,-75.6849952,45.3779396,2015-01-08,6:55,01 - Clear,04 - Slush,10 - No control,01 - Non intersection,07 - Dark,03 - P.D. only,07 - SMV other,Riverside Park
6558,LAURIER AVE @ NICHOLAS ST,368374.6009,5031795.86,-75.68761125,45.42320816,2015-01-14,8:45,01 - Clear,06 - Ice,01 - Traffic signal,02 - Intersection related,01 - Daylight,03 - P.D. only,03 - Rear end,Sandy Hill
6559,ST. JEAN ST @ ST. JOSEPH BLVD,380970.7012,5037201.109,-75.52583648,45.47058227,2015-01-14,14:15,01 - Clear,01 - Dry,01 - Traffic signal,02 - Intersection related,01 - Daylight,03 - P.D. only,04 - Sideswipe,Orleans Village - Chateauneuf
6560,LEES AVE btwn HWY417 IC118 RAMP45 & TRANSIT,369612.6842,5030924.804,-75.67190661,45.41525712,2015-01-15,13:00,01 - Clear,01 - Dry,10 - No control,04 - At/near private drive,01 - Daylight,03 - P.D. only,02 - Angle,Old Ottawa East
6561,HARBOUR VIEW ST btwn HUNTCLIFF PL & ASHMORE DR,366852.7333,5014733.893,-75.70919717,45.26982436,2015-01-15,16:54,03 - Snow,05 - Packed snow,10 - No control,01 - Non intersection,05 - Dusk,03 - P.D. only,06 - SMV unattended vehicle,Chapman Mills - Rideau Crest - Davidson Heights
6562,ROBERTSON RD btwn HAZELDEAN RD & HAANEL DR,354112.7005,5018675.446,-75.87115385,45.30630008,2015-01-15,8:34,03 - Snow,04 - Slush,10 - No control,01 - Non intersection,01 - Daylight,03 - P.D. only,07 - SMV other,Greenbelt
6563,BANK ST @ GLEBE AVE,368239.4459,5029787.009,-75.68959673,45.40514546,2015-01-10,10:46,01 - Clear,02 - Wet,01 - Traffic signal,02 - Intersection related,01 - Daylight,03 - P.D. only,03 - Rear end,The Glebe
6564,HOLLAND AVE btwn WELLINGTON ST W & BYRON AVE,364940.3038,5029125.121,-75.73181822,45.39948116,2015-01-11,19:18,01 - Clear,04 - Slush,10 - No control,01 - Non intersection,07 - Dark,03 - P.D. only,05 - Turning movement,Island Park
6565,RICHMOND RD @ HOLLY ACRES RD/NANAIMO DR,359058.6716,5022748.014,-75.80763993,45.34258062,2015-01-11,21:15,01 - Clear,02 - Wet,01 - Traffic signal,03 - At intersection,07 - Dark,03 - P.D. only,07 - SMV other,Greenbelt
6566,LANCASTER RD btwn GLADWIN CRES & SHELBOURN LANE,373588.5475,5029522.403,-75.62130965,45.40225943,2015-01-15,16:15,01 - Clear,02 - Wet,10 - No control,04 - At/near private drive,01 - Daylight,03 - P.D. only,03 - Rear end,Sheffield Glen
6567,ROBERTSON RD btwn HAZELDEAN RD & HAANEL DR,354527.2189,5018930.014,-75.86584261,45.30856151,2015-01-16,9:20,01 - Clear,04 - Slush,10 - No control,01 - Non intersection,01 - Daylight,03 - P.D. only,07 - SMV other,Greenbelt
6568,BANK ST @ HUNT CLUB RD,371609.7004,5024095.06,-75.64731848,45.35361786,2015-02-24,15:42,01 - Clear,01 - Dry,01 - Traffic signal,03 - At intersection,01 - Daylight,03 - P.D. only,02 - Angle,South Keys - Heron Gate - Greenboro West
6569,HIGHWAY 417 btwn HIGHWAY 417 & HWY417 IC115 RAMP25,372580.4175,5031516.269,-75.63391163,45.42029767,2015-09-29,15:35,02 - Rain,02 - Wet,10 - No control,01 - Non intersection,01 - Daylight,03 - P.D. only,03 - Rear end,Industrial Park
6570,TERRY FOX DR S @ DIDSBURY RD/CENTRUM KANATA SC,350620.2588,5018916.477,-75.91566552,45.30870546,2015-02-22,18:24,01 - Clear,01 - Dry,01 - Traffic signal,03 - At intersection,07 - Dark,03 - P.D. only,02 - Angle,Kanata
6571,GOWAN GT btwn OSGOODE RIDGE RD & 2ND LINE RD,376304.6606,5000965.863,-75.5907316,45.14504543,2015-02-22,17:50,01 - Clear,01 - Dry,10 - No control,04 - At/near private drive,07 - Dark,03 - P.D. only,06 - SMV unattended vehicle,Kars - Osgoode
6572,PRINCE OF WALES DR btwn DEAKIN ST & WATERBEND LANE,367393.6027,5021540.355,-75.70144567,45.33102013,2015-02-17,16:31,01 - Clear,01 - Dry,10 - No control,01 - Non intersection,01 - Daylight,03 - P.D. only,03 - Rear end,Industrial Park
6573,EAGLESON RD btwn HWY417 IC138 RAMP51 & KATIMAVIK RD,353138.4795,5019751.333,-75.88347164,45.31604887,2015-02-14,10:00,03 - Snow,04 - Slush,10 - No control,01 - Non intersection,01 - Daylight,03 - P.D. only,03 - Rear end,Katimavik - Hazeldean
6574,JOCKVALE RD/RIDEAU VALLEY DR @ PRINCE OF WALES,366710.6608,5012194.915,-75.71132392,45.24699125,2015-01-03,14:36,05 - Drifting Snow,04 - Slush,01 - Traffic signal,03 - At intersection,01 - Daylight,03 - P.D. only,05 - Turning movement,New Barrhaven
6575,BASELINE RD @ WOODROFFE AVE,362549.6902,5023770.023,-75.76297754,45.35149788,2015-02-26,9:12,01 - Clear,01 - Dry,01 - Traffic signal,02 - Intersection related,01 - Daylight,03 - P.D. only,03 - Rear end,Iris
6576,MAITLAND AVE @ WOODWARD DR,363273.6946,5025661.082,-75.75351459,45.36845343,2015-02-26,9:32,01 - Clear,06 - Ice,01 - Traffic signal,02 - Intersection related,01 - Daylight,03 - P.D. only,05 - Turning movement,Braemar Park - Bel Air Heights - Copeland Park
6577,MONTREAL RD @ VANIER PKWY,370072.7098,5033065.11,-75.665746,45.43447197,2015-01-14,7:40,01 - Clear,06 - Ice,01 - Traffic signal,03 - At intersection,03 - Dawn,03 - P.D. only,03 - Rear end,Vanier
6578,HWY 7 IC DWYER HILL RAMP 25 btwn DWYER HILL RD & HIGHWAY 7 EB,341164.1389,5007275.957,-76.03710445,45.20451123,2015-06-27,11:30,01 - Clear,01 - Dry,10 - No control,01 - Non intersection,01 - Daylight,03 - P.D. only,07 - SMV other,Munster Hamlet - Richmond
6579,HAWTHORNE RD/RUSSELL RD @ WALKLEY RD,374673.78,5028500.023,-75.60759362,45.39295309,2015-01-12,15:37,03 - Snow,03 - Loose snow,01 - Traffic signal,02 - Intersection related,01 - Daylight,03 - P.D. only,03 - Rear end,Sheffield Glen
6580,KIRKWOOD AVE N @ CARLING AVE,364274.7283,5027493.052,-75.74051569,45.38485297,2015-01-13,6:05,01 - Clear,01 - Dry,01 - Traffic signal,03 - At intersection,07 - Dark,03 - P.D. only,05 - Turning movement,Westboro
6581,BANK ST @ EXHIBITION WAY,368529.9008,5029087.197,-75.68597715,45.39882239,2015-01-08,12:14,03 - Snow,05 - Packed snow,01 - Traffic signal,02 - Intersection related,01 - Daylight,03 - P.D. only,03 - Rear end,The Glebe
6582,PRESTON ST @ TRANSITWAY,366119.46,5030624.848,-75.71657156,45.41287304,2015-01-09,5:36,03 - Snow,03 - Loose snow,01 - Traffic signal,03 - At intersection,07 - Dark,03 - P.D. only,02 - Angle,LeBreton Flats
6583,HUNTMAR DR btwn RICHARDSON SIDE RD & HUNTMAR DR,348310.754,5018873.065,-75.94512045,45.30846171,2015-01-13,16:40,01 - Clear,05 - Packed snow,10 - No control,01 - Non intersection,05 - Dusk,03 - P.D. only,07 - SMV other,Stittsville - Basswood
6584,JOHN SUTHERLAND DR @ RICHMOND RD,358786.6649,5022150.012,-75.81117583,45.33722076,2015-01-15,9:04,01 - Clear,06 - Ice,01 - Traffic signal,02 - Intersection related,01 - Daylight,03 - P.D. only,03 - Rear end,Greenbelt
6585,MERIVALE RD/LOTTA AVE @ CLYDE AVE,364523.626,5024508.008,-75.73769851,45.35797284,2015-01-15,15:30,01 - Clear,04 - Slush,01 - Traffic signal,03 - At intersection,01 - Daylight,03 - P.D. only,05 - Turning movement,Cityview - Skyline - Fisher Heights
6586,CARLING AVE @ EDGEWORTH AVE,361262.6802,5025423.079,-75.77921267,45.36647679,2015-01-15,18:17,01 - Clear,05 - Packed snow,01 - Traffic signal,02 - Intersection related,07 - Dark,03 - P.D. only,04 - Sideswipe,Carlingwood West - Glabar Park - McKellar Heights
6587,RIDGEWAY ST @ RIDEAU TER,369310.6365,5034080.487,-75.675352,45.44367865,2015-01-16,14:59,03 - Snow,06 - Ice,02 - Stop sign,03 - At intersection,01 - Daylight,03 - P.D. only,02 - Angle,Lindenlea
6588,ZEPHYR AVE btwn DON ST & MARIE ST,359984.1632,5024973.307,-75.79558285,45.36253158,2015-01-11,22:25,01 - Clear,03 - Loose snow,10 - No control,04 - At/near private drive,07 - Dark,03 - P.D. only,06 - SMV unattended vehicle,Woodroffe - Lincoln Heights
6589,GREENBANK RD @ LISA AVE,360555.639,5022893.01,-75.7885232,45.34376791,2015-01-12,3:43,01 - Clear,02 - Wet,01 - Traffic signal,02 - Intersection related,07 - Dark,03 - P.D. only,07 - SMV other,Iris
6590,MCKENNA CASEY DR @ STRANDHERD DR,361910.8343,5013611.826,-75.77230064,45.2601466,2015-01-20,16:13,01 - Clear,06 - Ice,02 - Stop sign,03 - At intersection,01 - Daylight,03 - P.D. only,03 - Rear end,Munster Hamlet - Richmond
6591,GOLDENEYE WAY btwn NAKINA WAY & NORTH BLUFF DR,369377.4927,5016233.595,-75.6768297,45.28309117,2015-01-19,21:30,01 - Clear,01 - Dry,10 - No control,04 - At/near private drive,07 - Dark,03 - P.D. only,06 - SMV unattended vehicle,Gloucester
6592,BERKELEY AVE @ RICHMOND RD,362910.4181,5028066.692,-75.75786872,45.39012901,2015-02-24,17:30,01 - Clear,02 - Wet,02 - Stop sign,02 - Intersection related,05 - Dusk,03 - P.D. only,03 - Rear end,Westboro
6593,DONALD ST @ ELAINE DR,372334.9977,5032480.451,-75.63691501,45.42899666,2015-03-02,9:43,01 - Clear,02 - Wet,01 - Traffic signal,03 - At intersection,01 - Daylight,03 - P.D. only,02 - Angle,Cummings
6594,WOODROFFE AVE/HWY 417 WOODROFF IC127R25 @ HWY ,362179.0724,5024694.216,-75.76759984,45.35984412,2015-02-23,10:45,01 - Clear,01 - Dry,01 - Traffic signal,02 - Intersection related,01 - Daylight,03 - P.D. only,03 - Rear end,Iris
6595,MERIVALE RD @ 170 N OF HUNTCLUB RD/COSTCO/CANA,365549.4904,5022100.576,-75.72490146,45.33622299,2015-02-23,11:57,01 - Clear,04 - Slush,01 - Traffic signal,02 - Intersection related,01 - Daylight,03 - P.D. only,03 - Rear end,Tanglewood
6596,HERON RD @ BAYCREST DR,371143.7293,5026980.026,-75.65287756,45.37962005,2015-01-07,11:30,01 - Clear,06 - Ice,01 - Traffic signal,02 - Intersection related,01 - Daylight,03 - P.D. only,03 - Rear end,Ledbury - Heron Gate - Ridgemont - Elmwood
6597,SIXTH LINE RD btwn BERRY SIDE RD & RIDDELL DR,350065.0234,5029222.342,-75.92180232,45.40147577,2015-02-26,19:10,01 - Clear,01 - Dry,10 - No control,01 - Non intersection,07 - Dark,03 - P.D. only,07 - SMV other,Carp - Hardwood Plains
6598,JOCKVALE RD @ EXETER DR/TARTAN DR,363324.6434,5014772.934,-75.75415076,45.2704781,2015-02-27,9:12,01 - Clear,01 - Dry,11 - Roundabout,02 - Intersection related,01 - Daylight,03 - P.D. only,03 - Rear end,Barrhaven West - Old Barrhaven
6599,REGIONAL ROAD 174 btwn OR174 IC102 RAMP36 & OR174 IC102 RAMP26,381487.3119,5038202.289,-75.51907413,45.4795335,2015-01-15,6:40,01 - Clear,06 - Ice,10 - No control,01 - Non intersection,07 - Dark,03 - P.D. only,07 - SMV other,Orleans South West
6600,CUMBERLAND ST @ RIDEAU ST,368373.5471,5032330.456,-75.68755571,45.42801836,2015-01-15,6:30,01 - Clear,02 - Wet,01 - Traffic signal,03 - At intersection,07 - Dark,03 - P.D. only,05 - Turning movement,Byward Market - Parliament Hill
6601,BAYVIEW DR @ DUNSTER ST,338046.1724,5038883.395,-76.07466861,45.48908252,2015-01-13,10:22,01 - Clear,02 - Wet,02 - Stop sign,03 - At intersection,01 - Daylight,03 - P.D. only,05 - Turning movement,Constanc
6602,LYON ST @ SLATER ST,367102.7046,5031152.105,-75.703944,45.41753029,2015-01-13,10:26,01 - Clear,01 - Dry,01 - Traffic signal,02 - Intersection related,01 - Daylight,03 - P.D. only,05 - Turning movement,Downtown
6603,BLAIS RD btwn BANK ST & HAWTHORNE RD,376279.9738,5019805.102,-75.58833945,45.31455822,2015-01-15,9:48,01 - Clear,06 - Ice,10 - No control,01 - Non intersection,01 - Daylight,03 - P.D. only,03 - Rear end,Greenbelt
6604,NICHOLAS ST NB btwn HWY417 IC118 RAMP52 & WALLER ST,368537.0197,5031678.711,-75.68555115,45.42213932,2015-01-15,9:57,01 - Clear,06 - Ice,10 - No control,01 - Non intersection,01 - Daylight,03 - P.D. only,03 - Rear end,Sandy Hill
6605,BANK ST @ LAURIER AVE,367479.7364,5031265.106,-75.69911268,45.41851336,2015-01-15,19:42,03 - Snow,05 - Packed snow,01 - Traffic signal,03 - At intersection,07 - Dark,03 - P.D. only,04 - Sideswipe,Downtown
6606,"OLD MONTREAL RD btwn GRAND-CH-NE, COUR DU CRT & TED KELLY LANE",385634.4133,5040239.99,-75.46570052,45.49739885,2015-01-15,22:52,03 - Snow,05 - Packed snow,10 - No control,01 - Non intersection,07 - Dark,03 - P.D. only,07 - SMV other,Cumberland - Estates
6607,FOURTH LINE RD @ PRINCE OF WALES DR,366275.6197,4999561.796,-75.71842277,45.1333555,2015-01-16,16:20,01 - Clear,01 - Dry,02 - Stop sign,02 - Intersection related,01 - Daylight,03 - P.D. only,03 - Rear end,Manotick - North Gower
6608,GREENBANK RD btwn DUNDONALD DR & KILBIRNIE DR,365222.8783,5011807.656,-75.73032201,45.24363598,2015-01-17,9:30,01 - Clear,06 - Ice,10 - No control,01 - Non intersection,01 - Daylight,03 - P.D. only,03 - Rear end,New Barrhaven
6609,BOOTH ST @ GLADSTONE AVE,366769.6693,5029849.116,-75.70836267,45.40583594,2015-01-12,7:03,03 - Snow,03 - Loose snow,01 - Traffic signal,03 - At intersection,03 - Dawn,03 - P.D. only,05 - Turning movement,Centretown West
6610,BASELINE RD @ FARLANE BLVD,365357.656,5025518.979,-75.72693018,45.36699785,2015-01-12,7:27,03 - Snow,05 - Packed snow,01 - Traffic signal,03 - At intersection,03 - Dawn,03 - P.D. only,02 - Angle,Civic Hospital - Experimental Farm - Central Park
6611,ROCHESTER ST btwn BALSAM ST & GLADSTONE AVE,366657.867,5029802.363,-75.70979663,45.40542516,2015-01-22,13:00,01 - Clear,01 - Dry,10 - No control,01 - Non intersection,01 - Daylight,03 - P.D. only,06 - SMV unattended vehicle,Centretown West
6612,COLDREY AVE btwn KENZIE ST & MERIVALE RD,364534.1943,5027172.735,-75.7372414,45.38194873,2015-03-02,14:32,01 - Clear,05 - Packed snow,10 - No control,01 - Non intersection,01 - Daylight,03 - P.D. only,06 - SMV unattended vehicle,Carlington
6613,CARLING AVE @ WYLIE AVE,359140.6682,5024077.022,-75.80644766,45.3545327,2015-01-02,17:07,01 - Clear,01 - Dry,02 - Stop sign,02 - Intersection related,05 - Dusk,03 - P.D. only,03 - Rear end,Bayshore
6614,MAITLAND AVE/GLENMOUNT AVE @ ERINDALE DR,363697.7875,5025211.837,-75.74815456,45.36437567,2015-02-23,8:15,01 - Clear,01 - Dry,01 - Traffic signal,02 - Intersection related,01 - Daylight,03 - P.D. only,03 - Rear end,Braemar Park - Bel Air Heights - Copeland Park
6615,ADIRONDACK DR @ WOODROFFE AVE,362458.6499,5024006.958,-75.7641117,45.35363729,2015-02-23,12:30,01 - Clear,01 - Dry,02 - Stop sign,02 - Intersection related,01 - Daylight,03 - P.D. only,03 - Rear end,Iris
6616,COLONEL BY DR/SUSSEX DR @ RIDEAU ST,367922.227,5032044.997,-75.69335941,45.42549078,2015-02-24,1:30,01 - Clear,01 - Dry,01 - Traffic signal,02 - Intersection related,07 - Dark,03 - P.D. only,07 - SMV other,Byward Market - Parliament Hill
6617,DON ST btwn POULIN AVE & REGINA ST,360320.2883,5025305.901,-75.79125522,45.36549771,2015-02-06,13:50,03 - Snow,05 - Packed snow,10 - No control,04 - At/near private drive,01 - Daylight,03 - P.D. only,02 - Angle,Woodroffe - Lincoln Heights
6618,LEITRIM RD btwn HIGH RD & ALBION RD,373368.1182,5020320.318,-75.6254017,45.31948435,2015-01-09,7:15,03 - Snow,04 - Slush,10 - No control,01 - Non intersection,03 - Dawn,03 - P.D. only,07 - SMV other,Greenbelt
6619,ASHBOURNE CRES btwn Continuation of ASHBOURNE CRES & Continuation of A,365403.136,5013109.62,-75.72786734,45.25533557,2015-02-27,9:30,01 - Clear,01 - Dry,10 - No control,04 - At/near private drive,01 - Daylight,03 - P.D. only,02 - Angle,New Barrhaven
6620,CARLING AVE @ OAKLEY AVE,359071.6286,5024032.028,-75.80733369,45.35413319,2015-02-27,11:42,01 - Clear,01 - Dry,02 - Stop sign,03 - At intersection,01 - Daylight,03 - P.D. only,02 - Angle,Bayshore
6621,BANK ST btwn PARKWAY RD & MEADOW DR,378923.901,5014113.359,-75.55547355,45.2630724,2015-01-14,22:00,01 - Clear,01 - Dry,10 - No control,01 - Non intersection,07 - Dark,03 - P.D. only,07 - SMV other,Osgoode
6622,BANK ST btwn BLAIS RD & RIDEAU RD,376527.5348,5018874.454,-75.58531715,45.30615939,2015-01-15,8:49,01 - Clear,02 - Wet,10 - No control,01 - Non intersection,01 - Daylight,03 - P.D. only,03 - Rear end,Greenbelt
6623,REGIONAL ROAD 174 btwn OR174 IC109 RAMP64 & OR174 IC105 RAMP16,378524.0473,5036538.868,-75.55722227,45.46488647,2015-01-13,7:20,01 - Clear,01 - Dry,10 - No control,01 - Non intersection,03 - Dawn,03 - P.D. only,03 - Rear end,Greenbelt
6624,SWITZER AVE btwn KIRKWOOD AVE & END,364141.1422,5027543.674,-75.74221533,45.38531979,2015-01-11,20:00,01 - Clear,03 - Loose snow,10 - No control,04 - At/near private drive,07 - Dark,03 - P.D. only,06 - SMV unattended vehicle,Westboro
6625,AVIATION PKWY @ OGILVIE RD,373110.7142,5032378.031,-75.62701685,45.4279998,2015-01-15,23:15,03 - Snow,03 - Loose snow,01 - Traffic signal,03 - At intersection,07 - Dark,03 - P.D. only,05 - Turning movement,Industrial Park
6626,ST. LAURENT BLVD/DUNBARTON CRT @ BRITTANY DR,371329.789,5034335.149,-75.64950929,45.44578073,2015-01-16,0:14,03 - Snow,03 - Loose snow,01 - Traffic signal,03 - At intersection,07 - Dark,03 - P.D. only,07 - SMV other,Cemetery
6627,CALAVERAS AVE btwn PLUMAS GT & PALMADEO DR,364916.5751,5015830.489,-75.73373662,45.27985968,2015-01-17,11:45,01 - Clear,01 - Dry,10 - No control,04 - At/near private drive,01 - Daylight,03 - P.D. only,06 - SMV unattended vehicle,New Barrhaven
6628,TENTH LINE RD btwn 275 N OF DES EPINETTES AVE/FALLINGBROOK SC & DES EP,383634.2281,5036915.396,-75.49182312,45.46771611,2015-01-26,9:19,01 - Clear,01 - Dry,10 - No control,01 - Non intersection,01 - Daylight,03 - P.D. only,03 - Rear end,Orl¨¦ans
6629,BRITTANY DR btwn BANGS ST & TRURO ST,371743.1407,5034349.897,-75.64422375,45.44587396,2015-01-12,7:34,03 - Snow,03 - Loose snow,10 - No control,01 - Non intersection,03 - Dawn,03 - P.D. only,06 - SMV unattended vehicle,Rockcliffe - Manor Park
6630,PLEASANT PARK RD @ ALTA VISTA DR,370365.7231,5028466.102,-75.66261319,45.39306449,2015-01-12,7:38,01 - Clear,06 - Ice,01 - Traffic signal,02 - Intersection related,03 - Dawn,03 - P.D. only,03 - Rear end,Alta Vista
6631,INNES RD @ PORTOBELLO BLVD,385632.7336,5036891.106,-75.46627322,45.46726915,2015-01-22,8:15,01 - Clear,01 - Dry,01 - Traffic signal,02 - Intersection related,01 - Daylight,03 - P.D. only,03 - Rear end,Fallingbrook
6632,STITTSVILLE MAIN ST btwn RAVENSCROFT CRT & HOBIN ST,349651.1189,5014048.411,-75.92846417,45.26496359,2015-01-03,16:22,02 - Rain,03 - Loose snow,10 - No control,04 - At/near private drive,05 - Dusk,03 - P.D. only,02 - Angle,Crossing Bridge
6633,EAGLESON RD @ HAZELDEAN RD/ROBERTSON RD,353672.661,5018423.014,-75.87678989,45.3040594,2015-02-21,14:10,03 - Snow,03 - Loose snow,01 - Traffic signal,02 - Intersection related,01 - Daylight,03 - P.D. only,03 - Rear end,Greenbelt
6634,VIEWMOUNT DR @ MERIVALE RD,365193.6971,5022948.013,-75.72933714,45.34387883,2015-02-23,15:38,01 - Clear,01 - Dry,01 - Traffic signal,02 - Intersection related,01 - Daylight,03 - P.D. only,03 - Rear end,Tanglewood
6635,BELFAST RD @ ST. LAURENT BLVD,372860.7241,5030578.08,-75.6304599,45.41182907,2015-02-24,13:00,01 - Clear,01 - Dry,01 - Traffic signal,03 - At intersection,01 - Daylight,03 - P.D. only,05 - Turning movement,Industrial Park
6636,STITTSVILLE MAIN ST @ HOBIN ST/WILDPINE CRT,349667.5044,5014032.989,-75.92825677,45.26482377,2015-02-24,14:30,01 - Clear,01 - Dry,01 - Traffic signal,02 - Intersection related,01 - Daylight,03 - P.D. only,03 - Rear end,Stittsville
6637,BOURASSA ST @ ST. LAURENT BLVD,373237.6959,5029692.111,-75.62576727,45.40382078,2015-01-12,9:12,02 - Rain,03 - Loose snow,01 - Traffic signal,03 - At intersection,01 - Daylight,03 - P.D. only,05 - Turning movement,Industrial Park
6638,TERRY FOX DR @ EDGEWATER ST/WALTER BAKER PL,351776.6443,5017612.968,-75.90104274,45.29689976,2015-02-27,12:19,01 - Clear,01 - Dry,01 - Traffic signal,03 - At intersection,01 - Daylight,03 - P.D. only,05 - Turning movement,Katimavik - Hazeldean
6639,CLYDE AVE btwn CLYDE AVE & STARWOOD RD,364421.5709,5024745.628,-75.73897234,45.3601196,2015-02-27,12:43,01 - Clear,01 - Dry,10 - No control,04 - At/near private drive,01 - Daylight,03 - P.D. only,02 - Angle,Crestview - Meadowlands
6640,PRINCE OF WALES DR btwn RIDEAU SHORE CRT & COLONNADE RD,367315.2106,5023450.943,-75.70220428,45.34821824,2015-01-16,13:59,01 - Clear,02 - Wet,10 - No control,04 - At/near private drive,01 - Daylight,03 - P.D. only,02 - Angle,Industrial Park
6641,ALLBIRCH RD btwn SHADY LANE & BISHOP DAVIS DR,337419.5407,5038759.195,-76.08269339,45.48799451,2015-01-17,22:17,01 - Clear,05 - Packed snow,10 - No control,01 - Non intersection,07 - Dark,03 - P.D. only,07 - SMV other,Constanc
6642,BANK ST @ JOHNSTON RD,370854.6221,5024840.01,-75.65685483,45.36039222,2015-01-07,11:26,03 - Snow,05 - Packed snow,01 - Traffic signal,02 - Intersection related,01 - Daylight,03 - P.D. only,03 - Rear end,South Keys - Heron Gate - Greenboro West
6643,INDUSTRIAL AVE btwn RIVERSIDE DR & SANDFORD FLEMING AVE,370865.7991,5030561.383,-75.65594636,45.41187001,2015-01-13,10:40,03 - Snow,02 - Wet,10 - No control,01 - Non intersection,01 - Daylight,03 - P.D. only,03 - Rear end,Industrial Park
6644,CATHERINE ST @ LYON ST/HWY 417 LYON IC120BR36,367747.7066,5030093.047,-75.69583873,45.40794349,2015-01-11,15:22,03 - Snow,04 - Slush,01 - Traffic signal,02 - Intersection related,01 - Daylight,03 - P.D. only,04 - Sideswipe,Centretown
6645,PRINCESS LOUISE DR btwn FALLINGBROOK RDG & CEZANNE CRES,383820.5744,5038845.367,-75.48912994,45.48505914,2015-01-12,17:18,05 - Drifting Snow,03 - Loose snow,10 - No control,01 - Non intersection,05 - Dusk,03 - P.D. only,07 - SMV other,Fallingbrook
6646,TERMINAL AVE @ TRAINYARDS DR,371847.2617,5030814.479,-75.64337421,45.41405392,2015-01-16,1:48,03 - Snow,05 - Packed snow,01 - Traffic signal,02 - Intersection related,07 - Dark,03 - P.D. only,02 - Angle,Industrial Park
6647,LEITRIM RD btwn 810 W OF HAWTHORNE & BANK ST,375445.3133,5021670.789,-75.59871728,45.3314294,2015-01-16,4:47,05 - Drifting Snow,03 - Loose snow,10 - No control,01 - Non intersection,07 - Dark,03 - P.D. only,07 - SMV other,Greenbelt
6648,GREENBANK RD btwn WEST HUNT CLUB RD & FALLOWFIELD RD,361508.5927,5020435.491,-75.77664545,45.3215788,2015-01-28,6:20,01 - Clear,04 - Slush,10 - No control,01 - Non intersection,07 - Dark,03 - P.D. only,03 - Rear end,Greenbelt
6649,HIGHWAY 7 btwn HAZELDEAN IC RAMP 53 & HIGHWAY 7,342363.9526,5008450.267,-76.02174345,45.21501544,2015-07-10,21:15,01 - Clear,01 - Dry,10 - No control,01 - Non intersection,07 - Dark,03 - P.D. only,07 - SMV other,Munster Hamlet - Richmond
6650,INNES RD btwn BLAIR RD & ANDERSON RD,375625.9638,5031469.917,-75.59500752,45.41957893,2015-01-10,10:50,01 - Clear,02 - Wet,10 - No control,01 - Non intersection,01 - Daylight,03 - P.D. only,04 - Sideswipe,Greenbelt
6651,ANDERSON RD btwn INNES RD & DESJARDINS ST,377472.5307,5031580.69,-75.57139939,45.42038623,2015-01-12,7:49,03 - Snow,03 - Loose snow,10 - No control,01 - Non intersection,03 - Dawn,03 - P.D. only,07 - SMV other,Greenbelt
6652,RAMSAYVILLE RD @ NINTH LINE RD,380306.5144,5020070.73,-75.53695128,45.31652677,2015-01-12,8:03,03 - Snow,06 - Ice,02 - Stop sign,02 - Intersection related,01 - Daylight,03 - P.D. only,03 - Rear end,Greenbelt
6653,RICHMOND RD btwn WEST HUNT CLUB RD & STONEHAVEN DR,356775.858,5015907.341,-75.83748501,45.28120021,2015-01-27,8:30,01 - Clear,06 - Ice,10 - No control,01 - Non intersection,01 - Daylight,03 - P.D. only,03 - Rear end,Bridlewood - Emerald Meadows
6654,CARLING AVE/STATION RD @ MARCH RD,350906.6529,5022246.026,-75.91170339,45.3386468,2015-02-03,9:12,03 - Snow,04 - Slush,01 - Traffic signal,02 - Intersection related,01 - Daylight,03 - P.D. only,07 - SMV other,South March