Record,Location,X,Y,lon,lat,Date,Time,Environment,Road_Surface,Traffic_Control,Collision_Location,Light,Collision_Classification,Impact_type,Neighborhood
6655,CRICHTON ST btwn UNION ST & QUEEN VICTORIA ST,368198.0857,5033842.379,-75.68960311,45.44163803,2015-01-07,11:31,01 - Clear,03 - Loose snow,10 - No control,01 - Non intersection,01 - Daylight,03 - P.D. only,06 - SMV unattended vehicle,New Edinburgh
6656,WEST HUNT CLUB RD @ ANTARES DR/LASER ST,367108.6752,5022081.984,-75.70501217,45.33591897,2015-02-23,15:43,01 - Clear,01 - Dry,01 - Traffic signal,02 - Intersection related,01 - Daylight,03 - P.D. only,02 - Angle,Industrial Park
6657,BANK ST @ HUNT CLUB RD,371609.7004,5024096.988,-75.64731822,45.35363521,2015-02-23,16:57,01 - Clear,01 - Dry,01 - Traffic signal,03 - At intersection,01 - Daylight,03 - P.D. only,05 - Turning movement,South Keys - Heron Gate - Greenboro West
6658,HUNTMAR DR @ MAPLE GROVE RD,350267.605,5016712.971,-75.92036465,45.28890059,2015-02-24,18:00,01 - Clear,06 - Ice,02 - Stop sign,02 - Intersection related,07 - Dark,03 - P.D. only,03 - Rear end,Stittsville
6659,CARP RD @ HAZELDEAN RD,348804.5759,5014358.99,-75.93922359,45.26781177,2015-02-25,7:30,03 - Snow,03 - Loose snow,01 - Traffic signal,02 - Intersection related,01 - Daylight,03 - P.D. only,03 - Rear end,Stittsville
6660,TORWOOD DR btwn FARM LANE & VANCES SIDE RD,343214.8,5036557.292,-76.00872852,45.46788658,2015-01-13,8:40,01 - Clear,04 - Slush,10 - No control,01 - Non intersection,01 - Daylight,03 - P.D. only,07 - SMV other,Baskin'
6661,CEDARVIEW RD @ WEST HUNT CLUB RD,359718.6774,5019554.96,-75.79957285,45.31379805,2015-02-27,15:34,01 - Clear,02 - Wet,01 - Traffic signal,02 - Intersection related,01 - Daylight,03 - P.D. only,03 - Rear end,Greenbelt
6662,WEST HUNT CLUB RD EB btwn ANTARES DR/LASER ST & PRINCE OF WALES DR,367109.639,5022054.996,-75.70500327,45.33567605,2015-02-27,15:47,01 - Clear,01 - Dry,10 - No control,01 - Non intersection,01 - Daylight,03 - P.D. only,04 - Sideswipe,Industrial Park
6663,EAGLESON RD btwn FALLOWFIELD RD & AKINS RD,355969.3449,5012575.611,-75.84810787,45.25127973,2015-01-18,0:11,01 - Clear,06 - Ice,10 - No control,01 - Non intersection,07 - Dark,03 - P.D. only,05 - Turning movement,Stittsville - Basswood
6664,EAGLESON RD @ HWY 417 EAGLESO IC138R51/PARK AN,353036.6992,5020013.908,-75.88474414,45.31841857,2015-01-29,7:27,01 - Clear,01 - Dry,01 - Traffic signal,03 - At intersection,03 - Dawn,03 - P.D. only,05 - Turning movement,Greenbelt
6665,INNES RD btwn BLAIR RD & ANDERSON RD,375933.2944,5031663.686,-75.59105306,45.42129118,2015-01-13,13:32,01 - Clear,02 - Wet,10 - No control,01 - Non intersection,01 - Daylight,03 - P.D. only,07 - SMV other,Greenbelt
6666,HUNT CLUB RD @ LORRY GREENBERG DR/SABLE RIDGE ,372822.7748,5024807.023,-75.63174001,45.35990722,2015-01-12,8:00,02 - Rain,06 - Ice,01 - Traffic signal,02 - Intersection related,03 - Dawn,03 - P.D. only,03 - Rear end,Greenboro East
6667,MARCH RD btwn HERZBERG RD & CORKSTOWN RD,352613.6966,5020979.634,-75.89004596,45.3271373,2015-01-13,9:00,01 - Clear,01 - Dry,10 - No control,01 - Non intersection,01 - Daylight,03 - P.D. only,03 - Rear end,Beaverbrook
6668,INDUSTRIAL AVE btwn SANDFORD FLEMING AVE & NEIGHBORHOOD WAY,370981.1093,5030539.739,-75.65447623,45.41166437,2015-02-26,9:58,01 - Clear,06 - Ice,10 - No control,01 - Non intersection,01 - Daylight,03 - P.D. only,03 - Rear end,Industrial Park
6669,HIGHWAY 417 btwn HWY417 IC169 RAMP35 & HWY417 IC169 RAMP25,325622.6315,5024708.112,-76.2342049,45.3620081,2015-10-05,15:45,01 - Clear,01 - Dry,10 - No control,01 - Non intersection,01 - Daylight,03 - P.D. only,04 - Sideswipe,Antrim
6670,BASELINE RD btwn 207 E OF CLYDE AVE & LOBLAWS SC,364631.717,5025058.412,-75.73625234,45.36291608,2015-01-16,7:52,03 - Snow,03 - Loose snow,10 - No control,04 - At/near private drive,03 - Dawn,03 - P.D. only,07 - SMV other,Civic Hospital - Experimental Farm - Central Park
6671,PICKFORD DR btwn TANGUAY CRT & IRWIN GT,353267.4699,5018379.084,-75.88196076,45.30369219,2015-01-16,8:22,01 - Clear,04 - Slush,10 - No control,01 - Non intersection,01 - Daylight,03 - P.D. only,06 - SMV unattended vehicle,Katimavik - Hazeldean
6672,RIVERSIDE DR @ PLEASANT PARK RD,369560.2871,5028415.496,-75.67290555,45.3926841,2015-01-30,15:59,01 - Clear,01 - Dry,01 - Traffic signal,02 - Intersection related,01 - Daylight,03 - P.D. only,04 - Sideswipe,Alta Vista
6673,COURTNEY RD N @ OLD COLONY RD N,353808.6248,5017202.995,-75.8751768,45.29307193,2015-02-01,1:50,03 - Snow,03 - Loose snow,02 - Stop sign,02 - Intersection related,07 - Dark,03 - P.D. only,07 - SMV other,Glen Cairn - Kanata South Business Park
6674,PRINCE OF WALES DR @ STRANDHERD DR,367175.2898,5014824.673,-75.70507549,45.27061266,2015-01-12,8:45,03 - Snow,06 - Ice,01 - Traffic signal,02 - Intersection related,01 - Daylight,03 - P.D. only,04 - Sideswipe,Greenbelt
6675,DUNNING RD btwn FRENCH HILL RD & INNES RD,391704.0592,5039230.943,-75.38823052,45.48759116,2015-01-12,8:57,03 - Snow,05 - Packed snow,10 - No control,01 - Non intersection,01 - Daylight,03 - P.D. only,07 - SMV other,Cumberland - Estates
6676,RIVERSIDE DR NB btwn HWY417 IC117 RAMP25 & VANIER PKWY,370816.5359,5031167.715,-75.65649446,45.41733019,2015-02-17,7:00,01 - Clear,03 - Loose snow,10 - No control,07 - Overpass or bridge,03 - Dawn,03 - P.D. only,03 - Rear end,Industrial Park
6677,AGINCOURT RD @ MAITLAND AVE,363447.6505,5025449.081,-75.75131919,45.36653133,2015-02-19,15:24,01 - Clear,04 - Slush,02 - Stop sign,02 - Intersection related,01 - Daylight,03 - P.D. only,04 - Sideswipe,Braemar Park - Bel Air Heights - Copeland Park
6678,APPLEFORD ST @ OGILVIE RD,375315.7632,5033685.173,-75.59865346,45.43954188,2015-01-06,21:25,03 - Snow,05 - Packed snow,01 - Traffic signal,03 - At intersection,07 - Dark,03 - P.D. only,02 - Angle,Beacon Hill South - Cardinal Heights
6679,BRONSON AVE btwn RIVERSIDE DR RAMPS 34B & 42A-3 & BRONSON AVE RAMP 34,368485.4746,5027056.801,-75.68680657,45.38055753,2015-01-08,8:07,03 - Snow,06 - Ice,10 - No control,01 - Non intersection,01 - Daylight,03 - P.D. only,03 - Rear end,Riverside Park
6680,GREENBANK RD @ LARKIN DR,363177.6418,5016507.899,-75.75581997,45.28610158,2015-02-23,17:50,01 - Clear,01 - Dry,01 - Traffic signal,03 - At intersection,07 - Dark,03 - P.D. only,05 - Turning movement,Barrhaven West - Old Barrhaven
6681,DAWSON AVE btwn WESLEY AVE & IONA ST,363905.6929,5028230.218,-75.74513953,45.3915171,2015-02-24,7:45,01 - Clear,05 - Packed snow,10 - No control,04 - At/near private drive,01 - Daylight,03 - P.D. only,02 - Angle,Westboro
6682,GREENBANK RD @ 220 N OF STRANDHERD DR,363849.3564,5014984.852,-75.7474391,45.27234108,2015-02-25,8:41,03 - Snow,03 - Loose snow,01 - Traffic signal,02 - Intersection related,01 - Daylight,03 - P.D. only,04 - Sideswipe,New Barrhaven
6683,HARRIS PL @ ROWLEY AVE,364279.6926,5023501.964,-75.74093278,45.34894132,2015-02-25,10:27,01 - Clear,03 - Loose snow,02 - Stop sign,03 - At intersection,01 - Daylight,03 - P.D. only,02 - Angle,Crestview - Meadowlands
6684,RAMSAYVILLE RD @ WALKLEY EXTENSION RD,376464.5251,5029421.209,-75.58459184,45.40106044,2015-01-13,16:15,01 - Clear,06 - Ice,10 - No control,02 - Intersection related,01 - Daylight,03 - P.D. only,02 - Angle,Greenbelt
6685,SECOND AVE btwn LYON ST S & BANK ST,368211.8008,5029571.885,-75.68997751,45.40321234,2015-01-13,16:27,01 - Clear,03 - Loose snow,10 - No control,01 - Non intersection,01 - Daylight,03 - P.D. only,06 - SMV unattended vehicle,The Glebe
6686,GREENBANK RD @ HWY 417 IC129 RAMP57/IRIS ST,360532.2729,5023312.012,-75.78877413,45.34753994,2015-02-27,15:55,01 - Clear,01 - Dry,01 - Traffic signal,02 - Intersection related,01 - Daylight,03 - P.D. only,99 - Other,Iris
6687,SAWCHUK TER btwn CONACHER GT & VEZINA PL,351650.8238,5019833.346,-75.90243699,45.31688768,2015-02-27,16:32,01 - Clear,04 - Slush,10 - No control,04 - At/near private drive,01 - Daylight,03 - P.D. only,02 - Angle,Kanata Lakes - Marchwood Lakeside - Morgan's Grant - Kanata
6688,BASIL MACDONALD WAY btwn MERIVALE RD & GRANT CARMAN DR,365158.4015,5023208.584,-75.7297557,45.34622645,2015-02-10,16:06,01 - Clear,02 - Wet,10 - No control,04 - At/near private drive,01 - Daylight,03 - P.D. only,02 - Angle,Borden Farm - Stewart Farm - Parkwood Hills - Fisher Glen
6689,BASELINE RD @ LOBLAWS SC,364743.615,5025130.942,-75.7348153,45.36355913,2015-02-15,15:04,01 - Clear,02 - Wet,01 - Traffic signal,03 - At intersection,01 - Daylight,03 - P.D. only,02 - Angle,Civic Hospital - Experimental Farm - Central Park
6690,REGIONAL RD 174 @ TRIM RD,384350.8894,5039989.859,-75.48216149,45.49529593,2015-01-13,16:59,01 - Clear,01 - Dry,01 - Traffic signal,02 - Intersection related,05 - Dusk,03 - P.D. only,03 - Rear end,Chatelaine Village
6691,LEES AVE / GRAHAM AVE @ MAIN ST,369002.6707,5030560.088,-75.67974729,45.41203177,2015-01-13,17:50,01 - Clear,01 - Dry,01 - Traffic signal,02 - Intersection related,07 - Dark,03 - P.D. only,04 - Sideswipe,Old Ottawa East
6692,CUMMINGS AVE @ MONTREAL RD,372006.3255,5034041.872,-75.64090174,45.44307724,2015-01-12,8:45,01 - Clear,04 - Slush,01 - Traffic signal,02 - Intersection related,01 - Daylight,03 - P.D. only,03 - Rear end,Cummings
6693,CHAPMAN BLVD btwn NAPLES AVE & OLYMPIA CRES,373179.1104,5028967.665,-75.626616,45.39730827,2015-01-13,10:15,01 - Clear,03 - Loose snow,10 - No control,01 - Non intersection,01 - Daylight,03 - P.D. only,07 - SMV other,Elmvale - Eastway - Riverview - Riverview Park West
6694,ALESTHER ST @ DONALD ST,371993.9833,5032460.857,-75.64127529,45.42885321,2015-02-27,9:51,01 - Clear,06 - Ice,02 - Stop sign,03 - At intersection,01 - Daylight,03 - P.D. only,02 - Angle,Overbrook
6695,CALDER AVE btwn MAJOR ST & FIELD ST,362622.6528,5024556.077,-75.7619545,45.35856471,2015-02-27,10:08,01 - Clear,06 - Ice,10 - No control,04 - At/near private drive,01 - Daylight,03 - P.D. only,06 - SMV unattended vehicle,Braemar Park - Bel Air Heights - Copeland Park
6696,RICHMOND RD btwn STEEPLE HILL CRES & CAMBRIAN RD,359098.187,5010180.022,-75.80851111,45.22948931,2015-01-16,8:50,01 - Clear,05 - Packed snow,10 - No control,01 - Non intersection,01 - Daylight,03 - P.D. only,07 - SMV other,Munster Hamlet - Richmond
6697,MARCH RD @ MORGAN'S GRANT WAY/SHIRLEY'S BROOK ,349662.5731,5023616.064,-75.92745212,45.35105537,2015-01-16,9:33,01 - Clear,04 - Slush,01 - Traffic signal,03 - At intersection,01 - Daylight,03 - P.D. only,05 - Turning movement,Morgan's Grant
6698,MONTREAL RD @ SHEFFORD RD,376125.7305,5034854.057,-75.58813218,45.44997662,2015-02-07,13:40,01 - Clear,01 - Dry,01 - Traffic signal,03 - At intersection,01 - Daylight,03 - P.D. only,04 - Sideswipe,Beacon Hill South - Cardinal Heights
6699,HWY417 HUNT CLUB IC108 RAMP26,376456.491,5027698.067,-75.58494471,45.38555738,2015-01-29,17:00,03 - Snow,05 - Packed snow,10 - No control,01 - Non intersection,05 - Dusk,03 - P.D. only,07 - SMV other,Greenbelt
6700,GRANT ST btwn PARKDALE AVE & MCCORMICK ST,365255.2114,5029411.911,-75.72776107,45.40203451,2015-01-11,11:00,03 - Snow,04 - Slush,10 - No control,04 - At/near private drive,01 - Daylight,03 - P.D. only,06 - SMV unattended vehicle,Islan
6701,CRESTVIEW RD btwn ALTA VISTA DR & EASTLANE RD,370401.8892,5028797.249,-75.66210731,45.39604064,2015-01-12,14:14,03 - Snow,06 - Ice,10 - No control,01 - Non intersection,01 - Daylight,03 - P.D. only,07 - SMV other,Alta Vista
6702,HWY 417 TERRYFO IC140R52 @ TERRY FOX DR,351052.8313,5018435.299,-75.91019422,45.30434734,2015-02-20,15:03,01 - Clear,01 - Dry,01 - Traffic signal,02 - Intersection related,01 - Daylight,03 - P.D. only,03 - Rear end,Katimavik - Hazeldean
6703,ST. LAURENT BLVD btwn MCARTHUR AVE & DONALD ST,372086.9659,5032493.308,-75.6400827,45.42913625,2015-01-08,16:15,03 - Snow,03 - Loose snow,10 - No control,01 - Non intersection,01 - Daylight,03 - P.D. only,03 - Rear end,Castl
6704,GLADSTONE AVE @ LYON ST,367584.6774,5030361.089,-75.6978871,45.41036989,2015-01-08,21:24,03 - Snow,03 - Loose snow,01 - Traffic signal,03 - At intersection,07 - Dark,03 - P.D. only,03 - Rear end,Centretown
6705,PRINCE OF WALES DR @ WATERBRIDGE DR,367314.4071,5015946.201,-75.70316149,45.28069172,2015-02-24,7:53,01 - Clear,01 - Dry,01 - Traffic signal,02 - Intersection related,01 - Daylight,03 - P.D. only,03 - Rear end,Chapman Mills - Rideau Crest - Davidson Heights
6706,PRINCE OF WALES DR @ WEST HUNT CLUB RD,367459.6742,5021890.058,-75.70055856,45.3341608,2015-02-24,9:01,01 - Clear,01 - Dry,01 - Traffic signal,02 - Intersection related,01 - Daylight,03 - P.D. only,03 - Rear end,Industrial Park
6707,ROYAL OAK CRT btwn ALBION RD S & TO BE DETERMINED,371853.0356,5024461.169,-75.64416353,45.35688876,2015-02-25,0:01,01 - Clear,04 - Slush,10 - No control,04 - At/near private drive,07 - Dark,03 - P.D. only,06 - SMV unattended vehicle,Greenboro East
6708,CYRVILLE RD btwn STAR TOP RD & MEADOWBROOK RD,374245.9463,5031337.997,-75.6126574,45.41853033,2015-02-25,15:59,01 - Clear,01 - Dry,10 - No control,04 - At/near private drive,01 - Daylight,03 - P.D. only,02 - Angle,Industrial Park
6709,WEST HUNT CLUB RD @ CLEOPATRA DR/LANCELOT DR,365236.6639,5021732.012,-75.72893743,45.33293371,2015-01-13,9:00,01 - Clear,02 - Wet,01 - Traffic signal,02 - Intersection related,01 - Daylight,03 - P.D. only,03 - Rear end,Tanglewood
6710,CARP RD @ DONALD B. MUNRO DR,341192.5404,5022822.005,-76.03560334,45.34440083,2015-02-27,16:39,01 - Clear,01 - Dry,02 - Stop sign,03 - At intersection,01 - Daylight,03 - P.D. only,05 - Turning movement,Carp
6711,HERON RD @ HERON RD RAMP 36,368477.6227,5026690.424,-75.68695407,45.37726169,2015-02-27,15:20,01 - Clear,01 - Dry,03 - Yield sign,02 - Intersection related,01 - Daylight,03 - P.D. only,03 - Rear end,Riverside Park
6712,WOODROFFE AVE btwn EARL MULLIGAN DR & LONGFIELDS DR,365328.5475,5017318.725,-75.72830442,45.29321542,2015-02-17,16:55,01 - Clear,01 - Dry,10 - No control,01 - Non intersection,01 - Daylight,03 - P.D. only,03 - Rear end,Greenbelt
6713,GRANGE AVE @ SCOTT ST,364437.5784,5029410.077,-75.73820458,45.40208814,2015-01-15,13:41,01 - Clear,03 - Loose snow,02 - Stop sign,02 - Intersection related,01 - Daylight,03 - P.D. only,04 - Sideswipe,Island Park
6714,ST. LAURENT BLVD btwn COVENTRY RD & LEMIEUX ST,372341.1672,5031868.98,-75.63692003,45.42349434,2015-02-02,10:19,03 - Snow,03 - Loose snow,10 - No control,04 - At/near private drive,01 - Daylight,03 - P.D. only,05 - Turning movement,Overbrook
6715,BAY ST @ QUEEN ST,366899.6969,5031213.065,-75.70652994,45.41809684,2015-01-13,10:21,01 - Clear,06 - Ice,01 - Traffic signal,02 - Intersection related,01 - Daylight,03 - P.D. only,05 - Turning movement,Downtown
6716,BLAIR RD btwn LAURA PRIV & BEAVERPOND DR,375304.6914,5032110.759,-75.59902041,45.42537732,2015-01-13,12:44,01 - Clear,06 - Ice,10 - No control,01 - Non intersection,01 - Daylight,03 - P.D. only,03 - Rear end,Greenbelt
6717,CARLING AVE @ BEDALE DR,357224.6238,5023714.955,-75.83093891,45.35142067,2015-03-03,7:53,01 - Clear,01 - Dry,01 - Traffic signal,02 - Intersection related,01 - Daylight,03 - P.D. only,03 - Rear end,Crystal Bay - Lakeview Park - Britannia Village
6718,HIGHWAY 417 btwn HWY417 IC129 RAMP25 & TRANSIT,361028.8039,5023975.852,-75.78236268,45.35347351,2015-10-07,8:17,01 - Clear,01 - Dry,10 - No control,01 - Non intersection,01 - Daylight,03 - P.D. only,03 - Rear end,Whitehaven - Queensway Terrace North
6719,FOURTH AVE btwn BANK ST & O'CONNOR ST,368431.8015,5029511.535,-75.68717529,45.40264937,2015-01-09,13:00,03 - Snow,05 - Packed snow,10 - No control,01 - Non intersection,01 - Daylight,03 - P.D. only,06 - SMV unattended vehicle,The Glebe
6720,RICHMOND RD btwn HOPE SIDE RD & KHYMER CRT,357108.1415,5015096.263,-75.83333528,45.27387734,2015-01-16,9:05,03 - Snow,05 - Packed snow,10 - No control,01 - Non intersection,01 - Daylight,03 - P.D. only,07 - SMV other,Greenbelt
6721,HWY417 HUNT CLUB IC108 RAMP63 btwn HIGHWAY 417 WB & HWY417 HUNT CLUB IC108 RAMP52,376588.9651,5027751.497,-75.58324546,45.38602455,2015-01-08,14:00,03 - Snow,06 - Ice,10 - No control,01 - Non intersection,01 - Daylight,03 - P.D. only,07 - SMV other,Greenbelt
6722,COVENTRY RD @ VANIER PKWY,370676.3849,5031611.221,-75.6582257,45.42133389,2015-02-13,10:37,01 - Clear,06 - Ice,01 - Traffic signal,02 - Intersection related,01 - Daylight,03 - P.D. only,03 - Rear end,Overbrook
6723,HOLLAND AVE @ KENILWORTH ST,365213.7334,5028497.997,-75.72840278,45.3938149,2015-02-24,14:24,01 - Clear,01 - Dry,01 - Traffic signal,03 - At intersection,01 - Daylight,03 - P.D. only,05 - Turning movement,Civic Hospital - Experimental Farm - Central Park
6724,TERON RD btwn CHISHOLM CRT & BEAVERBROOK LANE,351764.14,5021340.235,-75.90084885,45.33043943,2015-01-12,15:11,01 - Clear,04 - Slush,10 - No control,01 - Non intersection,01 - Daylight,03 - P.D. only,03 - Rear end,Beaverbrook
6725,CARLING AVE @ CLYDE AVE/COLE AVE,363520.6906,5026851.024,-75.75022019,45.37913971,2015-02-19,16:10,03 - Snow,03 - Loose snow,01 - Traffic signal,02 - Intersection related,01 - Daylight,03 - P.D. only,03 - Rear end,Carlingwood - McKellar Park - Laurentien View
6726,KENT ST btwn SPARKS ST & QUEEN ST,367174.8751,5031396.7,-75.70299099,45.41972465,2015-02-20,15:42,03 - Snow,03 - Loose snow,10 - No control,01 - Non intersection,01 - Daylight,03 - P.D. only,04 - Sideswipe,Downtown
6727,BASELINE RD btwn COLLEGE SQUARE SC & WOODROFFE AVE,362725.1119,5023874.119,-75.76072673,45.35242006,2015-01-09,8:10,03 - Snow,03 - Loose snow,10 - No control,01 - Non intersection,01 - Daylight,03 - P.D. only,07 - SMV other,Braemar Park - Bel Air Heights - Copeland Park
6728,BYRON AVE @ WINDERMERE AVE,362315.981,5027480.757,-75.76552797,45.38490591,2015-02-24,9:35,01 - Clear,01 - Dry,02 - Stop sign,03 - At intersection,01 - Daylight,03 - P.D. only,02 - Angle,Carlingwood - McKellar Park - Laurentien View
6729,FALLOWFIELD RD @ STRANDHERD DR,360752.2248,5014961.793,-75.78691027,45.27238685,2015-02-24,12:48,01 - Clear,01 - Dry,01 - Traffic signal,02 - Intersection related,01 - Daylight,03 - P.D. only,03 - Rear end,Munster Hamlet - Richmond
6730,IRIS ST @ WOODROFFE AVE,362283.656,5024442.001,-75.76629435,45.35756614,2015-02-25,16:05,03 - Snow,03 - Loose snow,01 - Traffic signal,02 - Intersection related,01 - Daylight,03 - P.D. only,03 - Rear end,Iris
6731,CARP RD @ STITTSVILLE MAIN ST,349523.8222,5014329.721,-75.93006089,45.26750302,2015-02-25,15:35,01 - Clear,01 - Dry,01 - Traffic signal,02 - Intersection related,01 - Daylight,03 - P.D. only,03 - Rear end,Stittsville
6732,STRANDHERD DR btwn LONGFIELDS DR & CLARIDGE DR,364601.8226,5015209.469,-75.737823,45.2742986,2015-01-13,17:24,01 - Clear,01 - Dry,10 - No control,04 - At/near private drive,05 - Dusk,03 - P.D. only,02 - Angle,New Barrhaven
6733,PRINCE OF WALES DR @ WEST HUNT CLUB RD,367458.7103,5021890.058,-75.70057085,45.33416089,2015-02-28,9:38,01 - Clear,01 - Dry,01 - Traffic signal,02 - Intersection related,01 - Daylight,03 - P.D. only,03 - Rear end,Industrial Park
6734,CASTLEFRANK RD @ HAZELDEAN RD,352677.8781,5017676.287,-75.88954645,45.29740869,2015-02-28,13:00,01 - Clear,01 - Dry,01 - Traffic signal,02 - Intersection related,01 - Daylight,03 - P.D. only,03 - Rear end,Glen Cairn - Kanata South Business Park
6735,WEST HUNT CLUB RD WB btwn 354 E OF WOODROFFE AVE/REC PATH & CLEOPATRA ,364026.3537,5021436.85,-75.74441276,45.33038106,2015-02-21,18:30,03 - Snow,03 - Loose snow,10 - No control,01 - Non intersection,07 - Dark,03 - P.D. only,04 - Sideswipe,Tanglewood
6736,LEMIEUX ST @ ST. LAURENT BLVD,372390.7608,5031742.082,-75.63630377,45.42234778,2015-02-24,7:31,01 - Clear,01 - Dry,01 - Traffic signal,03 - At intersection,01 - Daylight,03 - P.D. only,05 - Turning movement,Overbrook
6737,TENTH LINE RD @ CHARLEMAGNE BLVD N/TOMPKINS AV,383182.966,5037978.364,-75.49742365,45.47733052,2015-02-23,13:14,01 - Clear,01 - Dry,01 - Traffic signal,02 - Intersection related,01 - Daylight,03 - P.D. only,03 - Rear end,Queenswood Heights
6738,JEANNE D'ARC BLVD @ OR174 IC109 RAMP26,379399.5955,5037016.33,-75.54595491,45.46908935,2015-02-24,7:42,01 - Clear,06 - Ice,10 - No control,02 - Intersection related,01 - Daylight,03 - P.D. only,03 - Rear end,Greenbelt
6739,GREENBANK RD SB btwn HWY417 IC129 RAMP53 & MORRISON DR,360537.3011,5023245.638,-75.78871745,45.3469423,2015-01-13,17:24,01 - Clear,06 - Ice,10 - No control,01 - Non intersection,05 - Dusk,03 - P.D. only,03 - Rear end,Iris
6740,RUSSELL RD @ SOUTHVALE CRES N,373800.6589,5029097.067,-75.61866001,45.39841159,2015-01-14,8:24,01 - Clear,02 - Wet,01 - Traffic signal,02 - Intersection related,01 - Daylight,03 - P.D. only,03 - Rear end,Sheffield Glen
6741,STRANDHERD DR @ WOODROFFE AVE,366104.2263,5015393.703,-75.71865381,45.27582695,2015-01-04,20:27,04 - Freezing Rain,06 - Ice,01 - Traffic signal,03 - At intersection,07 - Dark,03 - P.D. only,07 - SMV other,New Barrhaven
6742,INDUSTRIAL AVE/INNES RD @ ST. LAURENT BLVD,373098.7635,5030006.049,-75.62749832,45.40665901,2015-01-16,18:07,01 - Clear,01 - Dry,01 - Traffic signal,02 - Intersection related,07 - Dark,03 - P.D. only,03 - Rear end,Industrial Park
6743,ST. JOSEPH BLVD btwn ORLEANS BLVD & COUSINEAU ST,380662.7411,5037000.649,-75.52980543,45.46881221,2015-02-28,13:25,01 - Clear,01 - Dry,10 - No control,01 - Non intersection,01 - Daylight,03 - P.D. only,04 - Sideswipe,Orleans Village - Chateauneuf
6744,AVE. DU PERE CHARLEBOIS AVE btwn AVE. MONSEIGNEUR LEMIEUX AVE & AVE. V,371192.0754,5032246.331,-75.65155129,45.42699958,2015-01-12,19:00,03 - Snow,04 - Slush,10 - No control,04 - At/near private drive,07 - Dark,03 - P.D. only,06 - SMV unattended vehicle,Overbrook
6745,SLACK RD btwn VAAN DR & GRENFELL CRES,365755.5727,5020817.481,-75.72243031,45.32465999,2015-01-12,19:07,01 - Clear,02 - Wet,10 - No control,01 - Non intersection,07 - Dark,03 - P.D. only,03 - Rear end,Merivale Gardens - Grenfell Glen - Pineglen - Country Place
6746,BROADVIEW AVE @ BYRON AVE,362696.8469,5027832.805,-75.76062346,45.38804221,2015-02-20,16:07,01 - Clear,01 - Dry,02 - Stop sign,03 - At intersection,01 - Daylight,03 - P.D. only,02 - Angle,Carlingwood - McKellar Park - Laurentien View
6747,DUNDONALD DR btwn BLACKLEAF DR & RAVENDALE WAY,365412.3202,5012203.08,-75.72786088,45.24717773,2015-02-20,9:00,01 - Clear,06 - Ice,10 - No control,04 - At/near private drive,01 - Daylight,03 - P.D. only,99 - Other,New Barrhaven
6748,HUNT CLUB RD @ PIKE ST/MAPLE PARK PRIV,373297.7024,5025088.994,-75.62563954,45.36239804,2015-01-12,9:10,01 - Clear,04 - Slush,01 - Traffic signal,02 - Intersection related,01 - Daylight,03 - P.D. only,03 - Rear end,Greenboro East
6749,CAMBRIDGE ST @ SOMERSET ST,366898.6989,5030434.05,-75.70664085,45.41108758,2015-03-02,13:27,03 - Snow,05 - Packed snow,02 - Stop sign,03 - At intersection,01 - Daylight,03 - P.D. only,02 - Angle,Centretown West
6750,OGILVIE RD @ CITY PARK DR E/CSIS HQ ACCESS,374188.7282,5033009.131,-75.61315299,45.43357199,2015-03-02,13:42,01 - Clear,01 - Dry,01 - Traffic signal,02 - Intersection related,01 - Daylight,03 - P.D. only,03 - Rear end,Industrial Park
6751,ROYDON PL btwn WOODFIELD DR & WEST HUNT CLUB RD,365630.1582,5022372.003,-75.72383895,45.33865826,2015-02-20,19:30,01 - Clear,01 - Dry,10 - No control,04 - At/near private drive,07 - Dark,03 - P.D. only,04 - Sideswipe,Industrial Park
6752,LAPERRIERE AVE btwn KENZIE ST & ADDISON ST,364646.4142,5027039.698,-75.7358247,45.38074211,2015-02-25,19:35,01 - Clear,03 - Loose snow,10 - No control,04 - At/near private drive,07 - Dark,03 - P.D. only,06 - SMV unattended vehicle,Carlington
6753,BRANT ST @ MCARTHUR AVE,371263.2047,5032806.384,-75.65056681,45.43203193,2015-01-13,17:36,01 - Clear,01 - Dry,01 - Traffic signal,03 - At intersection,05 - Dusk,03 - P.D. only,04 - Sideswipe,Vanier South
6754,COLONEL BY DR/SUSSEX DR @ RIDEAU ST,367922.6606,5032044.102,-75.69335398,45.42548269,2015-01-08,15:15,03 - Snow,03 - Loose snow,01 - Traffic signal,02 - Intersection related,01 - Daylight,03 - P.D. only,03 - Rear end,Byward Market - Parliament Hill
6755,HWY 417 MAITLAND IC126R52 @ MAITLAND AVE,363205.0947,5025833.768,-75.75436985,45.37001296,2015-02-28,14:26,01 - Clear,01 - Dry,03 - Yield sign,02 - Intersection related,01 - Daylight,03 - P.D. only,03 - Rear end,Braemar Park - Bel Air Heights - Copeland Park
6756,GRASSY PLAINS DR btwn FARMFIELD CRES & STONEHAVEN DR,356098.4882,5015894.874,-75.84611988,45.28113779,2015-02-28,19:23,01 - Clear,01 - Dry,10 - No control,04 - At/near private drive,07 - Dark,03 - P.D. only,04 - Sideswipe,Bridlewood - Emerald Meadows