Record,Location,X,Y,lon,lat,Date,Time,Environment,Road_Surface,Traffic_Control,Collision_Location,Light,Collision_Classification,Impact_type,Neighborhood
6757,MONTREAL RD @ SHEFFORD RD,376125.7305,5034853.093,-75.58813232,45.44996794,2015-02-24,9:44,01 - Clear,02 - Wet,01 - Traffic signal,02 - Intersection related,01 - Daylight,03 - P.D. only,04 - Sideswipe,Beacon Hill South - Cardinal Heights
6758,ST. LAURENT BLVD @ TREMBLAY RD,372597.6416,5031240.13,-75.63372956,45.41781143,2015-02-24,9:12,01 - Clear,02 - Wet,01 - Traffic signal,02 - Intersection related,01 - Daylight,03 - P.D. only,02 - Angle,Industrial Park
6759,BOUNDARY RD @ MITCH OWENS RD,388066.796,5022161.024,-75.43763746,45.33445611,2015-02-25,16:28,01 - Clear,01 - Dry,02 - Stop sign,03 - At intersection,01 - Daylight,03 - P.D. only,02 - Angle,Navan - Vars
6760,MONTREAL RD btwn L'ALLEMAND ST & ALTHA AVE,370595.9509,5033360.956,-75.65901961,45.43708483,2015-01-14,8:40,01 - Clear,04 - Slush,10 - No control,01 - Non intersection,01 - Daylight,03 - P.D. only,05 - Turning movement,Vanier South
6761,PRINCE OF WALES DR @ MEADOWLANDS DR/HOG'S BACK,367370.955,5025692.995,-75.70120914,45.36838677,2015-01-12,7:24,03 - Snow,03 - Loose snow,01 - Traffic signal,03 - At intersection,03 - Dawn,03 - P.D. only,05 - Turning movement,Carleton Heights - Rideauview
6762,STRANDHERD DR @ WOODROFFE AVE,366107.1179,5015393.703,-75.71861696,45.27582669,2015-01-16,19:22,01 - Clear,06 - Ice,01 - Traffic signal,02 - Intersection related,07 - Dark,03 - P.D. only,03 - Rear end,Chapman Mills - Rideau Crest - Davidson Heights
6763,CANOTEK RD @ SHEFFORD RD,376027.8006,5035093.116,-75.58934939,45.45213751,2015-01-17,0:54,01 - Clear,06 - Ice,01 - Traffic signal,03 - At intersection,07 - Dark,03 - P.D. only,07 - SMV other,Greenbelt
6764,INSMILL CRES btwn CHELTONIA WAY & GOLDRIDGE DR S,350002.709,5019246.501,-75.92351047,45.31171513,2015-01-05,9:34,01 - Clear,04 - Slush,10 - No control,04 - At/near private drive,01 - Daylight,03 - P.D. only,06 - SMV unattended vehicle,Kanata Lakes - Marchwood Lakeside - Morgan's Grant - Kanata
6765,PLACE D'ORLEANS DR btwn OR174 IC102 RAMP51 & ST. JOSEPH BLVD (3),381517.1537,5037794.991,-75.51875608,45.4758657,2015-01-05,17:49,01 - Clear,06 - Ice,10 - No control,01 - Non intersection,07 - Dark,03 - P.D. only,04 - Sideswipe,Industrial Park
6766,MONTREAL RD btwn GRANVILLE ST & ALFRED ST,370929.2839,5033522.404,-75.65473784,45.43850602,2015-01-12,20:01,03 - Snow,03 - Loose snow,10 - No control,01 - Non intersection,07 - Dark,03 - P.D. only,07 - SMV other,Vanier South
6767,WOODFIELD DR btwn DOWNSVIEW CRES & MERIVALE RD,365428.9425,5022281.178,-75.72641725,45.33785845,2015-02-20,19:03,01 - Clear,01 - Dry,10 - No control,04 - At/near private drive,07 - Dark,03 - P.D. only,02 - Angle,Tanglewood
6768,WEST HUNT CLUB RD @ ANTARES DR/LASER ST,367107.7113,5022080.056,-75.70502471,45.33590171,2015-02-21,9:58,01 - Clear,01 - Dry,01 - Traffic signal,02 - Intersection related,01 - Daylight,03 - P.D. only,07 - SMV other,Industrial Park
6769,MONTREAL RD btwn CENTER ST & BRITTANY DR,371847.3846,5033963.639,-75.64294391,45.4423886,2015-01-12,9:30,03 - Snow,04 - Slush,10 - No control,04 - At/near private drive,01 - Daylight,03 - P.D. only,05 - Turning movement,Cummings
6770,BLACKBURN BYPASS @ NAVAN RD,379617.7738,5033274.588,-75.5437342,45.43540061,2015-02-26,2:14,01 - Clear,01 - Dry,01 - Traffic signal,03 - At intersection,07 - Dark,03 - P.D. only,07 - SMV other,Greenbelt
6771,GREENBANK RD @ HARRISON ST/ASHGROVE CRES,360840.6456,5022006.049,-75.78498709,45.33576433,2015-02-26,7:40,01 - Clear,01 - Dry,01 - Traffic signal,02 - Intersection related,01 - Daylight,03 - P.D. only,03 - Rear end,Briar Green - Leslie Park
6772,MEADOWLANDS DR @ MERIVALE RD,364857.736,5023725.028,-75.73352948,45.35089916,2015-01-13,20:37,01 - Clear,06 - Ice,01 - Traffic signal,03 - At intersection,07 - Dark,03 - P.D. only,04 - Sideswipe,Cityview - Skyline - Fisher Heights
6773,BLACKBURN AVE @ SOMERSET ST,369408.2591,5031949.151,-75.6743839,45.42449271,2015-01-13,17:05,01 - Clear,04 - Slush,02 - Stop sign,02 - Intersection related,05 - Dusk,03 - P.D. only,01 - Approaching,Sandy Hill
6774,HUNTMAR DR btwn PALLADIUM DR & MAPLE GROVE RD,349745.4017,5017268.057,-75.92697123,45.29392902,2015-03-01,13:24,01 - Clear,01 - Dry,10 - No control,04 - At/near private drive,01 - Daylight,03 - P.D. only,02 - Angle,Stittsville - Basswood
6775,GREENBANK RD @ CANFIELD RD/CRAIG HENRY DR,361106.6798,5021364.01,-75.78166611,45.32996597,2015-03-02,8:47,01 - Clear,01 - Dry,01 - Traffic signal,03 - At intersection,01 - Daylight,03 - P.D. only,03 - Rear end,Woodvale - Craig Henry - Manordale - Estates of Arlington Wo
6776,DECARIE DR @ JEANNE D'ARC BLVD,380867.7727,5038508.152,-75.52695028,45.48235318,2015-02-27,18:51,01 - Clear,01 - Dry,01 - Traffic signal,03 - At intersection,07 - Dark,03 - P.D. only,04 - Sideswipe,Orleans South West
6777,ANDERSON RD @ NINTH LINE RD,382016.71,5021093.113,-75.51498237,45.32553956,2015-02-28,3:18,01 - Clear,01 - Dry,02 - Stop sign,03 - At intersection,07 - Dark,03 - P.D. only,07 - SMV other,Greenbelt
6778,CHAPEL ST @ RIDEAU ST,368893.3722,5032641.826,-75.68087271,45.43077251,2015-02-26,19:30,01 - Clear,02 - Wet,01 - Traffic signal,02 - Intersection related,07 - Dark,03 - P.D. only,03 - Rear end,Lowe
6779,INNES RD btwn PAGE RD & 473 E OF PAGE RD/BUILDERS' WAREHOUSE SC,380980.2791,5034595.976,-75.52611763,45.44714233,2015-01-14,9:38,01 - Clear,01 - Dry,10 - No control,01 - Non intersection,01 - Daylight,03 - P.D. only,03 - Rear end,Orleans Village - Chateauneuf
6780,JEANNE D'ARC BLVD  N btwn BILBERRY DR & AVIGNON CRT,380456.2452,5038410.404,-75.53222879,45.48151844,2015-01-12,7:49,03 - Snow,03 - Loose snow,10 - No control,01 - Non intersection,03 - Dawn,03 - P.D. only,06 - SMV unattended vehicle,Orleans South West
6781,STITTSVILLE MAIN ST @ HAZELDEAN RD,349557.4342,5014879.199,-75.92958305,45.27244528,2015-01-06,17:09,03 - Snow,06 - Ice,01 - Traffic signal,02 - Intersection related,05 - Dusk,03 - P.D. only,03 - Rear end,Stittsville
6782,HEMLOCK RD btwn LANSDOWNE RD S & WHITEMARL DR,369856.4042,5034519.29,-75.6683181,45.44757623,2015-01-06,21:28,03 - Snow,06 - Ice,10 - No control,01 - Non intersection,07 - Dark,03 - P.D. only,03 - Rear end,Rockcliffe - Manor Park
6783,GREENBANK RD @ WEST HUNT CLUB RD,361479.677,5020501.033,-75.77700676,45.32217089,2015-01-10,13:30,01 - Clear,02 - Wet,01 - Traffic signal,02 - Intersection related,01 - Daylight,03 - P.D. only,03 - Rear end,Greenbelt
6784,CAMPEAU DR/HWY 417 MARCH IC138R63 @ MARCH RD,352842.5888,5020475.985,-75.88717504,45.32258974,2015-01-10,14:10,03 - Snow,03 - Loose snow,01 - Traffic signal,02 - Intersection related,01 - Daylight,03 - P.D. only,03 - Rear end,Greenbelt
6785,CARLING AVE @ KIRKWOOD AVE S,364351.7005,5027338.031,-75.73955156,45.38345158,2015-01-12,18:30,03 - Snow,03 - Loose snow,01 - Traffic signal,02 - Intersection related,07 - Dark,03 - P.D. only,03 - Rear end,Carlington
6786,HWY417 IC131 RAMP53 btwn HIGHWAY 417 & HWY417 IC131 RAMP63,358034.6008,5022698.289,-75.82071185,45.34221165,2015-02-04,11:25,03 - Snow,04 - Slush,10 - No control,01 - Non intersection,01 - Daylight,03 - P.D. only,07 - SMV other,Greenbelt
6787,210 W OF MERIVALE RD @ WEST HUNT CLUB RD,365429.3366,5021830.635,-75.72646742,45.33380449,2015-02-21,10:30,03 - Snow,03 - Loose snow,01 - Traffic signal,03 - At intersection,01 - Daylight,03 - P.D. only,05 - Turning movement,Tanglewood
6788,MERIVALE RD btwn BURRIS LANE & OT/NE BOUNDARY,364968.9133,5025208.406,-75.73193018,45.36423684,2015-02-21,12:31,03 - Snow,04 - Slush,10 - No control,01 - Non intersection,01 - Daylight,03 - P.D. only,04 - Sideswipe,Cityview - Skyline - Fisher Heights
6789,BANTON ST @ WALKLEY RD,374247.7367,5028250.019,-75.61306944,45.39074605,2015-01-12,9:48,03 - Snow,03 - Loose snow,01 - Traffic signal,02 - Intersection related,01 - Daylight,03 - P.D. only,02 - Angle,Hawthorne Meadows
6790,CARP RD btwn ARBOURBROOK BLVD & REIS RD,344977.9418,5018559.707,-75.98764643,45.30584056,2015-01-12,10:00,03 - Snow,04 - Slush,10 - No control,04 - At/near private drive,01 - Daylight,03 - P.D. only,05 - Turning movement,Stittsville - Basswood
6791,BANK ST @ HUNT CLUB RD,371608.2546,5024094.699,-75.64733698,45.35361475,2015-01-12,6:21,03 - Snow,06 - Ice,01 - Traffic signal,03 - At intersection,07 - Dark,03 - P.D. only,02 - Angle,South Keys - Heron Gate - Greenboro West
6792,STRANDHERD DR @ ANDORA AVE,363229.4581,5014302.644,-75.75541905,45.26625433,2015-01-16,16:01,05 - Drifting Snow,06 - Ice,01 - Traffic signal,02 - Intersection related,01 - Daylight,03 - P.D. only,03 - Rear end,New Barrhaven
6793,IRIS ST @ WOODROFFE AVE,362283.174,5024441.64,-75.76630054,45.35756294,2015-02-26,8:57,01 - Clear,01 - Dry,01 - Traffic signal,03 - At intersection,01 - Daylight,03 - P.D. only,02 - Angle,Iris
6794,IRIS ST @ WOODROFFE AVE,362283.174,5024440.917,-75.76630063,45.35755643,2015-02-26,9:09,01 - Clear,01 - Dry,01 - Traffic signal,03 - At intersection,01 - Daylight,03 - P.D. only,05 - Turning movement,Iris
6795,WOODROFFE AVE btwn 260 N OF FALLOWFIELD RD/TRANSITWAY & FALLOWFIELD RD,365024.7023,5018065.13,-75.73208723,45.29995764,2015-01-14,8:20,01 - Clear,06 - Ice,10 - No control,01 - Non intersection,01 - Daylight,03 - P.D. only,03 - Rear end,Greenbelt
6796,MACDONALD-CARTIER BR btwn RAMP & END (2),367345.9039,5033237.26,-75.70057209,45.43627014,2015-01-14,8:59,01 - Clear,01 - Dry,10 - No control,07 - Overpass or bridge,01 - Daylight,03 - P.D. only,99 - Other,Bywar
6797,LAURIER AVE @ O'CONNOR ST,367635.7368,5031359.059,-75.6971076,45.41934473,2015-01-01,0:30,01 - Clear,01 - Dry,01 - Traffic signal,03 - At intersection,07 - Dark,03 - P.D. only,02 - Angle,Downtown
6798,WALKLEY RD btwn SHEFFIELD RD & WALKLEY EXTENSION RD,375346.4098,5028835.141,-75.59895614,45.39590087,2015-01-05,12:49,03 - Snow,03 - Loose snow,10 - No control,01 - Non intersection,01 - Daylight,03 - P.D. only,07 - SMV other,Industrial Park
6799,ISLAND PARK DR @ RICHMOND RD,364130.4731,5028869.686,-75.74219213,45.3972519,2015-02-28,11:31,01 - Clear,02 - Wet,01 - Traffic signal,02 - Intersection related,01 - Daylight,03 - P.D. only,03 - Rear end,Island Park
6800,BANK ST @ RIVERSIDE DR S,369305.681,5027894.071,-75.67622511,45.38801599,2015-03-02,18:27,01 - Clear,01 - Dry,01 - Traffic signal,03 - At intersection,07 - Dark,03 - P.D. only,02 - Angle,Alta Vista
6801,KING EDWARD AVE @ OSGOODE ST/THOMAS MORE PRIV,368849.7068,5031852.093,-75.68153341,45.42367079,2015-03-02,16:30,01 - Clear,01 - Dry,01 - Traffic signal,02 - Intersection related,01 - Daylight,03 - P.D. only,03 - Rear end,Sandy Hill
6802,RUSSELL RD btwn RUSSELL RD & WALKLEY RD,374683.4186,5028488.457,-75.60747217,45.39284806,2015-01-14,10:35,01 - Clear,01 - Dry,10 - No control,01 - Non intersection,01 - Daylight,03 - P.D. only,04 - Sideswipe,Industrial Park
6803,VALLEY STREAM DR btwn SHADOW CRT & SANDCASTLE DR,359389.8803,5021716.695,-75.80352767,45.33327509,2015-01-13,21:45,01 - Clear,06 - Ice,10 - No control,04 - At/near private drive,07 - Dark,03 - P.D. only,06 - SMV unattended vehicle,Briar Green - Leslie Park
6804,AVIATION PKWY @ OGILVIE RD,373112.6419,5032375.14,-75.62699262,45.4279736,2015-01-12,17:09,01 - Clear,04 - Slush,01 - Traffic signal,03 - At intersection,05 - Dusk,03 - P.D. only,05 - Turning movement,Industrial Park
6805,WILLOW ST btwn PRESTON ST & ROCHESTER ST,366476.7068,5029880.358,-75.71210089,45.40614292,2015-01-16,22:00,01 - Clear,03 - Loose snow,10 - No control,01 - Non intersection,07 - Dark,03 - P.D. only,06 - SMV unattended vehicle,Little Italy
6806,MARCH RD @ TERRY FOX DR,349864.6086,5023398.425,-75.92489366,45.34908405,2015-01-17,8:31,01 - Clear,06 - Ice,01 - Traffic signal,02 - Intersection related,01 - Daylight,03 - P.D. only,03 - Rear end,South March
6807,MERIVALE RD @ WEST HUNT CLUB RD,365612.6952,5021942.98,-75.72411447,45.33479948,2015-01-09,21:31,01 - Clear,03 - Loose snow,01 - Traffic signal,02 - Intersection related,07 - Dark,03 - P.D. only,04 - Sideswipe,Tanglewood
6808,CYRVILLE RD @ INNES RD,375048.6886,5031118.118,-75.602433,45.41647184,2015-01-10,13:15,01 - Clear,02 - Wet,01 - Traffic signal,02 - Intersection related,01 - Daylight,03 - P.D. only,04 - Sideswipe,Industrial Park
6809,MARCH RD btwn CORKSTOWN RD & HWY417 IC138 RAMP62,352712.4683,5020758.394,-75.88880742,45.32513981,2015-01-09,17:45,03 - Snow,05 - Packed snow,10 - No control,01 - Non intersection,07 - Dark,03 - P.D. only,03 - Rear end,Greenbelt
6810,BEECHWOOD AVE @ CHARLEVOIX ST/MACKAY ST,369186.8349,5033593.797,-75.67699808,45.43931102,2015-01-13,14:07,01 - Clear,02 - Wet,01 - Traffic signal,03 - At intersection,01 - Daylight,03 - P.D. only,02 - Angle,Lindenlea - New Edinburgh
6811,BANK ST @ WALKLEY RD,370338.8159,5025946.289,-75.66329132,45.37039458,2015-01-13,14:41,01 - Clear,01 - Dry,01 - Traffic signal,02 - Intersection related,01 - Daylight,03 - P.D. only,04 - Sideswipe,Ledbury - Heron Gate - Ridgemont - Elmwood
6812,JOCKVALE RD @ STRANDHERD DR,363561.4444,5014577.355,-75.75115633,45.26869853,2015-02-21,12:38,01 - Clear,06 - Ice,01 - Traffic signal,02 - Intersection related,01 - Daylight,03 - P.D. only,03 - Rear end,Barrhaven West - Old Barrhaven
6813,BANK ST btwn WALKLEY RD & SURREY AVE,370364.5374,5025869.592,-75.66297316,45.36970208,2015-02-21,12:10,03 - Snow,06 - Ice,10 - No control,04 - At/near private drive,01 - Daylight,03 - P.D. only,02 - Angle,Ledbury - Heron Gate - Ridgemont - Elmwood
6814,JOCKVALE RD @ EXETER DR/TARTAN DR,363322.7156,5014772.934,-75.75417533,45.27047826,2015-01-12,10:35,03 - Snow,04 - Slush,11 - Roundabout,03 - At intersection,01 - Daylight,03 - P.D. only,03 - Rear end,Barrhaven West - Old Barrhaven
6815,FISHER AVE @ PRINCE OF WALES DR,367162.6687,5023941.066,-75.70408896,45.35264185,2015-01-12,9:02,04 - Freezing Rain,04 - Slush,01 - Traffic signal,02 - Intersection related,01 - Daylight,03 - P.D. only,03 - Rear end,Borden Farm - Stewart Farm - Parkwood Hills - Fisher Glen
6816,NICOLLS ISLAND RD @ RIVER RD,367868.7095,5012731.973,-75.69650492,45.25172085,2015-02-26,13:46,01 - Clear,06 - Ice,02 - Stop sign,02 - Intersection related,01 - Daylight,03 - P.D. only,03 - Rear end,Greenbelt
6817,EARL ARMSTRONG RD @ RIVER RD,367570.7908,5014684.879,-75.7000533,45.26931961,2015-02-26,15:30,01 - Clear,01 - Dry,01 - Traffic signal,02 - Intersection related,01 - Daylight,03 - P.D. only,03 - Rear end,Gloucester
6818,APELDOORN AVE @ NORMANDY CRES N,367022.7124,5024997.031,-75.70574208,45.36215564,2015-01-19,15:21,01 - Clear,06 - Ice,02 - Stop sign,03 - At intersection,01 - Daylight,03 - P.D. only,02 - Angle,Carleton Heights - Rideauview
6819,WEST HUNT CLUB RD @ ANTARES DR/LASER ST,367107.7113,5022081.984,-75.70502446,45.33591906,2015-01-21,9:42,01 - Clear,02 - Wet,01 - Traffic signal,02 - Intersection related,01 - Daylight,03 - P.D. only,03 - Rear end,Industrial Park
6820,INDUSTRIAL AVE @ RIVERSIDE DR,370684.7186,5030593.035,-75.65825536,45.41217188,2015-01-05,14:10,01 - Clear,01 - Dry,01 - Traffic signal,02 - Intersection related,01 - Daylight,03 - P.D. only,04 - Sideswipe,Industrial Park
6821,PINEGLADE CRES btwn ORLEANS BLVD & LONGLEAF DR,380657.2509,5034041.313,-75.5303321,45.44218703,2015-01-05,15:59,01 - Clear,06 - Ice,10 - No control,01 - Non intersection,01 - Daylight,03 - P.D. only,01 - Approaching,Chapel Hill South
6822,MERIVALE RD btwn FAMILY BROWN LANE & BASIL MACDONALD WAY,365091.4994,5023189.068,-75.73061175,45.34605661,2015-03-02,18:48,01 - Clear,01 - Dry,10 - No control,01 - Non intersection,07 - Dark,03 - P.D. only,04 - Sideswipe,Borden Farm - Stewart Farm - Parkwood Hills - Fisher Glen
6823,LABELLE ST/RAMP @ LEMIEUX ST/HWY417 IC115 RAMP,372539.7927,5031690.015,-75.63440678,45.42186489,2015-01-02,11:05,01 - Clear,01 - Dry,02 - Stop sign,02 - Intersection related,01 - Daylight,03 - P.D. only,04 - Sideswipe,Cummings
6824,DONALD ST @ ST. LAURENT BLVD,372093.7129,5032471.139,-75.63999951,45.42893613,2015-01-02,16:20,01 - Clear,01 - Dry,01 - Traffic signal,02 - Intersection related,01 - Daylight,03 - P.D. only,04 - Sideswipe,Overbrook
6825,INNES RD @ PAGE RD,380889.6767,5034539.109,-75.52728451,45.44664055,2015-01-14,8:40,01 - Clear,06 - Ice,01 - Traffic signal,02 - Intersection related,01 - Daylight,03 - P.D. only,03 - Rear end,Chapel Hill South
6826,GARLAND ST @ SOMERSET ST W/WELLINGTON ST,365652.128,5029845.676,-75.7226379,45.40590304,2015-01-13,18:50,01 - Clear,04 - Slush,01 - Traffic signal,02 - Intersection related,07 - Dark,03 - P.D. only,99 - Other,Centretow
6827,ST. LAURENT BLVD @ MCARTHUR AVE,371921.719,5032887.093,-75.64214061,45.43269522,2015-01-13,7:41,01 - Clear,02 - Wet,01 - Traffic signal,02 - Intersection related,03 - Dawn,03 - P.D. only,03 - Rear end,Cummings
6828,PARKDALE AVE btwn ARMSTRONG ST & GRANT ST,365106.3271,5029366.459,-75.72966826,45.40163839,2015-01-12,17:30,01 - Clear,04 - Slush,10 - No control,04 - At/near private drive,05 - Dusk,03 - P.D. only,05 - Turning movement,Islan
6829,GREENBANK RD btwn JOCKVALE RD & CAMBRIAN RD,364495.8858,5013501.293,-75.73937836,45.25893741,2015-01-17,8:55,01 - Clear,02 - Wet,10 - No control,01 - Non intersection,01 - Daylight,03 - P.D. only,01 - Approaching,New Barrhaven
6830,HIGHWAY 417 btwn HWY417 IC118 RAMP67 & HWY417 IC117 RAMP36,369758.3922,5031157.278,-75.6700145,45.41733532,2015-03-21,22:00,01 - Clear,06 - Ice,10 - No control,01 - Non intersection,07 - Dark,03 - P.D. only,04 - Sideswipe,Sandy Hill
6831,PARENT AVE @ ST. PATRICK ST,367822.6662,5032556.111,-75.69456617,45.43009859,2015-01-09,23:16,01 - Clear,02 - Wet,01 - Traffic signal,02 - Intersection related,07 - Dark,03 - P.D. only,02 - Angle,Byward Market
6832,KENT ST @ SPARKS ST,367141.1441,5031454.492,-75.70341464,45.42024765,2015-01-10,1:50,01 - Clear,03 - Loose snow,01 - Traffic signal,02 - Intersection related,07 - Dark,03 - P.D. only,07 - SMV other,Downtown
6833,TARTAN DR btwn BENTBROOK CRES & BENTBROOK CRES,363278.8619,5014668.466,-75.75474646,45.2695419,2015-01-10,15:30,01 - Clear,02 - Wet,10 - No control,01 - Non intersection,01 - Daylight,03 - P.D. only,07 - SMV other,Barrhaven West - Old Barrhaven
6834,FALLOWFIELD RD btwn EAGLESON RD & RICHMOND RD,356617.6952,5012880.375,-75.83981673,45.25397463,2015-01-10,13:57,01 - Clear,01 - Dry,10 - No control,01 - Non intersection,01 - Daylight,03 - P.D. only,99 - Other,Munster Hamlet - Richmond
6835,WOODROFFE AVE @ SPORTSPLEX N,363764.6262,5021065.788,-75.74779568,45.32706431,2015-01-13,15:58,01 - Clear,02 - Wet,01 - Traffic signal,02 - Intersection related,01 - Daylight,03 - P.D. only,03 - Rear end,Merivale Gardens - Grenfell Glen - Pineglen - Country Place
6836,ABBOTT ST @ MOSS HILL TR,350941.7564,5013957.728,-75.91202691,45.26406411,2015-01-13,16:07,01 - Clear,04 - Slush,02 - Stop sign,03 - At intersection,01 - Daylight,03 - P.D. only,02 - Angle,Stittsville
6837,MERIVALE RD btwn KIMWAY CRES & LOBLAWS SC,364760.6245,5024861.84,-75.73463085,45.36113634,2015-02-21,13:39,03 - Snow,03 - Loose snow,10 - No control,01 - Non intersection,01 - Daylight,03 - P.D. only,03 - Rear end,Cityview - Skyline - Fisher Heights
6838,FESSENDEN WAY @ MCCURDY DR,351561.4163,5018127.326,-75.90373826,45.30154245,2015-02-21,14:03,03 - Snow,03 - Loose snow,02 - Stop sign,03 - At intersection,01 - Daylight,03 - P.D. only,01 - Approaching,Katimavik - Hazeldean
6839,FALLOWFIELD RD @ GREENBANK RD,363081.6396,5016731.01,-75.75701747,45.2881171,2015-01-12,16:37,03 - Snow,04 - Slush,01 - Traffic signal,02 - Intersection related,01 - Daylight,03 - P.D. only,04 - Sideswipe,Barrhaven West - Old Barrhaven
6840,GREENBANK RD @ BERRIGAN DR/WESSEX RD,363722.7178,5015276.907,-75.74901825,45.27497962,2015-01-16,14:03,01 - Clear,02 - Wet,01 - Traffic signal,03 - At intersection,01 - Daylight,03 - P.D. only,02 - Angle,New Barrhaven
6841,FALAISE RD @ FISHER AVE,366774.7443,5024562.003,-75.70896157,45.35826331,2015-01-22,8:50,01 - Clear,06 - Ice,02 - Stop sign,02 - Intersection related,01 - Daylight,03 - P.D. only,03 - Rear end,Carleton Heights - Rideauview
6842,MAPLE GROVE RD @ TERRY FOX DR,351554.5725,5017863.019,-75.90385045,45.2991646,2015-01-23,16:19,01 - Clear,01 - Dry,01 - Traffic signal,03 - At intersection,01 - Daylight,03 - P.D. only,02 - Angle,Katimavik - Hazeldean
6843,CHURCHILL AVE @ RICHMOND RD,363227.6938,5028293.997,-75.75379021,45.39214787,2015-02-26,17:03,01 - Clear,02 - Wet,01 - Traffic signal,03 - At intersection,01 - Daylight,03 - P.D. only,02 - Angle,Carlingwood - McKellar Park - Laurentien View
6844,MERIVALE RD @ CAPILANO DR/WITHROW AVE,364643.3929,5024229.215,-75.73620371,45.35545409,2015-02-26,16:35,01 - Clear,01 - Dry,01 - Traffic signal,02 - Intersection related,01 - Daylight,03 - P.D. only,03 - Rear end,Cityview - Skyline - Fisher Heights
6845,POOLER AVE btwn DESCHENES ST & END,361389.6841,5026688.702,-75.7774465,45.37785452,2015-01-24,11:45,01 - Clear,04 - Slush,10 - No control,04 - At/near private drive,01 - Daylight,03 - P.D. only,06 - SMV unattended vehicle,Woodroffe - Lincoln Heights
6846,BLAIR RD @ REGIONAL RD 174 N/OR174 IC112 RAMP61,374633.4819,5032992.06,-75.60747177,45.43337412,2015-01-05,16:46,01 - Clear,06 - Ice,01 - Traffic signal,02 - Intersection related,05 - Dusk,03 - P.D. only,03 - Rear end,Industrial Park
6847,SLATER ST btwn BANK ST & O'CONNOR ST,367441.7227,5031365.267,-75.69958561,45.41941798,2015-01-05,21:47,03 - Snow,02 - Wet,10 - No control,01 - Non intersection,07 - Dark,03 - P.D. only,04 - Sideswipe,Downtown
6848,ALBION RD @ HUNT CLUB RD,371867.7337,5024320.036,-75.6439951,45.35561749,2015-03-04,21:26,01 - Clear,01 - Dry,01 - Traffic signal,03 - At intersection,07 - Dark,03 - P.D. only,05 - Turning movement,South Keys - Heron Gate - Greenboro West
6849,ST. LAURENT BLVD btwn TO BE DETERMINED & DWELLINGHAM PRIV,373498.043,5029048.705,-75.62253158,45.39800621,2015-01-04,15:10,03 - Snow,04 - Slush,10 - No control,01 - Non intersection,01 - Daylight,03 - P.D. only,04 - Sideswipe,Hawthorne Meadows
6850,CARLING AVE @ FAIRLAWN AVE/WOODROFFE AVE E,361934.6841,5025830.528,-75.77058762,45.37008852,2015-01-07,6:43,03 - Snow,03 - Loose snow,01 - Traffic signal,02 - Intersection related,07 - Dark,03 - P.D. only,99 - Other,Carlingwood West - Glabar Park - McKellar Heights
6851,BASELINE RD @ MERIVALE RD,365054.6964,5025324.069,-75.73082114,45.36527019,2015-01-09,17:00,03 - Snow,03 - Loose snow,01 - Traffic signal,02 - Intersection related,05 - Dusk,03 - P.D. only,03 - Rear end,Cityview - Skyline - Fisher Heights
6852,PRINCE OF WALES DR btwn STRANDHERD DR & BARNSTONE DR,367186.8561,5014842.986,-75.7049258,45.27077641,2015-01-14,13:26,01 - Clear,06 - Ice,10 - No control,01 - Non intersection,01 - Daylight,03 - P.D. only,07 - SMV other,Greenbelt
6853,RIVERSIDE DR NB btwn INDUSTRIAL AVE & TREMBLAY RD,370704.4828,5030651.546,-75.65799505,45.41269647,2015-01-13,9:13,01 - Clear,06 - Ice,10 - No control,01 - Non intersection,01 - Daylight,03 - P.D. only,04 - Sideswipe,Industrial Park
6854,BARNES CRES btwn HARRISON ST & HARRISON ST,360375.7145,5022186.194,-75.79089837,45.33742226,2015-02-12,16:30,01 - Clear,05 - Packed snow,10 - No control,01 - Non intersection,01 - Daylight,03 - P.D. only,03 - Rear end,Leslie Park
6855,PAGE RD btwn MEADOWGLEN DR & INNES RD,380870.5242,5034581.093,-75.52752282,45.44702037,2015-02-14,17:20,01 - Clear,04 - Slush,10 - No control,04 - At/near private drive,05 - Dusk,03 - P.D. only,02 - Angle,Orleans Village - Chateauneuf
6856,SOMERSET ST    W btwn PRESTON ST & ROCHESTER ST,366319.2649,5030131.906,-75.71408057,45.40842014,2015-01-10,1:56,01 - Clear,02 - Wet,10 - No control,01 - Non intersection,07 - Dark,03 - P.D. only,03 - Rear end,Little Italy
6857,HADLEY CIRC @ MOODIE DR,357136.6483,5020300.962,-75.83242266,45.32070785,2015-01-10,15:40,01 - Clear,06 - Ice,02 - Stop sign,02 - Intersection related,01 - Daylight,03 - P.D. only,03 - Rear end,Bells Corners West
6858,MARIELLE CRT btwn RICHMOND RD & END,359969.4565,5024244.79,-75.79585188,45.35597756,2015-01-09,12:00,01 - Clear,03 - Loose snow,10 - No control,04 - At/near private drive,01 - Daylight,03 - P.D. only,06 - SMV unattended vehicle,Whitehaven - Queensway Terrace North
6859,INNES RD btwn HWY417 IC112 RAMP56 & HWY417 IC112 RAMP68,374606.2243,5030910.321,-75.60811511,45.41464647,2015-01-14,7:16,01 - Clear,06 - Ice,10 - No control,07 - Overpass or bridge,03 - Dawn,03 - P.D. only,03 - Rear end,Industrial Park
6860,GALETTA SIDE RD @ UPPER DWYER HILL RD,320846.4696,5028845.127,-76.29503637,45.39936091,2015-02-21,13:00,03 - Snow,05 - Packed snow,02 - Stop sign,03 - At intersection,01 - Daylight,03 - P.D. only,02 - Angle,Mississipp