Record,Location,X,Y,lon,lat,Date,Time,Environment,Road_Surface,Traffic_Control,Collision_Location,Light,Collision_Classification,Impact_type,Neighborhood
6962,TRIM RD @ VALIN ST,386438.014,5037556.921,-75.45586602,45.47316582,2015-02-12,6:40,03 - Snow,05 - Packed snow,01 - Traffic signal,02 - Intersection related,03 - Dawn,03 - P.D. only,06 - SMV unattended vehicle,Cardinal Creek
6963,DUNELM ST btwn ELSETT DR & VALLEY DR,373387.1041,5028468.533,-75.62402907,45.39279696,2015-08-06,17:39,01 - Clear,01 - Dry,10 - No control,01 - Non intersection,01 - Daylight,03 - P.D. only,06 - SMV unattended vehicle,Urbandale
6964,SOMERSET ST @ SPADINA AVE,365711.6998,5029869.203,-75.72187406,45.40610954,2015-08-08,14:04,01 - Clear,01 - Dry,02 - Stop sign,03 - At intersection,01 - Daylight,03 - P.D. only,05 - Turning movement,Centretow
6965,BESSERER ST @ KING EDWARD AVE,368551.4259,5032340.942,-75.68528137,45.42809652,2015-07-26,11:17,01 - Clear,01 - Dry,01 - Traffic signal,02 - Intersection related,01 - Daylight,03 - P.D. only,03 - Rear end,Sand
6966,EAGLESON RD btwn FAULKNER TR & FALLOWFIELD RD,355938.571,5012654.586,-75.84849178,45.25199261,2015-08-19,16:14,02 - Rain,02 - Wet,10 - No control,01 - Non intersection,01 - Daylight,03 - P.D. only,03 - Rear end,Stittsville - Basswood
6967,MACKENZIE AVE @ RIDEAU ST,367868.9785,5032007.778,-75.69404457,45.4251607,2015-08-19,12:55,01 - Clear,01 - Dry,01 - Traffic signal,02 - Intersection related,01 - Daylight,03 - P.D. only,04 - Sideswipe,Byward Market - Parliament Hill
6968,BANK ST @ RIVERSIDE DR N,369225.7159,5027984.627,-75.67723438,45.38883814,2015-07-20,16:35,01 - Clear,01 - Dry,01 - Traffic signal,02 - Intersection related,01 - Daylight,03 - P.D. only,03 - Rear end,Alta Vista
6969,BLACKBURN BYPASS @ INNES RD E,379791.0272,5033781.205,-75.54144293,45.43994022,2015-07-20,11:40,01 - Clear,01 - Dry,01 - Traffic signal,02 - Intersection related,01 - Daylight,03 - P.D. only,03 - Rear end,Greenbelt
6970,MCCORDICK RD btwn ROGER STEVENS DR & CHURCH ST,364968.813,4997990.07,-75.73522451,45.11932525,2015-08-23,20:53,01 - Clear,01 - Dry,10 - No control,01 - Non intersection,05 - Dusk,03 - P.D. only,06 - SMV unattended vehicle,Munster Hamlet - Richmond
6971,AVIATION PKWY @ MONTREAL RD,372146.7166,5034107.137,-75.6390984,45.44365095,2015-02-01,11:14,01 - Clear,06 - Ice,01 - Traffic signal,02 - Intersection related,01 - Daylight,03 - P.D. only,03 - Rear end,Cummings
6972,OLD TENTH LINE RD @ TENTH LINE RD,383042.0151,5038358.497,-75.49916569,45.48076643,2015-02-01,13:26,01 - Clear,01 - Dry,01 - Traffic signal,02 - Intersection related,01 - Daylight,03 - P.D. only,03 - Rear end,Queenswood Heights
6973,LORRY GREENBERG DR @ MARGRAVE AVE,372619.1968,5025289.173,-75.63427207,45.36426514,2015-01-31,16:23,01 - Clear,01 - Dry,02 - Stop sign,02 - Intersection related,01 - Daylight,03 - P.D. only,03 - Rear end,Greenboro East
6974,SOMERSET ST    W btwn PRESTON ST & ROCHESTER ST,366409.6914,5030173.443,-75.71292028,45.40878593,2015-01-31,19:31,03 - Snow,02 - Wet,10 - No control,01 - Non intersection,07 - Dark,03 - P.D. only,07 - SMV other,Little Italy
6975,BANK ST btwn TURN LANE & MITCH OWENS RD,377714.6384,5016040.324,-75.57059761,45.28053686,2015-01-28,19:15,01 - Clear,02 - Wet,10 - No control,01 - Non intersection,07 - Dark,03 - P.D. only,07 - SMV other,Osgoode
6976,QUEEN MARY ST @ VANIER PKWY,370363.7105,5031955.175,-75.66217488,45.42445802,2015-01-29,21:13,03 - Snow,03 - Loose snow,01 - Traffic signal,03 - At intersection,07 - Dark,03 - P.D. only,05 - Turning movement,Overbrook
6977,ISLAND PARK DR @ SUNNYMEDE AVE,363664.6897,5029248.154,-75.74809574,45.40069661,2015-02-02,17:51,01 - Clear,03 - Loose snow,02 - Stop sign,03 - At intersection,07 - Dark,03 - P.D. only,02 - Angle,Champlain Park
6978,OTTAWA RIVER PKWY WB btwn OTTAWA RIVER PKWY WB RAMP/CARLING AVE WB & W,361385.2358,5026961.573,-75.77747202,45.38031015,2015-02-03,4:51,01 - Clear,06 - Ice,10 - No control,01 - Non intersection,07 - Dark,03 - P.D. only,07 - SMV other,Woodroffe - Lincoln Heights
6979,COLONEL BY DR btwn HAWTHORNE AVE & MAIN ST,368761.9271,5030551.109,-75.68282387,45.41197302,2015-02-04,3:30,01 - Clear,02 - Wet,10 - No control,01 - Non intersection,07 - Dark,03 - P.D. only,07 - SMV other,Old Ottawa East
6980,OTTAWA RIVER PKWY btwn TRANSITWAY - TIME POINT & VIMY PLACE PRIV,365953.8277,5030784.09,-75.71866775,45.41432035,2015-01-13,18:20,03 - Snow,05 - Packed snow,10 - No control,01 - Non intersection,07 - Dark,03 - P.D. only,07 - SMV other,LeBreto
6981,OGILVIE RD @ CITY PARK DR E/CSIS HQ ACCESS,374189.6921,5033010.095,-75.61314054,45.43358057,2015-01-14,22:05,06 - Strong wind,06 - Ice,01 - Traffic signal,02 - Intersection related,07 - Dark,03 - P.D. only,03 - Rear end,Industrial Park
6982,LEITRIM RD btwn 810 W OF HAWTHORNE & BANK ST,375403.0554,5021647.931,-75.5992596,45.33122798,2015-01-13,17:45,01 - Clear,01 - Dry,10 - No control,04 - At/near private drive,07 - Dark,03 - P.D. only,02 - Angle,Greenbelt
6983,CARP RD @ ROTHBOURNE RD,348254.5356,5014874.954,-75.9461876,45.2724888,2015-02-24,20:13,01 - Clear,02 - Wet,02 - Stop sign,02 - Intersection related,07 - Dark,03 - P.D. only,03 - Rear end,Stittsville
6984,CRAIG HENRY DR @ SHOREHAM AVE,361574.6388,5021688.048,-75.77565942,45.33284396,2015-02-12,16:30,01 - Clear,01 - Dry,02 - Stop sign,02 - Intersection related,01 - Daylight,03 - P.D. only,03 - Rear end,Woodvale - Craig Henry - Manordale - Estates of Arlington Wo
6985,MONTREAL RD @ ST. LAURENT BLVD,371545.7029,5033817.113,-75.64681971,45.4410991,2015-02-02,12:00,01 - Clear,06 - Ice,01 - Traffic signal,02 - Intersection related,01 - Daylight,03 - P.D. only,03 - Rear end,Cummings
6986,BRIAN COBURN BLVD @ STRASBOURG ST,384046.032,5034849.508,-75.4868905,45.44908253,2015-02-02,14:19,01 - Clear,03 - Loose snow,02 - Stop sign,02 - Intersection related,01 - Daylight,03 - P.D. only,03 - Rear end,Avalon
6987,WOODROFFE AVE @ KNOXDALE RD/MEDHURST DR,363419.6899,5021826.005,-75.75210559,45.33393358,2015-03-25,18:17,99 - Other,02 - Wet,01 - Traffic signal,02 - Intersection related,05 - Dusk,03 - P.D. only,03 - Rear end,Woodvale - Craig Henry - Manordale - Estates of Arlington Wo
6988,BELFAST RD btwn TRAINYARDS DR & ST. LAURENT BLVD,372337.0383,5030668.562,-75.63713731,45.41269392,2015-03-26,14:04,01 - Clear,01 - Dry,10 - No control,04 - At/near private drive,01 - Daylight,03 - P.D. only,05 - Turning movement,Industrial Park
6989,QUEEN ST btwn BANK ST & O'CONNOR ST,367409.1144,5031532.557,-75.69998097,45.42092612,2015-03-27,0:00,01 - Clear,01 - Dry,10 - No control,01 - Non intersection,00 - Unknown,03 - P.D. only,06 - SMV unattended vehicle,Downtown
6990,LABELLE ST/RAMP @ LEMIEUX ST/HWY417 IC115 RAMP,372539.5582,5031688.93,-75.63440992,45.42185515,2015-07-15,6:15,01 - Clear,01 - Dry,02 - Stop sign,02 - Intersection related,01 - Daylight,03 - P.D. only,04 - Sideswipe,Cummings
6991,CENTER ST @ MONTREAL RD,371821.7081,5033951.227,-75.64327379,45.44227939,2015-07-14,14:01,01 - Clear,01 - Dry,02 - Stop sign,02 - Intersection related,01 - Daylight,03 - P.D. only,03 - Rear end,Cummings
6992,SOJOURN ST btwn MARTELLO DR & BRIANNA WAY,385741.0277,5035823.968,-75.46506423,45.45765554,2015-06-19,0:00,01 - Clear,01 - Dry,10 - No control,01 - Non intersection,00 - Unknown,03 - P.D. only,06 - SMV unattended vehicle,Notting Hill
6993,STRATHCONA AVE btwn O'CONNOR ST & METCALFE ST,368463.853,5030219.196,-75.68667454,45.40901376,2015-08-18,15:36,01 - Clear,01 - Dry,10 - No control,01 - Non intersection,01 - Daylight,03 - P.D. only,06 - SMV unattended vehicle,The Glebe
6994,SPADINA AVE btwn SOMERSET ST W & LAUREL ST,365792.2758,5029679.638,-75.72086827,45.40439687,2015-08-24,0:00,01 - Clear,01 - Dry,10 - No control,01 - Non intersection,00 - Unknown,03 - P.D. only,06 - SMV unattended vehicle,Centretow
6995,CARLING AVE @ RICHMOND RD,360245.679,5024780.431,-75.79226653,45.36077545,2015-08-15,16:28,01 - Clear,01 - Dry,01 - Traffic signal,02 - Intersection related,01 - Daylight,03 - P.D. only,04 - Sideswipe,Whitehaven - Queensway Terrace North
6996,ST. LAURENT BLVD @ TREMBLAY RD,372595.7139,5031240.495,-75.63375414,45.4178149,2015-08-25,17:49,01 - Clear,01 - Dry,01 - Traffic signal,02 - Intersection related,01 - Daylight,03 - P.D. only,04 - Sideswipe,Industrial Park
6997,KINBURN SIDE RD btwn LOGGERS WAY & JOHN SHAW RD,330084.8718,5028807.213,-76.17703654,45.39874704,2015-08-18,20:35,01 - Clear,01 - Dry,10 - No control,01 - Non intersection,05 - Dusk,03 - P.D. only,07 - SMV other,Kinburn
6998,ARGYLE AVE btwn METCALFE ST & METCALFE ST,368393.6139,5030612.283,-75.68752107,45.41255701,2015-07-19,0:00,01 - Clear,01 - Dry,10 - No control,01 - Non intersection,00 - Unknown,03 - P.D. only,06 - SMV unattended vehicle,Centretown
6999,JOHN ST btwn THOMAS ST & CHARLES ST,368025.0054,5033873.736,-75.69181129,45.44193584,2015-07-17,14:21,01 - Clear,01 - Dry,10 - No control,04 - At/near private drive,01 - Daylight,03 - P.D. only,99 - Other,New Edinburgh
7000,MERIVALE RD @ SHILLINGTON AVE,364843.9735,5026809.178,-75.73333034,45.37865103,2015-08-23,19:42,01 - Clear,01 - Dry,01 - Traffic signal,03 - At intersection,01 - Daylight,03 - P.D. only,02 - Angle,Carlington
7001,KANATA AVE @ HWY 417 CASTLEFR IC139R15,351714.6782,5019143.888,-75.90168788,45.31067951,2015-08-23,15:50,01 - Clear,01 - Dry,01 - Traffic signal,03 - At intersection,01 - Daylight,03 - P.D. only,05 - Turning movement,Katimavik - Hazeldean
7002,BASELINE RD btwn CLYDE AVE & 207 E OF CLYDE AVE,364377.9804,5024903.525,-75.73950966,45.36154404,2015-02-02,12:19,03 - Snow,05 - Packed snow,10 - No control,01 - Non intersection,01 - Daylight,03 - P.D. only,03 - Rear end,Civic Hospital - Experimental Farm - Central Park
7003,LETT ST btwn Continuation of LETT ST & END,366408.685,5031056.212,-75.71282279,45.41672893,2015-02-03,15:45,03 - Snow,03 - Loose snow,10 - No control,04 - At/near private drive,01 - Daylight,03 - P.D. only,02 - Angle,LeBreton Flats
7004,RIDEAU ST btwn KING EDWARD AVE & NELSON ST,368579.932,5032454.503,-75.6849024,45.4291157,2015-02-01,13:54,01 - Clear,02 - Wet,10 - No control,04 - At/near private drive,01 - Daylight,03 - P.D. only,02 - Angle,Lowe
7005,AVONMORE CRES btwn VERMONT AVE & VERMONT AVE,366570.2624,5016480.568,-75.71257929,45.2855657,2015-02-01,12:30,01 - Clear,05 - Packed snow,10 - No control,04 - At/near private drive,01 - Daylight,03 - P.D. only,06 - SMV unattended vehicle,Chapman Mills - Rideau Crest - Davidson Heights
7006,REGIONAL ROAD 174 btwn OR174 IC112 RAMP36 & OR174 IC112 RAMP26,374709.6265,5032779.048,-75.60652895,45.43144995,2015-01-29,22:46,03 - Snow,03 - Loose snow,10 - No control,01 - Non intersection,07 - Dark,03 - P.D. only,99 - Other,Industrial Park
7007,SMYTH RD E/LANCASTER RD @ ST. LAURENT BLVD N/R,373364.902,5029423.904,-75.62417981,45.40139513,2015-01-30,11:46,03 - Snow,03 - Loose snow,01 - Traffic signal,02 - Intersection related,01 - Daylight,03 - P.D. only,03 - Rear end,Sheffield Glen
7008,NORTH RIVER RD btwn MARK AVE & MONTREAL RD,369735.8533,5032902.525,-75.67007237,45.43304046,2015-01-25,14:30,01 - Clear,01 - Dry,10 - No control,04 - At/near private drive,01 - Daylight,03 - P.D. only,02 - Angle,Vanier
7009,OTTAWA RIVER PKWY @ WOODROFFE AVE,361427.6455,5027001.091,-75.77692601,45.3806623,2015-01-26,7:40,01 - Clear,01 - Dry,02 - Stop sign,02 - Intersection related,03 - Dawn,03 - P.D. only,03 - Rear end,Woodroffe - Lincoln Heights
7010,OTTAWA RIVER PKWY @ ISLAND PARK DR,363297.7314,5029452.118,-75.75275846,45.4025626,2015-02-01,14:30,01 - Clear,00 - Unknown,01 - Traffic signal,02 - Intersection related,01 - Daylight,03 - P.D. only,03 - Rear end,Westboro
7011,OTTAWA RIVER PKWY WB btwn TRANSIT & TURN LANE,363149.2977,5029302.72,-75.75467204,45.40123073,2015-02-02,6:48,03 - Snow,03 - Loose snow,10 - No control,01 - Non intersection,07 - Dark,03 - P.D. only,07 - SMV other,Westboro
7012,MONTREAL RD @ DEN HAAG DR/LANG'S RD,372386.718,5034220.138,-75.63601526,45.44464452,2015-01-26,9:10,01 - Clear,06 - Ice,01 - Traffic signal,02 - Intersection related,01 - Daylight,03 - P.D. only,04 - Sideswipe,Carson Grove - Carson Meadows
7013,JEANNE D'ARC BLVD @ GREY NUNS DR/YOUVILLE DR,379669.7228,5036702.795,-75.54254853,45.4662395,2015-01-29,17:03,03 - Snow,03 - Loose snow,01 - Traffic signal,03 - At intersection,05 - Dusk,03 - P.D. only,05 - Turning movement,Greenbelt
7014,HIGHWAY 417 btwn HWY417 IC118 RAMP67 & HWY417 IC117 RAMP36,369837.8146,5031156.556,-75.6689999,45.41732145,2015-10-07,16:57,01 - Clear,01 - Dry,10 - No control,01 - Non intersection,01 - Daylight,03 - P.D. only,03 - Rear end,Sandy Hill
7015,CUMMINGS AVE @ MONTREAL RD,372006.7438,5034041.068,-75.64089651,45.44306997,2015-02-02,12:00,03 - Snow,04 - Slush,01 - Traffic signal,02 - Intersection related,01 - Daylight,03 - P.D. only,03 - Rear end,Cummings
7016,CONROY RD @ HUNT CLUB RD,373764.2219,5025406.089,-75.61964096,45.36520539,2015-02-02,15:12,03 - Snow,03 - Loose snow,01 - Traffic signal,02 - Intersection related,01 - Daylight,03 - P.D. only,03 - Rear end,Greenboro East
7017,BANK ST btwn ALTA VISTA DR & WALKLEY RD,370273.2737,5026136.169,-75.66410282,45.37210919,2015-03-26,16:48,01 - Clear,01 - Dry,10 - No control,01 - Non intersection,01 - Daylight,03 - P.D. only,03 - Rear end,Ledbury - Heron Gate - Ridgemont - Elmwood
7018,HUNT CLUB RD @ MALAK ST,374195.6627,5025653.035,-75.6140994,45.36738472,2015-03-27,9:11,01 - Clear,01 - Dry,02 - Stop sign,02 - Intersection related,01 - Daylight,03 - P.D. only,99 - Other,Hunt Club
7019,MONTMORENCY WAY btwn VIENNA TER & SPARKMAN AVE (2),384736.5978,5034734.655,-75.47808213,45.44797055,2015-03-29,13:30,01 - Clear,01 - Dry,10 - No control,01 - Non intersection,01 - Daylight,03 - P.D. only,06 - SMV unattended vehicle,Avalon
7020,SOMERSET ST    W btwn BREEZEHILL AVE N & PRESTON ST,366135.5267,5030053.979,-75.71643734,45.4077351,2015-04-10,12:00,01 - Clear,01 - Dry,10 - No control,01 - Non intersection,01 - Daylight,03 - P.D. only,06 - SMV unattended vehicle,Little Italy
7021,DEGAS CRT btwn PICASSO DR & END,374850.4652,5026140.745,-75.60567209,45.37170778,2015-04-11,1:15,01 - Clear,01 - Dry,10 - No control,01 - Non intersection,07 - Dark,03 - P.D. only,06 - SMV unattended vehicle,Hunt Club
7022,MONTREAL RD @ DEN HAAG DR/LANG'S RD,372385.6369,5034221.494,-75.63602889,45.44465682,2015-07-14,8:20,01 - Clear,01 - Dry,01 - Traffic signal,02 - Intersection related,01 - Daylight,03 - P.D. only,04 - Sideswipe,Carson Grove - Carson Meadows
7023,MARIER AVE @ MONTREAL RD,370419.7083,5033261.951,-75.66128523,45.43621059,2015-07-13,21:48,01 - Clear,01 - Dry,01 - Traffic signal,03 - At intersection,07 - Dark,03 - P.D. only,05 - Turning movement,Vanier South
7024,FORSEY ST btwn BRUYERE ST & ST. PATRICK ST,368489.0868,5033172.64,-75.68597038,45.43558552,2015-05-21,16:11,01 - Clear,01 - Dry,10 - No control,01 - Non intersection,01 - Daylight,03 - P.D. only,06 - SMV unattended vehicle,Lower Town
7025,INGERSOLL CRES btwn HUNTSVILLE DR & INGERSOLL CRES,349170.4716,5019516.26,-75.93409967,45.31419558,2015-07-12,16:10,01 - Clear,01 - Dry,10 - No control,04 - At/near private drive,01 - Daylight,03 - P.D. only,06 - SMV unattended vehicle,Kanata Lakes - Marchwood Lakeside - Morgan's Grant - Kanata
7026,EAGLESON RD @ KAKULU RD,353381.6176,5019151.108,-75.8804296,45.31063114,2015-08-19,17:30,01 - Clear,01 - Dry,01 - Traffic signal,03 - At intersection,01 - Daylight,03 - P.D. only,04 - Sideswipe,Greenbelt
7027,FALLOWFIELD RD @ VIA PARK PL/275 W OF WOODROFFE AVE,364847.958,5017767.102,-75.73437675,45.29729113,2015-08-18,17:45,01 - Clear,01 - Dry,01 - Traffic signal,03 - At intersection,01 - Daylight,03 - P.D. only,05 - Turning movement,New Barrhaven
7028,MERIVALE RD/LOTTA AVE @ CLYDE AVE,364520.9776,5024507.886,-75.73773232,45.35797197,2015-08-18,17:26,01 - Clear,01 - Dry,01 - Traffic signal,02 - Intersection related,01 - Daylight,03 - P.D. only,03 - Rear end,Cityview - Skyline - Fisher Heights
7029,CANAAN RD @ REGIONAL RD 174,395770.3746,5043413.191,-75.33544477,45.52469892,2015-07-16,17:23,01 - Clear,01 - Dry,01 - Traffic signal,02 - Intersection related,01 - Daylight,03 - P.D. only,03 - Rear end,Clarence-Rockland
7030,INNES RD @ 215 W OF CYRVILLE RD/HOME DEPOT W,374863.8856,5031000.423,-75.60481067,45.41543141,2015-07-16,11:45,01 - Clear,01 - Dry,01 - Traffic signal,03 - At intersection,01 - Daylight,03 - P.D. only,02 - Angle,Industrial Park
7031,ST. LAURENT BLVD @ TREMBLAY RD,372594.9932,5031241.936,-75.63376315,45.41782794,2015-08-23,12:35,01 - Clear,01 - Dry,01 - Traffic signal,02 - Intersection related,01 - Daylight,03 - P.D. only,04 - Sideswipe,Industrial Park
7032,HAWTHORNE RD btwn DAVIDSON RD & LEITRIM RD,376634.7316,5023629.025,-75.58326048,45.34892795,2015-02-04,18:19,03 - Snow,06 - Ice,10 - No control,01 - Non intersection,07 - Dark,03 - P.D. only,03 - Rear end,Greenbelt
7033,ALTA VISTA DR btwn CLONTARF AVE & RANDALL AVE,370405.83,5027386.301,-75.66224456,45.38334506,2015-02-01,16:05,01 - Clear,01 - Dry,10 - No control,01 - Non intersection,01 - Daylight,03 - P.D. only,04 - Sideswipe,Alta Vista
7034,ISLAND PARK DR @ RICHMOND RD,364130.1062,5028868.587,-75.74219695,45.39724205,2015-02-01,16:45,01 - Clear,01 - Dry,01 - Traffic signal,02 - Intersection related,01 - Daylight,03 - P.D. only,03 - Rear end,Island Park
7035,RICHMOND RD btwn WEST HUNT CLUB RD & STONEHAVEN DR,356772.9664,5015912.16,-75.83752136,45.28124379,2015-02-02,16:06,01 - Clear,04 - Slush,10 - No control,04 - At/near private drive,01 - Daylight,03 - P.D. only,02 - Angle,Bridlewood - Emerald Meadows
7036,CORKSTOWN RD btwn MOODIE DR & CRYSTAL BEACH DR,356760.0591,5022600.646,-75.8369845,45.34142861,2015-02-02,16:43,01 - Clear,05 - Packed snow,10 - No control,01 - Non intersection,01 - Daylight,03 - P.D. only,03 - Rear end,Crystal Bay - Lakeview Park - Britannia Village
7037,OTTAWA RIVER PKWY EB btwn TRANSIT & TURN LANE (2),361383.3081,5026910.489,-75.77750249,45.37985066,2015-02-03,21:07,01 - Clear,04 - Slush,10 - No control,01 - Non intersection,07 - Dark,03 - P.D. only,07 - SMV other,Woodroffe - Lincoln Heights
7038,HOLLAND AVE @ ISLAND PARK DR/N.C.C. DRIVEWAY,365425.6976,5027918.017,-75.72576711,45.38857804,2015-02-04,13:27,01 - Clear,03 - Loose snow,01 - Traffic signal,02 - Intersection related,01 - Daylight,03 - P.D. only,03 - Rear end,Civic Hospital - Experimental Farm - Central Park
7039,COLONEL BY DR btwn ECHO DR & CLEGG ST (2),369086.2176,5029083.879,-75.67887247,45.39874167,2015-02-04,14:15,03 - Snow,03 - Loose snow,10 - No control,01 - Non intersection,01 - Daylight,03 - P.D. only,03 - Rear end,Old Ottawa East
7040,OTTAWA RIVER PKWY WB btwn TRANSIT & TURN LANE,363226.4061,5029367.298,-75.75367953,45.40180536,2015-02-05,17:00,01 - Clear,02 - Wet,10 - No control,01 - Non intersection,05 - Dusk,03 - P.D. only,03 - Rear end,Westboro
7041,RUSSELL RD @ SOUTHVALE CRES S,374459.6666,5028633.062,-75.61030909,45.39417144,2015-01-30,16:21,05 - Drifting Snow,06 - Ice,01 - Traffic signal,03 - At intersection,01 - Daylight,03 - P.D. only,05 - Turning movement,Sheffield Glen
7042,HOLLAND AVE/TUNNEY'S PASTURE @ SCOTT ST,364737.697,5029594.111,-75.73434892,45.40371841,2015-01-31,9:31,01 - Clear,03 - Loose snow,01 - Traffic signal,02 - Intersection related,01 - Daylight,03 - P.D. only,03 - Rear end,Island Park
7043,TERRY FOX DR btwn HWY417 IC140 RAMP16 & HWY417 IC140 RAMP35,350934.2798,5018566.652,-75.91169366,45.30553709,2015-02-28,12:21,01 - Clear,01 - Dry,10 - No control,07 - Overpass or bridge,01 - Daylight,03 - P.D. only,03 - Rear end,Katimavik - Hazeldean
7044,HWY 417 MOODIE IC134R52 @ MOODIE DR,356459.2498,5022043.59,-75.84088077,45.33643839,2015-03-01,8:40,01 - Clear,01 - Dry,01 - Traffic signal,03 - At intersection,01 - Daylight,03 - P.D. only,04 - Sideswipe,Greenbelt
7045,TENTH LINE RD @ LAKEPOINTE DR,384258.8368,5035424.528,-75.48407747,45.45423188,2015-02-02,15:29,01 - Clear,03 - Loose snow,01 - Traffic signal,02 - Intersection related,01 - Daylight,03 - P.D. only,02 - Angle,Avalon
7046,EAGLESON RD btwn HAZELDEAN RD & 146 N OF ABBEYHILL DR/HAZELDEAN MALL S,353690.0104,5018380.605,-75.87657285,45.30367659,2015-02-02,15:49,03 - Snow,03 - Loose snow,10 - No control,04 - At/near private drive,01 - Daylight,03 - P.D. only,03 - Rear end,Greenbelt
7047,BRONSON AVE @ SUNNYSIDE AVE/UNIVERSITY RD - CA,367924.6378,5028091.065,-75.69383486,45.38991431,2015-02-02,12:15,03 - Snow,03 - Loose snow,01 - Traffic signal,02 - Intersection related,01 - Daylight,03 - P.D. only,07 - SMV other,Carleto
7048,GREENBANK RD btwn WEST HUNT CLUB RD & FALLOWFIELD RD,361537.5083,5020376.696,-75.77628338,45.32104743,2015-02-03,12:22,01 - Clear,06 - Ice,10 - No control,01 - Non intersection,01 - Daylight,03 - P.D. only,07 - SMV other,Woodvale - Craig Henry - Manordale - Estates of Arlington Wo
7049,BROOKFIELD RD btwn CLOVER ST & CARLSEN AVE,369408.892,5026353.684,-75.67510877,45.37414655,2015-03-14,1:42,01 - Clear,01 - Dry,10 - No control,01 - Non intersection,07 - Dark,03 - P.D. only,06 - SMV unattended vehicle,Alta Vista
7050,HOGAN ST btwn MEADOWLANDS DR E & WIGAN DR,366122.697,5024849.694,-75.71724775,45.36090923,2015-02-03,0:00,03 - Snow,05 - Packed snow,10 - No control,01 - Non intersection,00 - Unknown,03 - P.D. only,06 - SMV unattended vehicle,Borden Farm - Stewart Farm - Parkwood Hills - Fisher Glen
7051,SANTA ANNA LANE btwn PAR-LA-VILLE CIRC & PAR-LA-VILLE CIRC,350102.6407,5016721.772,-75.92246676,45.28899044,2015-03-22,3:15,01 - Clear,01 - Dry,10 - No control,01 - Non intersection,07 - Dark,03 - P.D. only,06 - SMV unattended vehicle,Stittsville
7052,STRANDHERD DR @ CEDARVIEW RD/TARTAN DR,362291.9333,5013545.047,-75.76745285,45.25951467,2015-06-28,13:23,02 - Rain,02 - Wet,01 - Traffic signal,02 - Intersection related,01 - Daylight,03 - P.D. only,03 - Rear end,New Barrhaven
7053,MONTREAL RD btwn CYR AVE & HANNAH ST,370235.6559,5033159.973,-75.66365099,45.43531028,2015-06-05,22:27,01 - Clear,01 - Dry,10 - No control,01 - Non intersection,07 - Dark,03 - P.D. only,04 - Sideswipe,Vanier
7054,MCARTHUR AVE btwn MAY ST & ST. LAURENT BLVD,371791.0245,5032863.211,-75.64381403,45.43249287,2015-08-19,14:15,01 - Clear,01 - Dry,10 - No control,04 - At/near private drive,01 - Daylight,03 - P.D. only,02 - Angle,Castle Heights
7055,ROLLING BROOK DR btwn SILVERBIRCH ST & LARIVIERE CRES,380842.0115,5033995.691,-75.52797774,45.44175648,2015-08-22,20:00,01 - Clear,01 - Dry,10 - No control,04 - At/near private drive,05 - Dusk,03 - P.D. only,06 - SMV unattended vehicle,Chapel Hill South
7056,BLAIR RD btwn OR174 IC112 RAMP15 & MEADOWBROOK RD,375175.275,5032332.831,-75.60064229,45.42738844,2015-08-18,11:00,01 - Clear,01 - Dry,10 - No control,01 - Non intersection,01 - Daylight,03 - P.D. only,03 - Rear end,Greenbelt
7057,MICHELE DR @ PENNY DR,359559.3889,5024103.147,-75.80110102,45.3547352,2015-07-18,13:24,01 - Clear,01 - Dry,02 - Stop sign,03 - At intersection,01 - Daylight,03 - P.D. only,02 - Angle,Whitehaven - Queensway Terrace North
7058,TERRY FOX DR btwn HALKIRK AVE & CASTLEFRANK RD,352574.5956,5016793.25,-75.89094831,45.28946993,2015-08-18,17:19,01 - Clear,01 - Dry,10 - No control,01 - Non intersection,01 - Daylight,03 - P.D. only,04 - Sideswipe,Glen Cairn - Kanata South Business Park
7059,BASELINE RD @ FISHER AVE,366165.4323,5026029.163,-75.71655582,45.37151812,2015-08-18,17:10,01 - Clear,01 - Dry,01 - Traffic signal,02 - Intersection related,01 - Daylight,03 - P.D. only,03 - Rear end,Civic Hospital - Experimental Farm - Central Park
7060,MAITLAND AVE btwn CARLING AVE & DUNCAN PL,362952.788,5026460.059,-75.75751692,45.37566923,2015-07-16,11:42,01 - Clear,01 - Dry,10 - No control,04 - At/near private drive,01 - Daylight,03 - P.D. only,03 - Rear end,Carlingwood West - Glabar Park - McKellar Heights
7061,REGIONAL ROAD 174 EB btwn HWY417 IC113 RAMP65 & OR174 BLAIR IC112 RAMP51,374735.6378,5032772.171,-75.60619753,45.43138547,2015-07-15,16:10,01 - Clear,01 - Dry,10 - No control,01 - Non intersection,01 - Daylight,03 - P.D. only,03 - Rear end,Pineview
7062,PERTH ST btwn FORTUNE ST & TARRYN TER,356366.6312,5005910.146,-75.84373721,45.19127299,2015-08-23,5:05,01 - Clear,01 - Dry,10 - No control,01 - Non intersection,07 - Dark,03 - P.D. only,07 - SMV other,Richmond
7063,INNES RD @ ORCHARDVIEW AVE/ESPRIT DR,384843.8007,5036560.078,-75.47641474,45.46438173,2015-02-04,18:05,03 - Snow,03 - Loose snow,01 - Traffic signal,02 - Intersection related,07 - Dark,03 - P.D. only,03 - Rear end,Fallingbrook
7064,JEANNE D'ARC BLVD @ VORLAGE DR W/VOYAGEUR WAY,379265.802,5037740.148,-75.54755604,45.47561599,2015-02-04,18:00,03 - Snow,03 - Loose snow,01 - Traffic signal,02 - Intersection related,05 - Dusk,03 - P.D. only,03 - Rear end,Orleans South West