Record,Location,X,Y,lon,lat,Date,Time,Environment,Road_Surface,Traffic_Control,Collision_Location,Light,Collision_Classification,Impact_type,Neighborhood
7167,RAMSAYVILLE RD btwn LOUISEIZE RD & NINTH LINE RD,379878.0145,5021099.579,-75.54225985,45.32582975,2015-08-20,18:57,02 - Rain,02 - Wet,10 - No control,01 - Non intersection,01 - Daylight,03 - P.D. only,07 - SMV other,Greenbelt
7168,VANIER PKWY/CRICHTON ST @ BEECHWOOD AVE/ST. PA,369126.7719,5033487.486,-75.67777963,45.43836,2015-08-11,15:20,01 - Clear,01 - Dry,01 - Traffic signal,02 - Intersection related,01 - Daylight,03 - P.D. only,03 - Rear end,Vanier North
7169,MEADOWLANDS DR @ MERIVALE RD,364859.4206,5023724.429,-75.73350806,45.35089362,2015-08-10,16:20,01 - Clear,01 - Dry,01 - Traffic signal,02 - Intersection related,01 - Daylight,03 - P.D. only,04 - Sideswipe,Cityview - Skyline - Fisher Heights
7170,COVENTRY RD @ VANIER PKWY,370675.6642,5031610.622,-75.65823499,45.42132856,2015-07-09,18:50,01 - Clear,01 - Dry,01 - Traffic signal,02 - Intersection related,01 - Daylight,03 - P.D. only,03 - Rear end,Overbrook
7171,KING EDWARD AVE @ RIDEAU ST,368511.7072,5032412.508,-75.68577965,45.42874407,2015-07-06,0:15,01 - Clear,01 - Dry,01 - Traffic signal,03 - At intersection,07 - Dark,03 - P.D. only,04 - Sideswipe,Lowe
7172,LYON ST @ WELLINGTON ST,366934.5503,5031426.526,-75.70605773,45.4200144,2015-08-22,0:13,01 - Clear,01 - Dry,01 - Traffic signal,02 - Intersection related,07 - Dark,03 - P.D. only,03 - Rear end,Downtown
7173,WEST HUNT CLUB RD WB btwn WOODROFFE AVE & 354 E OF WOODROFFE AVE/REC P,363710.2091,5021296.128,-75.7484624,45.32914146,2015-02-09,19:10,01 - Clear,02 - Wet,10 - No control,01 - Non intersection,07 - Dark,03 - P.D. only,03 - Rear end,Tanglewood
7174,SOMERSET ST    W btwn CARTIER ST & MACDONALD ST,368393.4571,5031337.451,-75.68742949,45.41908184,2015-02-10,16:00,01 - Clear,04 - Slush,10 - No control,04 - At/near private drive,01 - Daylight,03 - P.D. only,02 - Angle,Golden Triangle
7175,RIDDELL DR btwn MARCH VALLEY RD & SIXTH LINE RD,349244.8028,5028253.847,-75.93236624,45.39281365,2015-02-05,18:40,01 - Clear,01 - Dry,10 - No control,01 - Non intersection,07 - Dark,03 - P.D. only,07 - SMV other,Carp - Hardwood Plains
7176,CORKERY RD btwn MARCH RD & MANION RD,338519.655,5013488.56,-76.07034526,45.26054746,2015-02-05,18:47,01 - Clear,03 - Loose snow,10 - No control,01 - Non intersection,07 - Dark,03 - P.D. only,07 - SMV other,Carp - Hardwood Plains
7177,QUINLAN RD btwn HAIG DR & RUTH ST,372513.2701,5029094.529,-75.63510217,45.39851444,2015-02-04,22:00,03 - Snow,04 - Slush,10 - No control,04 - At/near private drive,07 - Dark,03 - P.D. only,06 - SMV unattended vehicle,Elmvale - Eastway - Riverview - Riverview Park West
7178,ROCKINGHAM AVE btwn CLEMENTINE BLVD & BANK ST,369694.2087,5027315.661,-75.67133995,45.38277575,2015-03-01,2:06,01 - Clear,02 - Wet,10 - No control,01 - Non intersection,07 - Dark,03 - P.D. only,06 - SMV unattended vehicle,Alta Vista
7179,KENT ST btwn SPARKS ST & QUEEN ST,367171.0197,5031400.556,-75.70303976,45.41975969,2015-03-01,20:30,01 - Clear,01 - Dry,10 - No control,01 - Non intersection,07 - Dark,03 - P.D. only,04 - Sideswipe,Downtown
7180,BENTLEY AVE btwn GIFFORD ST & END,366325.3471,5021948.461,-75.71502219,45.33478668,2015-03-21,10:00,03 - Snow,03 - Loose snow,10 - No control,01 - Non intersection,01 - Daylight,03 - P.D. only,07 - SMV other,Industrial Park
7181,BRONSON AVE btwn FINDLAY AVE & BRONSON AVE SB OFF RAMP 34,367744.1329,5028507.578,-75.69608673,45.39367823,2015-03-23,20:56,01 - Clear,01 - Dry,10 - No control,01 - Non intersection,07 - Dark,03 - P.D. only,03 - Rear end,Carleton University
7182,BASELINE RD btwn CLYDE AVE & 207 E OF CLYDE AVE,364373.1611,5024899.67,-75.73957164,45.36150976,2015-02-01,20:05,01 - Clear,02 - Wet,10 - No control,01 - Non intersection,07 - Dark,03 - P.D. only,03 - Rear end,Civic Hospital - Experimental Farm - Central Park
7183,RICHMOND RD btwn STINSON AVE & STAFFORD RD,358019.1101,5021016.596,-75.82109035,45.32708084,2015-03-03,16:45,03 - Snow,03 - Loose snow,10 - No control,04 - At/near private drive,01 - Daylight,03 - P.D. only,02 - Angle,Bells Corners East
7184,JUNE CRT btwn LEITA PL & ZIEGLER ST,381183.9893,5032536.629,-75.52383335,45.42859169,2015-05-24,16:55,01 - Clear,01 - Dry,10 - No control,01 - Non intersection,01 - Daylight,03 - P.D. only,06 - SMV unattended vehicle,Chapel Hill South
7185,MICHAEL ST btwn BELFAST RD & NEWMARKET ST,373208.9809,5030481.934,-75.62602445,45.41093004,2015-02-03,16:41,03 - Snow,03 - Loose snow,10 - No control,01 - Non intersection,01 - Daylight,03 - P.D. only,04 - Sideswipe,Industrial Park
7186,EAGLESON RD @ HAZELDEAN RD/ROBERTSON RD,353671.6972,5018422.05,-75.87680227,45.3040508,2015-03-24,18:47,01 - Clear,01 - Dry,01 - Traffic signal,02 - Intersection related,07 - Dark,03 - P.D. only,03 - Rear end,Greenbelt
7187,AVIATION PKWY @ MONTREAL RD,372147.6805,5034108.101,-75.63908594,45.44365954,2015-03-25,6:14,01 - Clear,01 - Dry,01 - Traffic signal,02 - Intersection related,03 - Dawn,03 - P.D. only,02 - Angle,Cummings
7188,SOMERSET ST    W btwn UPPER LORNE PL & LEBRETON ST N,366670.0806,5030312.757,-75.70957657,45.41001646,2015-08-14,12:40,02 - Rain,02 - Wet,10 - No control,01 - Non intersection,01 - Daylight,03 - P.D. only,04 - Sideswipe,Centretown West
7189,MONTREAL RD @ OGILVIE RD,375655.4557,5034555.505,-75.59418667,45.44733826,2015-08-11,16:14,02 - Rain,02 - Wet,01 - Traffic signal,02 - Intersection related,01 - Daylight,03 - P.D. only,03 - Rear end,Beacon Hill South - Cardinal Heights
7190,ALTA VISTA DR btwn SMYTH RD & VALOUR DR,370389.299,5029284.257,-75.66220334,45.40042374,2015-05-29,16:44,01 - Clear,01 - Dry,10 - No control,04 - At/near private drive,01 - Daylight,03 - P.D. only,02 - Angle,Industrial Park
7191,COLONEL BY DR @ MAIN ST,368858.983,5030913.493,-75.68153692,45.41522475,2015-05-28,15:52,01 - Clear,01 - Dry,02 - Stop sign,02 - Intersection related,01 - Daylight,03 - P.D. only,04 - Sideswipe,Old Ottawa East
7192,INNES RD btwn JEANNE D'ARC BLVD S & WILDFLOWER DR,382729.5346,5035607.954,-75.50359833,45.45605441,2015-07-28,18:37,01 - Clear,01 - Dry,10 - No control,01 - Non intersection,01 - Daylight,03 - P.D. only,03 - Rear end,Queenswood Heights
7193,MCGEE SIDE RD btwn LAKE CREST WAY & CARP RD,344165.5625,5019413.018,-75.99793779,45.31356499,2015-08-16,20:45,01 - Clear,01 - Dry,10 - No control,01 - Non intersection,05 - Dusk,03 - P.D. only,07 - SMV other,Stittsville - Basswood
7194,CARLING AVE @ KIRKWOOD AVE S,364352.4212,5027337.909,-75.73954237,45.38345042,2015-08-16,20:14,01 - Clear,01 - Dry,01 - Traffic signal,03 - At intersection,05 - Dusk,03 - P.D. only,02 - Angle,Carlington
7195,CARP RD btwn HWY417 IC144 RAMP16 & HWY417 IC144 RAMP35,347387.699,5015829.43,-75.95715273,45.28113058,2015-08-20,17:20,02 - Rain,02 - Wet,10 - No control,07 - Overpass or bridge,01 - Daylight,03 - P.D. only,03 - Rear end,Stittsville - Basswood
7196,CARLING AVE btwn HERZBERG RD & BAYFIELD AVE,352241.2553,5022339.24,-75.89466657,45.33939658,2015-08-20,17:18,02 - Rain,02 - Wet,10 - No control,01 - Non intersection,01 - Daylight,03 - P.D. only,07 - SMV other,Greenbelt
7197,FRANK BENDER ST @ JEANNE D'ARC BLVD,381870.7507,5035882.493,-75.51453401,45.45861973,2015-08-09,14:38,01 - Clear,01 - Dry,01 - Traffic signal,03 - At intersection,01 - Daylight,03 - P.D. only,05 - Turning movement,Orleans Village - Chateauneuf
7198,NICHOLAS ST NB btwn HWY417 IC118 RAMP52 & WALLER ST,369104.291,5031302.146,-75.67835229,45.41869921,2015-08-07,16:22,01 - Clear,01 - Dry,10 - No control,01 - Non intersection,01 - Daylight,03 - P.D. only,03 - Rear end,Sandy Hill
7199,CARLING AVE EB btwn WOODROFFE AVE & WOODROFFE AVE,361800.8368,5025747.495,-75.77230583,45.3693523,2015-06-16,7:21,02 - Rain,02 - Wet,10 - No control,01 - Non intersection,01 - Daylight,03 - P.D. only,03 - Rear end,Carlingwood West - Glabar Park - McKellar Heights
7200,RIVERSIDE DR @ PLEASANT PARK RD,369561.251,5028416.816,-75.67289307,45.39269589,2015-06-12,18:29,02 - Rain,02 - Wet,01 - Traffic signal,02 - Intersection related,01 - Daylight,03 - P.D. only,03 - Rear end,Alta Vista
7201,PARKGLEN DR @ WOODROFFE AVE,362888.6879,5023126.873,-75.75872703,45.34568287,2015-08-21,18:30,01 - Clear,01 - Dry,02 - Stop sign,03 - At intersection,01 - Daylight,03 - P.D. only,02 - Angle,Crestview - Meadowlands
7202,WOODROFFE AVE btwn DAVID DR & TURN LANE,362998.3473,5022864.168,-75.75735869,45.34330998,2015-08-21,16:00,01 - Clear,01 - Dry,10 - No control,01 - Non intersection,01 - Daylight,03 - P.D. only,07 - SMV other,Crestview - Meadowlands
7203,BRONSON AVE @ CARLING AVE/GLEBE AVE,367446.7431,5029334.116,-75.6997796,45.40114185,2015-02-10,17:15,01 - Clear,01 - Dry,01 - Traffic signal,02 - Intersection related,01 - Daylight,03 - P.D. only,03 - Rear end,The Glebe
7204,HIGHWAY 417 btwn Continuation of HIGHWAY 417 & HWY417 IC134 RAMP51,355669.0084,5021801.443,-75.85098767,45.33431726,2015-09-30,7:44,01 - Clear,01 - Dry,10 - No control,01 - Non intersection,01 - Daylight,03 - P.D. only,03 - Rear end,Greenbelt
7205,MONTREAL RD btwn MONTGOMERY ST & PALACE ST,369940.0228,5032985.431,-75.66745224,45.43376743,2015-02-05,19:51,01 - Clear,04 - Slush,10 - No control,01 - Non intersection,07 - Dark,03 - P.D. only,05 - Turning movement,Vanier South
7206,HIGHWAY 416 btwn HWY416 IC66 RAMP62 & HWY416 IC72 RAMP24,360283.2745,5017766.456,-75.79257279,45.29766061,2015-08-29,0:35,01 - Clear,01 - Dry,10 - No control,01 - Non intersection,07 - Dark,03 - P.D. only,04 - Sideswipe,Greenbelt
7207,LYON ST @ WELLINGTON ST,366936.2349,5031425.684,-75.70603632,45.42000667,2015-03-10,10:30,01 - Clear,01 - Dry,01 - Traffic signal,03 - At intersection,01 - Daylight,03 - P.D. only,04 - Sideswipe,Downtown
7208,NELSON ST btwn SOMERSET ST E & TEMPLETON ST,369182.0245,5031612.786,-75.67731857,45.42148709,2015-03-11,16:14,01 - Clear,02 - Wet,10 - No control,01 - Non intersection,01 - Daylight,03 - P.D. only,06 - SMV unattended vehicle,Sandy Hill
7209,GREENBANK RD @ HWY 417 IC129 RAMP57/IRIS ST,360529.3952,5023312.123,-75.78881084,45.34754116,2015-03-24,8:43,01 - Clear,01 - Dry,01 - Traffic signal,02 - Intersection related,01 - Daylight,03 - P.D. only,03 - Rear end,Iris
7210,MELROSE AVE btwn GLADSTONE AVE & END,365604.1512,5029246.749,-75.72332458,45.4005182,2015-03-23,18:30,01 - Clear,01 - Dry,10 - No control,04 - At/near private drive,07 - Dark,03 - P.D. only,06 - SMV unattended vehicle,Civi
7211,MAIN ST @ TORONTO ST,369511.7935,5029343.008,-75.67340316,45.40103402,2015-02-02,7:30,03 - Snow,03 - Loose snow,02 - Stop sign,02 - Intersection related,01 - Daylight,03 - P.D. only,03 - Rear end,Old Ottawa East
7212,TERRY FOX DR @ FERNBANK RD,354303.6359,5015130.956,-75.86907287,45.27439255,2015-03-03,18:31,03 - Snow,03 - Loose snow,01 - Traffic signal,02 - Intersection related,05 - Dusk,03 - P.D. only,03 - Rear end,Stittsville - Basswood
7213,CARP RD @ HAZELDEAN RD,348805.5398,5014359.954,-75.93921122,45.26782038,2015-02-17,10:35,01 - Clear,01 - Dry,01 - Traffic signal,02 - Intersection related,01 - Daylight,03 - P.D. only,03 - Rear end,Stittsville
7214,ST. LAURENT BLVD/DUNBARTON CRT @ BRITTANY DR,371331.7167,5034337.077,-75.64948439,45.44579789,2015-02-03,19:51,01 - Clear,03 - Loose snow,01 - Traffic signal,03 - At intersection,07 - Dark,03 - P.D. only,05 - Turning movement,Cemetery
7215,CHARLEMAGNE BLVD btwn TENTH LINE RD & VALADE CRES,383283.5246,5038016.902,-75.49613147,45.47766596,2015-02-03,19:13,01 - Clear,04 - Slush,10 - No control,01 - Non intersection,07 - Dark,03 - P.D. only,05 - Turning movement,Fallingbrook
7216,BILLINGS BRIDGESC RAMP SB @ RIVERSIDE DR EB,369176.777,5027787.739,-75.67788499,45.3870711,2015-03-25,8:09,01 - Clear,01 - Dry,02 - Stop sign,03 - At intersection,01 - Daylight,03 - P.D. only,02 - Angle,Alta Vista
7217,ROGER STEVENS DR btwn MALAKOFF RD & MCCORDICK RD,362307.6181,4996198.172,-75.76925259,45.10342267,2015-03-26,14:49,02 - Rain,02 - Wet,10 - No control,01 - Non intersection,01 - Daylight,03 - P.D. only,07 - SMV other,Munster Hamlet - Richmond
7218,REGIONAL ROAD 174 btwn OR174 IC109 RAMP86 & OR174 IC109 RAMP64,376544.4692,5035195.557,-75.58272967,45.45300635,2015-08-11,6:34,02 - Rain,02 - Wet,10 - No control,01 - Non intersection,01 - Daylight,03 - P.D. only,04 - Sideswipe,Greenbelt
7219,KIRKWOOD AVE btwn CARLING AVE & CARLING AVE,364303.5761,5027432.829,-75.7401546,45.38430864,2015-08-10,12:42,01 - Clear,01 - Dry,10 - No control,01 - Non intersection,01 - Daylight,03 - P.D. only,04 - Sideswipe,Westboro
7220,MARIER AVE @ MONTREAL RD,370418.9876,5033263.393,-75.66129425,45.43622363,2015-05-24,18:21,01 - Clear,01 - Dry,01 - Traffic signal,03 - At intersection,01 - Daylight,03 - P.D. only,02 - Angle,Vanier South
7221,ABERDEEN ST @ PRESTON ST,366651.6947,5029341.923,-75.70993322,45.40128279,2015-05-24,17:17,01 - Clear,01 - Dry,02 - Stop sign,02 - Intersection related,01 - Daylight,03 - P.D. only,06 - SMV unattended vehicle,Little Italy
7222,BANK ST @ HERON RD,369995.72,5026850.461,-75.66755167,45.37856204,2015-07-29,16:40,01 - Clear,01 - Dry,01 - Traffic signal,02 - Intersection related,01 - Daylight,03 - P.D. only,04 - Sideswipe,Alta Vista
7223,BARLOW CRES btwn HEATHER ST & STRODE AVE,346194.9036,5035863.881,-75.97067715,45.46147693,2015-08-01,15:20,01 - Clear,01 - Dry,10 - No control,01 - Non intersection,01 - Daylight,03 - P.D. only,07 - SMV other,Car
7224,PRINCE OF WALES DR @ WEST HUNT CLUB RD,367457.9896,5021891.143,-75.70057991,45.33417071,2015-08-20,15:03,01 - Clear,01 - Dry,01 - Traffic signal,02 - Intersection related,01 - Daylight,03 - P.D. only,03 - Rear end,Industrial Park
7225,REGIONAL ROAD 174 EB btwn HWY417 IC113 RAMP65 & OR174 BLAIR IC112 RAMP51,374775.9926,5032800.224,-75.60567786,45.43163384,2015-07-28,16:12,01 - Clear,01 - Dry,10 - No control,01 - Non intersection,01 - Daylight,03 - P.D. only,03 - Rear end,Pineview
7226,RIVERSIDE DR btwn LEOPOLDS DR & QUESNEL DR,368059.059,5024089.038,-75.69263087,45.35389298,2015-07-28,7:20,01 - Clear,01 - Dry,10 - No control,04 - At/near private drive,01 - Daylight,03 - P.D. only,03 - Rear end,Hunt Club Woods - Quintarra - Revelstoke - Riverside South P
7227,HUNT CLUB RD btwn BLOHM DR & HAWTHORNE RD,375493.0408,5026398.845,-75.59743247,45.37396551,2015-06-03,18:14,01 - Clear,01 - Dry,10 - No control,01 - Non intersection,01 - Daylight,03 - P.D. only,99 - Other,Industrial Park
7228,DUMAURIER AVE @ PINECREST RD,360321.679,5023833.43,-75.79140287,45.35224835,2015-08-21,16:29,01 - Clear,01 - Dry,01 - Traffic signal,02 - Intersection related,01 - Daylight,03 - P.D. only,04 - Sideswipe,Whitehaven - Queensway Terrace North
7229,CARLING AVE @ CIVIC HOSPITAL,365791.6095,5028278.416,-75.72105004,45.39178906,2015-08-21,15:54,01 - Clear,01 - Dry,01 - Traffic signal,03 - At intersection,01 - Daylight,03 - P.D. only,05 - Turning movement,Civic Hospital - Experimental Farm - Central Park
7230,HWY 417 VANIER IC117R63 @ VANIER PKWY,370798.2029,5031399.068,-75.65669769,45.41941354,2015-03-21,22:37,04 - Freezing Rain,06 - Ice,01 - Traffic signal,03 - At intersection,07 - Dark,03 - P.D. only,07 - SMV other,Overbrook
7231,MAITLAND AVE/GLENMOUNT AVE @ ERINDALE DR,363698.6551,5025212.96,-75.74814335,45.3643857,2015-03-22,13:46,01 - Clear,01 - Dry,01 - Traffic signal,02 - Intersection related,01 - Daylight,03 - P.D. only,03 - Rear end,Braemar Park - Bel Air Heights - Copeland Park
7232,COVENTRY RD @ VANIER PKWY,370678.3126,5031610.257,-75.6582012,45.42132503,2015-02-05,20:37,01 - Clear,01 - Dry,01 - Traffic signal,02 - Intersection related,07 - Dark,03 - P.D. only,04 - Sideswipe,Overbrook
7233,ST. JOSEPH BLVD @ REGIONAL RD 174/TRANSITWAY,376556.5739,5035057.43,-75.58259508,45.45176233,2015-03-11,17:55,01 - Clear,01 - Dry,01 - Traffic signal,02 - Intersection related,01 - Daylight,03 - P.D. only,03 - Rear end,Greenbelt
7234,BASELINE RD @ WOODROFFE AVE,362549.6902,5023770.987,-75.76297742,45.35150655,2015-03-12,15:08,01 - Clear,01 - Dry,01 - Traffic signal,02 - Intersection related,01 - Daylight,03 - P.D. only,03 - Rear end,Iris
7235,QUEEN ELIZABETH DRWY btwn TORRINGTON PL & TO BE DETERMINED,368086.6628,5028628.254,-75.69169694,45.39473316,2015-03-24,12:35,01 - Clear,01 - Dry,10 - No control,01 - Non intersection,01 - Daylight,03 - P.D. only,07 - SMV other,The Glebe
7236,SUMMERWALK PL btwn CENTREPOINTE DR & Continuation of SUMMERWALK PL,361923.4914,5022679.734,-75.77109458,45.3417388,2015-03-24,12:15,01 - Clear,01 - Dry,10 - No control,04 - At/near private drive,01 - Daylight,03 - P.D. only,99 - Other,Centrepointe
7237,CONROY RD @ DAVIDSON RD N,374572.7876,5023515.992,-75.60958728,45.34811909,2015-02-02,8:23,03 - Snow,05 - Packed snow,02 - Stop sign,02 - Intersection related,01 - Daylight,03 - P.D. only,07 - SMV other,Greenbelt
7238,JOCKVALE RD/RIDEAU VALLEY DR @ PRINCE OF WALES,366709.6969,5012195.879,-75.71133608,45.24700001,2015-02-02,8:22,03 - Snow,03 - Loose snow,01 - Traffic signal,02 - Intersection related,01 - Daylight,03 - P.D. only,03 - Rear end,New Barrhaven
7239,STONEHAVEN DR btwn RICHMOND RD & SAWYER WAY/SUMMITVIEW DR,356763.3279,5015878.425,-75.83764774,45.28094095,2015-03-04,7:41,01 - Clear,02 - Wet,10 - No control,04 - At/near private drive,01 - Daylight,03 - P.D. only,05 - Turning movement,Bridlewood - Emerald Meadows
7240,CATHERINE ST/HWY 417 O'CONN IC119BR76 @ O'CONN,368244.6749,5030391.118,-75.6894522,45.41058056,2015-02-02,10:04,03 - Snow,05 - Packed snow,01 - Traffic signal,03 - At intersection,01 - Daylight,03 - P.D. only,07 - SMV other,Centretown
7241,KEYROCK DR @ LAUGHLIN CIRC/OTTENBRITE CRES,349147.6611,5020284.789,-75.93432177,45.32111246,2015-04-03,11:23,01 - Clear,01 - Dry,02 - Stop sign,03 - At intersection,01 - Daylight,02 - Non-fatal injury,07 - SMV other,Kanata Lakes - Marchwood Lakeside - Morgan's Grant - Kanata
7242,MERIVALE RD btwn VIEWMOUNT DR & COLONNADE RD,365204.3879,5022928.378,-75.72920313,45.34370124,2015-03-26,15:09,01 - Clear,01 - Dry,10 - No control,01 - Non intersection,01 - Daylight,03 - P.D. only,04 - Sideswipe,Tanglewood
7243,LEBOUTILLIER AVE btwn DEN HAAG DR & LEBOUTILLIER AVE/DANAC PRIV,372579.2476,5034149.678,-75.63356407,45.44399191,2015-03-27,15:00,03 - Snow,04 - Slush,10 - No control,01 - Non intersection,01 - Daylight,03 - P.D. only,06 - SMV unattended vehicle,Carson Grove - Carson Meadows
7244,MONTREAL RD btwn PALACE ST & VANIER PKWY,369984.0612,5033018.385,-75.66688509,45.43405983,2015-08-06,11:33,01 - Clear,01 - Dry,10 - No control,01 - Non intersection,01 - Daylight,03 - P.D. only,06 - SMV unattended vehicle,Vanier South
7245,HEATHERINGTON RD @ FAIRLEA CRES S/ANGELA PRIV,371873.8674,5026501.896,-75.64362064,45.3752485,2015-07-09,12:17,01 - Clear,01 - Dry,02 - Stop sign,02 - Intersection related,01 - Daylight,03 - P.D. only,04 - Sideswipe,Ledbury - Heron Gate - Ridgemont - Elmwood
7246,CUMMINGS AVE btwn DONALD ST & EADY CRT,372657.2084,5032398.966,-75.63280892,45.42823231,2015-05-22,16:35,01 - Clear,01 - Dry,10 - No control,04 - At/near private drive,01 - Daylight,03 - P.D. only,02 - Angle,Cummings
7247,KING EDWARD AVE @ SOMERSET ST/MARIE CURIE PRIV,368956.9896,5031673.217,-75.68018592,45.4220515,2015-05-22,17:17,01 - Clear,01 - Dry,01 - Traffic signal,03 - At intersection,01 - Daylight,03 - P.D. only,03 - Rear end,Sandy Hill
7248,OLD INNES RD @ BANTREE ST,373728.7863,5030353.582,-75.61940228,45.40972419,2015-08-05,16:10,01 - Clear,01 - Dry,02 - Stop sign,03 - At intersection,01 - Daylight,03 - P.D. only,04 - Sideswipe,Industrial Park
7249,RIVERSIDE DR @ PLEASANT PARK RD,369562.6924,5028413.212,-75.67287514,45.39266333,2015-08-16,17:39,01 - Clear,01 - Dry,01 - Traffic signal,02 - Intersection related,01 - Daylight,03 - P.D. only,03 - Rear end,Alta Vista
7250,MITCH OWENS RD @ STAGECOACH RD,375399.034,5014484.819,-75.6003308,45.26677728,2015-08-16,17:33,01 - Clear,01 - Dry,01 - Traffic signal,02 - Intersection related,01 - Daylight,03 - P.D. only,03 - Rear end,Osgoode
7251,MARCH RD btwn CARLING AVE/STATION RD & 280 S OF CARLING AVE/STATION RD,351008.0197,5022134.969,-75.91042044,45.33764081,2015-08-20,12:02,01 - Clear,01 - Dry,10 - No control,04 - At/near private drive,01 - Daylight,03 - P.D. only,05 - Turning movement,South March
7252,RAMSAYVILLE RD @ RUSSELL RD S,377831.0343,5026130.604,-75.5676259,45.37131227,2015-07-27,19:37,01 - Clear,01 - Dry,02 - Stop sign,02 - Intersection related,01 - Daylight,03 - P.D. only,02 - Angle,Greenbelt
7253,EARL ARMSTRONG RD @ RIVER RD,367571.9978,5014684.758,-75.70003793,45.26931841,2015-07-27,16:03,01 - Clear,01 - Dry,01 - Traffic signal,02 - Intersection related,01 - Daylight,03 - P.D. only,04 - Sideswipe,Gloucester
7254,REGIONAL ROAD 174 btwn REGIONAL ROAD 174 & OR174 IC102 RAMP61,381659.948,5038300.544,-75.51685085,45.48039853,2015-05-26,8:27,01 - Clear,01 - Dry,10 - No control,01 - Non intersection,01 - Daylight,03 - P.D. only,03 - Rear end,Chatelaine Village
7255,IRIS ST @ WOODROFFE AVE,362282.6921,5024440.438,-75.76630683,45.35755216,2015-09-02,11:18,01 - Clear,01 - Dry,01 - Traffic signal,02 - Intersection related,01 - Daylight,03 - P.D. only,04 - Sideswipe,Iris
7256,BAY ST @ GILMOUR ST,367333.7152,5030501.204,-75.7010752,45.41165307,2015-08-21,9:56,01 - Clear,01 - Dry,02 - Stop sign,03 - At intersection,01 - Daylight,03 - P.D. only,02 - Angle,Centretown
7257,FALLOWFIELD RD btwn CONLEY RD & HUNTLEY RD,352353.512,5009573.181,-75.89445756,45.22451646,2015-08-21,6:16,01 - Clear,01 - Dry,10 - No control,01 - Non intersection,03 - Dawn,03 - P.D. only,07 - SMV other,Munster Hamlet - Richmond
7258,WITHROW AVE btwn ST. HELEN'S PL & MERIVALE RD,364620.0495,5024210.819,-75.73650385,45.35529056,2015-03-23,18:06,01 - Clear,01 - Dry,10 - No control,04 - At/near private drive,05 - Dusk,03 - P.D. only,02 - Angle,Crestview - Meadowlands
7259,FALLOWFIELD RD btwn ORR ST & GREENBANK RD,363066.2179,5016720.407,-75.75721529,45.28802298,2015-01-19,9:48,01 - Clear,02 - Wet,10 - No control,01 - Non intersection,01 - Daylight,03 - P.D. only,03 - Rear end,Barrhaven West - Old Barrhaven
7260,SHERK CRES btwn ROSENFELD CRES & TANNER CRES,351179.9556,5020204.491,-75.90840764,45.32025859,2015-03-22,11:42,01 - Clear,02 - Wet,10 - No control,04 - At/near private drive,01 - Daylight,03 - P.D. only,06 - SMV unattended vehicle,Kanata Lakes - Marchwood Lakeside - Morgan's Grant - Kanata
7261,HINCKS LANE @ RIVERSIDE DR,370166.7159,5030207.012,-75.66492385,45.40874716,2015-03-13,23:19,03 - Snow,05 - Packed snow,02 - Stop sign,03 - At intersection,07 - Dark,03 - P.D. only,05 - Turning movement,Industrial Park
7262,RUSSELL AVE @ TEMPLETON ST,369360.1696,5031687.05,-75.67503271,45.42213887,2015-03-24,13:47,01 - Clear,01 - Dry,02 - Stop sign,03 - At intersection,01 - Daylight,03 - P.D. only,02 - Angle,Sandy Hill
7263,DANFORTH AVE btwn ROOSEVELT AVE & CHURCHILL AVE N,363055.2441,5028092.748,-75.75601622,45.39035143,2015-03-24,11:50,01 - Clear,01 - Dry,10 - No control,01 - Non intersection,01 - Daylight,03 - P.D. only,99 - Other,Carlingwood - McKellar Park - Laurentien View
7264,ALBERT ST btwn METCALFE ST & ELGIN ST,367707.1222,5031621.775,-75.69616201,45.42170215,2015-02-02,8:56,03 - Snow,03 - Loose snow,10 - No control,01 - Non intersection,01 - Daylight,03 - P.D. only,03 - Rear end,Downtown
7265,MONTREAL RD @ OLMSTEAD ST,370333.6772,5033213.104,-75.66239122,45.43577915,2015-02-02,9:05,03 - Snow,05 - Packed snow,01 - Traffic signal,03 - At intersection,01 - Daylight,03 - P.D. only,05 - Turning movement,Vanier South
7266,BRITTANY DR @ MONTREAL RD,371912.5113,5033994.568,-75.64210729,45.44266064,2015-02-25,9:15,01 - Clear,03 - Loose snow,01 - Traffic signal,02 - Intersection related,01 - Daylight,03 - P.D. only,03 - Rear end,Cummings
7267,HIGHWAY 417 btwn HWY417 IC117 RAMP25 & HWY417 IC115 RAMP51,371540.3276,5031396.799,-75.64721644,45.41932272,2015-10-08,16:05,01 - Clear,01 - Dry,10 - No control,01 - Non intersection,01 - Daylight,03 - P.D. only,03 - Rear end,Industrial Park
7268,BASELINE RD btwn MARSON ST & FISHER AVE,366065.4888,5025961.545,-75.71784005,45.37091846,2015-03-27,8:11,03 - Snow,02 - Wet,10 - No control,01 - Non intersection,01 - Daylight,03 - P.D. only,03 - Rear end,Civic Hospital - Experimental Farm - Central Park
7269,MEADOWLANDS DR btwn ASHWOOD CRES & BAYNE AVE,364714.1216,5023643.101,-75.73537209,45.35017427,2015-03-27,8:57,01 - Clear,01 - Dry,10 - No control,01 - Non intersection,01 - Daylight,03 - P.D. only,01 - Approaching,Crestview - Meadowlands