Record,Location,X,Y,lon,lat,Date,Time,Environment,Road_Surface,Traffic_Control,Collision_Location,Light,Collision_Classification,Impact_type,Neighborhood
7270,BANK ST @ RIDEAU RD,376954.7525,5017845.554,-75.58001964,45.29685802,2015-08-05,6:23,01 - Clear,01 - Dry,01 - Traffic signal,02 - Intersection related,01 - Daylight,03 - P.D. only,03 - Rear end,Greenbelt
7271,BANK ST btwn RIVERSIDE DR & RIVERSIDE DR,369259.5898,5027944.267,-75.6768071,45.38847188,2015-07-31,16:33,01 - Clear,01 - Dry,10 - No control,04 - At/near private drive,01 - Daylight,03 - P.D. only,05 - Turning movement,Alta Vista
7272,COLONEL BY DR @ HAWTHORNE AVE/PRETORIA BRIDGE,368769.1516,5030525.207,-75.68273495,45.41173931,2015-05-13,19:00,01 - Clear,01 - Dry,01 - Traffic signal,02 - Intersection related,01 - Daylight,03 - P.D. only,03 - Rear end,Old Ottawa East
7273,DALHOUSIE ST btwn BOTELER ST & BOLTON ST,367712.7439,5033043.738,-75.69590854,45.43449598,2015-05-13,18:37,01 - Clear,01 - Dry,10 - No control,01 - Non intersection,01 - Daylight,03 - P.D. only,04 - Sideswipe,Lower Town
7274,BANTREE ST @ INNES RD,373705.7232,5030404.754,-75.61968974,45.41018688,2015-08-13,13:25,01 - Clear,01 - Dry,01 - Traffic signal,03 - At intersection,01 - Daylight,03 - P.D. only,04 - Sideswipe,Industrial Park
7275,HALLEY ST E @ TARTAN DR E,363014.6809,5014396.069,-75.75814483,45.26711278,2015-08-16,13:46,01 - Clear,01 - Dry,02 - Stop sign,03 - At intersection,01 - Daylight,03 - P.D. only,02 - Angle,Barrhaven West - Old Barrhaven
7276,INDUSTRIAL AVE @ ALTA VISTA DR/SANDFORD FLEMIN,370885.4445,5030557.21,-75.65569596,45.41183061,2015-08-20,10:53,01 - Clear,01 - Dry,01 - Traffic signal,03 - At intersection,01 - Daylight,03 - P.D. only,04 - Sideswipe,Industrial Park
7277,TENTH LINE RD @ CHARLEMAGNE BLVD S/DES EPINETT,383640.9751,5036900.456,-75.49173924,45.46758093,2015-07-27,8:00,01 - Clear,01 - Dry,01 - Traffic signal,02 - Intersection related,01 - Daylight,03 - P.D. only,03 - Rear end,Orl¨¦ans
7278,ST. LAURENT BLVD @ COVENTRY RD/OGILVIE RD,372305.7195,5031951.214,-75.63736168,45.42423766,2015-07-27,7:49,01 - Clear,01 - Dry,01 - Traffic signal,02 - Intersection related,01 - Daylight,03 - P.D. only,04 - Sideswipe,Overbrook
7279,MAITLAND AVE/GLENMOUNT AVE @ ERINDALE DR,363698.0977,5025211.28,-75.74815067,45.36437063,2015-09-02,10:15,01 - Clear,01 - Dry,01 - Traffic signal,02 - Intersection related,01 - Daylight,03 - P.D. only,03 - Rear end,Braemar Park - Bel Air Heights - Copeland Park
7280,SUSSEX DR btwn 151 W OF KING EDWARD AVE/L.B. PEARSON BUILDING & RAMP,367630.5558,5033427.04,-75.69690996,45.43795219,2015-08-30,8:00,01 - Clear,01 - Dry,10 - No control,01 - Non intersection,01 - Daylight,03 - P.D. only,03 - Rear end,Byward Market - Parliament Hill
7281,KENT ST @ WELLINGTON ST,367097.6978,5031526.213,-75.70396067,45.42089684,2015-08-20,20:27,02 - Rain,02 - Wet,01 - Traffic signal,02 - Intersection related,07 - Dark,03 - P.D. only,03 - Rear end,Downtown
7282,AMBERWOOD CRES @ PRINCE OF WALES DR,367433.778,5020647.975,-75.70104606,45.32298706,2015-01-20,6:54,01 - Clear,01 - Dry,02 - Stop sign,03 - At intersection,07 - Dark,03 - P.D. only,05 - Turning movement,Merivale Gardens - Grenfell Glen - Pineglen - Country Place
7283,BANK ST btwn BILLINGS TRANSIT & OHIO ST,369474.3557,5027709.011,-75.67409551,45.38633532,2015-01-23,17:24,01 - Clear,02 - Wet,10 - No control,01 - Non intersection,05 - Dusk,03 - P.D. only,03 - Rear end,Alta Vista
7284,RIDGEFIELD CRES btwn EVERGREEN DR & LONGWOOD AVE,357979.2996,5020412.847,-75.82166301,45.32165128,2015-03-22,19:37,01 - Clear,01 - Dry,10 - No control,01 - Non intersection,07 - Dark,03 - P.D. only,06 - SMV unattended vehicle,Bells Corners East
7285,FALLOWFIELD RD @ WOODROFFE AVE,365085.15,5017901.744,-75.73133641,45.29848231,2015-03-23,7:14,01 - Clear,01 - Dry,01 - Traffic signal,02 - Intersection related,01 - Daylight,03 - P.D. only,03 - Rear end,New Barrhaven
7286,ROGER STEVENS DR btwn MCCORDICK RD & CRAIGHURST DR,365694.1216,4998940.546,-75.72589065,45.12781573,2015-03-14,1:41,01 - Clear,02 - Wet,10 - No control,01 - Non intersection,07 - Dark,03 - P.D. only,07 - SMV other,Manotick - North Gower
7287,EARL GREY DR btwn 175 S OF KANATA AVE/WALMART SC & KANATA AVE,350960.6814,5019195.812,-75.9112984,45.3111967,2015-03-08,15:30,02 - Rain,02 - Wet,10 - No control,04 - At/near private drive,01 - Daylight,03 - P.D. only,02 - Angle,Kanata
7288,STITTSVILLE MAIN ST @ ORVILLE ST,350310.6042,5013248.878,-75.92013405,45.25772675,2015-03-24,16:53,01 - Clear,01 - Dry,02 - Stop sign,02 - Intersection related,01 - Daylight,03 - P.D. only,03 - Rear end,Stittsville
7289,RIVERSIDE DR btwn HUNT CLUB RD & TURN LANE,368037.6669,5021984.535,-75.69317291,45.33495904,2015-02-02,9:18,03 - Snow,05 - Packed snow,10 - No control,01 - Non intersection,01 - Daylight,03 - P.D. only,03 - Rear end,Hunt Club Woods - Quintarra - Revelstoke - Riverside South P
7290,BLACKBURN BYPASS WB btwn NAVAN RD & 1700 W OF NAVAN RD,379372.2389,5033105.906,-75.54689756,45.43390916,2015-02-02,11:16,03 - Snow,03 - Loose snow,10 - No control,01 - Non intersection,01 - Daylight,03 - P.D. only,07 - SMV other,Greenbelt
7291,PRINCE OF WALES DR @ WEST HUNT CLUB RD,367458.7103,5021891.021,-75.70057073,45.33416955,2015-02-02,11:34,03 - Snow,06 - Ice,01 - Traffic signal,02 - Intersection related,01 - Daylight,03 - P.D. only,03 - Rear end,Industrial Park
7292,INNES RD btwn GRAVELLE CRES & SOUTHPARK DR,377823.3539,5032747.333,-75.56674425,45.43084641,2015-02-27,17:00,01 - Clear,01 - Dry,10 - No control,04 - At/near private drive,01 - Daylight,03 - P.D. only,02 - Angle,Blackburn Hamlet
7293,BRIAN COBURN BLVD @ TENTH LINE RD,384428.3389,5035022.308,-75.48197576,45.45059377,2015-02-28,9:50,01 - Clear,01 - Dry,01 - Traffic signal,02 - Intersection related,01 - Daylight,03 - P.D. only,03 - Rear end,Avalon
7294,REGIONAL ROAD 174 btwn HWY417 IC113 RAMP67 & Continuation of REGIONAL ,373528.1407,5031899.178,-75.62174976,45.42365043,2015-03-27,9:53,01 - Clear,02 - Wet,10 - No control,01 - Non intersection,01 - Daylight,03 - P.D. only,03 - Rear end,Industrial Park
7295,CARLING AVE @ CLYDE AVE/COLE AVE,363520.2087,5026851.385,-75.7502263,45.379143,2015-03-27,8:15,03 - Snow,02 - Wet,01 - Traffic signal,02 - Intersection related,01 - Daylight,03 - P.D. only,03 - Rear end,Carlingwood - McKellar Park - Laurentien View
7296,INNES RD @ JEANNE D'ARC BLVD/MER BLEUE RD,382637.7536,5035567.914,-75.50477799,45.45570439,2015-07-31,14:50,01 - Clear,01 - Dry,01 - Traffic signal,02 - Intersection related,01 - Daylight,03 - P.D. only,03 - Rear end,Chapel Hill South
7297,BESSERER ST @ NICHOLAS ST,368185.7089,5032111.22,-75.68998418,45.4260628,2015-07-31,14:18,01 - Clear,01 - Dry,01 - Traffic signal,02 - Intersection related,01 - Daylight,03 - P.D. only,03 - Rear end,Byward Market - Parliament Hill
7298,ELGIN ST @ SLATER ST,367891.4284,5031646.215,-75.69380402,45.42190545,2015-05-10,15:21,01 - Clear,01 - Dry,01 - Traffic signal,03 - At intersection,01 - Daylight,03 - P.D. only,04 - Sideswipe,Downtown
7299,ST. LAURENT BLVD btwn HWY417 IC115 RAMP35 & HWY417 IC115 RAMP26,372494.716,5031498.638,-75.635009,45.42014733,2015-05-08,16:19,01 - Clear,01 - Dry,10 - No control,01 - Non intersection,01 - Daylight,03 - P.D. only,04 - Sideswipe,Industrial Park
7300,LEMIEUX ST @ ST. LAURENT BLVD,372391.004,5031742.925,-75.63630055,45.42235534,2015-08-13,23:48,01 - Clear,01 - Dry,01 - Traffic signal,02 - Intersection related,07 - Dark,03 - P.D. only,03 - Rear end,Overbrook
7301,GUIGUES AVE btwn DALHOUSIE ST & CUMBERLAND ST,368002.0922,5032772.541,-75.69224554,45.43202976,2015-08-15,21:00,01 - Clear,01 - Dry,10 - No control,04 - At/near private drive,07 - Dark,03 - P.D. only,06 - SMV unattended vehicle,Lower Town
7302,MOONEY'S BAY PL @ RIVERSIDE DR,368355.715,5025296.872,-75.68868975,45.36473395,2015-08-20,10:08,01 - Clear,01 - Dry,01 - Traffic signal,02 - Intersection related,01 - Daylight,03 - P.D. only,04 - Sideswipe,Riverside Park
7303,KING EDWARD AVE NB btwn SUSSEX DR & UNION ST,367728.1409,5033472.019,-75.69565702,45.43834812,2015-08-20,8:58,01 - Clear,01 - Dry,10 - No control,01 - Non intersection,01 - Daylight,03 - P.D. only,03 - Rear end,Byward Market - Parliament Hill
7304,BLAIR RD @ INNES RD,375580.1763,5031439.195,-75.59559692,45.41930715,2015-07-26,15:06,01 - Clear,01 - Dry,01 - Traffic signal,02 - Intersection related,01 - Daylight,03 - P.D. only,04 - Sideswipe,Greenbelt
7305,MONTREAL RD @ OLMSTEAD ST,370333.434,5033212.505,-75.66239441,45.43577378,2015-08-30,0:33,01 - Clear,01 - Dry,01 - Traffic signal,02 - Intersection related,07 - Dark,03 - P.D. only,04 - Sideswipe,Vanier South
7306,HWY 417 INNES IC112R57 @ INNES RD,374298.9927,5030754.316,-75.612062,45.4132734,2015-08-27,15:00,01 - Clear,01 - Dry,01 - Traffic signal,02 - Intersection related,01 - Daylight,03 - P.D. only,03 - Rear end,Industrial Park
7307,REGIONAL ROAD 174 EB btwn OR174 IC109 RAMP55 & TRANSIT,376484.6494,5035009.611,-75.58352148,45.45133947,2015-08-20,13:11,01 - Clear,01 - Dry,10 - No control,01 - Non intersection,01 - Daylight,03 - P.D. only,03 - Rear end,Greenbelt
7308,INDUSTRIAL AVE @ RIVERSIDE DR,370683.9979,5030590.752,-75.65826487,45.4121514,2015-08-18,15:15,01 - Clear,01 - Dry,01 - Traffic signal,02 - Intersection related,01 - Daylight,03 - P.D. only,05 - Turning movement,Industrial Park
7309,ST. LAURENT BLVD btwn THURSTON DR & WALKLEY RD,374013.9772,5027864.962,-75.61610847,45.38730463,2015-01-29,15:48,03 - Snow,03 - Loose snow,10 - No control,01 - Non intersection,01 - Daylight,03 - P.D. only,06 - SMV unattended vehicle,Industrial Park
7310,OSGOODE ST btwn BLACKBURN AVE & GOULBURN AVE,369315.2022,5032137.949,-75.6755482,45.42620004,2015-03-23,12:29,01 - Clear,01 - Dry,10 - No control,01 - Non intersection,01 - Daylight,03 - P.D. only,06 - SMV unattended vehicle,Sandy Hill
7311,HAIG DR @ PLEASANT PARK RD,372402.5894,5028587.015,-75.63658528,45.39395874,2015-01-05,16:29,01 - Clear,06 - Ice,02 - Stop sign,03 - At intersection,01 - Daylight,03 - P.D. only,02 - Angle,Elmvale - Eastway - Riverview - Riverview Park West
7312,DONALD ST @ ST. LAURENT BLVD,372093.7129,5032472.103,-75.63999938,45.42894481,2015-03-15,11:25,01 - Clear,02 - Wet,01 - Traffic signal,02 - Intersection related,01 - Daylight,03 - P.D. only,03 - Rear end,Overbrook
7313,RIVERSIDE DR @ SMYTH RD NORTH SIDE RAMP,369938.5299,5029317.227,-75.66795622,45.40076248,2015-03-16,14:12,01 - Clear,02 - Wet,01 - Traffic signal,02 - Intersection related,01 - Daylight,03 - P.D. only,03 - Rear end,Industrial Park
7314,PETER MORAND CRES btwn ROGER GUINDON AVE & ROGER GUINDON AVE,372142.7924,5029605.068,-75.63976401,45.40314379,2015-03-25,9:30,01 - Clear,01 - Dry,10 - No control,01 - Non intersection,01 - Daylight,03 - P.D. only,04 - Sideswipe,Elmvale - Eastway - Riverview - Riverview Park West
7315,TERRY FOX DR btwn HWY417 IC140 RAMP25 & PALLADIUM DR,351235.0192,5018229.486,-75.90789041,45.30248336,2015-02-02,9:37,03 - Snow,03 - Loose snow,10 - No control,01 - Non intersection,01 - Daylight,03 - P.D. only,07 - SMV other,Katimavik - Hazeldean
7316,GLADSTONE AVE btwn PERCY ST & BAY ST,367399.7792,5030251.98,-75.70026291,45.40940472,2015-02-02,8:30,03 - Snow,03 - Loose snow,10 - No control,01 - Non intersection,01 - Daylight,03 - P.D. only,06 - SMV unattended vehicle,Centretown
7317,INNES RD @ JEANNE D'ARC BLVD/MER BLEUE RD,382637.7536,5035567.072,-75.50477813,45.45569681,2015-02-02,9:54,03 - Snow,03 - Loose snow,01 - Traffic signal,02 - Intersection related,01 - Daylight,03 - P.D. only,07 - SMV other,Chapel Hill South
7318,CARLING AVE @ CHAMPAGNE AVE,366627.7004,5028811.023,-75.71030624,45.39650801,2015-02-02,11:48,03 - Snow,05 - Packed snow,01 - Traffic signal,03 - At intersection,01 - Daylight,03 - P.D. only,02 - Angle,Centretown West
7319,HAWTHORNE AVE btwn ISABELLA ST & COLONEL BY DR,368751.9364,5030515.802,-75.68295608,45.41165626,2015-02-02,10:10,03 - Snow,03 - Loose snow,10 - No control,01 - Non intersection,01 - Daylight,03 - P.D. only,03 - Rear end,Old Ottawa East
7320,BANK ST btwn WILTON CRES & ECHO DR,368625.4229,5028847.673,-75.68478816,45.39665852,2015-03-03,18:07,03 - Snow,05 - Packed snow,10 - No control,01 - Non intersection,05 - Dusk,03 - P.D. only,04 - Sideswipe,The Glebe
7321,HIGHWAY 417 btwn HWY417 IC126 RAMP61 & HWY417 IC124 RAMP76,364104.4603,5027118.439,-75.74273481,45.3814967,2015-10-09,17:30,01 - Clear,01 - Dry,10 - No control,01 - Non intersection,01 - Daylight,03 - P.D. only,03 - Rear end,Westboro
7322,PRINCE OF WALES DR btwn CENTURY RD W & SECOND LINE RD S,365829.1591,5006563.623,-75.72324259,45.19639761,2015-04-04,7:21,03 - Snow,03 - Loose snow,10 - No control,01 - Non intersection,01 - Daylight,03 - P.D. only,07 - SMV other,Manotick
7323,ALBERT ST @ ELGIN ST/MACKENZIE KING BRIDGE,367850.0302,5031711.266,-75.69432464,45.42249449,2015-04-04,15:11,01 - Clear,01 - Dry,01 - Traffic signal,03 - At intersection,01 - Daylight,03 - P.D. only,07 - SMV other,Downtown
7324,MAITLAND AVE btwn CAMEO DR & CLYDE AVE,364172.2084,5025148.766,-75.74210657,45.36376814,2015-04-13,12:30,01 - Clear,01 - Dry,10 - No control,04 - At/near private drive,01 - Daylight,03 - P.D. only,04 - Sideswipe,Civic Hospital - Experimental Farm - Central Park
7325,BARNSDALE RD btwn MOODIE DR & TRAIL RD,363429.6199,5009705.476,-75.75341063,45.22487202,2015-04-12,12:39,01 - Clear,01 - Dry,10 - No control,01 - Non intersection,01 - Daylight,03 - P.D. only,07 - SMV other,Munster Hamlet - Richmond
7326,DOWNPATRICK RD btwn WYMAN CRES & WYMAN PL,370553.5136,5023287.497,-75.66090434,45.34645148,2015-03-15,8:10,03 - Snow,06 - Ice,10 - No control,01 - Non intersection,01 - Daylight,03 - P.D. only,06 - SMV unattended vehicle,Hunt Club - Ottawa Airport
7327,ALTA VISTA DR @ SMYTH RD,370431.702,5029082.825,-75.66168857,45.39860736,2015-02-23,7:55,01 - Clear,05 - Packed snow,01 - Traffic signal,02 - Intersection related,01 - Daylight,03 - P.D. only,03 - Rear end,Alta Vista
7328,RENAUD RD btwn PERCIFOR WAY & SADDLERIDGE DR,381187.1707,5032347.103,-75.5238221,45.42688613,2015-02-25,8:45,03 - Snow,03 - Loose snow,10 - No control,01 - Non intersection,01 - Daylight,03 - P.D. only,03 - Rear end,Chapel Hill South
7329,EAGLESON RD @ 146 N OF ABBEYHILL DR/HAZELDEAN ,353773.2915,5018171.573,-75.87553159,45.30178988,2015-04-12,12:35,01 - Clear,01 - Dry,01 - Traffic signal,02 - Intersection related,01 - Daylight,03 - P.D. only,03 - Rear end,Glen Cairn - Kanata South Business Park
7330,LEITRIM RD btwn LIMEBANK RD & HIGH RD,369380.4252,5017894.066,-75.67657615,45.29803154,2015-04-15,6:49,01 - Clear,01 - Dry,10 - No control,01 - Non intersection,01 - Daylight,03 - P.D. only,07 - SMV other,Gloucester
7331,BERRIGAN DR @ LONGFIELDS DR,364304.2738,5015646.832,-75.74156251,45.27825923,2015-04-13,11:41,01 - Clear,01 - Dry,11 - Roundabout,03 - At intersection,01 - Daylight,03 - P.D. only,02 - Angle,New Barrhaven
7332,BRONSON AVE btwn PLYMOUTH ST & RENFREW AVE,367348.3608,5029573.118,-75.70100586,45.40330112,2015-03-13,18:30,01 - Clear,01 - Dry,10 - No control,04 - At/near private drive,05 - Dusk,03 - P.D. only,02 - Angle,The Glebe
7333,ELLENDALE CRES @ LANARK AVE,363462.8647,5029089.454,-75.75069239,45.39928559,2015-02-26,16:16,01 - Clear,01 - Dry,02 - Stop sign,03 - At intersection,01 - Daylight,03 - P.D. only,02 - Angle,Westboro Beach
7334,HIGHWAY 417 btwn HWY417 IC118 RAMP67 & HWY417 IC117 RAMP36,369840.7027,5031155.112,-75.6689632,45.41730818,2015-10-01,8:45,01 - Clear,01 - Dry,10 - No control,01 - Non intersection,01 - Daylight,03 - P.D. only,03 - Rear end,Sandy Hill
7335,ELGIN ST @ LAURIER AVE,367947.746,5031550.058,-75.69309678,45.42103518,2015-02-25,4:30,03 - Snow,03 - Loose snow,01 - Traffic signal,03 - At intersection,07 - Dark,03 - P.D. only,07 - SMV other,Downtown
7336,CENTRAL PARK DR S @ MERIVALE RD,364987.8106,5025599.058,-75.73164139,45.36775024,2015-02-25,15:31,01 - Clear,01 - Dry,01 - Traffic signal,03 - At intersection,01 - Daylight,03 - P.D. only,03 - Rear end,Civic Hospital - Experimental Farm - Central Park
7337,ANDERSON RD @ INNES RD,376281.705,5031841.082,-75.58657587,45.42285177,2015-04-13,17:40,01 - Clear,01 - Dry,01 - Traffic signal,02 - Intersection related,01 - Daylight,03 - P.D. only,03 - Rear end,Greenbelt
7338,MERIVALE RD @ THAMES ST,364912.9972,5027525.981,-75.73236181,45.38509477,2015-04-13,11:07,01 - Clear,01 - Dry,02 - Stop sign,02 - Intersection related,01 - Daylight,03 - P.D. only,04 - Sideswipe,Carlington
7339,BASELINE RD @ FISHER AVE,366166.6936,5026028.051,-75.71653986,45.37150801,2015-03-06,16:32,01 - Clear,01 - Dry,01 - Traffic signal,02 - Intersection related,01 - Daylight,03 - P.D. only,04 - Sideswipe,Civic Hospital - Experimental Farm - Central Park
7340,MONTREAL RD btwn CLOVELLY RD & ELWOOD ST,374379.7364,5034402.046,-75.61051513,45.44608568,2015-03-06,15:20,01 - Clear,01 - Dry,10 - No control,01 - Non intersection,01 - Daylight,03 - P.D. only,03 - Rear end,Gloucester
7341,BANK ST btwn FOURTH AVE & FIFTH AVE,368374.4633,5029455.843,-75.68791483,45.40215348,2015-02-28,12:04,01 - Clear,01 - Dry,10 - No control,01 - Non intersection,01 - Daylight,03 - P.D. only,04 - Sideswipe,The Glebe
7342,ALBERT ST @ O'CONNOR ST,367538.4568,5031521.253,-75.69832984,45.42081283,2015-02-28,11:08,01 - Clear,01 - Dry,01 - Traffic signal,03 - At intersection,01 - Daylight,03 - P.D. only,05 - Turning movement,Downtown
7343,MARCH RD btwn SOLANDT RD & STATION RD,350814.89,5022344.19,-75.91286504,45.33953612,2015-04-05,21:02,01 - Clear,01 - Dry,10 - No control,01 - Non intersection,07 - Dark,03 - P.D. only,07 - SMV other,South March
7344,RIOCAN AVE @ STRANDHERD DR,364172.2088,5014943.127,-75.74332982,45.27193846,2015-04-04,16:06,01 - Clear,01 - Dry,01 - Traffic signal,03 - At intersection,01 - Daylight,03 - P.D. only,05 - Turning movement,New Barrhaven
7345,BASELINE RD @ FISHER AVE,366168.6213,5026026.123,-75.71651549,45.37149049,2015-03-15,7:37,03 - Snow,03 - Loose snow,01 - Traffic signal,02 - Intersection related,01 - Daylight,03 - P.D. only,07 - SMV other,Civic Hospital - Experimental Farm - Central Park
7346,BRITTANY DR btwn BANGS ST & TRURO ST,371742.1769,5034352.788,-75.64423568,45.44590006,2015-03-15,7:10,03 - Snow,03 - Loose snow,10 - No control,01 - Non intersection,01 - Daylight,03 - P.D. only,07 - SMV other,Rockcliffe - Manor Park
7347,BLACKBURN BYPASS WB btwn NAVAN RD & 1700 W OF NAVAN RD,379112.7765,5032955.161,-75.55023602,45.43258048,2015-03-15,4:40,03 - Snow,04 - Slush,10 - No control,01 - Non intersection,07 - Dark,03 - P.D. only,07 - SMV other,Greenbelt
7348,CHESTERTON DR @ MEADOWLANDS DR,365101.7036,5024009.99,-75.73038144,45.35344227,2015-02-21,10:13,03 - Snow,06 - Ice,01 - Traffic signal,02 - Intersection related,01 - Daylight,03 - P.D. only,04 - Sideswipe,Borden Farm - Stewart Farm - Parkwood Hills - Fisher Glen
7349,CHARLEMAGNE BLVD @ GARDENWAY DR/BOTTRIELL WAY ,384050.3653,5037040.525,-75.48648197,45.46879481,2015-02-21,7:50,01 - Clear,05 - Packed snow,01 - Traffic signal,02 - Intersection related,01 - Daylight,03 - P.D. only,07 - SMV other,Fallingbrook
7350,REVELSTOKE DR btwn KAMLOOPS AVE & KAMLOOPS AVE,367557.9776,5024027.648,-75.69903329,45.35338563,2015-02-26,13:18,01 - Clear,05 - Packed snow,10 - No control,04 - At/near private drive,01 - Daylight,03 - P.D. only,03 - Rear end,Hunt Club Woods - Quintarra - Revelstoke - Riverside South P
7351,MONTREAL RD btwn DEN HAAG DR & CODD'S RD,372479.2481,5034268.331,-75.63482592,45.44506918,2015-03-26,19:26,01 - Clear,01 - Dry,10 - No control,01 - Non intersection,07 - Dark,03 - P.D. only,07 - SMV other,Carson Grove - Carson Meadows
7352,CLYDE AVE btwn CLYDE AVE & STARWOOD RD,364452.7939,5024678.028,-75.73858199,45.35950869,2015-04-15,11:31,01 - Clear,01 - Dry,10 - No control,04 - At/near private drive,01 - Daylight,03 - P.D. only,02 - Angle,Cityview - Skyline - Fisher Heights
7353,BRAMBLEGROVE CRES btwn LORRY GREENBERG DR & BRIERMOOR CRES (2),373435.7042,5025632.109,-75.62380274,45.36727127,2015-04-15,10:30,01 - Clear,01 - Dry,10 - No control,01 - Non intersection,01 - Daylight,03 - P.D. only,06 - SMV unattended vehicle,Greenboro East
7354,MACFARLANE RD btwn GREENSIDE AVE & O'DONNELL CRT,367191.4739,5021412.492,-75.70404025,45.32988764,2015-04-13,11:53,01 - Clear,01 - Dry,10 - No control,01 - Non intersection,01 - Daylight,03 - P.D. only,07 - SMV other,Industrial Park
7355,BASELINE RD @ CLYDE AVE,364357.7394,5024890.031,-75.73976963,45.36142434,2015-03-14,19:17,04 - Freezing Rain,02 - Wet,01 - Traffic signal,02 - Intersection related,07 - Dark,03 - P.D. only,04 - Sideswipe,Braemar Park - Bel Air Heights - Copeland Park
7356,HOLLAND AVE btwn WELLINGTON ST W & BYRON AVE,364939.775,5029128.654,-75.73182455,45.399513,2015-02-27,8:34,01 - Clear,02 - Wet,10 - No control,04 - At/near private drive,01 - Daylight,03 - P.D. only,99 - Other,Island Park
7357,BOWESVILLE RD/HIGH RD @ LEITRIM RD,371674.7313,5019286.026,-75.64713833,45.31034141,2015-02-27,10:54,01 - Clear,06 - Ice,02 - Stop sign,02 - Intersection related,01 - Daylight,03 - P.D. only,07 - SMV other,Gloucester
7358,MARCH RD @ SECOND LINE RD,346105.5173,5025327.043,-75.9727032,45.36666977,2015-03-27,8:50,03 - Snow,02 - Wet,01 - Traffic signal,02 - Intersection related,01 - Daylight,03 - P.D. only,03 - Rear end,Carp - Hardwood Plains
7359,KENT ST @ SOMERSET ST,367526.7012,5030815.083,-75.69856993,45.41445999,2015-03-24,13:54,01 - Clear,01 - Dry,01 - Traffic signal,03 - At intersection,01 - Daylight,03 - P.D. only,04 - Sideswipe,Centretown
7360,COOPER ST @ O'CONNOR ST,367808.7112,5031085.089,-75.69493265,45.41686408,2015-02-25,9:30,03 - Snow,04 - Slush,02 - Stop sign,03 - At intersection,01 - Daylight,03 - P.D. only,05 - Turning movement,Centretown
7361,BANK ST btwn ARENA PL & WHITE ALDER AVE,375426.9635,5021457.807,-75.59898175,45.32951492,2015-04-13,8:12,01 - Clear,01 - Dry,10 - No control,01 - Non intersection,01 - Daylight,03 - P.D. only,05 - Turning movement,Greenbelt
7362,BALSAM ST @ PRESTON ST,366456.7045,5029789.048,-75.7123678,45.4053231,2015-04-09,10:39,01 - Clear,01 - Dry,02 - Stop sign,03 - At intersection,01 - Daylight,03 - P.D. only,99 - Other,Little Italy
7363,BAY ST @ SLATER ST,366984.6617,5031078.088,-75.70546146,45.41687481,2015-03-06,13:07,01 - Clear,01 - Dry,01 - Traffic signal,03 - At intersection,01 - Daylight,03 - P.D. only,02 - Angle,Downtown
7364,EAGLESON RD @ HAZELDEAN RD/ROBERTSON RD,353673.6249,5018423.014,-75.87677759,45.30405934,2015-01-14,8:13,01 - Clear,06 - Ice,01 - Traffic signal,02 - Intersection related,01 - Daylight,03 - P.D. only,03 - Rear end,Greenbelt
7365,CASTLEFRANK RD btwn TO BE DETERMINED & WINCHESTER DR,352796.5109,5017481.713,-75.88805278,45.29564977,2015-03-27,15:00,01 - Clear,01 - Dry,10 - No control,04 - At/near private drive,01 - Daylight,03 - P.D. only,03 - Rear end,Glen Cairn - Kanata South Business Park
7366,QUEEN MARY ST btwn BERNARD ST & ALESTHER ST,371940.9398,5032134.4,-75.64199761,45.42592099,2015-03-23,19:21,01 - Clear,01 - Dry,10 - No control,01 - Non intersection,07 - Dark,03 - P.D. only,06 - SMV unattended vehicle,Overbrook
7367,BANK ST btwn STONE SCHOOL RD & SCRIVENS DR,382286.533,5011401.298,-75.51305409,45.23830829,2015-03-15,3:45,04 - Freezing Rain,06 - Ice,10 - No control,01 - Non intersection,07 - Dark,03 - P.D. only,07 - SMV other,Osgoode
7368,GREENBANK RD btwn WEST HUNT CLUB RD & FALLOWFIELD RD,362268.5667,5018679.752,-75.76715594,45.30571887,2015-03-15,2:45,04 - Freezing Rain,04 - Slush,10 - No control,01 - Non intersection,07 - Dark,03 - P.D. only,07 - SMV other,Greenbelt
7369,IONA ST @ ISLAND PARK DR,364350.6683,5028384.105,-75.73943851,45.39286405,2015-02-19,17:44,01 - Clear,02 - Wet,01 - Traffic signal,03 - At intersection,05 - Dusk,03 - P.D. only,02 - Angle,Westboro
7370,MACFARLANE RD @ DEAKIN ST,367254.1683,5021559.207,-75.70322199,45.33120218,2015-02-27,11:49,01 - Clear,05 - Packed snow,02 - Stop sign,02 - Intersection related,01 - Daylight,03 - P.D. only,03 - Rear end,Industrial Park
7371,HIGHWAY 417 btwn HWY 417 ANDERSON IC104R61 & HWY 417 BOUNDARY IC96R16,383558.7468,5025371.344,-75.49463317,45.36386073,2015-10-10,11:30,01 - Clear,01 - Dry,10 - No control,01 - Non intersection,01 - Daylight,03 - P.D. only,07 - SMV other,Greenbelt
7372,MACFARLANE RD @ DEAKIN ST,367252.9655,5021559.981,-75.70323723,45.33120925,2015-03-27,7:45,03 - Snow,05 - Packed snow,02 - Stop sign,02 - Intersection related,01 - Daylight,03 - P.D. only,03 - Rear end,Industrial Park
7373,HUNT CLUB RD btwn BLOHM DR & HAWTHORNE RD,375219.3846,5026242.048,-75.60094827,45.37258228,2015-03-27,7:45,03 - Snow,06 - Ice,10 - No control,01 - Non intersection,01 - Daylight,03 - P.D. only,03 - Rear end,Hunt Club