Record,Location,X,Y,lon,lat,Date,Time,Environment,Road_Surface,Traffic_Control,Collision_Location,Light,Collision_Classification,Impact_type,Neighborhood
7996,LOSINO CRES btwn WESTPHALIAN AVE E & WESTPHALIAN AVE W,353163.6651,5015769.238,-75.88353883,45.28021531,2015-02-06,17:00,03 - Snow,03 - Loose snow,10 - No control,01 - Non intersection,05 - Dusk,03 - P.D. only,06 - SMV unattended vehicle,Glen Cairn - Kanata South Business Park
7997,SODERLIND ST @ SUDBURY AVE,361170.4011,5023599.148,-75.78059859,45.35007258,2015-05-07,8:05,01 - Clear,01 - Dry,10 - No control,02 - Intersection related,01 - Daylight,03 - P.D. only,06 - SMV unattended vehicle,Iris
7998,BROMLEY RD btwn WEMBLEY AVE & SHERBOURNE RD,362894.3035,5026561.478,-75.75825165,45.37658663,2015-05-18,0:33,01 - Clear,01 - Dry,10 - No control,01 - Non intersection,07 - Dark,03 - P.D. only,06 - SMV unattended vehicle,Carlingwood - McKellar Park - Laurentien View
7999,NICHOLAS ST SB btwn LAURIER AVE E & Continuation of NICHOLAS ST,368381.5649,5031783.495,-75.68752386,45.42309627,2015-05-21,11:21,01 - Clear,01 - Dry,10 - No control,01 - Non intersection,01 - Daylight,03 - P.D. only,04 - Sideswipe,Sandy Hill
8000,ST. JOSEPH BLVD @ FOREST VALLEY DR/YOUVILLE DR,379164.7411,5036156.23,-75.54908814,45.46137586,2015-05-31,16:56,01 - Clear,01 - Dry,01 - Traffic signal,02 - Intersection related,01 - Daylight,03 - P.D. only,04 - Sideswipe,Chapel Hill
8001,HWY 417 WOODROFF IC127R63 @ WOODROFFE AVE,362108.6329,5024872.13,-75.76847824,45.36145074,2015-06-02,11:00,01 - Clear,01 - Dry,10 - No control,03 - At intersection,01 - Daylight,03 - P.D. only,04 - Sideswipe,Whitehaven - Queensway Terrace North
8002,CHAMPLAIN ST @ PLACE D'ORLEANS  SC E/PLACE D'O,381518.4002,5038375.725,-75.51864944,45.48109052,2015-02-02,14:24,03 - Snow,03 - Loose snow,01 - Traffic signal,03 - At intersection,01 - Daylight,03 - P.D. only,07 - SMV other,Orleans South West
8003,RIDEAU ST btwn KING EDWARD AVE & NELSON ST,368521.3458,5032420.818,-75.68565541,45.42881796,2015-02-06,11:20,03 - Snow,04 - Slush,10 - No control,01 - Non intersection,01 - Daylight,03 - P.D. only,04 - Sideswipe,Lowe
8004,AMBERWOOD CRES btwn WEATHERWOOD CRES & CALAIS CRT,366538.9714,5020469.215,-75.71248137,45.32145787,2015-06-03,14:59,01 - Clear,01 - Dry,10 - No control,04 - At/near private drive,01 - Daylight,03 - P.D. only,06 - SMV unattended vehicle,Merivale Gardens - Grenfell Glen - Pineglen - Country Place
8005,MALOJA WAY btwn GALES LANE & MILBANK LANE,349683.8685,5016565.095,-75.92781931,45.28760748,2015-02-06,16:23,01 - Clear,04 - Slush,10 - No control,04 - At/near private drive,01 - Daylight,03 - P.D. only,06 - SMV unattended vehicle,Stittsville
8006,BANK ST @ SPARKS ST,367301.7035,5031557.058,-75.70135023,45.42115618,2015-02-09,8:00,01 - Clear,01 - Dry,01 - Traffic signal,02 - Intersection related,01 - Daylight,03 - P.D. only,04 - Sideswipe,Downtown
8007,BANK ST btwn CAHILL DR & TURN LANE (2),371328.0198,5024301.788,-75.65088531,45.35550472,2015-04-13,12:57,01 - Clear,01 - Dry,10 - No control,04 - At/near private drive,01 - Daylight,03 - P.D. only,03 - Rear end,South Keys - Heron Gate - Greenboro West
8008,KING EDWARD AVE SB btwn SUSSEX DR & __3ZA3LO,367688.2045,5033475.782,-75.69616695,45.43838557,2015-05-02,2:59,01 - Clear,01 - Dry,10 - No control,01 - Non intersection,07 - Dark,03 - P.D. only,03 - Rear end,Byward Market - Parliament Hill
8009,CARLING AVE @ HARE AVE,362379.9697,5026133.893,-75.76486797,45.37278173,2015-06-05,13:27,01 - Clear,01 - Dry,02 - Stop sign,02 - Intersection related,01 - Daylight,03 - P.D. only,04 - Sideswipe,Carlingwood - McKellar Park - Laurentien View
8010,FERNBANK RD btwn LUCAS LANE & JINKINSON RD,345888.3185,5007655.273,-75.97693932,45.20766496,2015-06-05,16:17,02 - Rain,02 - Wet,10 - No control,01 - Non intersection,01 - Daylight,03 - P.D. only,07 - SMV other,Stittsville - Basswood
8011,KINGSMERE AVE @ LENESTER AVE,362413.9693,5025766.446,-75.76447679,45.36947268,2015-06-06,10:28,01 - Clear,01 - Dry,02 - Stop sign,02 - Intersection related,01 - Daylight,03 - P.D. only,04 - Sideswipe,Glabar Park
8012,PARENT AVE btwn MURRAY ST & CLARENCE ST,367865.7811,5032482.83,-75.6940246,45.42943534,2015-06-07,14:48,01 - Clear,01 - Dry,10 - No control,01 - Non intersection,01 - Daylight,03 - P.D. only,06 - SMV unattended vehicle,Byward Market
8013,BASELINE RD btwn FARLANE BLVD & ZENA ST,365499.1713,5025607.186,-75.72511295,45.36777928,2015-06-06,20:57,01 - Clear,01 - Dry,10 - No control,04 - At/near private drive,05 - Dusk,03 - P.D. only,03 - Rear end,Civic Hospital - Experimental Farm - Central Park
8014,SAUNDERSON DR btwn PLEASANT PARK RD & ELSETT DR,373161.0126,5028529.399,-75.62690786,45.39336671,2015-06-06,21:39,01 - Clear,01 - Dry,10 - No control,04 - At/near private drive,07 - Dark,03 - P.D. only,05 - Turning movement,Urbandale
8015,METCALFE ST btwn LISGAR ST & COOPER ST,367957.6623,5031186.137,-75.69301673,45.41775985,2015-05-23,18:24,01 - Clear,01 - Dry,10 - No control,01 - Non intersection,01 - Daylight,03 - P.D. only,03 - Rear end,Centretown
8016,MOODIE DR @ WEST HUNT CLUB RD,357907.6517,5018498.816,-75.82278202,45.30443406,2015-05-21,15:57,01 - Clear,01 - Dry,01 - Traffic signal,02 - Intersection related,01 - Daylight,03 - P.D. only,03 - Rear end,Greenbelt
8017,PARKDALE AVE @ SIMS AVE,365270.6952,5028995.478,-75.72761436,45.39828621,2015-05-26,17:33,01 - Clear,01 - Dry,02 - Stop sign,03 - At intersection,01 - Daylight,03 - P.D. only,02 - Angle,Civi
8018,MOODIE DR @ RICHMOND RD N,357393.2852,5019690.747,-75.82921416,45.3151979,2015-05-24,13:23,01 - Clear,01 - Dry,02 - Stop sign,03 - At intersection,01 - Daylight,03 - P.D. only,02 - Angle,Bells Corners East
8019,210 W OF MERIVALE RD @ WEST HUNT CLUB RD,365432.4568,5021830.872,-75.72642759,45.33380635,2015-05-24,14:12,01 - Clear,01 - Dry,01 - Traffic signal,02 - Intersection related,01 - Daylight,03 - P.D. only,03 - Rear end,Tanglewood
8020,HINES RD btwn INNOVATION DR & SOLANDT RD,350279.5272,5022623.104,-75.9196701,45.34208076,2015-05-25,11:02,02 - Rain,02 - Wet,10 - No control,01 - Non intersection,01 - Daylight,03 - P.D. only,01 - Approaching,South March
8021,BRADFORD ST @ JAMIESON ST,359649.3864,5025666.167,-75.79977899,45.36879219,2015-05-20,17:57,01 - Clear,01 - Dry,02 - Stop sign,03 - At intersection,01 - Daylight,03 - P.D. only,02 - Angle,Crystal Bay - Lakeview Park - Britannia Village
8022,CALAVERAS AVE @ CLARIDGE DR,364735.3133,5015711.638,-75.73606118,45.27880574,2015-05-20,20:03,01 - Clear,01 - Dry,02 - Stop sign,03 - At intersection,01 - Daylight,03 - P.D. only,02 - Angle,New Barrhaven
8023,HAZELDEAN RD btwn IRWIN GT & EAGLESON RD,353644.1226,5018406.013,-75.87715545,45.30390841,2015-05-26,17:27,01 - Clear,01 - Dry,10 - No control,04 - At/near private drive,01 - Daylight,03 - P.D. only,03 - Rear end,Katimavik - Hazeldean
8024,REGIONAL ROAD 174 btwn MORIN RD & OLD MONTREAL RD,392439.7978,5042750.618,-75.37819118,45.51916464,2015-05-14,17:14,01 - Clear,01 - Dry,10 - No control,01 - Non intersection,01 - Daylight,03 - P.D. only,03 - Rear end,Cumberland - Estates
8025,HERON RD @ 155 W OF BANK ST/CANADIAN TIRE SC,369847.8238,5026830.415,-75.66944252,45.37839542,2015-06-02,17:22,01 - Clear,01 - Dry,01 - Traffic signal,02 - Intersection related,01 - Daylight,03 - P.D. only,03 - Rear end,Alta Vista
8026,MER BLEUE RD btwn 210 S OF INNES RD & RENAUD RD,382843.8045,5035112.882,-75.50221606,45.45158742,2015-02-08,10:53,03 - Snow,03 - Loose snow,10 - No control,01 - Non intersection,01 - Daylight,03 - P.D. only,99 - Other,Chapel Hill South
8027,SUSSEX DR btwn 151 W OF KING EDWARD AVE/L.B. PEARSON BUILDING & RAMP,367645.736,5033461.953,-75.69671149,45.43826496,2015-02-12,9:10,03 - Snow,03 - Loose snow,10 - No control,01 - Non intersection,01 - Daylight,03 - P.D. only,07 - SMV other,Byward Market - Parliament Hill
8028,BANK ST @ GROVE AVE,368847.7107,5028373.63,-75.68201081,45.39237294,2015-06-03,17:01,01 - Clear,01 - Dry,02 - Stop sign,03 - At intersection,01 - Daylight,03 - P.D. only,02 - Angle,Old Ottawa South
8029,RIDEAU ST btwn COBOURG ST & CHARLOTTE ST,369142.3999,5032793.701,-75.67767057,45.43211616,2015-06-03,17:30,01 - Clear,01 - Dry,10 - No control,01 - Non intersection,01 - Daylight,03 - P.D. only,03 - Rear end,Lower Town
8030,BANK ST @ WELLINGTON ST,367259.1264,5031628.094,-75.70188522,45.42179914,2015-04-08,15:30,01 - Clear,01 - Dry,01 - Traffic signal,02 - Intersection related,01 - Daylight,03 - P.D. only,03 - Rear end,Downtown
8031,AMBERCREST ST btwn MEADOWCROFT CRES & MATHESON RD,373072.33,5033201.057,-75.62739322,45.43540873,2015-02-22,16:51,03 - Snow,03 - Loose snow,10 - No control,01 - Non intersection,01 - Daylight,03 - P.D. only,01 - Approaching,Carson Grove - Carson Meadows
8032,QUEEN ST btwn BANK ST & O'CONNOR ST,367426.8836,5031540.283,-75.69975296,45.42099405,2015-02-23,7:34,01 - Clear,02 - Wet,10 - No control,04 - At/near private drive,01 - Daylight,03 - P.D. only,99 - Other,Downtown
8033,LORRY GREENBERG DR btwn HEARTLEAF PRIV & HUNT CLUB RD,372811.4865,5024840.298,-75.6318795,45.36020771,2015-05-14,15:11,01 - Clear,01 - Dry,10 - No control,04 - At/near private drive,01 - Daylight,03 - P.D. only,02 - Angle,Greenboro East
8034,SMYTH RD btwn HAIG DR & SAUNDERSON DR,372616.6168,5029303.954,-75.63375349,45.40038876,2015-05-05,8:45,01 - Clear,01 - Dry,10 - No control,01 - Non intersection,01 - Daylight,03 - P.D. only,04 - Sideswipe,Elmvale - Eastway - Riverview - Riverview Park West
8035,WILHAVEN DR btwn LOUGH DR & EMMETT RD,393753.0545,5041114.565,-75.36168131,45.50427936,2015-06-10,6:30,01 - Clear,01 - Dry,10 - No control,01 - Non intersection,01 - Daylight,03 - P.D. only,07 - SMV other,Cumberland - Estates
8036,BANK ST btwn LESTER RD & PARK LANE,373700.6899,5022890.26,-75.62080248,45.3425752,2015-01-25,14:11,01 - Clear,01 - Dry,10 - No control,01 - Non intersection,01 - Daylight,03 - P.D. only,99 - Other,Greenbelt
8037,GREENBANK RD @ BELLMAN DR/BATEMAN DR,361256.6755,5021017.129,-75.77979225,45.32683269,2015-06-07,14:06,01 - Clear,01 - Dry,01 - Traffic signal,02 - Intersection related,01 - Daylight,03 - P.D. only,03 - Rear end,Sheahan Estates - Trend Village - Arlington Woods
8038,BROPHY DR @ HWY 416 BANKFIEL IC57R34,364562.0336,5007930.441,-75.73920476,45.20880493,2015-06-10,11:00,01 - Clear,01 - Dry,02 - Stop sign,03 - At intersection,01 - Daylight,03 - P.D. only,02 - Angle,Manotick - North Gower
8039,ADIRONDACK DR @ WOODROFFE AVE,362456.2446,5024005.152,-75.76414261,45.35362124,2015-05-28,19:26,01 - Clear,01 - Dry,02 - Stop sign,02 - Intersection related,01 - Daylight,03 - P.D. only,03 - Rear end,Iris
8040,MONTREAL RD @ OGILVIE RD,375655.4579,5034556.707,-75.59418647,45.44734908,2015-01-06,11:00,01 - Clear,01 - Dry,01 - Traffic signal,02 - Intersection related,01 - Daylight,03 - P.D. only,03 - Rear end,Beacon Hill South - Cardinal Heights
8041,RIVER RD btwn 175 N OF EARL ARMSTRONG/LOBLAWS SC & 700 N OF EARL ARMST,367729.1516,5015060.658,-75.69798773,45.27268669,2015-05-24,18:24,01 - Clear,01 - Dry,10 - No control,04 - At/near private drive,01 - Daylight,03 - P.D. only,03 - Rear end,Gloucester
8042,FISHER AVE btwn ARNOT RD & DEER PARK RD,366356.4834,5025568.112,-75.71417438,45.36735293,2015-05-25,12:38,02 - Rain,02 - Wet,10 - No control,01 - Non intersection,01 - Daylight,03 - P.D. only,03 - Rear end,Civic Hospital - Experimental Farm - Central Park
8043,FALLOWFIELD RD @ MERIVALE RD,366891.3522,5018844.739,-75.70819056,45.30680997,2015-05-25,13:49,02 - Rain,99 - Other,01 - Traffic signal,02 - Intersection related,01 - Daylight,03 - P.D. only,03 - Rear end,Greenbelt
8044,FOURTH AVE btwn LYON ST S & BANK ST,368346.0947,5029463.953,-75.68827612,45.40222903,2015-05-22,16:10,01 - Clear,01 - Dry,10 - No control,04 - At/near private drive,01 - Daylight,03 - P.D. only,02 - Angle,The Glebe
8045,NEPEAN ST btwn O'CONNOR ST & METCALFE ST,367736.8774,5031236.127,-75.6958311,45.41822953,2015-05-26,23:03,01 - Clear,01 - Dry,10 - No control,04 - At/near private drive,07 - Dark,03 - P.D. only,06 - SMV unattended vehicle,Centretown
8046,MARCH RD btwn HWY417 IC138 RAMP36 & HWY417 IC138 RAMP26,352857.2106,5020437.277,-75.8869923,45.32224044,2015-05-27,14:45,01 - Clear,01 - Dry,10 - No control,01 - Non intersection,01 - Daylight,03 - P.D. only,03 - Rear end,Greenbelt
8047,COLDREY AVE @ KIRKWOOD AVE,364439.4162,5027134.738,-75.73845613,45.38161492,2015-05-19,19:11,01 - Clear,01 - Dry,01 - Traffic signal,02 - Intersection related,01 - Daylight,03 - P.D. only,07 - SMV other,Carlington
8048,ST. JEAN ST @ ST. JOSEPH BLVD,380970.458,5037200.51,-75.52583969,45.4705769,2015-05-20,11:37,01 - Clear,01 - Dry,01 - Traffic signal,02 - Intersection related,01 - Daylight,03 - P.D. only,04 - Sideswipe,Orleans Village - Chateauneuf
8049,VIEWMOUNT DR @ MERIVALE RD,365194.4178,5022948.856,-75.72932784,45.34388636,2015-06-02,19:10,01 - Clear,01 - Dry,01 - Traffic signal,03 - At intersection,01 - Daylight,03 - P.D. only,05 - Turning movement,Tanglewood
8050,CHARLEMAGNE BLVD @ PRINCESS LOUISE DR W/VALADE,383520.7527,5037972.13,-75.49310477,45.47723644,2015-03-25,8:01,01 - Clear,01 - Dry,01 - Traffic signal,02 - Intersection related,01 - Daylight,03 - P.D. only,03 - Rear end,Fallingbrook
8051,MILTON RD btwn SMITH RD & PERRAULT RD,388418.231,5028925.433,-75.43200977,45.39527428,2015-03-27,23:35,01 - Clear,01 - Dry,10 - No control,01 - Non intersection,07 - Dark,03 - P.D. only,07 - SMV other,Navan - Vars
8052,MERIVALE RD @ EMERALD PLAZA SC,364737.8557,5024005.81,-75.73502525,45.35343585,2015-06-03,18:00,01 - Clear,01 - Dry,01 - Traffic signal,03 - At intersection,01 - Daylight,03 - P.D. only,02 - Angle,Cityview - Skyline - Fisher Heights
8053,LEES AVE @ ROBINSON AVE W,369576.5157,5031233.606,-75.67232809,45.41803895,2015-06-04,5:01,01 - Clear,01 - Dry,02 - Stop sign,02 - Intersection related,03 - Dawn,03 - P.D. only,07 - SMV other,Sandy Hill
8054,KANE TER btwn MELVILLE DR & MELVILLE DR,362350.0893,5015372.869,-75.7665001,45.27595678,2015-04-15,11:22,01 - Clear,01 - Dry,10 - No control,04 - At/near private drive,01 - Daylight,03 - P.D. only,06 - SMV unattended vehicle,Barrhaven West - Old Barrhaven
8055,BAY ST @ SLATER ST,366984.6617,5031078.088,-75.70546146,45.41687481,2015-04-15,17:09,01 - Clear,01 - Dry,01 - Traffic signal,03 - At intersection,01 - Daylight,03 - P.D. only,02 - Angle,Downtown
8056,RALPH ST btwn MELGUND AVE & HOLMWOOD AVE,368241.2409,5029064.885,-75.6896667,45.39864785,2015-02-23,16:06,01 - Clear,03 - Loose snow,10 - No control,01 - Non intersection,01 - Daylight,03 - P.D. only,01 - Approaching,The Glebe
8057,ST. LAURENT BLVD btwn BELFAST RD & INDUSTRIAL AVE,372870.8142,5030556.58,-75.63033397,45.41163465,2015-05-08,16:45,01 - Clear,01 - Dry,10 - No control,01 - Non intersection,01 - Daylight,03 - P.D. only,03 - Rear end,Industrial Park
8058,HERON RD @ JEFFERSON ST,371807.2839,5027051.461,-75.64439609,45.38019965,2015-05-20,16:15,01 - Clear,01 - Dry,01 - Traffic signal,02 - Intersection related,01 - Daylight,03 - P.D. only,03 - Rear end,Ledbury - Heron Gate - Ridgemont - Elmwood
8059,O'CONNOR ST btwn NEPEAN ST & LISGAR ST,367758.423,5031168.311,-75.69556449,45.41761741,2015-01-30,21:08,01 - Clear,01 - Dry,10 - No control,01 - Non intersection,07 - Dark,03 - P.D. only,06 - SMV unattended vehicle,Centretown
8060,LAVERENDRYE DR @ OGILVIE RD,375412.2894,5035187.983,-75.59720413,45.45305353,2015-02-20,11:55,01 - Clear,01 - Dry,02 - Stop sign,03 - At intersection,01 - Daylight,03 - P.D. only,02 - Angle,Beacon Hill North
8061,NANOOK CRES btwn NANOOK CRT & CHIMO DR (2),352552.5987,5018857.648,-75.8910299,45.30804738,2015-06-07,21:47,01 - Clear,01 - Dry,10 - No control,01 - Non intersection,07 - Dark,03 - P.D. only,06 - SMV unattended vehicle,Katimavik - Hazeldean
8062,MITCH OWENS RD btwn FARMERS WAY & YORKS CORNERS RD,385241.0762,5020483.598,-75.47395613,45.31969348,2015-06-08,0:10,02 - Rain,02 - Wet,10 - No control,01 - Non intersection,07 - Dark,03 - P.D. only,07 - SMV other,Metcalfe
8063,HOG'S BACK RD btwn COLONEL BY DR & RIVERSIDE DR,367752.9619,5025972.875,-75.6962972,45.37087085,2015-06-10,12:38,01 - Clear,01 - Dry,10 - No control,04 - At/near private drive,01 - Daylight,03 - P.D. only,03 - Rear end,Riverside Park
8064,BANKFIELD RD @ PRINCE OF WALES DR,366378.9692,5008976.467,-75.71594724,45.21806071,2015-06-10,18:20,02 - Rain,02 - Wet,01 - Traffic signal,03 - At intersection,01 - Daylight,03 - P.D. only,05 - Turning movement,Manotick
8065,DALHOUSIE ST @ MURRAY ST,368000.6991,5032573.113,-75.69228894,45.4302355,2015-02-02,6:55,03 - Snow,05 - Packed snow,01 - Traffic signal,03 - At intersection,03 - Dawn,03 - P.D. only,04 - Sideswipe,Byward Market
8066,CARSON'S RD btwn BERMUDA AVE & CHARLESWOOD AVE,372900.4137,5034093.271,-75.62946682,45.44345318,2015-05-25,8:07,01 - Clear,01 - Dry,10 - No control,04 - At/near private drive,01 - Daylight,03 - P.D. only,99 - Other,Carson Grove - Carson Meadows
8067,ST. LAURENT BLVD btwn 125 N OF QUEEN MARY ST & QUEEN MARY ST,372189.9359,5032237.991,-75.63880184,45.42682911,2015-05-25,14:25,02 - Rain,02 - Wet,10 - No control,04 - At/near private drive,01 - Daylight,03 - P.D. only,07 - SMV other,Overbrook
8068,CLAREMONT DR @ ST. LAURENT BLVD,371099.9936,5034889.797,-75.65237183,45.45079302,2015-05-22,21:10,01 - Clear,01 - Dry,02 - Stop sign,02 - Intersection related,05 - Dusk,03 - P.D. only,06 - SMV unattended vehicle,Manor Park
8069,HALTON TER btwn PEIKOFF CRES & NEWCASTLE AVE,348840.4105,5023297.645,-75.93797262,45.34824227,2015-05-23,2:17,01 - Clear,01 - Dry,10 - No control,01 - Non intersection,07 - Dark,03 - P.D. only,06 - SMV unattended vehicle,Morgan's Grant
8070,WESTFIELD CRES btwn ASHGROVE CRES & ASHGROVE CRES,361041.4941,5021893.124,-75.78243753,45.33473216,2015-05-28,10:37,02 - Rain,02 - Wet,10 - No control,04 - At/near private drive,01 - Daylight,03 - P.D. only,06 - SMV unattended vehicle,Briar Green - Leslie Park
8071,WOODROFFE AVE btwn KNOXDALE RD/MEDHURST DR & NORICE ST,363359.8701,5021976.757,-75.75285089,45.33529504,2015-05-28,12:31,02 - Rain,02 - Wet,10 - No control,01 - Non intersection,01 - Daylight,03 - P.D. only,03 - Rear end,Woodvale - Craig Henry - Manordale - Estates of Arlington Wo
8072,SMYTH RD/OTHELLO AVE @ RUSSELL RD W,373254.802,5029374,-75.62559294,45.40095689,2015-05-25,17:00,02 - Rain,02 - Wet,01 - Traffic signal,02 - Intersection related,01 - Daylight,03 - P.D. only,03 - Rear end,Elmvale - Eastway - Riverview - Riverview Park West
8073,CHESTERTON DR @ MEADOWLANDS DR,365101.7036,5024009.147,-75.73038155,45.35343468,2015-04-24,16:45,01 - Clear,01 - Dry,01 - Traffic signal,02 - Intersection related,01 - Daylight,03 - P.D. only,04 - Sideswipe,Borden Farm - Stewart Farm - Parkwood Hills - Fisher Glen
8074,FISHER AVE btwn 220 S OF TRENT ST & MCCOOEY LANE,365989.8745,5026448.332,-75.718745,45.37530507,2015-06-04,6:11,01 - Clear,01 - Dry,10 - No control,01 - Non intersection,01 - Daylight,03 - P.D. only,07 - SMV other,Civic Hospital - Experimental Farm - Central Park
8075,MEADOWLANDS DR btwn EAGLE LANE & BELIVEAU ST,365428.4089,5024517.159,-75.72614995,45.35797752,2015-04-15,17:59,01 - Clear,01 - Dry,10 - No control,04 - At/near private drive,01 - Daylight,03 - P.D. only,99 - Other,Borden Farm - Stewart Farm - Parkwood Hills - Fisher Glen
8076,MOONEY'S BAY PL btwn RIVERSIDE DR & WATERVIEW CRT,368451.6677,5025311.548,-75.68746312,45.36485729,2015-04-15,12:00,01 - Clear,01 - Dry,10 - No control,04 - At/near private drive,01 - Daylight,03 - P.D. only,06 - SMV unattended vehicle,Riverside Park
8077,ALBION RD @ CAHILL DR,371725.5888,5024669.26,-75.64576185,45.35877327,2015-03-02,10:47,01 - Clear,01 - Dry,02 - Stop sign,03 - At intersection,01 - Daylight,03 - P.D. only,02 - Angle,South Keys - Heron Gate - Greenboro West
8078,WEST HUNT CLUB RD @ CLEOPATRA DR/LANCELOT DR,365237.1414,5021732.134,-75.72893133,45.33293476,2015-05-22,11:59,01 - Clear,01 - Dry,01 - Traffic signal,02 - Intersection related,01 - Daylight,03 - P.D. only,04 - Sideswipe,Tanglewood
8079,ALTA VISTA DR @ WESMAR DR,370477.0729,5026988.455,-75.66138784,45.3797587,2015-05-22,16:22,01 - Clear,01 - Dry,02 - Stop sign,02 - Intersection related,01 - Daylight,03 - P.D. only,03 - Rear end,Alta Vista
8080,MONTREAL RD btwn SINCLAIR ST & SHEFFORD RD,376040.6855,5034804.205,-75.58922652,45.44953675,2015-06-08,8:12,02 - Rain,02 - Wet,10 - No control,01 - Non intersection,01 - Daylight,03 - P.D. only,03 - Rear end,Beacon Hill North
8081,CARLING AVE @ CORKSTOWN RD,358000.3824,5023424.151,-75.82107039,45.34874559,2015-06-08,8:30,02 - Rain,02 - Wet,01 - Traffic signal,02 - Intersection related,01 - Daylight,03 - P.D. only,03 - Rear end,Crystal Bay - Lakeview Park - Britannia Village
8082,BANK ST @ HUNT CLUB RD,371609.277,5024095.876,-75.64732378,45.35362525,2015-06-11,14:36,01 - Clear,01 - Dry,01 - Traffic signal,02 - Intersection related,01 - Daylight,03 - P.D. only,04 - Sideswipe,South Keys - Heron Gate - Greenboro West
8083,HWY417 IC118 RAMP76 btwn HIGHWAY 417 & HWY417 IC118 RAMP43,369385.6724,5031093.267,-75.6747847,45.41679388,2015-02-26,12:00,01 - Clear,01 - Dry,10 - No control,01 - Non intersection,01 - Daylight,03 - P.D. only,04 - Sideswipe,Sandy Hill
8084,VANIER PKWY SB btwn RIVERSIDE DR & TO BE DETERMINED,370793.6967,5031320.868,-75.65676574,45.41871035,2015-02-20,16:56,01 - Clear,01 - Dry,10 - No control,01 - Non intersection,01 - Daylight,03 - P.D. only,03 - Rear end,Overbrook
8085,MACKENZIE AVE @ RIDEAU ST,367868.7353,5032010.062,-75.69404739,45.42518127,2015-02-25,21:29,01 - Clear,02 - Wet,01 - Traffic signal,02 - Intersection related,07 - Dark,03 - P.D. only,04 - Sideswipe,Byward Market - Parliament Hill
8086,COLONNADE RD @ MERIVALE RD,365363.695,5022544.136,-75.7272175,45.34023015,2015-05-27,14:43,01 - Clear,01 - Dry,01 - Traffic signal,02 - Intersection related,01 - Daylight,03 - P.D. only,03 - Rear end,Tanglewood
8087,BELFAST RD @ ST. LAURENT BLVD,372860.0034,5030579.643,-75.63046889,45.41184321,2015-05-28,9:07,01 - Clear,02 - Wet,01 - Traffic signal,02 - Intersection related,01 - Daylight,03 - P.D. only,03 - Rear end,Industrial Park
8088,STRANDHERD DR @ CEDARVIEW RD/TARTAN DR,362291.9333,5013545.047,-75.76745285,45.25951467,2015-05-25,16:50,02 - Rain,02 - Wet,01 - Traffic signal,02 - Intersection related,01 - Daylight,03 - P.D. only,03 - Rear end,New Barrhaven
8089,REGIONAL ROAD 174 btwn TRANSIT & OR174 IC105 RAMP51,378035.6997,5036228.314,-75.56351265,45.46214369,2015-05-25,17:18,02 - Rain,02 - Wet,10 - No control,01 - Non intersection,01 - Daylight,03 - P.D. only,03 - Rear end,Greenbelt
8090,BASELINE RD @ FARLANE BLVD,365356.6921,5025517.173,-75.72694271,45.36698168,2015-05-26,17:01,01 - Clear,01 - Dry,01 - Traffic signal,02 - Intersection related,01 - Daylight,03 - P.D. only,03 - Rear end,Cityview - Skyline - Fisher Heights
8091,COPELAND RD @ DWYER HILL RD,347490.5197,4999794,-75.95721633,45.13682968,2015-05-28,18:12,01 - Clear,01 - Dry,02 - Stop sign,03 - At intersection,01 - Daylight,03 - P.D. only,05 - Turning movement,Munster Hamlet - Richmond
8092,LEITRIM RD btwn FENTON RD & BANK ST,374546.2209,5021085.329,-75.61026886,45.32625158,2015-05-28,21:19,01 - Clear,01 - Dry,10 - No control,01 - Non intersection,07 - Dark,03 - P.D. only,07 - SMV other,Greenbelt
8093,MCARTHUR AVE @ IRWIN MILLER ST,371078.2613,5032784.523,-75.65293317,45.43185279,2015-05-28,18:20,01 - Clear,01 - Dry,01 - Traffic signal,03 - At intersection,01 - Daylight,03 - P.D. only,05 - Turning movement,Vanier South
8094,MERIVALE RD btwn ENTERPRISE AVE & BONGARD AVE,365839.7903,5021391.461,-75.72128534,45.32981727,2015-05-28,20:00,01 - Clear,01 - Dry,10 - No control,01 - Non intersection,05 - Dusk,03 - P.D. only,04 - Sideswipe,Merivale Gardens - Grenfell Glen - Pineglen - Country Place
8095,TERRY FOX DR btwn WALTER BAKER PL & 240 S OF EDGEWATER ST,351894.2578,5017525.373,-75.89955156,45.29610368,2015-06-03,11:25,01 - Clear,01 - Dry,10 - No control,01 - Non intersection,01 - Daylight,03 - P.D. only,04 - Sideswipe,Katimavik - Hazeldean
8096,LIMEBANK RD @ SPRATT RD,369776.9993,5016879.09,-75.67165318,45.28886241,2015-04-30,22:20,01 - Clear,01 - Dry,01 - Traffic signal,02 - Intersection related,07 - Dark,03 - P.D. only,07 - SMV other,Gloucester
8097,WEST HUNT CLUB RD @ WOODROFFE AVE,363670.691,5021246.129,-75.74897245,45.32869489,2015-05-08,14:45,01 - Clear,01 - Dry,01 - Traffic signal,02 - Intersection related,01 - Daylight,03 - P.D. only,04 - Sideswipe,Merivale Gardens - Grenfell Glen - Pineglen - Country Place