Record,Location,X,Y,lon,lat,Date,Time,Environment,Road_Surface,Traffic_Control,Collision_Location,Light,Collision_Classification,Impact_type,Neighborhood
8201,MERIVALE RD @ 210 S OF MEADOWLANDS DR,364943.6804,5023530.895,-75.73245635,45.34914501,2015-08-26,21:10,01 - Clear,01 - Dry,01 - Traffic signal,02 - Intersection related,07 - Dark,03 - P.D. only,04 - Sideswipe,Borden Farm - Stewart Farm - Parkwood Hills - Fisher Glen
8202,NAVAN RD btwn RENAUD RD & MER BLEUE RD,382984.038,5032433.628,-75.50084905,45.42746607,2015-08-12,17:40,01 - Clear,01 - Dry,10 - No control,04 - At/near private drive,01 - Daylight,03 - P.D. only,07 - SMV other,Chapel Hill South
8203,MERIVALE RD @ FAMILY BROWN LANE,365004.2384,5023385.307,-75.73170131,45.34782983,2015-08-14,13:51,02 - Rain,02 - Wet,01 - Traffic signal,02 - Intersection related,01 - Daylight,03 - P.D. only,03 - Rear end,Borden Farm - Stewart Farm - Parkwood Hills - Fisher Glen
8204,INNES RD btwn JEANNE D'ARC BLVD S & WILDFLOWER DR,382649.6455,5035571.968,-75.50462533,45.45573954,2015-08-28,18:23,01 - Clear,01 - Dry,10 - No control,01 - Non intersection,01 - Daylight,03 - P.D. only,03 - Rear end,Avalon
8205,LOCKHART AVE btwn PRINCE CHARLES RD & NEEPAWA AVE,361834.2409,5026480.858,-75.77179473,45.37594831,2015-08-29,10:45,01 - Clear,01 - Dry,10 - No control,01 - Non intersection,01 - Daylight,03 - P.D. only,06 - SMV unattended vehicle,Carlingwood - McKellar Park - Laurentien View
8206,BANK ST btwn CHAMBERLAIN AVE S & PRETORIA AVE,368102.1716,5030118.634,-75.69130758,45.40814174,2015-08-30,15:45,01 - Clear,01 - Dry,10 - No control,01 - Non intersection,01 - Daylight,03 - P.D. only,04 - Sideswipe,The Glebe
8207,SMYTH RD @ SMYTH RD NORTH SIDE RAMP/SMYTH RD S,369918.1065,5029122.511,-75.66824277,45.39901239,2015-06-04,8:40,01 - Clear,01 - Dry,03 - Yield sign,02 - Intersection related,01 - Daylight,03 - P.D. only,03 - Rear end,Alta Vista
8208,BANK ST @ MITCH OWENS RD,377758.045,5015947.82,-75.570058,45.27970005,2015-07-26,9:51,01 - Clear,01 - Dry,01 - Traffic signal,02 - Intersection related,01 - Daylight,03 - P.D. only,04 - Sideswipe,Osgoode
8209,BANK ST @ HERON RD,369995.72,5026851.182,-75.66755158,45.37856853,2015-09-02,8:39,01 - Clear,01 - Dry,01 - Traffic signal,02 - Intersection related,01 - Daylight,03 - P.D. only,04 - Sideswipe,Alta Vista
8210,FISHER AVE btwn ARNOT RD & DEER PARK RD,366396.8987,5025485.437,-75.71366879,45.36660548,2015-05-26,17:26,01 - Clear,01 - Dry,10 - No control,01 - Non intersection,01 - Daylight,03 - P.D. only,05 - Turning movement,Civic Hospital - Experimental Farm - Central Park
8211,REGIONAL ROAD 174 btwn OR174 IC105 RAMP16 & OR174 IC105 RAMP26,379216.8616,5036929.732,-75.54830466,45.4683297,2015-09-15,8:56,01 - Clear,01 - Dry,10 - No control,01 - Non intersection,01 - Daylight,03 - P.D. only,03 - Rear end,Greenbelt
8212,BLACKBURN BYPASS @ INNES RD E,379791.0272,5033782.646,-75.54144271,45.43995319,2015-09-15,10:32,01 - Clear,01 - Dry,01 - Traffic signal,03 - At intersection,01 - Daylight,03 - P.D. only,03 - Rear end,Greenbelt
8213,MERIVALE RD @ CAPILANO DR/WITHROW AVE,364642.429,5024228.58,-75.73621609,45.35544846,2015-09-07,21:09,02 - Rain,02 - Wet,01 - Traffic signal,02 - Intersection related,07 - Dark,03 - P.D. only,03 - Rear end,Cityview - Skyline - Fisher Heights
8214,ELSETT DR btwn CORNISH ST & DUNELM ST,373307.5215,5028472.881,-75.62504475,45.39284387,2015-06-17,0:00,01 - Clear,01 - Dry,10 - No control,01 - Non intersection,00 - Unknown,03 - P.D. only,06 - SMV unattended vehicle,Urbandale
8215,SPLINTER CRES btwn TORSA CRT & DUMAURIER AVE,359926.3929,5023610.194,-75.79647223,45.35027086,2015-09-10,1:35,01 - Clear,01 - Dry,10 - No control,01 - Non intersection,07 - Dark,03 - P.D. only,06 - SMV unattended vehicle,Whitehaven - Queensway Terrace North
8216,MCARTHUR AVE @ VANIER PKWY,370220.1464,5032689.505,-75.66391171,45.43107866,2015-09-12,12:50,02 - Rain,02 - Wet,01 - Traffic signal,02 - Intersection related,01 - Daylight,03 - P.D. only,04 - Sideswipe,Vanier South
8217,STRANDHERD DR @ CEDARVIEW RD/TARTAN DR,362289.7712,5013543.606,-75.76748056,45.25950188,2015-09-12,14:46,02 - Rain,02 - Wet,01 - Traffic signal,02 - Intersection related,01 - Daylight,03 - P.D. only,03 - Rear end,New Barrhaven
8218,RAMSAYVILLE RD btwn GENERATION CRT & RUSSELL RD,377904.8084,5025893.919,-75.56671919,45.36917502,2015-09-07,5:38,01 - Clear,01 - Dry,10 - No control,01 - Non intersection,07 - Dark,03 - P.D. only,07 - SMV other,Greenbelt
8219,BRITTANY DR @ MONTREAL RD,371912.6491,5033994.063,-75.64210559,45.44265608,2015-07-16,9:19,01 - Clear,01 - Dry,01 - Traffic signal,02 - Intersection related,01 - Daylight,03 - P.D. only,04 - Sideswipe,Cummings
8220,ALBERT ST btwn BRONSON AVE & BAY ST,366846.6938,5031085.91,-75.70722313,45.41695744,2015-07-17,15:26,01 - Clear,01 - Dry,10 - No control,01 - Non intersection,01 - Daylight,03 - P.D. only,04 - Sideswipe,Downtown
8221,GUIGUES AVE @ KING EDWARD AVE,368200.9816,5032902.226,-75.68968719,45.43317861,2015-08-17,19:05,01 - Clear,01 - Dry,02 - Stop sign,03 - At intersection,01 - Daylight,03 - P.D. only,02 - Angle,Lower Town
8222,KING EDWARD AVE btwn LAURIER AVE E & THOMAS MORE PRIV,368776.464,5031978.006,-75.6824529,45.42481041,2015-08-19,9:32,01 - Clear,01 - Dry,10 - No control,01 - Non intersection,01 - Daylight,03 - P.D. only,03 - Rear end,Sandy Hill
8223,BRONSON AVE @ HWY 417 BRONSON IC121AR51,367288.7124,5029710.198,-75.70175036,45.40453985,2015-07-30,19:46,01 - Clear,01 - Dry,01 - Traffic signal,02 - Intersection related,01 - Daylight,03 - P.D. only,04 - Sideswipe,Centretown West
8224,ROGER STEVENS DR @ MALAKOFF RD,362228.3388,4996128.896,-75.77026785,45.10280574,2015-08-01,14:45,01 - Clear,02 - Wet,02 - Stop sign,02 - Intersection related,01 - Daylight,03 - P.D. only,03 - Rear end,Munster Hamlet - Richmond
8225,KERWIN RD btwn MOWBRAY ST & FIFTH LINE RD,347194.9163,5028904.233,-75.95848959,45.39879306,2015-08-27,0:35,02 - Rain,02 - Wet,10 - No control,01 - Non intersection,07 - Dark,03 - P.D. only,07 - SMV other,Carp - Hardwood Plains
8226,CARLING AVE btwn BAYFIELD AVE & BURKE RD,352593.2313,5022522.802,-75.890158,45.34102441,2015-08-27,5:43,01 - Clear,01 - Dry,10 - No control,01 - Non intersection,03 - Dawn,03 - P.D. only,07 - SMV other,Greenbelt
8227,MCGEE SIDE RD btwn DIAMONDVIEW RD & WILLIAM MOONEY RD,342815.7042,5018179.749,-76.01524764,45.3025419,2015-08-27,10:52,01 - Clear,01 - Dry,10 - No control,01 - Non intersection,01 - Daylight,03 - P.D. only,07 - SMV other,Carp - Hardwood Plains
8228,ALTA VISTA DR @ SMYTH RD,370432.7159,5029081.197,-75.66167584,45.39859261,2015-08-14,15:10,01 - Clear,01 - Dry,01 - Traffic signal,02 - Intersection related,01 - Daylight,03 - P.D. only,03 - Rear end,Alta Vista
8229,BANK ST @ RIVERSIDE DR N,369225.7159,5027983.186,-75.67723457,45.38882517,2015-08-15,14:00,01 - Clear,01 - Dry,01 - Traffic signal,03 - At intersection,01 - Daylight,03 - P.D. only,02 - Angle,Alta Vista
8230,MERIVALE RD btwn VIEWMOUNT DR & COLONNADE RD,365201.625,5022930.838,-75.72923808,45.34372361,2015-08-29,17:16,02 - Rain,02 - Wet,10 - No control,01 - Non intersection,01 - Daylight,03 - P.D. only,03 - Rear end,Tanglewood
8231,PLEASANT PARK RD btwn OXBOW AVE & ELMSIDE AVE,371651.4809,5028609.174,-75.64617429,45.39423023,2015-08-29,17:56,02 - Rain,02 - Wet,10 - No control,01 - Non intersection,01 - Daylight,03 - P.D. only,07 - SMV other,Playfair Park - Lynda Park - Guildwood Estates
8232,BEGIN ST @ LEVIS AVE,370528.9955,5033181.954,-75.65989922,45.43548054,2015-08-30,19:05,01 - Clear,01 - Dry,02 - Stop sign,03 - At intersection,01 - Daylight,03 - P.D. only,02 - Angle,Vanier South
8233,ANDERSON RD btwn LEITRIM RD & EIGHTH LINE RD,380522.6948,5024806.877,-75.53346964,45.35911655,2015-08-30,19:18,01 - Clear,01 - Dry,10 - No control,01 - Non intersection,05 - Dusk,03 - P.D. only,07 - SMV other,Greenbelt
8234,BANK ST @ JOHNSTON RD,370851.0098,5024839.168,-75.65690105,45.36038499,2015-07-27,15:36,01 - Clear,01 - Dry,01 - Traffic signal,02 - Intersection related,01 - Daylight,03 - P.D. only,03 - Rear end,South Keys - Heron Gate - Greenboro West
8235,ALTA VISTA DR @ DORION AVE,370672.8689,5030135.632,-75.65846786,45.40805746,2015-09-03,9:11,01 - Clear,01 - Dry,01 - Traffic signal,02 - Intersection related,01 - Daylight,03 - P.D. only,03 - Rear end,Elmvale - Eastway - Riverview - Riverview Park West
8236,CAPILANO DR @ GILBEY DR,364811.9783,5024353.44,-75.73403712,45.35655744,2015-05-28,15:55,01 - Clear,01 - Dry,02 - Stop sign,03 - At intersection,01 - Daylight,03 - P.D. only,02 - Angle,Cityview - Skyline - Fisher Heights
8237,CRAIG HENRY DR btwn CONOVER ST & CHARTWELL AVE,361908.9313,5021632.334,-75.77140123,45.33231552,2015-05-31,3:03,02 - Rain,02 - Wet,10 - No control,01 - Non intersection,07 - Dark,03 - P.D. only,07 - SMV other,Woodvale - Craig Henry - Manordale - Estates of Arlington Wo
8238,CARLING AVE @ HWY 417 CARLING IC124R67,364333.6504,5027523.841,-75.73975962,45.385125,2015-06-29,17:10,01 - Clear,01 - Dry,03 - Yield sign,02 - Intersection related,01 - Daylight,03 - P.D. only,04 - Sideswipe,Westboro
8239,INDUSTRIAL AVE/INNES RD @ ST. LAURENT BLVD,373099.7274,5030005.206,-75.62748613,45.40665134,2015-09-08,13:22,01 - Clear,01 - Dry,01 - Traffic signal,02 - Intersection related,01 - Daylight,03 - P.D. only,04 - Sideswipe,Industrial Park
8240,BESSERER ST @ DALHOUSIE ST,368252.7017,5032158.656,-75.68912205,45.42648354,2015-07-17,13:26,01 - Clear,01 - Dry,01 - Traffic signal,03 - At intersection,01 - Daylight,03 - P.D. only,04 - Sideswipe,Byward Market - Parliament Hill
8241,BONGARD AVE btwn MERIVALE RD & GIFFORD ST,366147.0127,5021494.541,-75.71735354,45.33071798,2015-07-28,14:40,01 - Clear,01 - Dry,10 - No control,04 - At/near private drive,01 - Daylight,03 - P.D. only,02 - Angle,Industrial Park
8242,BANK ST @ RIDEAU RD,376954.7525,5017844.112,-75.58001985,45.29684504,2015-09-11,7:41,01 - Clear,01 - Dry,01 - Traffic signal,02 - Intersection related,01 - Daylight,03 - P.D. only,99 - Other,Greenbelt
8243,KITCHENER AVE @ BANK ST,370540.8761,5025499.611,-75.66077141,45.3663566,2015-09-12,15:07,03 - Snow,02 - Wet,01 - Traffic signal,02 - Intersection related,01 - Daylight,03 - P.D. only,03 - Rear end,Ledbury - Heron Gate - Ridgemont - Elmwood
8244,DUFORD DR btwn MAJOR RD & AMIENS ST,382281.2611,5037415.635,-75.50904413,45.47236822,2015-07-20,18:45,01 - Clear,01 - Dry,10 - No control,01 - Non intersection,01 - Daylight,03 - P.D. only,06 - SMV unattended vehicle,Queenswood Heights
8245,FRINGEWOOD DR btwn LAZY NOL CRT & WOODWIND CRES,351005.5976,5015500.329,-75.9110699,45.27794074,2015-07-18,1:00,01 - Clear,01 - Dry,10 - No control,01 - Non intersection,07 - Dark,03 - P.D. only,07 - SMV other,Stittsville
8246,PRINCE OF WALES DR btwn LODGE RD & STRANDHERD DR,367168.8033,5014810.137,-75.70515997,45.27048244,2015-07-21,20:37,01 - Clear,01 - Dry,10 - No control,01 - Non intersection,05 - Dusk,03 - P.D. only,07 - SMV other,Greenbelt
8247,TALLWOOD DR @ AVENSHIRE GT/MERIDIAN PL,362815.4345,5022619.455,-75.75972125,45.34112322,2015-08-20,16:52,01 - Clear,02 - Wet,02 - Stop sign,02 - Intersection related,01 - Daylight,03 - P.D. only,02 - Angle,Centrepointe
8248,RUSKIN ST btwn MACFARLANE AVE & MELROSE AVE,365683.5561,5028530.449,-75.72239881,45.3940662,2015-08-23,18:53,01 - Clear,01 - Dry,10 - No control,01 - Non intersection,01 - Daylight,03 - P.D. only,05 - Turning movement,Civic Hospital - Experimental Farm - Central Park
8249,ARTHUR ST @ SOMERSET ST,366830.4224,5030392.645,-75.70751826,45.41072108,2015-08-08,9:40,01 - Clear,01 - Dry,01 - Traffic signal,03 - At intersection,01 - Daylight,03 - P.D. only,02 - Angle,Centretown West
8250,RIVERSIDE DR NB btwn INDUSTRIAL AVE & TREMBLAY RD,370764.567,5030838.774,-75.65720243,45.41437542,2015-08-13,22:31,01 - Clear,01 - Dry,10 - No control,01 - Non intersection,07 - Dark,03 - P.D. only,04 - Sideswipe,Industrial Park
8251,MERIVALE RD @ PINEGLEN CRES,366243.4308,5020412.841,-75.71625782,45.32097656,2015-08-27,11:59,01 - Clear,01 - Dry,02 - Stop sign,02 - Intersection related,01 - Daylight,03 - P.D. only,07 - SMV other,Merivale Gardens - Grenfell Glen - Pineglen - Country Place
8252,HWY 417 INNES IC112R68 @ INNES RD,374641.5662,5030921.748,-75.607662,45.41474576,2015-08-27,13:31,01 - Clear,01 - Dry,01 - Traffic signal,02 - Intersection related,01 - Daylight,03 - P.D. only,07 - SMV other,Industrial Park
8253,BAY ST @ SLATER ST,366985.1392,5031078.21,-75.70545534,45.41687586,2015-08-15,18:55,01 - Clear,01 - Dry,01 - Traffic signal,03 - At intersection,01 - Daylight,03 - P.D. only,05 - Turning movement,Downtown
8254,CARP RD @ HAZELDEAN RD,348805.2966,5014360.797,-75.93921424,45.26782798,2015-08-29,18:42,02 - Rain,02 - Wet,01 - Traffic signal,03 - At intersection,01 - Daylight,03 - P.D. only,05 - Turning movement,Stittsville
8255,SWEETNAM DR btwn ORCHARD DR & HARRY DOUGLAS DR,350648.7424,5015332.545,-75.91563359,45.27645433,2015-08-31,1:47,01 - Clear,01 - Dry,10 - No control,01 - Non intersection,07 - Dark,03 - P.D. only,07 - SMV other,Stittsville
8256,MCCAFFREY TR btwn MCLINTON RD & DWYER HILL RD,346060.9044,5001314.335,-75.97526673,45.15059554,2015-08-31,2:00,01 - Clear,08 - Loose sand or gravel,10 - No control,01 - Non intersection,07 - Dark,03 - P.D. only,07 - SMV other,Munster Hamlet - Richmond
8257,LAPORTE ST btwn EAST ACRES RD & BEAVERHILL DR,375865.6753,5034196.718,-75.59155139,45.44408878,2015-09-07,9:23,01 - Clear,01 - Dry,10 - No control,01 - Non intersection,01 - Daylight,03 - P.D. only,06 - SMV unattended vehicle,Beacon Hill South - Cardinal Heights
8258,BLACKBURN BYPASS @ NAVAN RD,379617.6971,5033274.681,-75.54373516,45.43540145,2015-09-11,10:01,01 - Clear,01 - Dry,01 - Traffic signal,02 - Intersection related,01 - Daylight,03 - P.D. only,03 - Rear end,Greenbelt
8259,BAY ST @ CATHERINE ST,367628.1534,5030020.198,-75.69737516,45.40729876,2015-09-04,15:40,01 - Clear,01 - Dry,02 - Stop sign,02 - Intersection related,01 - Daylight,03 - P.D. only,04 - Sideswipe,Centretown
8260,COLE AVE btwn GREENWOOD AVE & ROOSEVELT AVE,363365.1017,5027099.107,-75.75217724,45.38138495,2015-06-06,11:12,01 - Clear,01 - Dry,10 - No control,04 - At/near private drive,01 - Daylight,03 - P.D. only,02 - Angle,Carlingwood - McKellar Park - Laurentien View
8261,BAYSHORE DR @ WOODRIDGE CRES N,359073.5917,5023875.438,-75.80732583,45.35272404,2015-07-07,16:30,01 - Clear,01 - Dry,01 - Traffic signal,02 - Intersection related,01 - Daylight,03 - P.D. only,03 - Rear end,Bayshore
8262,HIGHWAY 417 btwn HWY417 IC119B RAMP76 & HWY417 IC119A RAMP67,368257.8036,5030336.809,-75.68929148,45.41009072,2015-07-08,18:14,01 - Clear,01 - Dry,10 - No control,01 - Non intersection,01 - Daylight,03 - P.D. only,03 - Rear end,Centretown
8263,PRINCE OF WALES DR @ WEST HUNT CLUB RD,367457.9896,5021889.702,-75.70058009,45.33415775,2015-07-24,20:42,01 - Clear,01 - Dry,01 - Traffic signal,02 - Intersection related,05 - Dusk,03 - P.D. only,04 - Sideswipe,Industrial Park
8264,9TH LINE RD @ MITCH OWENS RD,384108.3439,5019823.176,-75.48850784,45.31388032,2015-09-01,6:40,"07 - Fog, mist, smoke, dust",01 - Dry,02 - Stop sign,03 - At intersection,03 - Dawn,03 - P.D. only,07 - SMV other,Metcalfe
8265,TENTH LINE RD @ CHARLEMAGNE BLVD S/DES EPINETT,383640.9751,5036900.456,-75.49173924,45.46758093,2015-09-11,20:29,01 - Clear,01 - Dry,01 - Traffic signal,03 - At intersection,07 - Dark,03 - P.D. only,05 - Turning movement,Orl¨¦ans
8266,"MCARTHUR AVE btwn EGLISE, RUE DE L & MAY ST",371466.6176,5032827.822,-75.64796448,45.43220546,2015-09-12,10:55,02 - Rain,02 - Wet,10 - No control,04 - At/near private drive,01 - Daylight,03 - P.D. only,04 - Sideswipe,Castle Heights
8267,ALBERT ST @ ELGIN ST/MACKENZIE KING BRIDGE,367850.6779,5031710.876,-75.69431641,45.42249092,2015-09-12,0:14,02 - Rain,02 - Wet,01 - Traffic signal,03 - At intersection,07 - Dark,03 - P.D. only,07 - SMV other,Downtown
8268,ALTA VISTA DR @ SMYTH RD,370434.1573,5029080.476,-75.66165753,45.39858599,2015-09-12,23:01,02 - Rain,02 - Wet,01 - Traffic signal,02 - Intersection related,07 - Dark,03 - P.D. only,03 - Rear end,Alta Vista
8269,TOTEM DR btwn COVEHEAD CRES & RAINFOREST DR,368231.0321,5015758.884,-75.69150285,45.27892416,2015-08-05,13:02,01 - Clear,01 - Dry,10 - No control,01 - Non intersection,01 - Daylight,03 - P.D. only,06 - SMV unattended vehicle,Gloucester
8270,TENTH LINE RD btwn VANGUARD DR & LAKEPOINTE DR,384249.6309,5035454.476,-75.48419032,45.45450237,2015-08-04,17:30,01 - Clear,01 - Dry,10 - No control,01 - Non intersection,01 - Daylight,03 - P.D. only,03 - Rear end,Avalon
8271,PINECREST RD @ QUEENSVIEW DR,360345.959,5023783.866,-75.79109859,45.35180045,2015-07-23,14:36,01 - Clear,01 - Dry,01 - Traffic signal,03 - At intersection,01 - Daylight,03 - P.D. only,02 - Angle,Whitehaven - Queensway Terrace North
8272,CLARE ST @ KIRKWOOD AVE,364068.1377,5027973.911,-75.74309585,45.38919716,2015-07-24,19:35,01 - Clear,01 - Dry,01 - Traffic signal,02 - Intersection related,01 - Daylight,03 - P.D. only,99 - Other,Westboro
8273,HERON RD @ ALTA VISTA DR,370492.7224,5026901.456,-75.66119962,45.37897445,2015-08-24,10:21,01 - Clear,01 - Dry,01 - Traffic signal,03 - At intersection,01 - Daylight,03 - P.D. only,05 - Turning movement,Alta Vista
8274,LEITRIM RD @ ALBION RD,373499.5101,5020420.958,-75.62371201,45.32037703,2015-08-19,15:15,01 - Clear,01 - Dry,01 - Traffic signal,02 - Intersection related,01 - Daylight,03 - P.D. only,03 - Rear end,Greenbelt
8275,HUNT CLUB RD btwn LINDBERGH PRIV & NORTH BOWESVILLE RD,368450.114,5022186.371,-75.68788522,45.33673782,2015-08-22,14:14,01 - Clear,01 - Dry,10 - No control,01 - Non intersection,01 - Daylight,03 - P.D. only,03 - Rear end,Hunt Club - Ottawa Airport
8276,ST. LAURENT BLVD btwn INDUSTRIAL AVE & BOURASSA ST,373226.6419,5029711.935,-75.62590571,45.40400022,2015-08-27,14:45,01 - Clear,01 - Dry,10 - No control,01 - Non intersection,01 - Daylight,03 - P.D. only,03 - Rear end,Industrial Park
8277,MCARTHUR AVE @ VANIER PKWY,370217.9843,5032690.226,-75.66393925,45.43108535,2015-08-17,14:05,01 - Clear,01 - Dry,01 - Traffic signal,03 - At intersection,01 - Daylight,03 - P.D. only,03 - Rear end,Vanier South
8278,MCARTHUR AVE btwn MAYFIELD ST & VANIER PKWY,370137.7522,5032681.716,-75.66496566,45.43101628,2015-08-17,15:32,01 - Clear,01 - Dry,10 - No control,04 - At/near private drive,01 - Daylight,03 - P.D. only,02 - Angle,Vanier South
8279,MONTREAL RD @ VANIER PKWY,370072.7098,5033064.511,-75.66574608,45.43446658,2015-05-22,16:15,01 - Clear,01 - Dry,01 - Traffic signal,02 - Intersection related,01 - Daylight,03 - P.D. only,04 - Sideswipe,Vanier
8280,O'CONNOR ST @ QUEEN ST,367497.5036,5031585.06,-75.69884496,45.42139061,2015-06-06,8:32,01 - Clear,01 - Dry,01 - Traffic signal,03 - At intersection,01 - Daylight,03 - P.D. only,02 - Angle,Downtown
8281,BASELINE RD @ CLYDE AVE,364358.7033,5024890.873,-75.73975723,45.36143184,2015-08-31,12:09,01 - Clear,01 - Dry,01 - Traffic signal,02 - Intersection related,01 - Daylight,03 - P.D. only,03 - Rear end,Civic Hospital - Experimental Farm - Central Park
8282,BOUNDARY RD btwn PANA RD & PRESCOTT/RUSSELL RT 100,390147.5222,5016605.974,-75.41205187,45.28422672,2015-09-12,0:59,01 - Clear,01 - Dry,10 - No control,01 - Non intersection,07 - Dark,03 - P.D. only,07 - SMV other,Metcalfe
8283,BOUNDARY RD @ HWY 417 BOUNDARY IC96R16,387312.2128,5024097.008,-75.44694029,45.3519636,2015-09-12,11:19,02 - Rain,02 - Wet,10 - No control,02 - Intersection related,01 - Daylight,03 - P.D. only,03 - Rear end,Greenbelt
8284,MARCH RD btwn HALTON TERR/MAXWELL BRIDGE RD & KLONDIKE RD,348530.1129,5024853.637,-75.9417947,45.36226287,2015-09-04,21:33,01 - Clear,01 - Dry,10 - No control,01 - Non intersection,07 - Dark,03 - P.D. only,07 - SMV other,Carp - Hardwood Plains
8285,WEST HUNT CLUB RD @ ROYDON PL/SUNDERLAND ST,365972.9869,5022169.851,-75.71949003,45.33680952,2015-06-07,18:12,01 - Clear,01 - Dry,01 - Traffic signal,02 - Intersection related,01 - Daylight,03 - P.D. only,03 - Rear end,Industrial Park
8286,FINDLAY CREEK DR @ BANK ST,375846.7527,5020461.046,-75.59377,45.32050411,2015-06-09,16:59,01 - Clear,01 - Dry,01 - Traffic signal,02 - Intersection related,01 - Daylight,03 - P.D. only,03 - Rear end,Greenbelt
8287,NORICE ST @ WOODROFFE AVE,363193.2426,5022397.132,-75.75492706,45.33909143,2015-07-15,11:04,01 - Clear,01 - Dry,01 - Traffic signal,03 - At intersection,01 - Daylight,03 - P.D. only,05 - Turning movement,Tanglewood
8288,CARLING AVE @ MERIVALE RD,364893.9831,5027700.184,-75.73258338,45.38666385,2015-07-19,17:10,01 - Clear,01 - Dry,01 - Traffic signal,02 - Intersection related,01 - Daylight,03 - P.D. only,05 - Turning movement,Carlington
8289,EAGLESON RD btwn EAGLESON RD & FLEWELLYN RD,355301.3594,5014336.726,-75.85643839,45.26717494,2015-09-08,18:17,02 - Rain,02 - Wet,10 - No control,01 - Non intersection,01 - Daylight,03 - P.D. only,03 - Rear end,Greenbelt
8290,AIRPORT PKWY/ALERT/UPLANDS/LESTER/RAMP62 btwn LESTER RD & AIRPORT PKWY,371291.8105,5021470.172,-75.651728,45.33003013,2015-09-09,0:07,01 - Clear,01 - Dry,10 - No control,01 - Non intersection,07 - Dark,03 - P.D. only,05 - Turning movement,Hunt Club - Ottawa Airport
8291,BASELINE RD @ MERIVALE RD,365055.4171,5025325.875,-75.73081172,45.36528638,2015-09-01,11:34,01 - Clear,01 - Dry,01 - Traffic signal,02 - Intersection related,01 - Daylight,03 - P.D. only,03 - Rear end,Civic Hospital - Experimental Farm - Central Park
8292,HWY 416 ACRES IC75R24 @ HOLLY ACRES RD,358757.6442,5022868.56,-75.81146771,45.34368851,2015-09-01,12:06,01 - Clear,01 - Dry,01 - Traffic signal,02 - Intersection related,01 - Daylight,03 - P.D. only,03 - Rear end,Greenbelt
8293,CYRVILLE RD btwn STAR TOP RD & MEADOWBROOK RD,374598.7419,5031252.286,-75.60816226,45.41772404,2015-09-12,14:02,02 - Rain,02 - Wet,10 - No control,04 - At/near private drive,01 - Daylight,03 - P.D. only,02 - Angle,Industrial Park
8294,ELGIN ST @ WELLINGTON ST W,367664.4014,5031879.728,-75.69667494,45.42402696,2015-09-13,0:22,02 - Rain,02 - Wet,01 - Traffic signal,03 - At intersection,07 - Dark,03 - P.D. only,07 - SMV other,Downtown
8295,REGIONAL ROAD 174 btwn QUIGLEY HILL RD & REGIONAL ROAD 174 DIVIDED,388315.3882,5042390.329,-75.43103644,45.51642941,2015-08-02,22:30,01 - Clear,01 - Dry,10 - No control,01 - Non intersection,07 - Dark,03 - P.D. only,07 - SMV other,Cumberland - Estates
8296,WOODBURY CRES btwn BLOHM DR & BLOHM DR,374113.8952,5025682.702,-75.61513895,45.36765975,2015-08-04,17:28,01 - Clear,01 - Dry,10 - No control,01 - Non intersection,01 - Daylight,03 - P.D. only,01 - Approaching,Hunt Club
8297,SOMERSET ST @ SPADINA AVE,365711.6998,5029869.203,-75.72187406,45.40610954,2015-07-28,18:18,01 - Clear,01 - Dry,02 - Stop sign,03 - At intersection,01 - Daylight,03 - P.D. only,02 - Angle,Centretow
8298,SOMERSET ST    W btwn METCALFE ST & ELGIN ST,368053.1552,5031128.963,-75.69180405,45.41723679,2015-08-25,5:55,01 - Clear,01 - Dry,10 - No control,01 - Non intersection,03 - Dawn,03 - P.D. only,06 - SMV unattended vehicle,Centretown
8299,BRADLEY GREEN CRT @ HAZELDEAN RD,350397.5902,5015586.805,-75.91881113,45.27875858,2015-08-25,9:10,01 - Clear,01 - Dry,02 - Stop sign,02 - Intersection related,01 - Daylight,03 - P.D. only,06 - SMV unattended vehicle,Stittsville
8300,CRAIG HENRY DR btwn BERTONA ST & SOVEREIGN AVE,362602.3101,5021850.234,-75.76253036,45.3342194,2015-09-05,1:22,01 - Clear,01 - Dry,10 - No control,04 - At/near private drive,07 - Dark,03 - P.D. only,02 - Angle,Woodvale - Craig Henry - Manordale - Estates of Arlington Wo
8301,INNES RD btwn ANDERSON RD & INNES RD,376457.3177,5031941.384,-75.58431751,45.42373626,2015-08-17,16:47,01 - Clear,01 - Dry,10 - No control,01 - Non intersection,01 - Daylight,03 - P.D. only,04 - Sideswipe,Greenbelt
8302,BLOHM DR @ FORESTGLADE CRES S/PICASSO DR,375067.7433,5026322.161,-75.60287266,45.37331832,2015-08-17,16:56,01 - Clear,01 - Dry,02 - Stop sign,02 - Intersection related,01 - Daylight,03 - P.D. only,03 - Rear end,Hunt Club
8303,ALTA VISTA DR @ SMYTH RD,370433.4366,5029080.476,-75.66166673,45.39858606,2015-06-10,10:10,01 - Clear,01 - Dry,01 - Traffic signal,02 - Intersection related,01 - Daylight,03 - P.D. only,03 - Rear end,Alta Vista
8304,KENT ST @ LAURIER AVE,367317.4197,5031164.228,-75.70119927,45.41762022,2015-06-10,17:23,02 - Rain,02 - Wet,01 - Traffic signal,02 - Intersection related,01 - Daylight,03 - P.D. only,03 - Rear end,Downtown
8305,RIVERSIDE DR @ TREMBLAY RD/HWY417 IC117 RAMP52,370802.3591,5031015.723,-75.65669594,45.41596397,2015-08-31,13:01,01 - Clear,01 - Dry,01 - Traffic signal,02 - Intersection related,01 - Daylight,03 - P.D. only,03 - Rear end,Industrial Park