Record,Location,X,Y,lon,lat,Date,Time,Environment,Road_Surface,Traffic_Control,Collision_Location,Light,Collision_Classification,Impact_type,Neighborhood
8306,CONNAUGHT AVE btwn CARLING AVE & SACKVILLE ST,360785.8113,5025068.866,-75.7853399,45.36332785,2015-08-31,14:15,01 - Clear,01 - Dry,10 - No control,04 - At/near private drive,01 - Daylight,03 - P.D. only,02 - Angle,Whitehaven - Queensway Terrace North
8307,QUEENSDALE AVE btwn MAVIS ST & BANNON WAY,373022.952,5023262.048,-75.62939837,45.34598666,2015-06-28,18:26,02 - Rain,02 - Wet,10 - No control,04 - At/near private drive,01 - Daylight,03 - P.D. only,02 - Angle,Blossom Park - Blossom Park West - Sawmill Creek/ Timbermill
8308,MERIVALE RD btwn CLEOPATRA DR & SLACK RD,365999.7223,5021008.402,-75.71929255,45.32635663,2015-07-30,13:46,01 - Clear,01 - Dry,10 - No control,01 - Non intersection,01 - Daylight,03 - P.D. only,03 - Rear end,Merivale Gardens - Grenfell Glen - Pineglen - Country Place
8309,CARLING AVE @ FOX CRES,361525.9552,5025575.889,-75.7758345,45.3678305,2015-06-12,7:45,01 - Clear,01 - Dry,02 - Stop sign,02 - Intersection related,01 - Daylight,03 - P.D. only,03 - Rear end,Carlingwood West - Glabar Park - McKellar Heights
8310,RICHARDSON SIDE RD @ TERRY FOX DR,348803.086,5019506.072,-75.93878598,45.31412702,2015-07-22,12:23,01 - Clear,01 - Dry,01 - Traffic signal,02 - Intersection related,01 - Daylight,03 - P.D. only,03 - Rear end,Kanata Lakes - Marchwood Lakeside - Morgan's Grant - Kanata
8311,MONTREAL RD @ CARSON'S RD/CODD'S RD,372771.4391,5034398.941,-75.6310731,45.44621599,2015-09-09,4:00,01 - Clear,01 - Dry,01 - Traffic signal,02 - Intersection related,07 - Dark,03 - P.D. only,07 - SMV other,Carson Grove - Carson Meadows
8312,JOCKVALE RD/RIDEAU VALLEY DR @ PRINCE OF WALES,366713.0758,5012195.412,-75.7112931,45.24699551,2015-09-09,7:41,01 - Clear,01 - Dry,01 - Traffic signal,03 - At intersection,01 - Daylight,03 - P.D. only,05 - Turning movement,New Barrhaven
8313,TERRY FOX DR btwn CAMPEAU DR & DIDSBURY RD,350534.5409,5018975.801,-75.91675313,45.30924486,2015-09-02,8:51,01 - Clear,01 - Dry,10 - No control,04 - At/near private drive,01 - Daylight,03 - P.D. only,02 - Angle,Kanata
8314,HAZELDEAN RD @ TERRY FOX DR,352206.8903,5017242.091,-75.89559282,45.29353362,2015-09-02,10:23,01 - Clear,01 - Dry,01 - Traffic signal,02 - Intersection related,01 - Daylight,03 - P.D. only,03 - Rear end,Glen Cairn - Kanata South Business Park
8315,WEST HUNT CLUB RD @ 545 E OF ROYDON PL/SUNDERLAND ST,366354.1515,5022406.421,-75.71459776,45.3389048,2015-09-12,17:02,02 - Rain,02 - Wet,01 - Traffic signal,02 - Intersection related,01 - Daylight,03 - P.D. only,03 - Rear end,Industrial Park
8316,ALBION RD @ FINDLAY CREEK DR,374010.0249,5019208.543,-75.61737035,45.30941799,2015-09-13,3:53,02 - Rain,02 - Wet,01 - Traffic signal,02 - Intersection related,07 - Dark,03 - P.D. only,03 - Rear end,Greenbelt
8317,BLAIR RD btwn BEAVERPOND DR & INNES RD,375559.9962,5031488.204,-75.5958477,45.41975015,2015-09-13,13:51,01 - Clear,02 - Wet,10 - No control,01 - Non intersection,01 - Daylight,03 - P.D. only,03 - Rear end,Greenbelt
8318,BRANT ST @ DONALD ST,371312.4435,5032382.947,-75.64999478,45.42821736,2015-08-02,15:00,01 - Clear,01 - Dry,02 - Stop sign,02 - Intersection related,01 - Daylight,03 - P.D. only,02 - Angle,Overbrook
8319,CONROY RD @ JOHNSTON RD,373396.0864,5026308.099,-75.62421457,45.37335743,2015-08-02,13:20,01 - Clear,01 - Dry,01 - Traffic signal,02 - Intersection related,01 - Daylight,03 - P.D. only,03 - Rear end,Hunt Club
8320,BRONSON AVE @ GLADSTONE AVE,367131.5395,5030081.204,-75.70371104,45.40789207,2015-07-31,7:38,01 - Clear,01 - Dry,01 - Traffic signal,02 - Intersection related,01 - Daylight,03 - P.D. only,05 - Turning movement,Centretown West
8321,CARLING AVE @ TAVISTOCK RD,360699.3974,5025069.16,-75.78644286,45.36333739,2015-08-25,9:35,01 - Clear,01 - Dry,02 - Stop sign,03 - At intersection,01 - Daylight,03 - P.D. only,05 - Turning movement,Whitehaven - Queensway Terrace North
8322,CATHERINE ST/HWY 417 O'CONN IC119BR76 @ O'CONN,368244.4317,5030392.204,-75.68945517,45.41059036,2015-08-18,16:07,01 - Clear,01 - Dry,01 - Traffic signal,02 - Intersection related,01 - Daylight,03 - P.D. only,04 - Sideswipe,Centretown
8323,GATESTONE PRIV @ MONTREAL RD,375869.7686,5034695.2,-75.59142707,45.44857339,2015-08-18,14:38,01 - Clear,01 - Dry,10 - No control,02 - Intersection related,01 - Daylight,03 - P.D. only,02 - Angle,Beacon Hill North
8324,RIVERSIDE DR @ TREMBLAY RD/HWY417 IC117 RAMP52,370802.0781,5031015.277,-75.65669959,45.41595998,2015-06-10,19:34,02 - Rain,02 - Wet,01 - Traffic signal,02 - Intersection related,01 - Daylight,03 - P.D. only,03 - Rear end,Industrial Park
8325,HUNT CLUB RD @ CANADAIR PRIV,368660.6227,5022312.46,-75.68518333,45.33785322,2015-06-12,15:17,02 - Rain,02 - Wet,01 - Traffic signal,03 - At intersection,01 - Daylight,03 - P.D. only,05 - Turning movement,Hunt Club - Ottawa Airport
8326,TIERNEY DR btwn WOODROFFE AVE & HERITAGE GLEN DR,365855.8042,5015564.862,-75.7217987,45.27738864,2015-08-31,20:23,01 - Clear,01 - Dry,10 - No control,01 - Non intersection,07 - Dark,03 - P.D. only,06 - SMV unattended vehicle,New Barrhaven
8327,WEST HUNT CLUB RD @ CLEOPATRA DR/LANCELOT DR,365235.7,5021732.134,-75.72894971,45.33293489,2015-07-30,8:55,01 - Clear,01 - Dry,01 - Traffic signal,02 - Intersection related,01 - Daylight,03 - P.D. only,03 - Rear end,Tanglewood
8328,HUNT CLUB RD @ BRIDLE PATH DR/DAZE ST,371291.7289,5023864.864,-75.65140721,45.35157686,2015-07-30,17:57,01 - Clear,01 - Dry,01 - Traffic signal,02 - Intersection related,01 - Daylight,03 - P.D. only,03 - Rear end,South Keys - Heron Gate - Greenboro West
8329,CADBORO RD @ OGILVIE RD,373600.7221,5032663.482,-75.62071561,45.43052012,2015-09-10,17:22,01 - Clear,01 - Dry,01 - Traffic signal,02 - Intersection related,01 - Daylight,03 - P.D. only,03 - Rear end,Industrial Park
8330,CASTLEFRANK RD @ GOLDRIDGE DR N/SHERRING CRES ,350323.2732,5019993.139,-75.91935378,45.31841287,2015-06-29,15:26,01 - Clear,01 - Dry,02 - Stop sign,03 - At intersection,01 - Daylight,03 - P.D. only,05 - Turning movement,Kanata Lakes - Marchwood Lakeside - Morgan's Grant - Kanata
8331,NORTHSIDE RD @ CASSIDY RD,358853.2639,5021477.915,-75.81039955,45.33116807,2015-09-09,10:55,02 - Rain,02 - Wet,10 - No control,03 - At intersection,01 - Daylight,03 - P.D. only,07 - SMV other,Bells Corners East
8332,WOODROFFE AVE btwn TURN LANE & NORICE ST,363075.4283,5022677.521,-75.75639717,45.34162414,2015-09-10,3:33,01 - Clear,01 - Dry,10 - No control,01 - Non intersection,07 - Dark,03 - P.D. only,07 - SMV other,Crestview - Meadowlands
8333,COOPER ST @ LYON ST,367320.985,5030792.202,-75.70120091,45.41427252,2015-02-09,22:00,01 - Clear,03 - Loose snow,02 - Stop sign,03 - At intersection,07 - Dark,03 - P.D. only,05 - Turning movement,Centretown
8334,CORKERY RD btwn MARCH RD & MANION RD,337384.4888,5014644.225,-76.0847333,45.27100029,2015-09-13,19:30,02 - Rain,02 - Wet,10 - No control,01 - Non intersection,07 - Dark,03 - P.D. only,07 - SMV other,Carp - Hardwood Plains
8335,WALKLEY RD btwn BAYCREST DR & HEATHERINGTON RD,371642.7467,5026722.858,-75.64654128,45.37725872,2015-08-01,13:18,01 - Clear,01 - Dry,10 - No control,04 - At/near private drive,01 - Daylight,03 - P.D. only,02 - Angle,Ledbury - Heron Gate - Ridgemont - Elmwood
8336,JEANNE D'ARC BLVD  S btwn SAPINIER ST & INNES RD,382598.114,5035665.211,-75.50526935,45.4565842,2015-08-01,12:25,01 - Clear,01 - Dry,10 - No control,01 - Non intersection,01 - Daylight,03 - P.D. only,03 - Rear end,Orleans Village - Chateauneuf
8337,STRABY AVE btwn TELFORD AVE & MAY ST,371689.7915,5032762.492,-75.64512139,45.43159634,2015-08-24,14:12,02 - Rain,02 - Wet,10 - No control,01 - Non intersection,01 - Daylight,03 - P.D. only,07 - SMV other,Castle Heights
8338,VIEWMOUNT DR @ MERIVALE RD,365193.6971,5022948.856,-75.72933704,45.34388642,2015-08-24,14:39,01 - Clear,01 - Dry,01 - Traffic signal,03 - At intersection,01 - Daylight,03 - P.D. only,02 - Angle,Tanglewood
8339,ST. LAURENT BLVD btwn DUNBARTON CRT & MONTREAL RD,371429.0983,5034103.768,-75.64827123,45.44368941,2015-08-25,15:00,01 - Clear,01 - Dry,10 - No control,01 - Non intersection,01 - Daylight,03 - P.D. only,03 - Rear end,Rockcliffe - Manor Park
8340,BRUYERE ST @ SUSSEX DR,367537.9344,5032668.066,-75.69819044,45.43113152,2015-06-07,15:17,01 - Clear,01 - Dry,01 - Traffic signal,02 - Intersection related,01 - Daylight,03 - P.D. only,04 - Sideswipe,Byward Market - Parliament Hill
8341,RIVERSIDE DR @ HERON RD,368120.3842,5026646.861,-75.69152048,45.3769021,2015-06-07,18:00,01 - Clear,01 - Dry,01 - Traffic signal,02 - Intersection related,01 - Daylight,03 - P.D. only,03 - Rear end,Riverside Park
8342,INNES RD @ STONEHENGE CRES E,375363.7425,5031313.193,-75.59838013,45.41819532,2015-08-18,17:32,01 - Clear,01 - Dry,01 - Traffic signal,02 - Intersection related,01 - Daylight,03 - P.D. only,03 - Rear end,Greenbelt
8343,INDUSTRIAL AVE btwn RIVERSIDE DR & SANDFORD FLEMING AVE,370705.6195,5030590.031,-75.65798876,45.41214288,2015-08-18,16:00,01 - Clear,01 - Dry,10 - No control,01 - Non intersection,01 - Daylight,03 - P.D. only,04 - Sideswipe,Industrial Park
8344,HUNT CLUB RD @ UPLANDS DR,370157.4479,5023121.132,-75.66598007,45.34499159,2015-06-26,16:06,01 - Clear,01 - Dry,01 - Traffic signal,02 - Intersection related,01 - Daylight,03 - P.D. only,02 - Angle,Hunt Club East - Western Community
8345,CARLING AVE @ HOLLAND AVE,365416.6987,5028038.186,-75.72586726,45.38966008,2015-06-28,23:17,02 - Rain,02 - Wet,01 - Traffic signal,02 - Intersection related,07 - Dark,03 - P.D. only,07 - SMV other,Civic Hospital - Experimental Farm - Central Park
8346,ALBION RD @ HUNT CLUB RD,371867.6865,5024320.887,-75.64399558,45.35562515,2015-08-31,20:43,01 - Clear,01 - Dry,01 - Traffic signal,03 - At intersection,07 - Dark,03 - P.D. only,05 - Turning movement,South Keys - Heron Gate - Greenboro West
8347,BANK ST @ LEITRIM RD,375357.0335,5021619.137,-75.59985077,45.33097353,2015-08-31,17:30,01 - Clear,01 - Dry,01 - Traffic signal,02 - Intersection related,01 - Daylight,03 - P.D. only,05 - Turning movement,Greenbelt
8348,ELEANOR DR btwn TRILLIUM AVE & GREENCREST PL,365109.7864,5025153.478,-75.73013877,45.3637305,2015-08-03,13:50,01 - Clear,01 - Dry,10 - No control,01 - Non intersection,01 - Daylight,03 - P.D. only,01 - Approaching,Cityview - Skyline - Fisher Heights
8349,MERIVALE RD @ WOODFIELD DR/ROYDON PL,365461.9804,5022299.58,-75.72599349,45.33802117,2015-08-04,15:00,01 - Clear,01 - Dry,01 - Traffic signal,03 - At intersection,01 - Daylight,03 - P.D. only,03 - Rear end,Tanglewood
8350,GREENBANK RD btwn 220 N OF STRANDHERD DR & STRANDHERD DR,363895.3915,5014877.302,-75.74686525,45.27136948,2015-01-02,7:05,01 - Clear,01 - Dry,10 - No control,01 - Non intersection,03 - Dawn,03 - P.D. only,07 - SMV other,New Barrhaven
8351,FALLOWFIELD RD @ MOODIE DR,359501.6559,5014635.332,-75.80288305,45.2695477,2015-08-25,16:14,01 - Clear,01 - Dry,01 - Traffic signal,02 - Intersection related,01 - Daylight,03 - P.D. only,03 - Rear end,Munster Hamlet - Richmond
8352,CUMMINGS AVE @ BURN ST,372325.1901,5033237.45,-75.63693652,45.43580872,2015-09-10,7:23,01 - Clear,01 - Dry,02 - Stop sign,03 - At intersection,01 - Daylight,03 - P.D. only,02 - Angle,Cummings
8353,KING EDWARD AVE @ MURRAY ST,368291.6998,5032754.362,-75.68854693,45.43183995,2015-05-24,16:40,01 - Clear,01 - Dry,01 - Traffic signal,02 - Intersection related,01 - Daylight,03 - P.D. only,02 - Angle,Byward Market
8354,REGIONAL ROAD 174 btwn OR174 IC109 RAMP64 & OR174 IC105 RAMP16,377076.5213,5035705.667,-75.57585317,45.45754116,2015-09-12,20:41,02 - Rain,02 - Wet,10 - No control,01 - Non intersection,07 - Dark,03 - P.D. only,07 - SMV other,Greenbelt
8355,DALHOUSIE ST btwn YORK ST & GEORGE ST,368101.635,5032409.139,-75.69102018,45.42875099,2015-09-12,21:41,02 - Rain,02 - Wet,10 - No control,01 - Non intersection,07 - Dark,03 - P.D. only,03 - Rear end,Byward Market
8356,UPLANDS DR btwn RATAN CRT & ROYALTON PRIV,369161.5392,5023569.415,-75.6786291,45.34911722,2015-09-13,23:32,02 - Rain,02 - Wet,10 - No control,01 - Non intersection,07 - Dark,03 - P.D. only,06 - SMV unattended vehicle,Hunt Club East - Western Community
8357,COLONIAL RD btwn BIRCHGROVE RD & CANAAN RD,397883.7679,5035282.794,-75.30993752,45.45127475,2015-09-14,7:59,01 - Clear,01 - Dry,10 - No control,01 - Non intersection,01 - Daylight,03 - P.D. only,07 - SMV other,Navan - Vars
8358,JEANNE D'ARC BLVD @ PADDLER WAY/VORLAGE DR E,379612.2342,5037994.927,-75.54308687,45.47787126,2015-07-31,11:27,01 - Clear,01 - Dry,01 - Traffic signal,03 - At intersection,01 - Daylight,03 - P.D. only,05 - Turning movement,Orleans South West
8359,BANTON ST @ WALKLEY RD,374249.1781,5028249.898,-75.61305105,45.39074482,2015-07-31,8:29,01 - Clear,01 - Dry,01 - Traffic signal,02 - Intersection related,01 - Daylight,03 - P.D. only,03 - Rear end,Hawthorne Meadows
8360,INDUSTRIAL AVE/INNES RD @ ST. LAURENT BLVD,373100.4481,5030005.927,-75.62747682,45.40665775,2015-08-07,15:41,01 - Clear,01 - Dry,01 - Traffic signal,02 - Intersection related,01 - Daylight,03 - P.D. only,03 - Rear end,Industrial Park
8361,PRINCE OF WALES DR @ WEST HUNT CLUB RD,367457.9896,5021891.143,-75.70057991,45.33417071,2015-08-24,15:40,01 - Clear,01 - Dry,01 - Traffic signal,02 - Intersection related,01 - Daylight,03 - P.D. only,03 - Rear end,Industrial Park
8362,BYRON AVE @ HOLLAND AVE,365015.421,5028958.916,-75.73087912,45.39797923,2015-08-25,15:47,01 - Clear,01 - Dry,02 - Stop sign,03 - At intersection,01 - Daylight,03 - P.D. only,07 - SMV other,Island Park
8363,ISLAND PARK DR @ SCOTT ST,363833.6895,5029040.193,-75.74596211,45.39881118,2015-08-25,17:33,01 - Clear,01 - Dry,01 - Traffic signal,02 - Intersection related,01 - Daylight,03 - P.D. only,03 - Rear end,Island Park
8364,EARL ARMSTRONG RD @ RIVER RD,367571.9978,5014684.037,-75.70003802,45.26931193,2015-06-09,16:13,01 - Clear,02 - Wet,01 - Traffic signal,02 - Intersection related,01 - Daylight,03 - P.D. only,03 - Rear end,Gloucester
8365,BANK ST @ LEITRIM RD,375357.7542,5021618.416,-75.59984168,45.33096697,2015-06-09,18:29,01 - Clear,01 - Dry,01 - Traffic signal,02 - Intersection related,01 - Daylight,03 - P.D. only,03 - Rear end,Greenbelt
8366,INDUSTRIAL AVE btwn TRAINYARDS DR & RUSSELL RD,372037.2414,5030453.089,-75.64099652,45.41078406,2015-08-18,15:00,01 - Clear,01 - Dry,10 - No control,01 - Non intersection,01 - Daylight,03 - P.D. only,04 - Sideswipe,Industrial Park
8367,BELCOURT BLVD @ INNES RD,382120.8582,5035266.25,-75.51143337,45.45304766,2015-08-20,14:10,01 - Clear,01 - Dry,01 - Traffic signal,02 - Intersection related,01 - Daylight,03 - P.D. only,04 - Sideswipe,Chapel Hill South
8368,ALTA VISTA DR @ RANDALL AVE,370409.4423,5027366.182,-75.66220111,45.3831637,2015-07-03,15:18,01 - Clear,01 - Dry,01 - Traffic signal,02 - Intersection related,01 - Daylight,03 - P.D. only,02 - Angle,Alta Vista
8369,ALBERT ST btwn PRESTON ST & Continuation of ALBERT ST,366288.9853,5030545.652,-75.71441576,45.41214558,2015-07-05,0:44,01 - Clear,01 - Dry,10 - No control,01 - Non intersection,07 - Dark,03 - P.D. only,07 - SMV other,Centretown West
8370,INDUSTRIAL AVE/INNES RD @ ST. LAURENT BLVD,373099.7274,5030005.206,-75.62748613,45.40665134,2015-09-01,7:29,01 - Clear,01 - Dry,01 - Traffic signal,02 - Intersection related,01 - Daylight,03 - P.D. only,03 - Rear end,Industrial Park
8371,KINBURN SIDE RD @ STONECREST RD,334900.2968,5033075.812,-76.11526969,45.43696697,2015-08-04,18:35,01 - Clear,01 - Dry,02 - Stop sign,02 - Intersection related,01 - Daylight,03 - P.D. only,03 - Rear end,Car
8372,BAY ST @ SLATER ST,366984.4185,5031078.21,-75.70546455,45.41687593,2015-08-07,23:25,01 - Clear,01 - Dry,01 - Traffic signal,02 - Intersection related,07 - Dark,03 - P.D. only,05 - Turning movement,Downtown
8373,PINECREST RD @ BASELINE RD,360783.7207,5022694.76,-75.7856354,45.34196589,2015-01-18,1:03,01 - Clear,02 - Wet,02 - Stop sign,02 - Intersection related,07 - Dark,03 - P.D. only,03 - Rear end,Iris
8374,CHESTERTON DR @ SOUTHVIEW CRES W,365341.1423,5023848.288,-75.72734561,45.35196667,2015-01-18,23:52,01 - Clear,02 - Wet,02 - Stop sign,02 - Intersection related,07 - Dark,03 - P.D. only,02 - Angle,Borden Farm - Stewart Farm - Parkwood Hills - Fisher Glen
8375,LYNDALE AVE @ PARKDALE AVE,364860.9816,5029929.219,-75.73273339,45.40672307,2015-09-10,15:49,01 - Clear,01 - Dry,01 - Traffic signal,03 - At intersection,01 - Daylight,03 - P.D. only,03 - Rear end,Tunney's Pasture
8376,FLOWER AVE @ WOODROFFE AVE,361811.8519,5026115.804,-75.77212271,45.37266541,2015-09-11,7:58,01 - Clear,01 - Dry,02 - Stop sign,03 - At intersection,01 - Daylight,03 - P.D. only,02 - Angle,Carlingwood - McKellar Park - Laurentien View
8377,KENT ST @ SLATER ST,367260.266,5031252.947,-75.70191822,45.41842359,2015-07-02,5:45,01 - Clear,01 - Dry,01 - Traffic signal,03 - At intersection,03 - Dawn,03 - P.D. only,02 - Angle,Downtown
8378,COVENTRY RD @ VANIER PKWY,370677.1056,5031612.063,-75.65821638,45.42134139,2015-07-02,12:25,01 - Clear,01 - Dry,01 - Traffic signal,02 - Intersection related,01 - Daylight,03 - P.D. only,03 - Rear end,Overbrook
8379,MANOTICK STATION RD btwn GOUGH RD & ELKWOOD DR,374491.2951,5011123.711,-75.61236829,45.23662541,2015-09-12,23:54,02 - Rain,02 - Wet,10 - No control,01 - Non intersection,07 - Dark,03 - P.D. only,07 - SMV other,Kars - Osgoode
8380,MERIVALE RD btwn RAVEN AVE & LAROSE AVE,364846.5638,5026962.638,-75.7332786,45.38003162,2015-09-13,4:45,02 - Rain,02 - Wet,10 - No control,01 - Non intersection,07 - Dark,03 - P.D. only,07 - SMV other,Carlington
8381,RIVERSIDE DR @ BROOKFIELD RD/HOG'S BACK RD,368166.2696,5026221.44,-75.69098925,45.37307012,2015-03-23,19:06,01 - Clear,01 - Dry,01 - Traffic signal,02 - Intersection related,07 - Dark,03 - P.D. only,07 - SMV other,Riverside Park
8382,BALSAM ST @ PRESTON ST,366456.7045,5029788.926,-75.71236782,45.40532201,2015-09-14,9:19,01 - Clear,01 - Dry,02 - Stop sign,02 - Intersection related,01 - Daylight,03 - P.D. only,03 - Rear end,Little Italy
8383,CHARLEMAGNE BLVD @ GARDENWAY DR/BOTTRIELL WAY ,384050.3436,5037035.295,-75.4864831,45.46874776,2015-09-14,11:31,01 - Clear,01 - Dry,01 - Traffic signal,03 - At intersection,01 - Daylight,03 - P.D. only,05 - Turning movement,Fallingbrook
8384,ARGYLE AVE btwn METCALFE ST & METCALFE ST,368389.5274,5030608.877,-75.68757371,45.41252674,2015-07-30,11:55,01 - Clear,01 - Dry,10 - No control,04 - At/near private drive,01 - Daylight,03 - P.D. only,04 - Sideswipe,Centretown
8385,TENTH LINE RD btwn DES EPINETTES AVE & INNES RD,383760.3246,5036608.103,-75.49026014,45.46493712,2015-07-30,10:00,01 - Clear,01 - Dry,10 - No control,01 - Non intersection,01 - Daylight,03 - P.D. only,03 - Rear end,Queenswood Heights
8386,BANK ST/PRETORIA AVE @ CHAMBERLAIN AVE S,368107.2913,5030105.035,-75.69124393,45.40801892,2015-08-07,15:15,01 - Clear,01 - Dry,02 - Stop sign,02 - Intersection related,01 - Daylight,03 - P.D. only,02 - Angle,The Glebe
8387,MCCORDICK RD btwn MACKEY RD & COWELL RD,367967.6826,4994617.41,-75.69753635,45.08871586,2015-08-26,0:17,01 - Clear,01 - Dry,10 - No control,01 - Non intersection,07 - Dark,03 - P.D. only,07 - SMV other,Munster Hamlet - Richmond
8388,CARLING AVE @ ISLAND PARK DR,365348.6995,5027997.182,-75.72674062,45.38929701,2015-06-11,8:44,01 - Clear,01 - Dry,01 - Traffic signal,02 - Intersection related,01 - Daylight,03 - P.D. only,04 - Sideswipe,Civic Hospital - Experimental Farm - Central Park
8389,CENTER ST @ MONTREAL RD,371820.2667,5033951.948,-75.64329211,45.44228601,2015-06-11,9:15,01 - Clear,01 - Dry,02 - Stop sign,02 - Intersection related,01 - Daylight,03 - P.D. only,03 - Rear end,Cummings
8390,ST. LAURENT BLVD btwn COVENTRY RD & LEMIEUX ST,372326.1267,5031900.736,-75.63710785,45.42378152,2015-08-20,15:00,01 - Clear,01 - Dry,10 - No control,04 - At/near private drive,01 - Daylight,03 - P.D. only,03 - Rear end,Overbrook
8391,BANK ST @ WALKLEY RD,370337.852,5025948.095,-75.66330339,45.37041092,2015-07-16,19:15,01 - Clear,01 - Dry,01 - Traffic signal,02 - Intersection related,01 - Daylight,03 - P.D. only,04 - Sideswipe,Ledbury - Heron Gate - Ridgemont - Elmwood
8392,INNES RD @ ORLEANS BLVD,380460.7951,5034296.043,-75.53280383,45.44450018,2015-09-01,11:55,01 - Clear,01 - Dry,01 - Traffic signal,02 - Intersection related,01 - Daylight,03 - P.D. only,02 - Angle,Orleans Village - Chateauneuf
8393,CYRVILLE RD @ INNES RD,375047.7247,5031120.195,-75.60244502,45.41649062,2015-08-09,16:51,01 - Clear,01 - Dry,01 - Traffic signal,02 - Intersection related,01 - Daylight,03 - P.D. only,99 - Other,Industrial Park
8394,STAGECOACH RD btwn CABIN RD & SNAKE ISLAND RD,378118.4753,5006006.837,-75.56692949,45.19021699,2015-08-19,5:55,01 - Clear,01 - Dry,10 - No control,01 - Non intersection,03 - Dawn,03 - P.D. only,07 - SMV other,Kars - Osgoode
8395,SCOTT ST btwn CHURCHILL AVE N & WINONA AVE,363139.1915,5028613.528,-75.75488264,45.39503033,2015-01-23,8:03,01 - Clear,01 - Dry,10 - No control,01 - Non intersection,01 - Daylight,03 - P.D. only,01 - Approaching,Westboro
8396,BYRON AVE @ CHURCHILL AVE,363275.4134,5028180.19,-75.7531943,45.39111987,2015-01-29,16:00,01 - Clear,06 - Ice,01 - Traffic signal,03 - At intersection,01 - Daylight,03 - P.D. only,02 - Angle,Westboro
8397,DUNROBIN RD btwn KILMAURS SIDE RD & CONSTANCE BAY RD,336257.3456,5037743.095,-76.09762624,45.47890475,2015-07-31,21:01,01 - Clear,02 - Wet,10 - No control,01 - Non intersection,05 - Dusk,03 - P.D. only,07 - SMV other,Kilmaurs
8398,BANTREE ST @ INNES RD,373705.7232,5030406.916,-75.61968943,45.41020633,2015-08-05,16:14,01 - Clear,01 - Dry,01 - Traffic signal,03 - At intersection,01 - Daylight,03 - P.D. only,05 - Turning movement,Industrial Park
8399,SPRINGLAND DR N @ FLANNERY DR N,368893.7402,5025898.713,-75.6817443,45.37010016,2015-08-31,15:30,01 - Clear,01 - Dry,02 - Stop sign,02 - Intersection related,01 - Daylight,03 - P.D. only,02 - Angle,Riverside Park
8400,HUNT CLUB RD @ RIVERSIDE DR,368035.2616,5021945.859,-75.69320854,45.33461125,2015-08-31,16:21,01 - Clear,01 - Dry,01 - Traffic signal,02 - Intersection related,01 - Daylight,03 - P.D. only,03 - Rear end,Hunt Club Woods - Quintarra - Revelstoke - Riverside South P
8401,BANK ST btwn CHAMBERLAIN AVE & ROSEBERY AVE,368117.6632,5030078.886,-75.6911148,45.4077827,2015-09-11,15:08,01 - Clear,01 - Dry,10 - No control,01 - Non intersection,01 - Daylight,03 - P.D. only,04 - Sideswipe,The Glebe
8402,BRONSON AVE @ GLADSTONE AVE,367132.981,5030081.924,-75.70369253,45.40789842,2015-07-02,14:24,01 - Clear,01 - Dry,01 - Traffic signal,02 - Intersection related,01 - Daylight,03 - P.D. only,03 - Rear end,Centretown West
8403,PARKDALE AVE @ WELLINGTON ST,365148.9799,5029270.916,-75.72913517,45.40077504,2015-07-08,17:58,01 - Clear,01 - Dry,01 - Traffic signal,02 - Intersection related,01 - Daylight,03 - P.D. only,03 - Rear end,Islan
8404,AVIATION PKWY btwn OGILVIE RD & TO BE DETERMINED,373151.0746,5032282.532,-75.62651438,45.42713661,2015-07-30,8:00,02 - Rain,02 - Wet,10 - No control,01 - Non intersection,01 - Daylight,03 - P.D. only,07 - SMV other,Industrial Park
8405,HARDING RD @ WALKLEY RD,373149.4514,5027607.454,-75.62718319,45.38507258,2015-07-29,10:30,01 - Clear,01 - Dry,01 - Traffic signal,02 - Intersection related,01 - Daylight,03 - P.D. only,03 - Rear end,Urbandale
8406,GLENMORE ST btwn THURLOW ST & PRINCESS LOUISE DR,383323.7033,5038185.127,-75.49559074,45.47917498,2015-08-10,8:28,01 - Clear,01 - Dry,10 - No control,01 - Non intersection,01 - Daylight,03 - P.D. only,06 - SMV unattended vehicle,Fallingbrook
8407,HUNT CLUB RD @ RIVERSIDE DR,368037.4237,5021945.859,-75.69318096,45.33461106,2015-08-27,16:50,01 - Clear,01 - Dry,01 - Traffic signal,02 - Intersection related,01 - Daylight,03 - P.D. only,03 - Rear end,Hunt Club Woods - Quintarra - Revelstoke - Riverside South P
8408,ARLINGTON AVE @ BRONSON AVE,367221.9887,5029866.482,-75.70258284,45.405952,2015-08-26,11:45,01 - Clear,01 - Dry,01 - Traffic signal,03 - At intersection,01 - Daylight,03 - P.D. only,03 - Rear end,Centretown West
8409,CONSTELLATION CRES @ BASELINE RD,362272.6673,5023595.958,-75.76653294,45.34995441,2015-06-26,15:31,01 - Clear,01 - Dry,01 - Traffic signal,02 - Intersection related,01 - Daylight,03 - P.D. only,03 - Rear end,Iris
8410,INNES RD @ ORLEANS BLVD,380460.7951,5034295.322,-75.53280394,45.4444937,2015-08-27,18:04,01 - Clear,01 - Dry,01 - Traffic signal,02 - Intersection related,01 - Daylight,03 - P.D. only,07 - SMV other,Orleans Village - Chateauneuf