Record,Location,X,Y,lon,lat,Date,Time,Environment,Road_Surface,Traffic_Control,Collision_Location,Light,Collision_Classification,Impact_type,Neighborhood
8411,DONALD ST @ ST. LAURENT BLVD,372094.4336,5032472.945,-75.63999005,45.42895231,2015-08-10,15:13,01 - Clear,01 - Dry,01 - Traffic signal,03 - At intersection,01 - Daylight,03 - P.D. only,05 - Turning movement,Overbrook
8412,INNES RD @ STAR TOP RD/WINDMILL LANE,374148.4465,5030666.921,-75.61399749,45.412502,2015-08-24,12:10,01 - Clear,01 - Dry,01 - Traffic signal,02 - Intersection related,01 - Daylight,03 - P.D. only,03 - Rear end,Industrial Park
8413,BRIDGE ST/MAPLE AVE @ MANOTICK MAIN ST,368699.4548,5009932.395,-75.68628195,45.22645548,2015-09-01,12:46,01 - Clear,01 - Dry,01 - Traffic signal,03 - At intersection,01 - Daylight,03 - P.D. only,05 - Turning movement,Manotick
8414,HAWTHORNE RD @ HUNT CLUB RD,375507.0292,5026406.89,-75.59725274,45.37403649,2015-09-01,15:06,01 - Clear,01 - Dry,01 - Traffic signal,02 - Intersection related,01 - Daylight,03 - P.D. only,02 - Angle,Industrial Park
8415,NEPEAN ST btwn METCALFE ST & ELGIN ST,368011.3838,5031401.63,-75.69230274,45.41969393,2015-08-28,10:14,01 - Clear,01 - Dry,10 - No control,01 - Non intersection,01 - Daylight,03 - P.D. only,06 - SMV unattended vehicle,Centretown
8416,CARILLON ST @ HANNAH ST,370154.9837,5033390.233,-75.6646514,45.43738961,2015-08-30,16:32,01 - Clear,01 - Dry,02 - Stop sign,03 - At intersection,01 - Daylight,03 - P.D. only,02 - Angle,Vanier North
8417,RIDEAU ST btwn WALLER ST & CUMBERLAND ST,368292.838,5032279.99,-75.68859355,45.42757162,2015-02-12,14:31,01 - Clear,02 - Wet,10 - No control,04 - At/near private drive,01 - Daylight,03 - P.D. only,05 - Turning movement,Byward Market - Parliament Hill
8418,SPROULE ST btwn SHILLINGTON AVE & END,365334.8481,5027127.901,-75.72702411,45.3814766,2015-02-13,20:40,01 - Clear,01 - Dry,10 - No control,01 - Non intersection,07 - Dark,03 - P.D. only,07 - SMV other,Carlington
8419,KING EDWARD AVE NB btwn YORK ST & RIDEAU ST,368473.3512,5032502.897,-75.68625809,45.42956085,2015-09-03,17:56,01 - Clear,01 - Dry,10 - No control,01 - Non intersection,01 - Daylight,03 - P.D. only,03 - Rear end,Lower Town
8420,LEES AVE / GRAHAM AVE @ MAIN ST,369000.9297,5030560.098,-75.67976953,45.41203202,2015-09-04,19:02,01 - Clear,01 - Dry,01 - Traffic signal,03 - At intersection,05 - Dusk,03 - P.D. only,02 - Angle,Old Ottawa East
8421,COLONEL BY DR @ HOG'S BACK RD,367602.7094,5025875.34,-75.69822764,45.37000673,2015-09-11,15:09,01 - Clear,01 - Dry,01 - Traffic signal,02 - Intersection related,01 - Daylight,03 - P.D. only,02 - Angle,Carleton University
8422,CUMBERLAND ST @ GEORGE ST,368327.149,5032416.229,-75.68813754,45.42879434,2015-07-08,15:15,01 - Clear,01 - Dry,01 - Traffic signal,02 - Intersection related,01 - Daylight,03 - P.D. only,06 - SMV unattended vehicle,Byward Market
8423,EAGLESON RD @ FALLOWFIELD RD,355961.6341,5012594.045,-75.8482042,45.25144617,2015-07-08,20:48,01 - Clear,01 - Dry,01 - Traffic signal,02 - Intersection related,05 - Dusk,03 - P.D. only,99 - Other,Stittsville - Basswood
8424,ST. LAURENT BLVD @ SUSAN ST,373826.6581,5028232.066,-75.61844898,45.39062615,2015-07-29,12:45,01 - Clear,01 - Dry,02 - Stop sign,02 - Intersection related,01 - Daylight,03 - P.D. only,03 - Rear end,Urbandale
8425,EDGAR BRAULT ST @ ST. JOSEPH BLVD,381419.0201,5037546.935,-75.52004975,45.47364468,2015-07-29,12:25,01 - Clear,01 - Dry,01 - Traffic signal,02 - Intersection related,01 - Daylight,03 - P.D. only,03 - Rear end,Industrial Park
8426,HWY 417 INNES IC112R58 @ INNES RD,374225.7019,5030711.037,-75.61300437,45.41289127,2015-08-10,10:00,01 - Clear,01 - Dry,03 - Yield sign,02 - Intersection related,01 - Daylight,03 - P.D. only,03 - Rear end,Industrial Park
8427,BASELINE RD @ CORDOVA ST,363594.4089,5024409.166,-75.74956959,45.35716201,2015-08-10,13:24,01 - Clear,01 - Dry,01 - Traffic signal,03 - At intersection,01 - Daylight,03 - P.D. only,05 - Turning movement,Crestview - Meadowlands
8428,MONTREAL RD btwn VANIER PKWY & DUROCHER ST,370088.5657,5033072.439,-75.6655424,45.43453644,2015-08-28,16:09,01 - Clear,01 - Dry,10 - No control,01 - Non intersection,01 - Daylight,03 - P.D. only,03 - Rear end,Vanier
8429,GREENBANK RD @ BERRIGAN DR/WESSEX RD,363722.961,5015277.506,-75.74901508,45.27498499,2015-08-31,13:00,01 - Clear,01 - Dry,01 - Traffic signal,02 - Intersection related,01 - Daylight,03 - P.D. only,04 - Sideswipe,New Barrhaven
8430,LEIKIN DR btwn HOLITZNER WAY & CRESTWAY DR,366744.7596,5017252.564,-75.71025869,45.29249669,2015-08-26,18:20,01 - Clear,01 - Dry,10 - No control,01 - Non intersection,01 - Daylight,03 - P.D. only,07 - SMV other,Greenbelt
8431,STRANDHERD DR @ LONGFIELDS DR,364548.8105,5015173.685,-75.73850289,45.27398112,2015-07-13,18:21,01 - Clear,01 - Dry,01 - Traffic signal,02 - Intersection related,01 - Daylight,03 - P.D. only,03 - Rear end,New Barrhaven
8432,EMPRESS AVE btwn PRIMROSE AVE & SOMERSET ST W,366697.1803,5030445.623,-75.70921371,45.41120956,2015-08-24,17:45,01 - Clear,01 - Dry,10 - No control,01 - Non intersection,01 - Daylight,03 - P.D. only,06 - SMV unattended vehicle,Centretown West
8433,BRIAN COBURN BLVD @ TENTH LINE RD,384428.3389,5035022.308,-75.48197576,45.45059377,2015-08-25,12:19,01 - Clear,01 - Dry,01 - Traffic signal,02 - Intersection related,01 - Daylight,03 - P.D. only,03 - Rear end,Avalon
8434,FIELDING DR @ MCCARTHY RD,369365.2783,5025039.878,-75.67583724,45.36232932,2015-09-01,15:24,01 - Clear,01 - Dry,01 - Traffic signal,02 - Intersection related,01 - Daylight,03 - P.D. only,03 - Rear end,Hunt Club Woods - Quintarra - Revelstoke - Riverside South P
8435,INNES RD btwn HWY417 IC112 RAMP65 & HWY417 IC112 RAMP56,374450.9259,5030843.506,-75.61010849,45.41406078,2015-09-01,16:21,01 - Clear,01 - Dry,10 - No control,07 - Overpass or bridge,01 - Daylight,03 - P.D. only,03 - Rear end,Industrial Park
8436,RUSSELL RD btwn RUSSELL RD & WALKLEY RD,374779.9691,5028330.532,-75.60626161,45.39141749,2015-09-02,9:01,01 - Clear,01 - Dry,10 - No control,01 - Non intersection,01 - Daylight,03 - P.D. only,03 - Rear end,Industrial Park
8437,CLYDE AVE @ MAITLAND AVE,364249.6935,5025140.247,-75.74111857,45.36368492,2015-02-28,4:55,01 - Clear,01 - Dry,03 - Yield sign,03 - At intersection,07 - Dark,03 - P.D. only,07 - SMV other,Civic Hospital - Experimental Farm - Central Park
8438,DUNROBIN RD btwn MURPHY SIDE RD & LILLIAN WAY,345244.794,5028198.388,-75.98345533,45.39255707,2015-03-18,0:35,01 - Clear,01 - Dry,10 - No control,01 - Non intersection,07 - Dark,03 - P.D. only,07 - SMV other,Carp - Hardwood Plains
8439,ST. LAURENT BLVD btwn BOURASSA ST & SMYTH RD,373276.0114,5029600.494,-75.6252906,45.4029927,2015-08-18,14:13,01 - Clear,01 - Dry,10 - No control,01 - Non intersection,01 - Daylight,03 - P.D. only,03 - Rear end,Industrial Park
8440,HERON RD btwn TURN LANE & RIVERSIDE DR (1),368098.0418,5026644.699,-75.691806,45.37688466,2015-09-04,19:33,01 - Clear,01 - Dry,10 - No control,01 - Non intersection,05 - Dusk,03 - P.D. only,04 - Sideswipe,Riverside Park
8441,INDUSTRIAL AVE @ RIVERSIDE DR,370684.7186,5030592.914,-75.65825537,45.41217079,2015-09-04,21:37,01 - Clear,01 - Dry,01 - Traffic signal,03 - At intersection,07 - Dark,03 - P.D. only,03 - Rear end,Industrial Park
8442,CARLING AVE btwn GRANDVIEW RD & TURN LANE,355796.2495,5024022.196,-75.84913542,45.35429058,2015-09-11,20:10,01 - Clear,01 - Dry,10 - No control,01 - Non intersection,07 - Dark,03 - P.D. only,07 - SMV other,Greenbelt
8443,WEST HUNT CLUB RD @ ANTARES DR/LASER ST,367107.7113,5022079.7,-75.70502475,45.33589851,2015-07-22,9:40,01 - Clear,01 - Dry,01 - Traffic signal,02 - Intersection related,01 - Daylight,03 - P.D. only,99 - Other,Industrial Park
8444,ALBERT ST btwn O'CONNOR ST & METCALFE ST,367557.4412,5031531.023,-75.69808603,45.42089903,2015-08-05,10:58,01 - Clear,01 - Dry,10 - No control,01 - Non intersection,01 - Daylight,03 - P.D. only,04 - Sideswipe,Downtown
8445,AIRPORT PKWY @ BROOKFIELD RD RAMP 53,368913.4109,5026236.588,-75.68144935,45.37313846,2015-07-23,17:35,01 - Clear,01 - Dry,10 - No control,02 - Intersection related,01 - Daylight,03 - P.D. only,04 - Sideswipe,Riverside Park
8446,SOMERSET ST    W btwn BANK ST & O'CONNOR ST,367710.5588,5030926.015,-75.69620694,45.41544161,2015-08-03,0:45,02 - Rain,02 - Wet,10 - No control,01 - Non intersection,07 - Dark,03 - P.D. only,05 - Turning movement,Centretown
8447,BRONSON AVE @ CATHERINE ST/RAYMOND ST,367253.4292,5029795.485,-75.70219023,45.40531039,2015-09-14,18:19,01 - Clear,01 - Dry,01 - Traffic signal,03 - At intersection,01 - Daylight,03 - P.D. only,07 - SMV other,Centretown West
8448,ANN ST btwn TIGHE ST & BEAVERWOOD RD,368792.907,5009756.266,-75.68511466,45.22486219,2015-09-14,17:00,01 - Clear,01 - Dry,10 - No control,04 - At/near private drive,01 - Daylight,03 - P.D. only,02 - Angle,Manotick
8449,JEANNE D'ARC BLVD @ ORLEANS BLVD N,380029.4485,5038104.518,-75.53773431,45.47881244,2015-08-10,16:58,01 - Clear,01 - Dry,01 - Traffic signal,02 - Intersection related,01 - Daylight,03 - P.D. only,03 - Rear end,Orleans South West
8450,HAWTHORNE RD @ STEVENAGE DR,375136.7405,5027313.176,-75.6018507,45.38222808,2015-08-11,18:17,02 - Rain,02 - Wet,01 - Traffic signal,02 - Intersection related,01 - Daylight,03 - P.D. only,03 - Rear end,Industrial Park
8451,INNES RD @ JEANNE D'ARC BLVD/MER BLEUE RD,382637.0329,5035565.752,-75.50478755,45.45568502,2015-09-02,13:49,01 - Clear,01 - Dry,01 - Traffic signal,02 - Intersection related,01 - Daylight,03 - P.D. only,03 - Rear end,Chapel Hill South
8452,MCCARTHY RD @ WALKLEY RD,369249.7173,5025300.883,-75.67727816,45.36468841,2015-09-02,16:16,01 - Clear,01 - Dry,01 - Traffic signal,02 - Intersection related,01 - Daylight,03 - P.D. only,04 - Sideswipe,Riverside Park
8453,SMYTH RD/OTHELLO AVE @ RUSSELL RD W,373256.0142,5029374.01,-75.62557746,45.40095686,2015-08-26,19:50,01 - Clear,01 - Dry,01 - Traffic signal,02 - Intersection related,05 - Dusk,03 - P.D. only,02 - Angle,Elmvale - Eastway - Riverview - Riverview Park West
8454,TERRY FOX DR S @ DIDSBURY RD/CENTRUM KANATA SC,350623.4008,5018918.035,-75.91562531,45.30871928,2015-07-15,20:28,01 - Clear,01 - Dry,01 - Traffic signal,02 - Intersection related,05 - Dusk,03 - P.D. only,03 - Rear end,Kanata
8455,FALLOWFIELD RD @ WOODROFFE AVE,365086.5914,5017902.109,-75.73131798,45.29848548,2015-08-27,20:15,01 - Clear,01 - Dry,01 - Traffic signal,02 - Intersection related,07 - Dark,03 - P.D. only,03 - Rear end,Greenbelt
8456,REGIONAL ROAD 174 btwn OR174 IC109 RAMP86 & OR174 IC109 RAMP64,376543.7485,5035189.07,-75.58273983,45.45294806,2015-08-25,18:29,01 - Clear,01 - Dry,10 - No control,01 - Non intersection,01 - Daylight,03 - P.D. only,04 - Sideswipe,Greenbelt
8457,BURRIS LANE @ MERIVALE RD,364880.7064,5025067.16,-75.73307323,45.3629735,2015-08-26,17:45,02 - Rain,02 - Wet,01 - Traffic signal,02 - Intersection related,01 - Daylight,03 - P.D. only,03 - Rear end,Cityview - Skyline - Fisher Heights
8458,ROCHESTER ST @ SOMERSET ST,366480.9844,5030202.926,-75.71200589,45.40904493,2015-09-01,17:35,01 - Clear,01 - Dry,01 - Traffic signal,03 - At intersection,01 - Daylight,03 - P.D. only,02 - Angle,Little Italy
8459,SECOND LINE RD    S btwn CARSONBY RD E & PHELAN RD E,367515.5285,5004181.125,-75.70208071,45.17481177,2015-09-03,11:40,01 - Clear,01 - Dry,10 - No control,01 - Non intersection,01 - Daylight,03 - P.D. only,07 - SMV other,Manotick - North Gower
8460,MARCH RD @ SOLANDT RD,350488.8878,5022710.142,-75.91699071,45.34285035,2015-03-18,13:23,01 - Clear,01 - Dry,01 - Traffic signal,03 - At intersection,01 - Daylight,03 - P.D. only,05 - Turning movement,South March
8461,MONTREAL RD @ VANIER PKWY,370073.4305,5033066.673,-75.66573658,45.43448597,2015-03-24,15:46,01 - Clear,01 - Dry,01 - Traffic signal,02 - Intersection related,01 - Daylight,03 - P.D. only,07 - SMV other,Vanier
8462,BANK ST btwn CLEMOW AVE & GLEBE AVE,368231.062,5029807.385,-75.6897012,45.40532955,2015-09-05,15:04,01 - Clear,01 - Dry,10 - No control,04 - At/near private drive,01 - Daylight,03 - P.D. only,02 - Angle,The Glebe
8463,DUNNING RD @ WILHAVEN DR,391045.7931,5040826.48,-75.3963698,45.50202749,2015-08-11,11:51,01 - Clear,01 - Dry,02 - Stop sign,02 - Intersection related,01 - Daylight,03 - P.D. only,99 - Other,Cumberland - Estates
8464,SHERRY LANE btwn GARY AVE & GARY AVE,363358.4871,5021232.186,-75.75295662,45.32859555,2015-08-25,8:30,01 - Clear,01 - Dry,10 - No control,01 - Non intersection,01 - Daylight,03 - P.D. only,06 - SMV unattended vehicle,Woodvale - Craig Henry - Manordale - Estates of Arlington Wo
8465,GIBFORD DR btwn GIBFORD DR & DEAN MARTIN CRES,370007.3392,5022922.641,-75.66792155,45.34321959,2015-02-20,11:54,01 - Clear,05 - Packed snow,10 - No control,01 - Non intersection,01 - Daylight,03 - P.D. only,01 - Approaching,Hunt Club - Ottawa Airport
8466,COLONNADE RD    S btwn COLONNADE RD & CONCOURSE GT,366807.7717,5022809.709,-75.70875979,45.34249358,2015-02-20,14:00,01 - Clear,01 - Dry,10 - No control,04 - At/near private drive,01 - Daylight,03 - P.D. only,02 - Angle,Industrial Park
8467,MORIN RD @ REGIONAL RD 174,392039.7898,5042783.97,-75.38330445,45.51951486,2015-04-02,7:46,04 - Freezing Rain,02 - Wet,02 - Stop sign,02 - Intersection related,01 - Daylight,03 - P.D. only,03 - Rear end,Cumberland - Estates
8468,PRINCE OF WALES DR btwn NORMANDY CRES & FALAISE RD (1),367484.8028,5024707.406,-75.69988091,45.35950849,2015-02-20,0:18,03 - Snow,02 - Wet,10 - No control,01 - Non intersection,07 - Dark,03 - P.D. only,07 - SMV other,Carleton Heights - Rideauview
8469,INNES RD @ PAGE RD,380887.749,5034539.109,-75.52730915,45.44664076,2015-02-20,7:15,01 - Clear,03 - Loose snow,01 - Traffic signal,02 - Intersection related,01 - Daylight,03 - P.D. only,03 - Rear end,Chapel Hill South
8470,MERIVALE RD btwn MEADOWLANDS DR & 210 S OF MEADOWLANDS DR/MERIVALE PL ,364880.8686,5023672.98,-75.73324061,45.35042886,2015-04-06,17:30,01 - Clear,01 - Dry,10 - No control,01 - Non intersection,01 - Daylight,03 - P.D. only,03 - Rear end,Borden Farm - Stewart Farm - Parkwood Hills - Fisher Glen
8471,INNES RD EB btwn INNES RD & INNES RD W,377000.0257,5032183.706,-75.57734783,45.42586072,2015-02-21,15:08,03 - Snow,05 - Packed snow,10 - No control,01 - Non intersection,01 - Daylight,03 - P.D. only,03 - Rear end,Greenbelt
8472,CAMPEAU DR/HWY 417 MARCH IC138R63 @ MARCH RD,352840.8477,5020475.967,-75.88719725,45.3225897,2015-03-14,15:59,02 - Rain,02 - Wet,01 - Traffic signal,03 - At intersection,01 - Daylight,03 - P.D. only,02 - Angle,Greenbelt
8473,OR174 IC109 RAMP65 @ MONTREAL RD,376403.0855,5034982.443,-75.58456808,45.45110339,2015-06-20,19:50,01 - Clear,01 - Dry,01 - Traffic signal,02 - Intersection related,01 - Daylight,03 - P.D. only,03 - Rear end,Beacon Hill South - Cardinal Heights
8474,NATURE TRAIL CRES S @ PAGE RD S,381355.7017,5033461.502,-75.52149543,45.4368942,2015-07-08,18:22,01 - Clear,01 - Dry,02 - Stop sign,02 - Intersection related,01 - Daylight,03 - P.D. only,03 - Rear end,Chapel Hill South
8475,BLACKBURN BYPASS EB btwn 1700 W OF NAVAN RD & INNES RD,377204.4648,5032150.348,-75.57474053,45.42553946,2015-07-07,16:51,01 - Clear,01 - Dry,10 - No control,01 - Non intersection,01 - Daylight,03 - P.D. only,04 - Sideswipe,Greenbelt
8476,MARKETPLACE AVE @ RIOCAN AVE,364287.5976,5014761.235,-75.74188116,45.27029204,2015-06-18,15:15,01 - Clear,01 - Dry,02 - Stop sign,03 - At intersection,01 - Daylight,03 - P.D. only,02 - Angle,New Barrhaven
8477,RIDEAU ST btwn CUMBERLAND ST & KING EDWARD AVE,368497.2928,5032407.463,-75.68596449,45.42869999,2015-06-18,10:11,01 - Clear,01 - Dry,10 - No control,01 - Non intersection,01 - Daylight,03 - P.D. only,04 - Sideswipe,Byward Market
8478,BANK ST @ HUNT CLUB RD,371608.2295,5024097.774,-75.64733689,45.35364242,2015-05-29,13:14,01 - Clear,01 - Dry,01 - Traffic signal,02 - Intersection related,01 - Daylight,03 - P.D. only,04 - Sideswipe,South Keys - Heron Gate - Greenboro West
8479,HOG'S BACK RD btwn COLONEL BY DR & RIVERSIDE DR,368064.5638,5026209.392,-75.69228917,45.37297091,2015-07-14,19:36,01 - Clear,01 - Dry,10 - No control,01 - Non intersection,01 - Daylight,03 - P.D. only,99 - Other,Riverside Park
8480,KLONDIKE RD @ MARCH RD,349262.971,5024061.261,-75.93251166,45.3550868,2015-07-05,12:12,01 - Clear,01 - Dry,01 - Traffic signal,02 - Intersection related,01 - Daylight,03 - P.D. only,03 - Rear end,Morgan's Grant
8481,TERRY FOX DR @ PALLADIUM DR/KATIMAVIK RD,351271.1594,5018181.415,-75.9074341,45.30204842,2015-07-05,12:40,01 - Clear,01 - Dry,01 - Traffic signal,02 - Intersection related,01 - Daylight,03 - P.D. only,03 - Rear end,Katimavik - Hazeldean
8482,VICTORIA ST btwn BOWEN ST & 8TH LINE RD,385364.0466,5011113.372,-75.47390862,45.23537228,2015-07-15,20:36,01 - Clear,01 - Dry,10 - No control,01 - Non intersection,05 - Dusk,03 - P.D. only,01 - Approaching,Metcalfe
8483,BARRETTE ST btwn ST. CHARLES ST & MARIER AVE,369492.7256,5033752.015,-75.67306775,45.44070636,2015-07-14,15:15,01 - Clear,01 - Dry,10 - No control,01 - Non intersection,01 - Daylight,03 - P.D. only,06 - SMV unattended vehicle,Vanier North
8484,CARLING AVE WB btwn DOANE ST & RITCHIE ST,359571.318,5024357.356,-75.80092061,45.35702164,2015-02-21,13:04,03 - Snow,03 - Loose snow,10 - No control,01 - Non intersection,01 - Daylight,03 - P.D. only,03 - Rear end,Crystal Bay - Lakeview Park - Britannia Village
8485,SOMERSET ST @ SPADINA AVE,365711.53,5029870.55,-75.72187606,45.40612168,2015-02-21,13:00,03 - Snow,03 - Loose snow,02 - Stop sign,03 - At intersection,01 - Daylight,03 - P.D. only,01 - Approaching,Centretow
8486,ROCKINGHAM AVE btwn CLEMENTINE BLVD & BANK ST,369604.882,5027302.947,-75.67248215,45.38266962,2015-02-13,15:24,01 - Clear,01 - Dry,10 - No control,04 - At/near private drive,01 - Daylight,03 - P.D. only,03 - Rear end,Alta Vista
8487,SAVILLE ROW @ WOODROFFE AVE,361779.6766,5026185.046,-75.77252548,45.37329106,2015-02-13,8:41,01 - Clear,02 - Wet,01 - Traffic signal,02 - Intersection related,01 - Daylight,03 - P.D. only,03 - Rear end,Carlingwood West - Glabar Park - McKellar Heights
8488,SMYTH RD btwn CUBA AVE & RUSSELL RD,373220.9741,5029370.083,-75.62602553,45.40092495,2015-02-15,13:15,01 - Clear,01 - Dry,10 - No control,01 - Non intersection,01 - Daylight,03 - P.D. only,04 - Sideswipe,Elmvale - Eastway - Riverview - Riverview Park West
8489,WOODROFFE AVE @ KNOXDALE RD/MEDHURST DR,363418.726,5021826.005,-75.75211788,45.33393367,2015-02-19,9:54,01 - Clear,02 - Wet,01 - Traffic signal,02 - Intersection related,01 - Daylight,03 - P.D. only,03 - Rear end,Woodvale - Craig Henry - Manordale - Estates of Arlington Wo
8490,MITCH OWENS RD btwn SALE BARN RD & HAWTHORNE RD,378832.3614,5016630.15,-75.55626455,45.28572704,2015-02-20,14:17,01 - Clear,01 - Dry,10 - No control,01 - Non intersection,01 - Daylight,03 - P.D. only,07 - SMV other,Osgoode
8491,LORD NELSON ST @ WASHINGTON ST,371913.5968,5001530.91,-75.646487,45.1505606,2015-02-20,15:23,01 - Clear,03 - Loose snow,02 - Stop sign,03 - At intersection,01 - Daylight,03 - P.D. only,07 - SMV other,Kars - Osgoode
8492,MERIVALE RD @ WOODFIELD DR/ROYDON PL,365463.665,5022298.981,-75.72597207,45.33801564,2015-04-02,16:38,01 - Clear,01 - Dry,01 - Traffic signal,02 - Intersection related,01 - Daylight,03 - P.D. only,04 - Sideswipe,Tanglewood
8493,BANK ST @ KILBORN AVE/BELANGER AVE,369654.6838,5027428.03,-75.67182984,45.38379047,2015-04-02,20:06,02 - Rain,02 - Wet,01 - Traffic signal,03 - At intersection,07 - Dark,03 - P.D. only,05 - Turning movement,Alta Vista
8494,DONALD B. MUNRO DR/OLD CARP RD W @ MARCH RD,343090.6604,5022594.077,-76.01140038,45.3422488,2015-02-20,15:04,01 - Clear,01 - Dry,02 - Stop sign,03 - At intersection,01 - Daylight,03 - P.D. only,02 - Angle,Carp - Hardwood Plains
8495,HIGHWAY 417 btwn HWY417 IC119A RAMP75 & HWY417 IC118 RAMP57,368933.4458,5030692.162,-75.68061443,45.41322647,2015-10-12,15:10,01 - Clear,01 - Dry,10 - No control,01 - Non intersection,01 - Daylight,03 - P.D. only,07 - SMV other,Old Ottawa East
8496,STITTSVILLE MAIN ST btwn CARLETON CATHCART ST & BELL ST,350651.0474,5012869.655,-75.91583156,45.25429226,2015-04-07,20:57,01 - Clear,01 - Dry,10 - No control,04 - At/near private drive,07 - Dark,03 - P.D. only,03 - Rear end,Stittsville
8497,FINDLAY CREEK DR @ BANK ST,375849.4011,5020458.519,-75.59373659,45.3204811,2015-02-21,10:00,03 - Snow,05 - Packed snow,01 - Traffic signal,02 - Intersection related,01 - Daylight,03 - P.D. only,03 - Rear end,Greenbelt
8498,SOMERSET ST    W btwn BELL ST N & ARTHUR ST,366779.2281,5030368.252,-75.70817531,45.41050614,2015-02-21,15:29,03 - Snow,03 - Loose snow,10 - No control,01 - Non intersection,01 - Daylight,03 - P.D. only,04 - Sideswipe,Centretown West
8499,CASTLEFRANK RD @ HAZELDEAN RD,352677.8781,5017678.215,-75.88954627,45.29742603,2015-03-25,20:48,01 - Clear,01 - Dry,01 - Traffic signal,03 - At intersection,07 - Dark,03 - P.D. only,05 - Turning movement,Katimavik - Hazeldean
8500,NICOLLS ISLAND RD @ RIVER RD,367868.7095,5012732.338,-75.69650487,45.25172414,2015-06-25,11:28,01 - Clear,01 - Dry,02 - Stop sign,03 - At intersection,01 - Daylight,03 - P.D. only,02 - Angle,Greenbelt
8501,WOODROFFE AVE btwn DAVID DR & TURN LANE,363007.9584,5022846.918,-75.75723809,45.34315397,2015-07-03,12:32,01 - Clear,01 - Dry,10 - No control,01 - Non intersection,01 - Daylight,03 - P.D. only,04 - Sideswipe,Crestview - Meadowlands
8502,INDUSTRIAL AVE btwn TRAINYARDS DR & RUSSELL RD,371753.8224,5030526.866,-75.64460697,45.41147505,2015-06-18,9:14,01 - Clear,01 - Dry,10 - No control,04 - At/near private drive,01 - Daylight,03 - P.D. only,04 - Sideswipe,Industrial Park
8503,BESSERER ST @ CUMBERLAND ST,368415.6891,5032256.321,-75.68702679,45.42734749,2015-05-29,16:09,01 - Clear,01 - Dry,01 - Traffic signal,02 - Intersection related,01 - Daylight,03 - P.D. only,03 - Rear end,Byward Market - Parliament Hill
8504,METCALFE ST @ SOMERSET ST,368010.7043,5031104.212,-75.69234958,45.41701792,2015-07-19,9:04,01 - Clear,01 - Dry,01 - Traffic signal,03 - At intersection,01 - Daylight,03 - P.D. only,02 - Angle,Centretown
8505,MERIVALE RD @ 170 N OF HUNTCLUB RD/COSTCO/CANA,365549.9679,5022099.734,-75.72489547,45.33621537,2015-07-06,11:10,01 - Clear,01 - Dry,01 - Traffic signal,02 - Intersection related,01 - Daylight,03 - P.D. only,04 - Sideswipe,Tanglewood
8506,PARSONS RIDGE RD btwn HUNGERFORD GT & MCCURDY DR,352197.4915,5018155.469,-75.89562534,45.30175306,2015-06-18,16:00,01 - Clear,01 - Dry,10 - No control,04 - At/near private drive,01 - Daylight,03 - P.D. only,06 - SMV unattended vehicle,Katimavik - Hazeldean
8507,WOODROFFE AVE btwn MIRAMICHI ST & TECUMSEH ST,362356.2896,5024260.049,-75.76538854,45.355923,2015-04-07,9:05,01 - Clear,01 - Dry,10 - No control,01 - Non intersection,01 - Daylight,03 - P.D. only,03 - Rear end,Iris
8508,CASTLEFRANK RD btwn ALDBURN PL & STOKES CRES,353330.896,5017188.401,-75.88126856,45.29297377,2015-04-07,8:30,01 - Clear,01 - Dry,10 - No control,01 - Non intersection,01 - Daylight,03 - P.D. only,04 - Sideswipe,Glen Cairn - Kanata South Business Park
8509,CLARE ST @ KIRKWOOD AVE,364068.624,5027972.105,-75.74308986,45.38918087,2015-02-10,19:06,01 - Clear,02 - Wet,01 - Traffic signal,02 - Intersection related,07 - Dark,03 - P.D. only,04 - Sideswipe,Westboro
8510,BANK ST @ HERON RD,369994.7561,5026851.06,-75.6675639,45.37856752,2015-02-10,17:31,01 - Clear,02 - Wet,01 - Traffic signal,02 - Intersection related,05 - Dusk,03 - P.D. only,03 - Rear end,Alta Vista
8511,DALHOUSIE ST @ ST. PATRICK ST,367958.1825,5032640.702,-75.69282358,45.43084748,2015-02-19,10:18,01 - Clear,04 - Slush,01 - Traffic signal,03 - At intersection,01 - Daylight,03 - P.D. only,04 - Sideswipe,Byward Market
8512,MERIVALE RD btwn WITHROW AVE & ROSSLAND AVE,364647.2483,5024211.865,-75.73615661,45.35529765,2015-02-19,11:06,01 - Clear,02 - Wet,10 - No control,01 - Non intersection,01 - Daylight,03 - P.D. only,03 - Rear end,Crestview - Meadowlands
8513,REGIONAL ROAD 174 EB btwn HWY417 IC113 RAMP65 & OR174 BLAIR IC112 RAMP51,374384.016,5032512.921,-75.61072747,45.42908795,2015-02-20,15:48,01 - Clear,01 - Dry,10 - No control,01 - Non intersection,01 - Daylight,03 - P.D. only,03 - Rear end,Pineview
8514,MEADOWBROOK RD @ TELESAT CRT,374990.4648,5032269.723,-75.60301276,45.4268392,2015-02-20,16:09,01 - Clear,01 - Dry,02 - Stop sign,02 - Intersection related,01 - Daylight,03 - P.D. only,03 - Rear end,Pineview