Record,Location,X,Y,lon,lat,Date,Time,Environment,Road_Surface,Traffic_Control,Collision_Location,Light,Collision_Classification,Impact_type,Neighborhood
8515,ST. LAURENT BLVD @ WALKLEY RD,373902.7501,5028047.337,-75.61750318,45.38895654,2015-04-02,20:35,02 - Rain,02 - Wet,01 - Traffic signal,03 - At intersection,07 - Dark,03 - P.D. only,05 - Turning movement,Hawthorne Meadows
8516,HERON RD btwn FINN CRT & BAYCREST DR,371001.705,5026963.105,-75.65469309,45.37948124,2015-03-03,8:46,01 - Clear,01 - Dry,10 - No control,01 - Non intersection,01 - Daylight,03 - P.D. only,03 - Rear end,Ledbury - Heron Gate - Ridgemont - Elmwood
8517,MONTREAL RD @ CARSON'S RD/CODD'S RD,372771.6823,5034399.063,-75.63106997,45.44621707,2015-03-03,12:37,01 - Clear,01 - Dry,01 - Traffic signal,02 - Intersection related,01 - Daylight,03 - P.D. only,02 - Angle,Carson Grove - Carson Meadows
8518,CAMPEAU DR @ HAWKSTONE GT,352308.9072,5020328.671,-75.89399636,45.3213005,2015-04-08,7:29,01 - Clear,01 - Dry,01 - Traffic signal,03 - At intersection,01 - Daylight,03 - P.D. only,05 - Turning movement,Beaverbrook
8519,GREENBANK RD @ WEST HUNT CLUB RD,361481.6047,5020501.997,-75.77698206,45.3221794,2015-04-08,7:20,01 - Clear,01 - Dry,01 - Traffic signal,02 - Intersection related,01 - Daylight,03 - P.D. only,03 - Rear end,Greenbelt
8520,ALBION RD btwn DEL ZOTTO AVE & HIGH RD,374566.9962,5017883.823,-75.61045464,45.2974435,2015-02-21,17:07,03 - Snow,03 - Loose snow,10 - No control,01 - Non intersection,01 - Daylight,03 - P.D. only,07 - SMV other,Greenbelt
8521,GRENFELL CRES btwn BETH AVE & BURNBANK ST,365773.371,5020242.119,-75.72227413,45.3194814,2015-03-31,3:56,01 - Clear,01 - Dry,10 - No control,01 - Non intersection,07 - Dark,03 - P.D. only,07 - SMV other,Merivale Gardens - Grenfell Glen - Pineglen - Country Place
8522,HERZBERG RD @ MARCH RD,352323.445,5021527.591,-75.89369586,45.33208764,2015-06-25,15:09,01 - Clear,01 - Dry,01 - Traffic signal,02 - Intersection related,01 - Daylight,03 - P.D. only,03 - Rear end,Kanata Lakes - Marchwood Lakeside - Morgan's Grant - Kanata
8523,FALLOWFIELD RD btwn ASHDALE AVE & PRINCE OF WALES DR,367260.017,5019079.211,-75.70346013,45.30888703,2015-07-02,17:22,01 - Clear,01 - Dry,10 - No control,01 - Non intersection,01 - Daylight,03 - P.D. only,03 - Rear end,Greenbelt
8524,HUNT CLUB RD @ UPLANDS DR,370158.1686,5023121.852,-75.66597078,45.344998,2015-07-02,0:09,01 - Clear,01 - Dry,01 - Traffic signal,03 - At intersection,07 - Dark,03 - P.D. only,05 - Turning movement,Hunt Club East - Western Community
8525,JOHNSTON RD btwn ALLANFORD AVE & ROWALLEN PL,373079.1307,5025930.377,-75.62831297,45.36998979,2015-06-17,11:29,01 - Clear,01 - Dry,10 - No control,01 - Non intersection,01 - Daylight,03 - P.D. only,06 - SMV unattended vehicle,Greenboro East
8526,HWY 416 WESTHUNT IC72R34 @ WEST HUNT CLUB RD,359371.3157,5019361.454,-75.80402405,45.31208395,2015-06-17,8:09,01 - Clear,01 - Dry,01 - Traffic signal,03 - At intersection,01 - Daylight,03 - P.D. only,04 - Sideswipe,Greenbelt
8527,ALBERT ST @ KENT ST (OTTAWA),367221.6948,5031319.827,-75.70240254,45.41902879,2015-06-02,6:00,01 - Clear,01 - Dry,01 - Traffic signal,03 - At intersection,01 - Daylight,03 - P.D. only,02 - Angle,Downtown
8528,ETHEL ST @ MARIER AVE,370298.2227,5033474.845,-75.6628095,45.43813751,2015-06-02,14:30,01 - Clear,01 - Dry,02 - Stop sign,03 - At intersection,01 - Daylight,03 - P.D. only,07 - SMV other,Vanier North
8529,KENT ST @ QUEEN ST,367178.9737,5031387.661,-75.70293977,45.41964295,2015-01-30,10:45,03 - Snow,03 - Loose snow,01 - Traffic signal,03 - At intersection,01 - Daylight,03 - P.D. only,05 - Turning movement,Downtown
8530,RIDEAUCREST DR btwn COTTINGHAM ST & NEWBOROUGH CRES,366070.0479,5016526.954,-75.71894949,45.28602686,2015-07-04,17:30,01 - Clear,01 - Dry,10 - No control,04 - At/near private drive,01 - Daylight,03 - P.D. only,99 - Other,Chapman Mills - Rideau Crest - Davidson Heights
8531,JOCKVALE RD/RIDEAU VALLEY DR @ PRINCE OF WALES,366711.3136,5012197.174,-75.71131532,45.24701152,2015-07-06,16:35,01 - Clear,01 - Dry,01 - Traffic signal,03 - At intersection,01 - Daylight,03 - P.D. only,02 - Angle,New Barrhaven
8532,DUNROBIN RD btwn DUNROBIN RD & MURPHY SIDE RD,343374.4959,5030286.799,-76.00717776,45.41145465,2015-04-07,6:51,01 - Clear,01 - Dry,10 - No control,01 - Non intersection,01 - Daylight,03 - P.D. only,07 - SMV other,Carp - Hardwood Plains
8533,PRINCE OF WALES DR @ MERIVALE RD,367449.7113,5017616.231,-75.70122611,45.29570643,2015-04-06,17:09,01 - Clear,02 - Wet,01 - Traffic signal,03 - At intersection,01 - Daylight,03 - P.D. only,02 - Angle,Greenbelt
8534,JOCKVALE RD/RIDEAU VALLEY DR @ PRINCE OF WALES,366707.1311,5012192.27,-75.71136921,45.24696776,2015-02-10,15:55,01 - Clear,01 - Dry,01 - Traffic signal,03 - At intersection,01 - Daylight,03 - P.D. only,05 - Turning movement,New Barrhaven
8535,INDUSTRIAL AVE @ ALTA VISTA DR/SANDFORD FLEMIN,370885.6877,5030559.016,-75.65569261,45.41184684,2015-02-10,11:44,01 - Clear,01 - Dry,01 - Traffic signal,02 - Intersection related,01 - Daylight,03 - P.D. only,03 - Rear end,Industrial Park
8536,BEAUREGARD CRES btwn MONTCREST DR & MONTCREST DR,384700.4021,5038605.329,-75.4779156,45.48279936,2015-02-20,15:30,01 - Clear,03 - Loose snow,10 - No control,04 - At/near private drive,01 - Daylight,03 - P.D. only,02 - Angle,Fallingbrook
8537,LOYOLA AVE @ SHEFFORD RD,376000.2486,5035168.304,-75.58969072,45.45281681,2015-02-20,17:03,01 - Clear,06 - Ice,02 - Stop sign,02 - Intersection related,01 - Daylight,03 - P.D. only,03 - Rear end,Greenbelt
8538,FALLOWFIELD RD btwn WOLFGANG DR & HOLITMAN DR,363459.7026,5016972.853,-75.75216968,45.29026175,2015-04-07,14:53,01 - Clear,06 - Ice,10 - No control,01 - Non intersection,01 - Daylight,03 - P.D. only,03 - Rear end,New Barrhaven
8539,REGIONAL ROAD 174 btwn OR174 IC112 RAMP36 & OR174 IC112 RAMP26,374748.1807,5032807.964,-75.60603216,45.43170626,2015-03-03,18:04,03 - Snow,05 - Packed snow,10 - No control,01 - Non intersection,05 - Dusk,03 - P.D. only,07 - SMV other,Industrial Park
8540,HUNT CLUB RD @ RIVERSIDE DR,368035.7391,5021945.98,-75.69320243,45.3346123,2015-03-02,16:30,01 - Clear,01 - Dry,01 - Traffic signal,02 - Intersection related,01 - Daylight,03 - P.D. only,03 - Rear end,Hunt Club Woods - Quintarra - Revelstoke - Riverside South P
8541,PALLADIUM DR @ SILVER SEVEN RD,351053.5354,5017889.856,-75.91023614,45.29943925,2015-04-08,10:51,01 - Clear,01 - Dry,01 - Traffic signal,03 - At intersection,01 - Daylight,03 - P.D. only,05 - Turning movement,Katimavik - Hazeldean
8542,HIGHWAY 417 btwn HWY417 IC134 RAMP35 & HWY417 IC134 RAMP25,356474.0626,5022272.923,-75.84066783,45.33850086,2015-10-14,8:04,01 - Clear,01 - Dry,10 - No control,01 - Non intersection,01 - Daylight,03 - P.D. only,03 - Rear end,Greenbelt
8543,BLAIR RD @ REGIONAL RD 174 N/OR174 IC112 RAMP61,374634.6184,5032991.957,-75.60745726,45.43337308,2015-02-21,18:31,03 - Snow,03 - Loose snow,01 - Traffic signal,02 - Intersection related,07 - Dark,03 - P.D. only,03 - Rear end,Industrial Park
8544,ST. LAURENT BLVD @ WALKLEY RD,373900.8224,5028045.409,-75.61752807,45.38893938,2015-02-21,17:56,03 - Snow,05 - Packed snow,01 - Traffic signal,03 - At intersection,07 - Dark,03 - P.D. only,07 - SMV other,Urbandale
8545,NORTH RIVER RD @ SELKIRK ST,369780.7111,5032757.501,-75.66951825,45.43173143,2015-06-30,17:39,01 - Clear,01 - Dry,02 - Stop sign,03 - At intersection,01 - Daylight,03 - P.D. only,05 - Turning movement,Vanier South
8546,HEATHERLYN CRES btwn ELDO ST & TRACIN ST,385406.4346,5010464.886,-75.47347389,45.22953273,2015-06-11,17:00,01 - Clear,01 - Dry,10 - No control,04 - At/near private drive,01 - Daylight,03 - P.D. only,99 - Other,Metcalfe
8547,ISLAND PARK DR btwn CLEARVIEW AVE & SUNNYMEDE AVE,363644.7257,5029307.486,-75.74834364,45.40123214,2015-06-02,19:45,01 - Clear,01 - Dry,10 - No control,01 - Non intersection,01 - Daylight,03 - P.D. only,07 - SMV other,Champlain Park
8548,ANDREW ST @ FOURTH LINE RD,366408.3807,4999412.643,-75.71675342,45.13200184,2015-07-06,16:44,01 - Clear,01 - Dry,02 - Stop sign,03 - At intersection,01 - Daylight,03 - P.D. only,02 - Angle,Manotick - North Gower
8549,WESTMEATH CRES btwn GATESHEAD AVE & GATESHEAD AVE,349533.5265,5023619.188,-75.92909868,45.35109172,2015-07-06,16:44,01 - Clear,01 - Dry,10 - No control,04 - At/near private drive,01 - Daylight,03 - P.D. only,06 - SMV unattended vehicle,Morgan's Grant
8550,KANATA RD @ LORD BYNG WAY/MARITIME WAY,351429.974,5019331.791,-75.90530089,45.31238927,2015-04-06,13:58,01 - Clear,01 - Dry,01 - Traffic signal,02 - Intersection related,01 - Daylight,03 - P.D. only,03 - Rear end,Kanata
8551,MORRISON DR @ BASELINE RD,360100.1264,5022309.264,-75.79440063,45.33855142,2015-04-06,12:47,01 - Clear,01 - Dry,01 - Traffic signal,03 - At intersection,01 - Daylight,03 - P.D. only,02 - Angle,Qualicum - Redwood Park
8552,BELGATE WAY @ DONALD ST,372583.6091,5032404.384,-75.63374864,45.4282882,2015-02-21,10:07,03 - Snow,05 - Packed snow,02 - Stop sign,03 - At intersection,01 - Daylight,03 - P.D. only,02 - Angle,Cummings
8553,BANK ST @ GLEBE AVE,368240.6745,5029786.12,-75.68958116,45.40513735,2015-02-04,9:15,03 - Snow,04 - Slush,01 - Traffic signal,02 - Intersection related,01 - Daylight,03 - P.D. only,04 - Sideswipe,The Glebe
8554,BASELINE RD @ FISHER AVE,366167.6575,5026028.051,-75.71652755,45.37150792,2015-02-19,13:10,01 - Clear,02 - Wet,01 - Traffic signal,02 - Intersection related,01 - Daylight,03 - P.D. only,03 - Rear end,Civic Hospital - Experimental Farm - Central Park
8555,BANK ST btwn BOYD RD & KENNEDY RD,387304.6886,5001938.602,-75.45071428,45.15259843,2015-02-19,13:49,05 - Drifting Snow,03 - Loose snow,10 - No control,01 - Non intersection,01 - Daylight,03 - P.D. only,07 - SMV other,Metcalfe
8556,ST. JOSEPH BLVD/OLD MONTREAL RD @ TRIM RD,384682.754,5039287.028,-75.47803041,45.48893464,2015-02-20,17:42,01 - Clear,01 - Dry,11 - Roundabout,02 - Intersection related,07 - Dark,03 - P.D. only,03 - Rear end,Cardinal Creek
8557,CLEARBROOK DR @ CHAPMAN MILLS DR,365923.1313,5015086.103,-75.72099959,45.27307494,2015-02-20,17:39,01 - Clear,03 - Loose snow,01 - Traffic signal,02 - Intersection related,05 - Dusk,03 - P.D. only,03 - Rear end,New Barrhaven
8558,THIRD LINE RD    S btwn LOCKHEAD RD E & LOCKHEAD RD W,369734.5203,4998706.257,-75.67456315,45.1253479,2015-04-08,9:53,01 - Clear,01 - Dry,10 - No control,01 - Non intersection,01 - Daylight,03 - P.D. only,07 - SMV other,Kars - Osgoode
8559,FALLOWFIELD RD @ WOODROFFE AVE,365083.4633,5017903.07,-75.73135775,45.29849439,2015-04-08,10:15,01 - Clear,01 - Dry,01 - Traffic signal,02 - Intersection related,01 - Daylight,03 - P.D. only,03 - Rear end,New Barrhaven
8560,BANK ST btwn LAWRENCE ST & MORNINGSIDE AVE,386434.2266,5002750.602,-75.4616502,45.16000557,2015-03-03,22:34,03 - Snow,03 - Loose snow,10 - No control,01 - Non intersection,07 - Dark,03 - P.D. only,01 - Approaching,Vernon
8561,INNES RD @ TENTH LINE RD,383952.7242,5036160.043,-75.48787227,45.46088411,2015-03-04,17:20,01 - Clear,02 - Wet,01 - Traffic signal,02 - Intersection related,05 - Dusk,03 - P.D. only,03 - Rear end,Queenswood Heights
8562,KANATA RD @ LORD BYNG WAY/MARITIME WAY,351430.9379,5019332.755,-75.90528851,45.31239788,2015-04-08,14:51,01 - Clear,01 - Dry,01 - Traffic signal,02 - Intersection related,01 - Daylight,03 - P.D. only,03 - Rear end,Kanata
8563,BANK ST @ ROTARY WAY,375523.5441,5021226.117,-75.59778288,45.32742054,2015-04-09,9:16,01 - Clear,01 - Dry,01 - Traffic signal,03 - At intersection,01 - Daylight,03 - P.D. only,02 - Angle,Greenbelt
8564,PERTH ST btwn LUNDY'S LANE & EVELYN DR,357295.77,5006759.426,-75.8318239,45.19884651,2015-02-21,18:22,03 - Snow,03 - Loose snow,10 - No control,01 - Non intersection,07 - Dark,03 - P.D. only,01 - Approaching,Richmond
8565,REGIONAL ROAD 174 btwn OR174 IC112 RAMP26 & OR174 IC112 RAMP61,375013.9141,5033010.938,-75.60260745,45.43350588,2015-02-21,21:24,03 - Snow,03 - Loose snow,10 - No control,01 - Non intersection,07 - Dark,03 - P.D. only,04 - Sideswipe,Beacon Hill South - Cardinal Heights
8566,HURON AVE @ WELLINGTON ST,364849.3684,5029123.576,-75.73297984,45.39947507,2015-03-31,21:47,01 - Clear,01 - Dry,02 - Stop sign,03 - At intersection,07 - Dark,03 - P.D. only,02 - Angle,Island Park
8567,INDUSTRIAL AVE @ ALTA VISTA DR/SANDFORD FLEMIN,370884.0031,5030556.489,-75.65571447,45.41182426,2015-06-30,14:57,01 - Clear,01 - Dry,01 - Traffic signal,03 - At intersection,01 - Daylight,03 - P.D. only,02 - Angle,Industrial Park
8568,STIRLING AVE btwn LADOUCEUR ST & ARMSTRONG ST,365322.097,5029636.363,-75.72687922,45.4040483,2015-06-29,14:49,01 - Clear,01 - Dry,10 - No control,04 - At/near private drive,01 - Daylight,03 - P.D. only,06 - SMV unattended vehicle,Hintonburg
8569,ERIC CRES btwn ENA LANE & ENA LANE,374790.7953,5032097.45,-75.60558857,45.42530919,2015-06-25,13:49,01 - Clear,01 - Dry,10 - No control,04 - At/near private drive,01 - Daylight,03 - P.D. only,06 - SMV unattended vehicle,Pineview
8570,ST. JOSEPH BLVD @ REGIONAL RD 174/TRANSITWAY,376556.2845,5035055.323,-75.58259909,45.45174341,2015-06-09,10:54,02 - Rain,02 - Wet,01 - Traffic signal,02 - Intersection related,01 - Daylight,03 - P.D. only,03 - Rear end,Greenbelt
8571,KING EDWARD AVE @ MURRAY ST,368291.8002,5032753.61,-75.68854574,45.43183318,2015-06-09,8:20,02 - Rain,02 - Wet,01 - Traffic signal,03 - At intersection,01 - Daylight,03 - P.D. only,04 - Sideswipe,Byward Market
8572,HIGHWAY 417 btwn HWY417 IC126 RAMP25 & HWY417 IC124 RAMP57,363698.128,5026530.459,-75.74799299,45.37624042,2015-11-11,17:10,01 - Clear,01 - Dry,10 - No control,01 - Non intersection,07 - Dark,03 - P.D. only,03 - Rear end,Carlington
8573,LYON ST @ WELLINGTON ST,366933.1088,5031424.364,-75.70607642,45.41999507,2015-07-06,12:40,01 - Clear,01 - Dry,01 - Traffic signal,02 - Intersection related,01 - Daylight,03 - P.D. only,05 - Turning movement,Downtown
8574,AHEARN AVE btwn RITCHIE ST & CROFT ST,359503.1362,5024689.719,-75.80175401,45.36001756,2015-04-03,11:26,02 - Rain,02 - Wet,10 - No control,04 - At/near private drive,01 - Daylight,03 - P.D. only,06 - SMV unattended vehicle,Crystal Bay - Lakeview Park - Britannia Village
8575,BOOTH ST @ CARLING AVE,367094.2527,5029105.871,-75.70431054,45.39911962,2015-04-02,16:29,01 - Clear,01 - Dry,01 - Traffic signal,02 - Intersection related,01 - Daylight,03 - P.D. only,03 - Rear end,Centretown West
8576,GREENBANK RD @ 207 S OF BELLMAN DR/GREENBANK S,361337.6796,5020826.998,-75.77878068,45.32511537,2015-02-20,21:59,01 - Clear,01 - Dry,01 - Traffic signal,02 - Intersection related,07 - Dark,03 - P.D. only,03 - Rear end,Nepean
8577,PRINCE OF WALES DR @ STRANDHERD DR,367176.2537,5014823.709,-75.70506332,45.2706039,2015-02-19,22:04,01 - Clear,06 - Ice,01 - Traffic signal,02 - Intersection related,07 - Dark,03 - P.D. only,03 - Rear end,Greenbelt
8578,BRONSON AVE @ COMMISSIONER ST/SLATER ST,366768.4576,5030948.409,-75.70823996,45.41572717,2015-02-05,9:55,01 - Clear,01 - Dry,01 - Traffic signal,02 - Intersection related,01 - Daylight,03 - P.D. only,01 - Approaching,Byward Market - Parliament Hill
8579,RIVERSIDE DR @ BROOKFIELD RD/HOG'S BACK RD,368167.711,5026221.076,-75.6909709,45.37306672,2015-02-05,7:20,01 - Clear,02 - Wet,01 - Traffic signal,02 - Intersection related,01 - Daylight,03 - P.D. only,03 - Rear end,Riverside Park
8580,WOODROFFE AVE btwn HWY417 IC127 RAMP53 & IRIS ST,362241.2463,5024540.315,-75.76682419,45.35845424,2015-02-19,16:01,01 - Clear,01 - Dry,10 - No control,04 - At/near private drive,01 - Daylight,03 - P.D. only,02 - Angle,Iris
8581,OR174 IC105 RAMP25 btwn JEANNE D'ARC BLVD S & REGIONAL ROAD 174,379474.4147,5036949.824,-75.5450083,45.46848299,2015-02-19,17:10,01 - Clear,02 - Wet,10 - No control,01 - Non intersection,01 - Daylight,03 - P.D. only,07 - SMV other,Industrial Park
8582,ALGOMA RD btwn KENASTON ST & COMSTOCK RD,373641.4856,5031100.334,-75.62041316,45.41645169,2015-02-20,17:55,01 - Clear,05 - Packed snow,10 - No control,04 - At/near private drive,07 - Dark,03 - P.D. only,02 - Angle,Industrial Park
8583,TERRY FOX DR btwn HWY417 IC140 RAMP25 & PALLADIUM DR,351141.032,5018336.074,-75.90907885,45.30344868,2015-02-20,18:01,01 - Clear,01 - Dry,10 - No control,01 - Non intersection,07 - Dark,03 - P.D. only,03 - Rear end,Katimavik - Hazeldean
8584,STONEHENGE CRES btwn Continuation of STONEHENGE CRES & TOROVIN PRIV,375025.7212,5031473.922,-75.60267571,45.41967548,2015-04-07,22:00,01 - Clear,01 - Dry,10 - No control,01 - Non intersection,07 - Dark,03 - P.D. only,06 - SMV unattended vehicle,Pineview
8585,BOULDER WAY btwn SAFFRON CRT & TAMARACK PL,364264.434,5016985.773,-75.74190981,45.29031038,2015-04-08,13:15,01 - Clear,01 - Dry,10 - No control,04 - At/near private drive,01 - Daylight,03 - P.D. only,06 - SMV unattended vehicle,New Barrhaven
8586,ST. LAURENT BLVD @ WALKLEY RD,373901.7862,5028045.409,-75.61751576,45.38893929,2015-03-05,6:59,01 - Clear,01 - Dry,01 - Traffic signal,02 - Intersection related,03 - Dawn,03 - P.D. only,03 - Rear end,Urbandale
8587,JEANNE D'ARC BLVD @ VORLAGE DR W/VOYAGEUR WAY,379263.9619,5037746.495,-75.54757861,45.47567329,2015-03-06,11:40,01 - Clear,01 - Dry,01 - Traffic signal,02 - Intersection related,01 - Daylight,03 - P.D. only,03 - Rear end,Orleans South West
8588,MONTREAL RD @ CARSON'S RD/CODD'S RD,372769.7545,5034398.099,-75.63109475,45.44620858,2015-04-09,19:00,02 - Rain,02 - Wet,01 - Traffic signal,02 - Intersection related,05 - Dusk,03 - P.D. only,03 - Rear end,Carson Grove - Carson Meadows
8589,CARLING AVE @ MERIVALE RD,364893.3261,5027700.315,-75.73259176,45.38666508,2015-02-03,16:12,03 - Snow,03 - Loose snow,01 - Traffic signal,03 - At intersection,01 - Daylight,03 - P.D. only,02 - Angle,Carlington
8590,BASELINE RD @ FARLANE BLVD,365356.6921,5025516.088,-75.72694284,45.36697192,2015-02-22,0:28,03 - Snow,03 - Loose snow,01 - Traffic signal,03 - At intersection,07 - Dark,03 - P.D. only,07 - SMV other,Cityview - Skyline - Fisher Heights
8591,WOODROFFE AVE @ SPORTSPLEX N,363763.6623,5021066.752,-75.74780786,45.32707306,2015-02-22,5:20,03 - Snow,05 - Packed snow,01 - Traffic signal,02 - Intersection related,07 - Dark,03 - P.D. only,07 - SMV other,Merivale Gardens - Grenfell Glen - Pineglen - Country Place
8592,WOODROFFE AVE btwn HERITAGE GLEN DR & STRANDHERD DR,366096.5155,5015418.763,-75.71874899,45.27605311,2015-03-30,11:18,01 - Clear,01 - Dry,10 - No control,04 - At/near private drive,01 - Daylight,03 - P.D. only,07 - SMV other,Chapman Mills - Rideau Crest - Davidson Heights
8593,HUNT CLUB RD @ RIVERSIDE DR,368037.6669,5021946.944,-75.69317772,45.3346208,2015-04-01,17:59,01 - Clear,01 - Dry,01 - Traffic signal,02 - Intersection related,01 - Daylight,03 - P.D. only,03 - Rear end,Hunt Club Woods - Quintarra - Revelstoke - Riverside South P
8594,CAMPEAU DR/HWY 417 MARCH IC138R63 @ MARCH RD,352841.6249,5020475.386,-75.8871874,45.32258442,2015-06-29,10:36,02 - Rain,02 - Wet,01 - Traffic signal,02 - Intersection related,01 - Daylight,03 - P.D. only,03 - Rear end,Greenbelt
8595,HWY 417 CASTLEFR IC139R61 @ KANATA AVE,351615.9394,5019224.609,-75.90293942,45.31141244,2015-01-21,8:26,01 - Clear,01 - Dry,01 - Traffic signal,02 - Intersection related,01 - Daylight,03 - P.D. only,02 - Angle,Kanata
8596,WOODROFFE AVE btwn TURN LANE & TALLWOOD DR,363047.5127,5022751.861,-75.75674459,45.34229537,2015-06-10,22:07,02 - Rain,02 - Wet,10 - No control,04 - At/near private drive,07 - Dark,03 - P.D. only,03 - Rear end,Crestview - Meadowlands
8597,CARLING AVE @ MERIVALE RD EXTENSION,364950.1993,5027735.499,-75.73186125,45.38697678,2015-04-23,17:24,01 - Clear,01 - Dry,02 - Stop sign,02 - Intersection related,01 - Daylight,03 - P.D. only,03 - Rear end,Carlington
8598,ALBION RD @ HUNT CLUB RD,371868.4544,5024320.157,-75.64398588,45.35561851,2015-07-07,9:00,01 - Clear,01 - Dry,01 - Traffic signal,02 - Intersection related,01 - Daylight,03 - P.D. only,03 - Rear end,South Keys - Heron Gate - Greenboro West
8599,HOLLY ACRES RD @ TRANSITWAY - BAYSHORE/278 N O,358497.3958,5022985.375,-75.81477572,45.34475959,2015-07-07,16:03,01 - Clear,01 - Dry,01 - Traffic signal,03 - At intersection,01 - Daylight,03 - P.D. only,03 - Rear end,Crystal Bay - Lakeview Park - Britannia Village
8600,INNES RD btwn 298 E OF WILDFLOWER DR & LANTHIER DR/PRESTWICK DR,383523.3119,5035981.676,-75.49339088,45.45932785,2015-04-02,15:44,01 - Clear,01 - Dry,10 - No control,01 - Non intersection,01 - Daylight,03 - P.D. only,03 - Rear end,Queenswood Heights
8601,HAZELDEAN RD @ HUNTMAR DR/IBER RD,350939.8281,5016078.983,-75.91185435,45.28315197,2015-04-02,14:20,01 - Clear,01 - Dry,01 - Traffic signal,02 - Intersection related,01 - Daylight,03 - P.D. only,04 - Sideswipe,Stittsville
8602,INDUSTRIAL AVE @ TRAINYARDS DR,371684.0274,5030537.069,-75.64549718,45.41157352,2015-02-19,19:45,01 - Clear,05 - Packed snow,01 - Traffic signal,02 - Intersection related,07 - Dark,03 - P.D. only,04 - Sideswipe,Industrial Park
8603,DECARIE DR btwn GRENOBLE CRES & CHAMPLAIN ST,381204.8139,5038917.235,-75.52257586,45.48599695,2015-02-11,20:30,03 - Snow,05 - Packed snow,10 - No control,04 - At/near private drive,07 - Dark,03 - P.D. only,06 - SMV unattended vehicle,Orleans South West
8604,BAY ST @ QUEEN ST,366898.733,5031213.065,-75.70654226,45.41809692,2015-02-04,12:53,03 - Snow,05 - Packed snow,01 - Traffic signal,03 - At intersection,01 - Daylight,03 - P.D. only,04 - Sideswipe,Downtown
8605,LISGAR ST btwn O'CONNOR ST & METCALFE ST,367838.7797,5031204.936,-75.69453317,45.41793971,2015-02-04,8:20,03 - Snow,04 - Slush,10 - No control,04 - At/near private drive,01 - Daylight,03 - P.D. only,99 - Other,Centretown
8606,BERRIGAN DR btwn CROXLEY WAY & CLARIDGE DR,364526.8078,5015776.459,-75.73871076,45.27940674,2015-02-20,8:19,01 - Clear,05 - Packed snow,10 - No control,01 - Non intersection,01 - Daylight,03 - P.D. only,04 - Sideswipe,New Barrhaven
8607,BANK ST @ DAVIDSON RD/LESTER RD,373673.702,5022922.067,-75.62114238,45.34286404,2015-02-22,11:06,01 - Clear,02 - Wet,01 - Traffic signal,03 - At intersection,01 - Daylight,03 - P.D. only,02 - Angle,Blossom Park - Blossom Park West - Sawmill Creek/ Timbermill
8608,KIRKWOOD AVE btwn RICHMOND RD & LYMAN ST,363784.4728,5028618.904,-75.74664107,45.39502465,2015-02-20,19:04,01 - Clear,01 - Dry,10 - No control,01 - Non intersection,07 - Dark,03 - P.D. only,07 - SMV other,Westboro
8609,TERRY FOX DR btwn HWY417 IC140 RAMP35 & HWY417 IC140 RAMP52,351012.0857,5018480.763,-75.91070954,45.30475912,2015-02-20,19:11,01 - Clear,05 - Packed snow,10 - No control,07 - Overpass or bridge,07 - Dark,03 - P.D. only,03 - Rear end,Katimavik - Hazeldean
8610,LANTHIER DR @ VANTAGE DR,383597.8558,5035850.014,-75.49245896,45.45813487,2015-01-10,9:53,01 - Clear,06 - Ice,02 - Stop sign,02 - Intersection related,01 - Daylight,03 - P.D. only,03 - Rear end,Avalon
8611,RICHMOND RD @ WINONA AVE,363293.8816,5028336.718,-75.7529399,45.39252674,2015-01-14,21:09,01 - Clear,06 - Ice,02 - Stop sign,03 - At intersection,07 - Dark,03 - P.D. only,02 - Angle,Westboro
8612,BRIDGE ST btwn MANOTICK MAIN ST & DICKINSON CIRC,368729.4629,5009964.511,-75.68589573,45.22674173,2015-03-06,20:38,01 - Clear,04 - Slush,10 - No control,01 - Non intersection,07 - Dark,03 - P.D. only,03 - Rear end,Manotick
8613,GREENBANK RD btwn WEST HUNT CLUB RD & FALLOWFIELD RD,363060.4347,5016787.877,-75.75728109,45.28863055,2015-03-08,13:49,03 - Snow,04 - Slush,10 - No control,01 - Non intersection,01 - Daylight,03 - P.D. only,03 - Rear end,Greenbelt
8614,PRINCE OF WALES DR @ WEST HUNT CLUB RD,367460.638,5021891.021,-75.70054614,45.33416938,2015-02-13,17:33,01 - Clear,01 - Dry,01 - Traffic signal,02 - Intersection related,07 - Dark,03 - P.D. only,04 - Sideswipe,Industrial Park
8615,HUNT CLUB RD btwn NORTH BOWESVILLE RD & BILLY BISHOP PRIV,368750.4282,5022364.988,-75.6840308,45.33831767,2015-02-13,21:25,01 - Clear,06 - Ice,10 - No control,01 - Non intersection,07 - Dark,03 - P.D. only,07 - SMV other,Hunt Club - Ottawa Airport
8616,REGIONAL ROAD 174 EB btwn HWY417 IC113 RAMP65 & OR174 BLAIR IC112 RAMP51,374468.8353,5032574.608,-75.6096349,45.42963454,2015-02-20,16:00,01 - Clear,02 - Wet,10 - No control,01 - Non intersection,01 - Daylight,03 - P.D. only,03 - Rear end,Pineview
8617,BLACKTHORNE AVE btwn FAIRHAVEN WAY & CODD'S RD,372678.1858,5034469.476,-75.63225535,45.44685969,2015-02-22,12:29,01 - Clear,02 - Wet,10 - No control,04 - At/near private drive,01 - Daylight,03 - P.D. only,06 - SMV unattended vehicle,Gloucester