Record,Location,X,Y,lon,lat,Date,Time,Environment,Road_Surface,Traffic_Control,Collision_Location,Light,Collision_Classification,Impact_type,Neighborhood
8618,LAKERIDGE DR btwn HARVEST VALLEY AVE W & LAKERIDGE DR N,385006.5282,5034557.975,-75.47466067,45.44635002,2015-04-01,22:00,01 - Clear,01 - Dry,10 - No control,01 - Non intersection,07 - Dark,03 - P.D. only,06 - SMV unattended vehicle,Avalon
8619,FROBISHER LANE W @ RIVERSIDE DR,370118.7151,5029600.145,-75.6656174,45.40329128,2015-07-10,16:35,01 - Clear,01 - Dry,01 - Traffic signal,02 - Intersection related,01 - Daylight,03 - P.D. only,03 - Rear end,Industrial Park
8620,BLAIR RD btwn APPLEFORD ST & DUNHAM ST,374299.5132,5033732.566,-75.6116351,45.44007006,2015-06-28,12:39,02 - Rain,02 - Wet,10 - No control,04 - At/near private drive,01 - Daylight,03 - P.D. only,02 - Angle,Beacon Hill South - Cardinal Heights
8621,WEST HUNT CLUB RD @ WOODROFFE AVE,363670.691,5021244.687,-75.74897262,45.32868191,2015-06-19,15:28,01 - Clear,01 - Dry,01 - Traffic signal,02 - Intersection related,01 - Daylight,03 - P.D. only,03 - Rear end,Woodvale - Craig Henry - Manordale - Estates of Arlington Wo
8622,WOODROFFE AVE @ HWY 417 WOODROFF IC127R26/HWY4,362082.6869,5024939.878,-75.76880155,45.36206245,2015-07-01,14:42,02 - Rain,02 - Wet,01 - Traffic signal,02 - Intersection related,01 - Daylight,03 - P.D. only,03 - Rear end,Whitehaven - Queensway Terrace North
8623,MERIVALE RD btwn OT/NE BOUNDARY & MERIVALE RD,365007.8496,5025242.992,-75.73142898,45.3645447,2015-06-11,19:26,01 - Clear,01 - Dry,10 - No control,01 - Non intersection,01 - Daylight,03 - P.D. only,04 - Sideswipe,Cityview - Skyline - Fisher Heights
8624,ROBERTSON RD btwn FITZGERALD RD & MOODIE DR,357042.19,5020439.31,-75.83361285,45.32195976,2015-06-16,7:54,02 - Rain,02 - Wet,10 - No control,04 - At/near private drive,01 - Daylight,03 - P.D. only,05 - Turning movement,Bells Corners West
8625,ST. LAURENT BLVD @ COVENTRY RD/OGILVIE RD,372307.8817,5031951.214,-75.63733405,45.42423745,2015-05-12,19:00,01 - Clear,01 - Dry,01 - Traffic signal,03 - At intersection,01 - Daylight,03 - P.D. only,03 - Rear end,Overbrook
8626,PINEHURST AVE btwn SCOTT ST & BULLMAN ST,365047.5765,5029707.93,-75.73037694,45.40471593,2015-05-26,7:55,01 - Clear,01 - Dry,10 - No control,04 - At/near private drive,01 - Daylight,03 - P.D. only,99 - Other,Mechanicsville
8627,CAMPEAU DR/HWY 417 MARCH IC138R63 @ MARCH RD,352842.3456,5020476.106,-75.88717813,45.32259085,2015-07-07,16:52,01 - Clear,01 - Dry,01 - Traffic signal,02 - Intersection related,01 - Daylight,03 - P.D. only,03 - Rear end,Greenbelt
8628,IRIS ST btwn GREENBANK RD & TO BE DETERMINED,360560.024,5023322.036,-75.78841889,45.34762793,2015-07-07,17:16,01 - Clear,01 - Dry,10 - No control,04 - At/near private drive,01 - Daylight,03 - P.D. only,02 - Angle,Iris
8629,STITTSVILLE MAIN ST @ HOBIN ST/WILDPINE CRT,349665.5767,5014033.953,-75.92828125,45.26483257,2015-04-02,12:26,01 - Clear,01 - Dry,01 - Traffic signal,02 - Intersection related,01 - Daylight,03 - P.D. only,03 - Rear end,Stittsville
8630,BELL ST    N btwn ECCLES ST & CHRISTIE ST,366838.5138,5030214.781,-75.70743729,45.40911999,2015-03-31,15:35,01 - Clear,01 - Dry,10 - No control,04 - At/near private drive,01 - Daylight,03 - P.D. only,06 - SMV unattended vehicle,Centretown West
8631,KING EDWARD AVE @ ST. PATRICK ST,368248.7013,5032823.107,-75.68908755,45.4324624,2015-02-18,23:08,01 - Clear,02 - Wet,01 - Traffic signal,02 - Intersection related,07 - Dark,03 - P.D. only,03 - Rear end,Byward Market
8632,BASELINE RD/HWY 416 RICHMOND IC75R53 @ RICHMON,358637.5926,5021821.005,-75.81311352,45.33427179,2015-02-18,20:59,01 - Clear,02 - Wet,01 - Traffic signal,02 - Intersection related,07 - Dark,03 - P.D. only,99 - Other,Briar Green - Leslie Park
8633,WOODROFFE AVE btwn ANTHONY AVE & SAVILLE ROW,361702.5682,5026373.962,-75.77348809,45.37499718,2015-02-01,13:01,01 - Clear,04 - Slush,10 - No control,01 - Non intersection,01 - Daylight,03 - P.D. only,99 - Other,Carlingwood - McKellar Park - Laurentien View
8634,CYR AVE @ MONTREAL RD,370220.7094,5033148.108,-75.66384358,45.43520492,2015-02-23,11:51,01 - Clear,01 - Dry,02 - Stop sign,03 - At intersection,01 - Daylight,03 - P.D. only,05 - Turning movement,Vanier South
8635,MCLEOD ST W @ METCALFE ST,368270.5235,5030685.611,-75.68908408,45.41322797,2015-02-26,14:42,01 - Clear,02 - Wet,01 - Traffic signal,03 - At intersection,01 - Daylight,03 - P.D. only,04 - Sideswipe,Centretown
8636,OGILVIE RD btwn LASSITER TER & LASSITER TER,375492.0182,5034927.868,-75.59622228,45.45070511,2015-02-21,10:24,03 - Snow,05 - Packed snow,10 - No control,01 - Non intersection,01 - Daylight,03 - P.D. only,07 - SMV other,Beacon Hill North
8637,GOLDENBROOK WAY btwn HARVEST VALLEY AVE & ALLEGRO WAY,384903.6205,5034578.052,-75.47597274,45.44654245,2015-02-14,7:00,01 - Clear,03 - Loose snow,10 - No control,01 - Non intersection,03 - Dawn,03 - P.D. only,06 - SMV unattended vehicle,Avalon
8638,MILTON RD @ NAVAN RD,387267.8203,5031814.942,-75.44621721,45.42140778,2015-01-15,9:02,03 - Snow,06 - Ice,02 - Stop sign,02 - Intersection related,01 - Daylight,03 - P.D. only,03 - Rear end,Navan - Vars
8639,HERON RD @ WALKLEY RD,372266.2112,5027083.937,-75.63853235,45.38044781,2015-02-26,14:25,01 - Clear,01 - Dry,01 - Traffic signal,02 - Intersection related,01 - Daylight,03 - P.D. only,03 - Rear end,Ledbury - Heron Gate - Ridgemont - Elmwood
8640,LEMIEUX ST @ ST. LAURENT BLVD,372391.7288,5031743.985,-75.63629115,45.42236481,2015-03-11,7:50,01 - Clear,01 - Dry,01 - Traffic signal,02 - Intersection related,01 - Daylight,03 - P.D. only,04 - Sideswipe,Overbrook
8641,BRONSON AVE @ SOMERSET ST,366965.7684,5030476.09,-75.70577877,45.41145989,2015-02-14,1:15,01 - Clear,02 - Wet,01 - Traffic signal,02 - Intersection related,07 - Dark,03 - P.D. only,03 - Rear end,Chinatown
8642,HIGHWAY 417 btwn HWY417 IC122 RAMP61 & HWY417 IC121B RAMP16,366080.0444,5029347.55,-75.71723385,45.40138369,2015-10-01,16:09,01 - Clear,01 - Dry,10 - No control,01 - Non intersection,01 - Daylight,03 - P.D. only,03 - Rear end,Centretow
8643,REGIONAL ROAD 174 btwn OR174 IC109 RAMP64 & OR174 IC105 RAMP16,377172.9178,5035763.865,-75.57461222,45.45805481,2015-02-22,17:17,01 - Clear,01 - Dry,10 - No control,01 - Non intersection,01 - Daylight,03 - P.D. only,99 - Other,Greenbelt
8644,GRASSY PLAINS DR btwn FARMFIELD CRES & SHEPPARD'S GLEN AVE,356007.1224,5015570.047,-75.84731792,45.27822159,2015-02-22,18:56,04 - Freezing Rain,02 - Wet,10 - No control,01 - Non intersection,07 - Dark,03 - P.D. only,03 - Rear end,Bridlewood - Emerald Meadows
8645,INNES RD @ WILDFLOWER DR,382937.7191,5035691.037,-75.5009237,45.45677867,2015-04-02,17:13,01 - Clear,01 - Dry,01 - Traffic signal,02 - Intersection related,01 - Daylight,03 - P.D. only,03 - Rear end,Avalon
8646,LAFONTAINE AVE @ MCARTHUR AVE,370948.7484,5032771.092,-75.65459002,45.43174421,2015-04-02,17:38,02 - Rain,02 - Wet,01 - Traffic signal,02 - Intersection related,01 - Daylight,03 - P.D. only,04 - Sideswipe,Vanier South
8647,NINTH LINE RD btwn FARMERS WAY & HALL RD,384154.8655,5022354.042,-75.487509,45.33664604,2015-07-12,9:10,01 - Clear,01 - Dry,10 - No control,01 - Non intersection,01 - Daylight,03 - P.D. only,07 - SMV other,Greenbelt
8648,HWY417 IC130 RAMP26 btwn RICHMOND RD & HIGHWAY 417,359355.3245,5023111.368,-75.80381473,45.34582707,2015-07-16,3:35,01 - Clear,01 - Dry,10 - No control,01 - Non intersection,07 - Dark,03 - P.D. only,07 - SMV other,Bayshore
8649,BRAEMAR ST btwn GLASGOW CRES & GLASGOW CRES,370862.2392,5034890.378,-75.65541105,45.45082076,2015-06-24,19:09,01 - Clear,01 - Dry,10 - No control,01 - Non intersection,01 - Daylight,03 - P.D. only,99 - Other,Manor Park
8650,SHERBROOKE AVE btwn WELLINGTON ST W & GLADSTONE AVE,365438.6847,5029460.004,-75.72541173,45.40245137,2015-07-03,13:53,01 - Clear,01 - Dry,10 - No control,01 - Non intersection,01 - Daylight,03 - P.D. only,06 - SMV unattended vehicle,Civi
8651,BASELINE RD @ CLYDE AVE,364358.7033,5024890.873,-75.73975723,45.36143184,2015-07-03,16:04,01 - Clear,01 - Dry,01 - Traffic signal,02 - Intersection related,01 - Daylight,03 - P.D. only,04 - Sideswipe,Civic Hospital - Experimental Farm - Central Park
8652,"DECOEUR, PROMENADE/SOUTHFIELD WAY @ TENTH LINE RD",384551.517,5034726.576,-75.48044916,45.447919,2015-06-16,13:43,01 - Clear,02 - Wet,02 - Stop sign,02 - Intersection related,01 - Daylight,03 - P.D. only,07 - SMV other,Avalon
8653,LAFONTAINE AVE @ RICHELIEU AVE,370928.4265,5033170.953,-75.65479601,45.4353439,2015-06-17,8:55,01 - Clear,01 - Dry,02 - Stop sign,03 - At intersection,01 - Daylight,03 - P.D. only,02 - Angle,Vanier South
8654,PRINCE OF WALES DR @ WEST HUNT CLUB RD,367457.6964,5021891.25,-75.70058364,45.3341717,2015-05-28,16:34,01 - Clear,01 - Dry,01 - Traffic signal,02 - Intersection related,01 - Daylight,03 - P.D. only,03 - Rear end,Industrial Park
8655,MANCINI WAY btwn SILVERSTONE WAY & SILVERSTONE WAY,364722.9329,5014940.71,-75.73631202,45.27186999,2015-03-26,15:09,01 - Clear,01 - Dry,10 - No control,04 - At/near private drive,01 - Daylight,03 - P.D. only,06 - SMV unattended vehicle,New Barrhaven
8656,EARL MULLIGAN DR @ WOODROFFE AVE,365250.7012,5017506.82,-75.72927388,45.29491459,2015-07-08,15:12,01 - Clear,01 - Dry,01 - Traffic signal,02 - Intersection related,01 - Daylight,03 - P.D. only,04 - Sideswipe,Greenbelt
8657,FERNBANK RD btwn WEST RIDGE DR & ETTA ST,350550.4202,5011814.342,-75.91721066,45.24480272,2015-04-01,17:30,01 - Clear,01 - Dry,10 - No control,01 - Non intersection,01 - Daylight,03 - P.D. only,07 - SMV other,Stittsville
8658,FISHER AVE @ 220 S OF TRENT ST,365871.3061,5026727.928,-75.72022413,45.37783116,2015-04-01,16:56,01 - Clear,01 - Dry,01 - Traffic signal,03 - At intersection,01 - Daylight,03 - P.D. only,02 - Angle,Civic Hospital - Experimental Farm - Central Park
8659,TRIM RD @ VALIN ST,386438.014,5037556.079,-75.45586616,45.47315825,2015-02-18,17:43,01 - Clear,01 - Dry,01 - Traffic signal,03 - At intersection,07 - Dark,03 - P.D. only,02 - Angle,Cardinal Creek
8660,RICHMOND RD btwn MCRAE AVE & CLIFTON RD,363693.2232,5028589.842,-75.7478099,45.39477083,2015-02-18,15:13,01 - Clear,02 - Wet,10 - No control,01 - Non intersection,01 - Daylight,03 - P.D. only,04 - Sideswipe,Westboro
8661,BEAUSEJOUR DR @ BELCOURT BLVD,381737.7761,5036209.06,-75.51618293,45.46157256,2015-01-26,23:02,04 - Freezing Rain,06 - Ice,02 - Stop sign,02 - Intersection related,07 - Dark,03 - P.D. only,07 - SMV other,Orleans Village - Chateauneuf
8662,INDUSTRIAL AVE @ TRAINYARDS DR,371686.919,5030538.997,-75.64545998,45.41159059,2015-02-28,15:05,01 - Clear,01 - Dry,01 - Traffic signal,02 - Intersection related,01 - Daylight,03 - P.D. only,04 - Sideswipe,Industrial Park
8663,LAURIER AVE   E btwn HENDERSON AVE & NELSON ST,368860.1377,5032107.507,-75.68136692,45.42596795,2015-03-02,17:24,01 - Clear,01 - Dry,10 - No control,04 - At/near private drive,01 - Daylight,03 - P.D. only,03 - Rear end,Sandy Hill
8664,HERON RD btwn EVANS BLVD & ALTA VISTA DR,370367.3369,5026890.651,-75.66280187,45.37888898,2015-03-05,16:00,01 - Clear,02 - Wet,10 - No control,01 - Non intersection,01 - Daylight,03 - P.D. only,04 - Sideswipe,Alta Vista
8665,REGIONAL ROAD 174 btwn OR174 IC112 RAMP36 & OR174 IC112 RAMP26,374751.0723,5032808.928,-75.60599507,45.43171465,2015-01-15,17:12,01 - Clear,06 - Ice,10 - No control,01 - Non intersection,05 - Dusk,03 - P.D. only,03 - Rear end,Pineview
8666,BOTELER ST @ SUSSEX DR,367451.4905,5032952.39,-75.69925893,45.43369752,2015-03-12,16:01,01 - Clear,01 - Dry,01 - Traffic signal,02 - Intersection related,01 - Daylight,03 - P.D. only,03 - Rear end,Byward Market - Parliament Hill
8667,DAVID DR @ ROWLEY AVE,364240.4165,5023572.162,-75.74142553,45.34957628,2015-03-15,12:15,01 - Clear,03 - Loose snow,02 - Stop sign,03 - At intersection,01 - Daylight,03 - P.D. only,02 - Angle,Crestview - Meadowlands
8668,WEST HUNT CLUB RD EB btwn CEDARVIEW RD & GREENBANK RD,360606.1269,5019998.33,-75.78820534,45.31771754,2015-02-14,16:45,03 - Snow,04 - Slush,10 - No control,01 - Non intersection,01 - Daylight,03 - P.D. only,07 - SMV other,Greenbelt
8669,BESSERER ST @ NICHOLAS ST,368186.6728,5032110.134,-75.68997201,45.42605295,2015-02-19,19:40,01 - Clear,01 - Dry,01 - Traffic signal,03 - At intersection,07 - Dark,03 - P.D. only,05 - Turning movement,Byward Market - Parliament Hill
8670,LEITRIM RD btwn FENTON RD & BANK ST,374926.3484,5021325.37,-75.60538628,45.3283735,2015-02-22,22:30,05 - Drifting Snow,06 - Ice,10 - No control,01 - Non intersection,07 - Dark,03 - P.D. only,07 - SMV other,Greenbelt
8671,MERIVALE RD @ EMERALD PLAZA SC,364736.1711,5024004.968,-75.73504685,45.35342842,2015-04-02,20:26,02 - Rain,02 - Wet,01 - Traffic signal,03 - At intersection,07 - Dark,03 - P.D. only,03 - Rear end,Cityview - Skyline - Fisher Heights
8672,OTHELLO AVE btwn HAMLET RD & WINGATE DR,373265.6629,5029249.037,-75.62547157,45.39983147,2015-07-14,17:43,01 - Clear,01 - Dry,10 - No control,04 - At/near private drive,01 - Daylight,03 - P.D. only,02 - Angle,Elmvale - Eastway - Riverview - Riverview Park West
8673,GLADSTONE AVE @ LYON ST,367583.7135,5030361.931,-75.6978993,45.41037755,2015-07-14,17:30,01 - Clear,01 - Dry,01 - Traffic signal,02 - Intersection related,01 - Daylight,03 - P.D. only,04 - Sideswipe,Centretown
8674,BANK ST @ SUNNYSIDE AVE,368733.988,5028581.91,-75.68343609,45.39425737,2015-06-25,9:30,01 - Clear,01 - Dry,01 - Traffic signal,02 - Intersection related,01 - Daylight,03 - P.D. only,03 - Rear end,Old Ottawa South
8675,RIDEAU ST btwn CHARLOTTE ST & WURTEMBURG ST,369348.7783,5032919.462,-75.67501673,45.43322869,2015-06-24,16:37,01 - Clear,01 - Dry,10 - No control,01 - Non intersection,01 - Daylight,03 - P.D. only,03 - Rear end,Sandy Hill
8676,EAGLESON RD @ KATIMAVIK RD/TIMM DR,353216.0655,5019565.83,-75.88250027,45.31437433,2015-07-03,18:53,01 - Clear,01 - Dry,01 - Traffic signal,02 - Intersection related,01 - Daylight,03 - P.D. only,03 - Rear end,Greenbelt
8677,FALLOWFIELD RD @ GREENBANK RD,363080.1352,5016732.005,-75.75703653,45.28812618,2015-07-04,11:41,01 - Clear,01 - Dry,01 - Traffic signal,03 - At intersection,01 - Daylight,03 - P.D. only,05 - Turning movement,Greenbelt
8678,BANK ST btwn CHAMBERLAIN AVE S & PRETORIA AVE,368103.613,5030120.076,-75.69128898,45.40815459,2015-06-18,5:14,01 - Clear,01 - Dry,10 - No control,04 - At/near private drive,03 - Dawn,03 - P.D. only,04 - Sideswipe,The Glebe
8679,HUNT CLUB RD @ RIVERSIDE DR,368036.196,5021945.245,-75.6931967,45.33460565,2015-06-08,23:26,01 - Clear,01 - Dry,01 - Traffic signal,02 - Intersection related,07 - Dark,03 - P.D. only,03 - Rear end,Hunt Club Woods - Quintarra - Revelstoke - Riverside South P
8680,MARLBOROUGH AVE btwn SOMERSET ST E & TEMPLETON ST,369590.4376,5031948.314,-75.67205623,45.42446833,2015-07-13,15:24,01 - Clear,01 - Dry,10 - No control,04 - At/near private drive,01 - Daylight,03 - P.D. only,05 - Turning movement,Sandy Hill
8681,INNES RD @ PAGE RD,380888.4697,5034539.473,-75.52729988,45.44664396,2015-07-14,18:58,01 - Clear,01 - Dry,01 - Traffic signal,02 - Intersection related,01 - Daylight,03 - P.D. only,03 - Rear end,Chapel Hill South
8682,LOYOLA AVE @ SHEFFORD RD,376000.7835,5035167.769,-75.58968396,45.45281194,2015-04-01,16:06,01 - Clear,01 - Dry,02 - Stop sign,03 - At intersection,01 - Daylight,03 - P.D. only,02 - Angle,Greenbelt
8683,MERIVALE RD @ WEST HUNT CLUB RD,365612.6952,5021942.98,-75.72411447,45.33479948,2015-03-31,13:30,01 - Clear,01 - Dry,01 - Traffic signal,02 - Intersection related,01 - Daylight,03 - P.D. only,03 - Rear end,Tanglewood
8684,MARETH WAY btwn ARDMORE ST & BORBRIDGE AVE,367872.0822,5014085.661,-75.69629013,45.26390094,2015-03-07,15:00,01 - Clear,05 - Packed snow,10 - No control,01 - Non intersection,01 - Daylight,03 - P.D. only,06 - SMV unattended vehicle,Greenbelt
8685,CHARTRAND AVE btwn DUFORD DR & KENNEDY LANE W,381973.8328,5037796.535,-75.5129156,45.47582927,2015-01-09,8:48,01 - Clear,05 - Packed snow,10 - No control,01 - Non intersection,01 - Daylight,03 - P.D. only,03 - Rear end,Queenswood Heights
8686,HWY417 IC140 RAMP36 btwn TERRY FOX DR & HIGHWAY 417,350447.3353,5018321.125,-75.91792549,45.30335958,2015-02-04,19:25,01 - Clear,04 - Slush,10 - No control,01 - Non intersection,07 - Dark,03 - P.D. only,07 - SMV other,Kanata Lakes - Marchwood Lakeside - Morgan's Grant - Kanata
8687,CARLING AVE @ HWY 417 CARLING IC124R67,364332.6951,5027521.097,-75.73977215,45.38510039,2015-03-05,18:09,01 - Clear,01 - Dry,03 - Yield sign,02 - Intersection related,05 - Dusk,03 - P.D. only,03 - Rear end,Westboro
8688,BRONSON AVE @ COMMISSIONER ST/SLATER ST,366767.7415,5030946.158,-75.70824939,45.41570698,2015-03-08,17:47,01 - Clear,01 - Dry,01 - Traffic signal,02 - Intersection related,01 - Daylight,03 - P.D. only,04 - Sideswipe,Byward Market - Parliament Hill
8689,COLONEL BY DR btwn UNIVERSITY RD & COLONEL BY DR SB ON RAMP 43,367618.0577,5028419.439,-75.697708,45.3928965,2015-03-11,8:51,01 - Clear,01 - Dry,10 - No control,01 - Non intersection,01 - Daylight,03 - P.D. only,03 - Rear end,Carleton University
8690,GREENBANK RD @ BELLMAN DR/BATEMAN DR,361256.4345,5021016.164,-75.77979543,45.32682402,2015-03-22,3:45,01 - Clear,01 - Dry,01 - Traffic signal,02 - Intersection related,07 - Dark,03 - P.D. only,04 - Sideswipe,Sheahan Estates - Trend Village - Arlington Woods
8691,SENECA ST btwn HOPEWELL AVE & GLEN AVE,368283.784,5028172.495,-75.68923818,45.39061453,2015-01-30,11:55,01 - Clear,03 - Loose snow,10 - No control,04 - At/near private drive,01 - Daylight,03 - P.D. only,02 - Angle,Old Ottawa South
8692,ROBERTSON RD btwn MOODIE DR & VANIER RD,357362.4799,5020628.545,-75.82950751,45.32363861,2015-03-23,18:32,01 - Clear,01 - Dry,10 - No control,04 - At/near private drive,07 - Dark,03 - P.D. only,02 - Angle,Bells Corners East
8693,TRIM RD btwn SPRINGRIDGE DR & PORTOBELLO BLVD,385622.5974,5038148.545,-75.46619599,45.47858352,2015-02-21,10:45,03 - Snow,03 - Loose snow,10 - No control,04 - At/near private drive,01 - Daylight,03 - P.D. only,03 - Rear end,Springridge
8694,COOPER ST @ ELGIN ST,368119.714,5031271.107,-75.69093544,45.41850973,2015-02-21,11:17,03 - Snow,03 - Loose snow,01 - Traffic signal,03 - At intersection,01 - Daylight,03 - P.D. only,02 - Angle,Centretown
8695,LEES AVE @ KING EDWARD AVE/MANN AVE,369178.0219,5031336.279,-75.67740584,45.41899955,2015-02-23,7:37,01 - Clear,01 - Dry,01 - Traffic signal,02 - Intersection related,01 - Daylight,03 - P.D. only,03 - Rear end,Sandy Hill
8696,FITZGERALD RD @ ROBERTSON RD,356787.6479,5020290.744,-75.83687509,45.32064184,2015-02-23,10:15,05 - Drifting Snow,04 - Slush,01 - Traffic signal,03 - At intersection,01 - Daylight,03 - P.D. only,07 - SMV other,Bells Corners West
8697,CATHERINE ST @ KENT ST,367908.6714,5030187.119,-75.69377056,45.40877542,2015-04-03,15:13,01 - Clear,01 - Dry,01 - Traffic signal,03 - At intersection,01 - Daylight,03 - P.D. only,05 - Turning movement,Centretown
8698,BANK ST @ WILTON CRES,368578.6741,5028967.992,-75.68536964,45.39774538,2015-04-03,22:13,02 - Rain,02 - Wet,02 - Stop sign,03 - At intersection,07 - Dark,03 - P.D. only,05 - Turning movement,The Glebe
8699,NORWOOD AVE btwn ROGER RD & HEATH ST,370095.2154,5028892.293,-75.66601127,45.39692448,2015-07-14,17:36,01 - Clear,01 - Dry,10 - No control,04 - At/near private drive,01 - Daylight,03 - P.D. only,06 - SMV unattended vehicle,Alta Vista
8700,CANON SMITH DR btwn FITZROY ST & GALETTA SIDE RD,329058.9172,5036382.481,-76.18976761,45.4669487,2015-07-13,21:30,01 - Clear,01 - Dry,10 - No control,01 - Non intersection,07 - Dark,03 - P.D. only,07 - SMV other,Fitzro
8701,COLONEL BY DR @ HAWTHORNE AVE/PRETORIA BRIDGE,368768.4309,5030525.207,-75.68274415,45.41173937,2015-06-24,16:33,01 - Clear,01 - Dry,01 - Traffic signal,02 - Intersection related,01 - Daylight,03 - P.D. only,03 - Rear end,Old Ottawa East
8702,UPPER DWYER HILL RD btwn GALETTA SIDE RD & RITCHIE SIDE RD,321532.4787,5028110.66,-76.28629886,45.39273572,2015-07-04,4:10,01 - Clear,01 - Dry,10 - No control,01 - Non intersection,07 - Dark,03 - P.D. only,07 - SMV other,Mississipp
8703,ALBERT ST @ ELGIN ST/MACKENZIE KING BRIDGE,367850.7116,5031712.662,-75.69431575,45.42250699,2015-07-04,14:06,01 - Clear,01 - Dry,01 - Traffic signal,03 - At intersection,01 - Daylight,03 - P.D. only,05 - Turning movement,Downtown
8704,ROBERTSON RD btwn VANIER RD & RICHMOND RD,357553.1598,5020737.286,-75.82706376,45.32460276,2015-06-20,15:22,01 - Clear,01 - Dry,10 - No control,04 - At/near private drive,01 - Daylight,03 - P.D. only,02 - Angle,Bells Corners East
8705,GREENBANK RD btwn GIBBARD AVE & WEST HUNT CLUB RD,361474.632,5020512.209,-75.77706983,45.32227185,2015-06-13,22:49,01 - Clear,01 - Dry,10 - No control,01 - Non intersection,07 - Dark,03 - P.D. only,03 - Rear end,Greenbelt
8706,O'CONNOR ST @ THIRD AVE,368639.6444,5029731.042,-75.68449219,45.4046055,2015-04-01,14:02,01 - Clear,01 - Dry,02 - Stop sign,03 - At intersection,01 - Daylight,03 - P.D. only,02 - Angle,The Glebe
8707,MONTREAL RD @ ST. LAURENT BLVD,371544.739,5033817.113,-75.64683202,45.44109919,2015-04-01,10:12,01 - Clear,01 - Dry,01 - Traffic signal,02 - Intersection related,01 - Daylight,03 - P.D. only,03 - Rear end,Cummings
8708,RIVERSIDE DR NB btwn BANK ST & RIVERSIDE DR NB RAMP FROM EB TO WB,369356.9112,5027967.266,-75.67556136,45.38866985,2015-02-18,9:00,01 - Clear,02 - Wet,10 - No control,04 - At/near private drive,01 - Daylight,03 - P.D. only,05 - Turning movement,Alta Vista
8709,BAY ST @ WELLINGTON ST,366814.191,5031351.313,-75.70760498,45.41934833,2015-03-17,20:55,01 - Clear,01 - Dry,01 - Traffic signal,03 - At intersection,07 - Dark,03 - P.D. only,02 - Angle,Downtown
8710,VANIER PKWY NB btwn BEECHWOOD AVE/ ST. PATRICK ST/CRICHTON ST & DESCHA,369643.3934,5033363.117,-75.67119328,45.43719326,2015-03-25,7:52,01 - Clear,01 - Dry,10 - No control,01 - Non intersection,01 - Daylight,03 - P.D. only,03 - Rear end,Vanier North
8711,CARLING AVE @ KEMPSTER AVE/FAMOUS PLAYERS THEA,359210.6717,5024119.026,-75.80554965,45.35490523,2015-03-22,23:13,01 - Clear,01 - Dry,01 - Traffic signal,02 - Intersection related,07 - Dark,03 - P.D. only,07 - SMV other,Bayshore
8712,LAURIER AVE   E btwn KING EDWARD AVE & HENDERSON AVE,368753.58,5032042.788,-75.6827369,45.42539539,2015-03-23,16:46,01 - Clear,01 - Dry,10 - No control,01 - Non intersection,01 - Daylight,03 - P.D. only,04 - Sideswipe,Sandy Hill
8713,BESSERER ST @ DALHOUSIE ST,368252.7017,5032159.02,-75.689122,45.42648682,2015-02-08,2:15,03 - Snow,05 - Packed snow,01 - Traffic signal,02 - Intersection related,07 - Dark,03 - P.D. only,03 - Rear end,Byward Market - Parliament Hill
8714,WOODROFFE AVE @ SPORTSPLEX S,363831.1689,5020898.967,-75.74696677,45.32555767,2015-02-08,9:45,03 - Snow,04 - Slush,01 - Traffic signal,02 - Intersection related,01 - Daylight,03 - P.D. only,03 - Rear end,Merivale Gardens - Grenfell Glen - Pineglen - Country Place
8715,BAYSHORE DR btwn WOODRIDGE CRES S & BAYSHORE CS,359198.9702,5023561.072,-75.80576037,45.34988566,2015-03-25,16:23,01 - Clear,01 - Dry,10 - No control,01 - Non intersection,01 - Daylight,03 - P.D. only,05 - Turning movement,Bayshore
8716,PARENT AVE @ ST. PATRICK ST,367822.6662,5032556.111,-75.69456617,45.43009859,2015-02-21,11:27,03 - Snow,04 - Slush,01 - Traffic signal,03 - At intersection,01 - Daylight,03 - P.D. only,05 - Turning movement,Byward Market
8717,CUMBERLAND ST @ GEORGE ST,368325.7076,5032417.071,-75.68815585,45.42880204,2015-02-21,11:50,03 - Snow,03 - Loose snow,01 - Traffic signal,03 - At intersection,01 - Daylight,03 - P.D. only,07 - SMV other,Byward Market
8718,QUEEN ST btwn O'CONNOR ST & METCALFE ST,367625.7476,5031667.862,-75.69719585,45.42212413,2015-02-23,11:20,01 - Clear,02 - Wet,10 - No control,01 - Non intersection,01 - Daylight,03 - P.D. only,04 - Sideswipe,Downtown
8719,NELSON ST @ RIDEAU ST,368651.945,5032500.397,-75.68397623,45.42952207,2015-02-21,14:20,03 - Snow,04 - Slush,01 - Traffic signal,02 - Intersection related,01 - Daylight,03 - P.D. only,03 - Rear end,Lowe
8720,MEADOWLANDS DR @ MERIVALE RD,364859.6638,5023725.992,-75.73350477,45.35090767,2015-04-04,11:20,01 - Clear,01 - Dry,01 - Traffic signal,03 - At intersection,01 - Daylight,03 - P.D. only,02 - Angle,Cityview - Skyline - Fisher Heights
8721,BRONSON AVE btwn ARLINGTON AVE & RAYMOND ST,367237.1917,5029830.78,-75.70239317,45.40562941,2015-04-04,12:46,01 - Clear,01 - Dry,10 - No control,01 - Non intersection,01 - Daylight,03 - P.D. only,03 - Rear end,Centretown West
8722,REGIONAL ROAD 174 EB btwn HWY417 IC113 RAMP65 & OR174 BLAIR IC112 RAMP51,374689.5766,5032737.811,-75.60679101,45.43108092,2015-07-14,9:00,01 - Clear,01 - Dry,10 - No control,01 - Non intersection,01 - Daylight,03 - P.D. only,03 - Rear end,Pineview