Record,Location,X,Y,lon,lat,Date,Time,Environment,Road_Surface,Traffic_Control,Collision_Location,Light,Collision_Classification,Impact_type,Neighborhood
8826,DONALD ST btwn 110 E OF ST. LAURENT BLVD & ELAINE DR,372246.6758,5032487.661,-75.63804263,45.42907006,2015-02-18,18:08,01 - Clear,01 - Dry,10 - No control,04 - At/near private drive,07 - Dark,03 - P.D. only,99 - Other,Cummings
8827,MOODIE DR @ ROBERTSON RD,357064.9748,5020455.254,-75.83332055,45.32210153,2015-03-29,15:10,01 - Clear,01 - Dry,01 - Traffic signal,03 - At intersection,01 - Daylight,03 - P.D. only,02 - Angle,Bells Corners West
8828,CYRVILLE RD @ INNES RD,375047.7247,5031117.155,-75.60244545,45.41646327,2015-04-01,15:45,01 - Clear,01 - Dry,01 - Traffic signal,02 - Intersection related,01 - Daylight,03 - P.D. only,04 - Sideswipe,Industrial Park
8829,RAMSAYVILLE RD btwn WHYTE SIDE RD & LEITRIM RD,378690.1454,5023970.372,-75.55698224,45.35178567,2015-02-19,17:58,03 - Snow,05 - Packed snow,10 - No control,01 - Non intersection,05 - Dusk,03 - P.D. only,01 - Approaching,Greenbelt
8830,RAMSAYVILLE RD btwn WALKLEY EXTENSION RD & RIDGE RD,376539.3542,5029238.221,-75.58366275,45.39940636,2015-02-19,18:43,03 - Snow,05 - Packed snow,10 - No control,01 - Non intersection,07 - Dark,03 - P.D. only,04 - Sideswipe,Greenbelt
8831,WOODROFFE AVE btwn TECUMSEH ST & DOMALATCHY PL,362377.2104,5024204.339,-75.76512803,45.35542,2015-04-07,8:34,01 - Clear,01 - Dry,10 - No control,01 - Non intersection,01 - Daylight,03 - P.D. only,03 - Rear end,Iris
8832,BASELINE RD @ WOODROFFE AVE,362548.7263,5023770.987,-75.76298972,45.35150663,2015-04-07,9:00,01 - Clear,01 - Dry,01 - Traffic signal,02 - Intersection related,01 - Daylight,03 - P.D. only,04 - Sideswipe,Iris
8833,INDUSTRIAL AVE btwn TRAINYARDS DR & RUSSELL RD,371784.2329,5030524.094,-75.64421887,45.4114472,2015-02-21,14:59,03 - Snow,03 - Loose snow,10 - No control,01 - Non intersection,01 - Daylight,03 - P.D. only,03 - Rear end,Industrial Park
8834,BRONSON AVE btwn BRONSON AVE SB ON RAMP 43 & SUNNYSIDE AVE/UNIVERSITY ,367885.1197,5028152.752,-75.69433161,45.39047292,2015-03-14,10:04,03 - Snow,06 - Ice,10 - No control,01 - Non intersection,01 - Daylight,03 - P.D. only,03 - Rear end,Carleton University
8835,CYRVILLE RD @ INNES RD,375047.7247,5031118.483,-75.60244527,45.41647522,2015-06-20,13:50,01 - Clear,01 - Dry,01 - Traffic signal,03 - At intersection,01 - Daylight,03 - P.D. only,02 - Angle,Industrial Park
8836,MANOTICK STATION RD btwn NICK ADAMS RD & HERBERTS CORNERS RD,375924.2537,5007717.33,-75.59460613,45.20583235,2015-07-08,18:29,01 - Clear,01 - Dry,10 - No control,01 - Non intersection,01 - Daylight,03 - P.D. only,05 - Turning movement,Kars - Osgoode
8837,CAHILL DR @ HUNT CLUB RD,372406.5983,5024543.949,-75.63708757,45.35758043,2015-06-18,17:02,01 - Clear,01 - Dry,01 - Traffic signal,03 - At intersection,01 - Daylight,03 - P.D. only,02 - Angle,Greenboro East
8838,WALKLEY RD btwn HEATHERINGTON RD & 152 E OF HEATHERINGTON RD,371856.8149,5026846.058,-75.6437916,45.37834677,2015-05-23,12:57,01 - Clear,01 - Dry,10 - No control,04 - At/near private drive,01 - Daylight,03 - P.D. only,02 - Angle,Ledbury - Heron Gate - Ridgemont - Elmwood
8839,INNES RD @ 215 W OF CYRVILLE RD/HOME DEPOT W,374865.1469,5031001.414,-75.60479442,45.4154402,2015-07-08,8:30,01 - Clear,01 - Dry,01 - Traffic signal,02 - Intersection related,01 - Daylight,03 - P.D. only,04 - Sideswipe,Industrial Park
8840,FISHER AVE @ PRINCE OF WALES DR,367162.7859,5023942.421,-75.70408729,45.35265403,2015-07-01,5:45,02 - Rain,02 - Wet,01 - Traffic signal,02 - Intersection related,03 - Dawn,03 - P.D. only,07 - SMV other,Borden Farm - Stewart Farm - Parkwood Hills - Fisher Glen
8841,JINKINSON RD btwn FERNBANK RD & HAZELDEAN RD,345721.4321,5007849.292,-75.97904778,45.20942056,2015-07-05,9:36,01 - Clear,01 - Dry,10 - No control,01 - Non intersection,01 - Daylight,03 - P.D. only,07 - SMV other,Munster Hamlet - Richmond
8842,CARLING AVE @ HOLLAND AVE,365417.1799,5028037.055,-75.72586125,45.38964986,2015-07-16,14:45,01 - Clear,01 - Dry,01 - Traffic signal,02 - Intersection related,01 - Daylight,03 - P.D. only,03 - Rear end,Civic Hospital - Experimental Farm - Central Park
8843,AVIATION PKWY @ OGILVIE RD,373110.7142,5032376.946,-75.627017,45.42799004,2015-07-16,20:02,01 - Clear,01 - Dry,01 - Traffic signal,03 - At intersection,01 - Daylight,03 - P.D. only,03 - Rear end,Industrial Park
8844,COLONEL BY DR @ ECHO DR S,368543.1265,5028771.8,-75.68584899,45.39598334,2015-02-18,10:15,01 - Clear,04 - Slush,10 - No control,02 - Intersection related,01 - Daylight,03 - P.D. only,03 - Rear end,Old Ottawa South
8845,OR174 IC109 RAMP66 @ MONTREAL RD,376296.7403,5034936.172,-75.58593424,45.45069796,2015-02-23,8:00,01 - Clear,01 - Dry,03 - Yield sign,02 - Intersection related,01 - Daylight,03 - P.D. only,03 - Rear end,Beacon Hill South - Cardinal Heights
8846,KING EDWARD AVE @ ST. PATRICK ST,368249.6652,5032821.179,-75.68907549,45.43244496,2015-02-14,9:00,03 - Snow,05 - Packed snow,01 - Traffic signal,02 - Intersection related,01 - Daylight,03 - P.D. only,03 - Rear end,Byward Market
8847,BANKFIELD RD @ MANOTICK MAIN ST/RIDEAU VALLEY ,368430.7346,5010156.919,-75.68967488,45.22850006,2015-02-13,18:23,01 - Clear,01 - Dry,01 - Traffic signal,02 - Intersection related,07 - Dark,03 - P.D. only,03 - Rear end,Manotick
8848,BLAIR RD @ REGIONAL RD 174 N/OR174 IC112 RAMP61,374633.1912,5032991.66,-75.60747554,45.43337055,2015-02-14,11:47,05 - Drifting Snow,05 - Packed snow,01 - Traffic signal,02 - Intersection related,01 - Daylight,03 - P.D. only,03 - Rear end,Industrial Park
8849,BANK ST @ HUNT CLUB RD,371609.7004,5024096.988,-75.64731822,45.35363521,2015-02-14,13:49,01 - Clear,06 - Ice,01 - Traffic signal,02 - Intersection related,01 - Daylight,03 - P.D. only,03 - Rear end,South Keys - Heron Gate - Greenboro West
8850,ISABELLA ST/HWY 417 O'CONN IC119BR57 @ O'CONNO,368296.968,5030310.747,-75.68879454,45.40985267,2015-02-19,9:55,01 - Clear,02 - Wet,01 - Traffic signal,03 - At intersection,01 - Daylight,03 - P.D. only,04 - Sideswipe,The Glebe
8851,SUSSEX DR @ 151 S OF KING EDWARD AVE,367601.0509,5033360.907,-75.69729549,45.4373598,2015-02-20,8:20,01 - Clear,02 - Wet,01 - Traffic signal,02 - Intersection related,01 - Daylight,03 - P.D. only,03 - Rear end,Byward Market - Parliament Hill
8852,ROTHBURY CRES btwn PROVENDER AVE & DRAYTON PRIV,372968.6759,5034739.472,-75.62850479,45.4492607,2015-05-30,8:04,01 - Clear,01 - Dry,10 - No control,01 - Non intersection,01 - Daylight,03 - P.D. only,06 - SMV unattended vehicle,Gloucester
8853,BRANTHAVEN ST E @ SOUTHFIELD WAY,384784.9849,5034841.148,-75.47744633,45.44892314,2015-05-31,12:05,01 - Clear,01 - Dry,02 - Stop sign,03 - At intersection,01 - Daylight,03 - P.D. only,05 - Turning movement,Avalon
8854,PARKDALE AVE btwn ARMSTRONG ST & GRANT ST,365095.7372,5029392.667,-75.72980032,45.40187511,2015-07-27,13:22,01 - Clear,01 - Dry,10 - No control,01 - Non intersection,01 - Daylight,03 - P.D. only,04 - Sideswipe,Islan
8855,AIRPORT PKWY btwn RAMP & RAMP (1),368987.187,5026173.742,-75.6805157,45.37256624,2015-07-28,13:24,01 - Clear,01 - Dry,10 - No control,01 - Non intersection,01 - Daylight,03 - P.D. only,07 - SMV other,Riverside Park
8856,POULIN AVE @ CONN ST,360228.4991,5025120.085,-75.79244771,45.36383301,2015-07-24,14:20,01 - Clear,01 - Dry,02 - Stop sign,03 - At intersection,01 - Daylight,03 - P.D. only,07 - SMV other,Woodroffe - Lincoln Heights
8857,JEANNE D'ARC BLVD @ FORTUNE DR/VINEYARD DR,379241.1241,5037377.574,-75.54792657,45.47235646,2015-07-23,17:11,01 - Clear,01 - Dry,01 - Traffic signal,03 - At intersection,01 - Daylight,03 - P.D. only,05 - Turning movement,Orleans South West
8858,SLATER ST btwn BAY ST & LYON ST N,367090.4524,5031144.299,-75.70410152,45.41746114,2015-07-23,16:16,01 - Clear,01 - Dry,10 - No control,04 - At/near private drive,01 - Daylight,03 - P.D. only,02 - Angle,Downtown
8859,ROXDALE AVE btwn BLACKHEATH ST & ST. GEORGES ST,382632.8945,5037141.644,-75.50459095,45.46986399,2015-06-09,16:22,01 - Clear,01 - Dry,10 - No control,04 - At/near private drive,01 - Daylight,03 - P.D. only,06 - SMV unattended vehicle,Queenswood Heights
8860,MERIVALE RD @ WEST HUNT CLUB RD,365612.6952,5021940.696,-75.72411475,45.33477893,2015-06-23,15:02,01 - Clear,01 - Dry,01 - Traffic signal,02 - Intersection related,01 - Daylight,03 - P.D. only,02 - Angle,Industrial Park
8861,MERIVALE RD btwn CLYDE AVE & RITA AVE,364540.437,5024464.643,-75.73748919,45.35758122,2015-06-24,18:58,01 - Clear,01 - Dry,10 - No control,01 - Non intersection,01 - Daylight,03 - P.D. only,03 - Rear end,Cityview - Skyline - Fisher Heights
8862,ST. JOSEPH BLVD btwn PLACE D'ORLEANS DR & ST. JOSEPH BLVD,381671.5729,5037737.281,-75.51679032,45.4753295,2015-07-25,15:30,01 - Clear,01 - Dry,10 - No control,04 - At/near private drive,01 - Daylight,03 - P.D. only,02 - Angle,Industrial Park
8863,KING EDWARD AVE @ MURRAY ST,368292.4205,5032752.501,-75.68853796,45.43182314,2015-06-30,13:15,01 - Clear,01 - Dry,01 - Traffic signal,02 - Intersection related,01 - Daylight,03 - P.D. only,03 - Rear end,Byward Market
8864,REBECCA CRES btwn MASSEY LANE & END,373857.8042,5036170.505,-75.61693822,45.46204904,2015-04-17,11:12,01 - Clear,01 - Dry,10 - No control,01 - Non intersection,01 - Daylight,03 - P.D. only,07 - SMV other,Gloucester
8865,NIXON DR btwn SNAKE ISLAND RD & CABIN RD,373568.6778,5002502.206,-75.62530734,45.15914102,2015-04-24,18:42,01 - Clear,01 - Dry,10 - No control,01 - Non intersection,01 - Daylight,03 - P.D. only,07 - SMV other,Kars - Osgoode
8866,SOMERSET ST    W btwn BAYSWATER AVE & BREEZEHILL AVE N,365841.1122,5029924.6,-75.72021416,45.40659672,2015-08-05,10:59,01 - Clear,01 - Dry,10 - No control,01 - Non intersection,01 - Daylight,03 - P.D. only,04 - Sideswipe,Centretow
8867,CARLING AVE @ BROADVIEW AVE,363180.6866,5026638.181,-75.75458635,45.377253,2015-08-20,13:25,01 - Clear,01 - Dry,01 - Traffic signal,02 - Intersection related,01 - Daylight,03 - P.D. only,03 - Rear end,Carlingwood - McKellar Park - Laurentien View
8868,STRANDHERD DR @ CEDARVIEW RD/TARTAN DR,362290.9931,5013546.066,-75.76746471,45.25952392,2015-08-20,18:20,02 - Rain,02 - Wet,01 - Traffic signal,02 - Intersection related,01 - Daylight,03 - P.D. only,03 - Rear end,New Barrhaven
8869,HAZELDEAN RD @ TERRY FOX DR,352207.611,5017242.681,-75.89558357,45.29353888,2015-08-21,18:59,01 - Clear,01 - Dry,01 - Traffic signal,02 - Intersection related,01 - Daylight,03 - P.D. only,03 - Rear end,Glen Cairn - Kanata South Business Park
8870,CASTLEFRANK RD @ HAZELDEAN RD,352677.1574,5017675.688,-75.8895557,45.29740334,2015-08-12,10:06,01 - Clear,01 - Dry,01 - Traffic signal,02 - Intersection related,01 - Daylight,03 - P.D. only,03 - Rear end,Glen Cairn - Kanata South Business Park
8871,HALIFAX DR @ WALKLEY RD,373644.4577,5027899.904,-75.62082196,45.38765544,2015-05-25,13:26,02 - Rain,02 - Wet,01 - Traffic signal,02 - Intersection related,01 - Daylight,03 - P.D. only,99 - Other,Urbandale
8872,BRONSON AVE btwn CHRISTIE ST & JAMES ST,367058.0521,5030260.669,-75.70462709,45.40951339,2015-05-25,14:40,02 - Rain,02 - Wet,10 - No control,04 - At/near private drive,01 - Daylight,03 - P.D. only,02 - Angle,Centretown West
8873,CLARKE AVE @ ST. LAURENT BLVD,371735.442,5033353.23,-75.64445771,45.43690716,2015-05-29,15:48,01 - Clear,01 - Dry,01 - Traffic signal,02 - Intersection related,01 - Daylight,03 - P.D. only,02 - Angle,Cummings
8874,COLONNADE RD @ COLONNADE RD E,367231.3,5023196.37,-75.70330714,45.34593511,2015-06-02,13:28,01 - Clear,01 - Dry,01 - Traffic signal,03 - At intersection,01 - Daylight,03 - P.D. only,03 - Rear end,Industrial Park
8875,PRINCE OF WALES DR @ VILLA CRES,366852.7063,5026064.796,-75.70777785,45.37177822,2015-07-30,8:48,02 - Rain,02 - Wet,02 - Stop sign,02 - Intersection related,01 - Daylight,03 - P.D. only,03 - Rear end,Civic Hospital - Experimental Farm - Central Park
8876,WOODROFFE AVE btwn WOODROFFE AVE & NAVAHO DR,362696.1518,5023503.252,-75.76113973,45.34908542,2015-07-28,13:27,01 - Clear,01 - Dry,10 - No control,01 - Non intersection,01 - Daylight,03 - P.D. only,04 - Sideswipe,Crestview - Meadowlands
8877,COVENTRY RD @ LOLA ST,371263.7176,5031613.491,-75.65072123,45.42129876,2015-07-28,14:34,01 - Clear,01 - Dry,01 - Traffic signal,03 - At intersection,01 - Daylight,03 - P.D. only,04 - Sideswipe,Overbrook
8878,CUMMINGS AVE @ OGILVIE RD,372747.9995,5032170.946,-75.63168023,45.42617188,2015-07-24,16:48,01 - Clear,01 - Dry,01 - Traffic signal,02 - Intersection related,01 - Daylight,03 - P.D. only,03 - Rear end,Cummings
8879,ISABELLA ST/HWY417 IC119AR75 @ METCALFE ST,368447.9858,5030399.204,-75.68685399,45.41063486,2015-07-17,12:00,01 - Clear,01 - Dry,01 - Traffic signal,02 - Intersection related,01 - Daylight,03 - P.D. only,03 - Rear end,The Glebe
8880,CONROY RD @ HUNT CLUB RD,373763.0193,5025404.162,-75.61965658,45.36518817,2015-07-16,16:28,01 - Clear,01 - Dry,01 - Traffic signal,02 - Intersection related,01 - Daylight,03 - P.D. only,03 - Rear end,Greenboro East
8881,ST. JOSEPH BLVD @ TAYLOR CREEK DR,384033.9389,5039173.28,-75.48634799,45.4879852,2015-05-26,15:32,01 - Clear,01 - Dry,02 - Stop sign,02 - Intersection related,01 - Daylight,03 - P.D. only,03 - Rear end,Industrial Park
8882,CYRVILLE RD @ INNES RD,375048.4454,5031119.204,-75.60243596,45.41648163,2015-05-25,18:40,02 - Rain,02 - Wet,01 - Traffic signal,02 - Intersection related,01 - Daylight,03 - P.D. only,03 - Rear end,Industrial Park
8883,210 W OF MERIVALE RD @ WEST HUNT CLUB RD,365431.736,5021829.431,-75.72643696,45.33379344,2015-06-28,22:36,01 - Clear,02 - Wet,01 - Traffic signal,03 - At intersection,07 - Dark,03 - P.D. only,05 - Turning movement,Merivale Gardens - Grenfell Glen - Pineglen - Country Place
8884,SANDFORD FLEMING AVE btwn STEAMLINE ST & INDUSTRIAL AVE,370881.1202,5030637.93,-75.65574038,45.41255731,2015-07-26,14:02,01 - Clear,01 - Dry,10 - No control,01 - Non intersection,01 - Daylight,03 - P.D. only,01 - Approaching,Industrial Park
8885,PALLADIUM DR btwn HWY417 IC142 RAMP62 & HUNTMAR DR,348677.9903,5017506.632,-75.94055836,45.29614326,2015-07-26,15:15,01 - Clear,01 - Dry,10 - No control,01 - Non intersection,01 - Daylight,03 - P.D. only,05 - Turning movement,Stittsville - Basswood
8886,HUNT CLUB RD @ RIVERSIDE DR,368036.703,5021943.697,-75.69319043,45.33459167,2015-06-30,16:01,01 - Clear,01 - Dry,01 - Traffic signal,02 - Intersection related,01 - Daylight,03 - P.D. only,04 - Sideswipe,Hunt Club Woods - Quintarra - Revelstoke - Riverside South P
8887,DIXIE ST btwn SHELLEY AVE & BROWNING AVE,372336.4849,5029968.909,-75.63724023,45.40639881,2015-04-24,13:31,01 - Clear,01 - Dry,10 - No control,04 - At/near private drive,01 - Daylight,03 - P.D. only,06 - SMV unattended vehicle,Elmvale - Eastway - Riverview - Riverview Park West
8888,EARL ARMSTRONG RD @ RIVER RD,367573.4392,5014683.316,-75.70001975,45.26930531,2015-08-12,8:25,01 - Clear,01 - Dry,01 - Traffic signal,02 - Intersection related,01 - Daylight,03 - P.D. only,03 - Rear end,Gloucester
8889,RIVERSIDE DR btwn HUNT CLUB RD & KIMBERWICK CRES,368100.5146,5022322.5,-75.69232791,45.33799431,2015-08-13,17:10,01 - Clear,01 - Dry,10 - No control,01 - Non intersection,01 - Daylight,03 - P.D. only,03 - Rear end,Hunt Club Woods - Quintarra - Revelstoke - Riverside South P
8890,ST. LAURENT BLVD btwn INDUSTRIAL AVE & BOURASSA ST,373156.6643,5029872.594,-75.62677724,45.4054526,2015-07-23,17:21,01 - Clear,01 - Dry,10 - No control,01 - Non intersection,01 - Daylight,03 - P.D. only,03 - Rear end,Industrial Park
8891,RIDEAU ST btwn CUMBERLAND ST & KING EDWARD AVE,368490.0856,5032401.697,-75.68605734,45.42864876,2015-07-24,17:41,01 - Clear,01 - Dry,10 - No control,04 - At/near private drive,01 - Daylight,03 - P.D. only,03 - Rear end,Byward Market
8892,EAGLESON RD @ FALLOWFIELD RD,355960.9134,5012593.325,-75.84821346,45.25143974,2015-08-20,18:34,02 - Rain,02 - Wet,01 - Traffic signal,02 - Intersection related,01 - Daylight,03 - P.D. only,03 - Rear end,Stittsville - Basswood
8893,MAIN ST @ RIVERDALE AVE,369431.0204,5029532.854,-75.67440993,45.40274965,2015-01-14,17:20,01 - Clear,06 - Ice,01 - Traffic signal,02 - Intersection related,05 - Dusk,03 - P.D. only,03 - Rear end,Old Ottawa East
8894,WOODROFFE AVE @ HWY 417 WOODROFF IC127R26/HWY4,362082.6869,5024939.157,-75.76880163,45.36205596,2015-08-14,15:52,01 - Clear,01 - Dry,01 - Traffic signal,02 - Intersection related,01 - Daylight,03 - P.D. only,03 - Rear end,Carlingwood West - Glabar Park - McKellar Heights
8895,SUSSEX DR btwn 151 W OF KING EDWARD AVE/L.B. PEARSON BUILDING & RAMP,367635.5919,5033440.534,-75.69684388,45.43807315,2015-08-20,21:23,02 - Rain,02 - Wet,10 - No control,01 - Non intersection,07 - Dark,03 - P.D. only,03 - Rear end,Byward Market - Parliament Hill
8896,ROGER GUINDON AVE @ SMYTH RD,371934.5245,5029225.729,-75.64247576,45.39975066,2015-05-25,17:16,01 - Clear,01 - Dry,01 - Traffic signal,02 - Intersection related,01 - Daylight,03 - P.D. only,03 - Rear end,Elmvale - Eastway - Riverview - Riverview Park West
8897,DES EPINETTES AVE @ PRESTWICK DR,383335.482,5036664.93,-75.49568308,45.4654963,2015-05-21,17:15,01 - Clear,01 - Dry,02 - Stop sign,02 - Intersection related,01 - Daylight,03 - P.D. only,03 - Rear end,Queenswood Heights
8898,RUSSELL RD btwn TUPPER AVE & SOUTHVALE CRES,374366.2074,5028686.517,-75.61149507,45.39466169,2015-06-04,12:08,01 - Clear,01 - Dry,10 - No control,01 - Non intersection,01 - Daylight,03 - P.D. only,04 - Sideswipe,Sheffield Glen
8899,JOHN SUTHERLAND DR @ RICHMOND RD,358787.3856,5022150.134,-75.81116662,45.3372218,2015-08-06,19:54,01 - Clear,01 - Dry,01 - Traffic signal,03 - At intersection,01 - Daylight,03 - P.D. only,05 - Turning movement,Greenbelt
8900,CUMMINGS AVE @ MONTREAL RD,372007.7077,5034039.505,-75.6408844,45.44305581,2015-06-04,16:30,01 - Clear,01 - Dry,01 - Traffic signal,02 - Intersection related,01 - Daylight,03 - P.D. only,03 - Rear end,Cummings
8901,9TH LINE RD @ PARKWAY RD,384902.2672,5017936.461,-75.47868871,45.29681485,2015-06-12,18:49,01 - Clear,02 - Wet,02 - Stop sign,03 - At intersection,01 - Daylight,03 - P.D. only,02 - Angle,Metcalfe
8902,MOONEY'S BAY PL btwn GAVIN ST & END,368844.7507,5025361.066,-75.68243936,45.36526704,2015-06-22,0:00,01 - Clear,01 - Dry,10 - No control,01 - Non intersection,00 - Unknown,03 - P.D. only,06 - SMV unattended vehicle,Riverside Park
8903,LISGAR RD @ ROCKCLIFFE PKWY,368353.1826,5035225.552,-75.68744209,45.4540692,2015-07-04,18:35,01 - Clear,01 - Dry,03 - Yield sign,02 - Intersection related,01 - Daylight,03 - P.D. only,04 - Sideswipe,Rockcliffe - Manor Park
8904,KIRKWOOD AVE btwn GEOFFREY ST & NORA ST,363957.1824,5028221.815,-75.744483,45.39143714,2015-07-24,17:17,01 - Clear,01 - Dry,10 - No control,01 - Non intersection,01 - Daylight,03 - P.D. only,01 - Approaching,Westboro
8905,MCARTHUR AVE @ CARMEN AVE,370903.2223,5032767.622,-75.65517227,45.43171729,2015-07-13,17:20,01 - Clear,01 - Dry,02 - Stop sign,03 - At intersection,01 - Daylight,03 - P.D. only,05 - Turning movement,Vanier South
8906,ROWATT ST btwn KIRBY RD & END,359499.2414,5025796.776,-75.80168117,45.36997914,2015-07-11,15:28,01 - Clear,01 - Dry,10 - No control,04 - At/near private drive,01 - Daylight,03 - P.D. only,06 - SMV unattended vehicle,Crystal Bay - Lakeview Park - Britannia Village
8907,FISHER AVE @ DEER PARK RD/DYNES RD,366408.4302,5025454.446,-75.71352546,45.36632562,2015-05-06,2:56,01 - Clear,01 - Dry,01 - Traffic signal,02 - Intersection related,07 - Dark,03 - P.D. only,07 - SMV other,Carleton Heights - Rideauview
8908,PRESTON ST btwn BALSAM ST & GLADSTONE AVE,366476.0776,5029742.141,-75.71212621,45.40489934,2015-05-05,16:20,01 - Clear,01 - Dry,10 - No control,04 - At/near private drive,01 - Daylight,03 - P.D. only,02 - Angle,Little Italy
8909,KENT ST @ LAURIER AVE,367317.4197,5031164.949,-75.70119918,45.4176267,2015-06-29,16:48,01 - Clear,01 - Dry,01 - Traffic signal,03 - At intersection,01 - Daylight,03 - P.D. only,02 - Angle,Downtown
8910,INNES RD btwn VISENEAU DR & BELCOURT BLVD,381808.8412,5035078.961,-75.51545132,45.45139704,2015-07-02,16:53,01 - Clear,01 - Dry,10 - No control,01 - Non intersection,01 - Daylight,03 - P.D. only,04 - Sideswipe,Chapel Hill South
8911,TRIM RD btwn BRIARGATE PRIV & INNES RD,386542.312,5037328.582,-75.45457028,45.47109926,2015-07-23,21:30,01 - Clear,01 - Dry,10 - No control,04 - At/near private drive,07 - Dark,03 - P.D. only,02 - Angle,Cardinal Creek
8912,WALKLEY EXTENSION RD btwn HWY417 IC110 RAMP65 & HWY417 IC110 RAMP56,375827.8114,5029091.133,-75.59277142,45.39815548,2015-07-27,10:23,01 - Clear,01 - Dry,10 - No control,01 - Non intersection,01 - Daylight,03 - P.D. only,03 - Rear end,Greenbelt
8913,RIVER RD btwn OSGOODE MAIN ST & DALMENY RD,374215.1138,4997258.509,-75.61781391,45.11189528,2015-06-30,19:44,01 - Clear,01 - Dry,10 - No control,01 - Non intersection,01 - Daylight,03 - P.D. only,07 - SMV other,Osgoode
8914,HUNT CLUB RD/AIRPORT PKWY/HUNT CLUB RD RAMP 53,370951.6334,5023662.934,-75.65577418,45.34979212,2015-07-01,13:40,01 - Clear,01 - Dry,02 - Stop sign,02 - Intersection related,01 - Daylight,03 - P.D. only,06 - SMV unattended vehicle,Hunt Club East - Western Community
8915,MAITLAND AVE btwn HWY417 IC126 RAMP25 & WOODWARD DR,363265.046,5025689.554,-75.75362162,45.36871034,2015-05-15,5:39,01 - Clear,01 - Dry,10 - No control,01 - Non intersection,03 - Dawn,03 - P.D. only,07 - SMV other,Braemar Park - Bel Air Heights - Copeland Park
8916,ST. LAURENT BLVD btwn BELFAST RD & INDUSTRIAL AVE,372870.8142,5030553.697,-75.63033437,45.41160871,2015-05-20,21:29,01 - Clear,01 - Dry,10 - No control,01 - Non intersection,07 - Dark,03 - P.D. only,01 - Approaching,Industrial Park
8917,SUNNY CRT btwn PARKWAY RD & END,376376.4279,5012686.689,-75.58813611,45.2504995,2015-08-16,4:50,01 - Clear,01 - Dry,10 - No control,01 - Non intersection,07 - Dark,03 - P.D. only,06 - SMV unattended vehicle,Greely
8918,BASELINE RD btwn GREENBANK RD & PINECREST RD,360629.396,5022602.879,-75.78761483,45.34115144,2015-08-16,11:45,01 - Clear,01 - Dry,10 - No control,01 - Non intersection,01 - Daylight,03 - P.D. only,03 - Rear end,Iris
8919,RIVERSIDE DR NB btwn SMYTH RD NORTH SIDE RAMP & Continuation of RIVERS,369956.3047,5029337.285,-75.66772654,45.4009413,2015-07-26,1:08,01 - Clear,01 - Dry,10 - No control,01 - Non intersection,07 - Dark,03 - P.D. only,01 - Approaching,Industrial Park
8920,HUNT CLUB RD btwn DAZE ST & TURN LANE,371306.864,5023867.747,-75.65121368,45.35160136,2015-07-27,16:26,01 - Clear,01 - Dry,10 - No control,01 - Non intersection,01 - Daylight,03 - P.D. only,03 - Rear end,South Keys - Heron Gate - Greenboro West
8921,WELLINGTON ST    W btwn HOLLAND AVE & HINTON AVE N,364986.2499,5029185.612,-75.73122402,45.4000215,2015-02-01,16:23,01 - Clear,05 - Packed snow,10 - No control,01 - Non intersection,01 - Daylight,03 - P.D. only,04 - Sideswipe,Islan
8922,COLONEL BY DR @ HOG'S BACK RD,367603.4301,5025873.177,-75.69821872,45.36998721,2015-02-03,9:55,01 - Clear,02 - Wet,01 - Traffic signal,02 - Intersection related,01 - Daylight,03 - P.D. only,03 - Rear end,Carleto
8923,EAGLESON RD @ HAZELDEAN RD/ROBERTSON RD,353672.9042,5018426.262,-75.87678646,45.30408861,2015-08-21,12:24,01 - Clear,01 - Dry,01 - Traffic signal,02 - Intersection related,01 - Daylight,03 - P.D. only,03 - Rear end,Greenbelt
8924,KANATA AVE @ TERRY FOX DR,349305.4083,5019212.733,-75.93240604,45.31145581,2015-08-21,21:39,01 - Clear,01 - Dry,01 - Traffic signal,02 - Intersection related,07 - Dark,03 - P.D. only,03 - Rear end,Kanata Lakes - Marchwood Lakeside - Morgan's Grant - Kanata
8925,MONTREAL RD @ SHEFFORD RD,376125.7305,5034853.485,-75.58813226,45.44997147,2015-05-26,8:45,01 - Clear,01 - Dry,01 - Traffic signal,03 - At intersection,01 - Daylight,03 - P.D. only,05 - Turning movement,Beacon Hill South - Cardinal Heights
8926,MONTREAL RD @ OLMSTEAD ST,370331.9926,5033213.226,-75.66241273,45.43578041,2015-05-26,10:23,01 - Clear,01 - Dry,01 - Traffic signal,03 - At intersection,01 - Daylight,03 - P.D. only,02 - Angle,Vanier South
8927,GALETTA SIDE RD btwn NEWTOWN RD & FERRY RD,329871.7739,5036865.918,-76.17934798,45.47127013,2015-06-13,22:25,01 - Clear,01 - Dry,10 - No control,01 - Non intersection,07 - Dark,03 - P.D. only,07 - SMV other,Fitzro
8928,ASSALY RD @ RICHMOND RD,360731.6016,5025528.053,-75.78597986,45.36746392,2015-01-06,18:24,03 - Snow,06 - Ice,01 - Traffic signal,02 - Intersection related,07 - Dark,03 - P.D. only,03 - Rear end,Woodroffe - Lincoln Heights