Record,Location,X,Y,lon,lat,Date,Time,Environment,Road_Surface,Traffic_Control,Collision_Location,Light,Collision_Classification,Impact_type,Neighborhood
8929,MONTREAL RD/HANNAH ST @ CODY AVE,370253.821,5033170.167,-75.66341749,45.4354003,2015-06-18,8:40,01 - Clear,01 - Dry,01 - Traffic signal,02 - Intersection related,01 - Daylight,03 - P.D. only,04 - Sideswipe,Vanier
8930,INNES RD btwn BANTREE ST & STAR TOP RD,374095.1132,5030631.606,-75.61468376,45.41218954,2015-06-18,10:10,01 - Clear,01 - Dry,10 - No control,01 - Non intersection,01 - Daylight,03 - P.D. only,03 - Rear end,Industrial Park
8931,FALLOWFIELD RD btwn MUNSTER RD & CONLEY RD,347848.7985,5005633.773,-75.95215781,45.18935747,2015-07-11,14:58,01 - Clear,01 - Dry,10 - No control,01 - Non intersection,01 - Daylight,03 - P.D. only,07 - SMV other,Munster Hamlet - Richmond
8932,STRANDHERD DR btwn MARAVISTA DR & KENNEVALE DR,361443.5717,5014213.783,-75.77818533,45.26560084,2015-07-10,18:10,01 - Clear,01 - Dry,10 - No control,01 - Non intersection,01 - Daylight,03 - P.D. only,99 - Other,Munster Hamlet - Richmond
8933,ST. LAURENT BLVD @ COVENTRY RD/OGILVIE RD,372305.7195,5031951.214,-75.63736168,45.42423766,2015-05-01,14:10,01 - Clear,01 - Dry,01 - Traffic signal,02 - Intersection related,01 - Daylight,03 - P.D. only,03 - Rear end,Overbrook
8934,CAMBRIAN RD @ REGATTA AVE,364535.3581,5012715.369,-75.73896993,45.2518623,2015-07-05,13:15,01 - Clear,01 - Dry,02 - Stop sign,03 - At intersection,01 - Daylight,03 - P.D. only,05 - Turning movement,New Barrhaven
8935,CHAMPLAIN ST btwn DECARIE DR & JEANNE D'ARC BLVD N,381307.0079,5038906.199,-75.52127044,45.48588647,2015-07-24,21:30,01 - Clear,01 - Dry,10 - No control,01 - Non intersection,07 - Dark,03 - P.D. only,07 - SMV other,Orleans South West
8936,INNES RD @ 298 E OF WILDFLOWER DR/LOBLAWS SC,383190.8707,5035795.769,-75.49767068,45.4576926,2015-07-23,20:50,01 - Clear,01 - Dry,01 - Traffic signal,02 - Intersection related,05 - Dusk,03 - P.D. only,03 - Rear end,Avalon
8937,DICKINSON AVE btwn NOBLE CRES & SOUTHMORE DR W,368763.5722,5024429.806,-75.68359606,45.35689521,2015-07-02,1:47,01 - Clear,01 - Dry,10 - No control,01 - Non intersection,07 - Dark,03 - P.D. only,06 - SMV unattended vehicle,Hunt Club Woods - Quintarra - Revelstoke - Riverside South P
8938,STONECREST RD btwn DUNHAVEN DR & THOMAS A. DOLAN PKWY,338858.2367,5028939.584,-76.06496812,45.39956634,2015-07-02,5:33,01 - Clear,01 - Dry,10 - No control,01 - Non intersection,03 - Dawn,03 - P.D. only,07 - SMV other,Car
8939,CATHERINE ST @ ELGIN ST,368552.7096,5030576.491,-75.68549328,45.41222049,2015-05-31,18:58,01 - Clear,01 - Dry,01 - Traffic signal,03 - At intersection,01 - Daylight,03 - P.D. only,05 - Turning movement,Golden Triangle
8940,CASTLEFRANK RD @ TERRY FOX DR,352993.2883,5016305.168,-75.88565835,45.28504945,2015-08-17,18:18,01 - Clear,01 - Dry,01 - Traffic signal,02 - Intersection related,01 - Daylight,03 - P.D. only,03 - Rear end,Glen Cairn - Kanata South Business Park
8941,CEDARVIEW RD @ WEST HUNT CLUB RD,359717.236,5019554.838,-75.79959125,45.31379707,2015-08-18,10:08,01 - Clear,01 - Dry,01 - Traffic signal,02 - Intersection related,01 - Daylight,03 - P.D. only,03 - Rear end,Greenbelt
8942,INNES RD btwn CYRVILLE RD & STONEHENGE CRES,375060.6977,5031127.852,-75.60227819,45.41655821,2015-07-28,11:50,01 - Clear,01 - Dry,10 - No control,01 - Non intersection,01 - Daylight,03 - P.D. only,04 - Sideswipe,Industrial Park
8943,BANK ST @ HUNT CLUB RD,371608.0158,5024095.425,-75.64733993,45.35362131,2015-02-21,15:50,03 - Snow,03 - Loose snow,01 - Traffic signal,02 - Intersection related,01 - Daylight,03 - P.D. only,03 - Rear end,South Keys - Heron Gate - Greenboro West
8944,HIGHWAY 417 btwn HWY417 IC121A RAMP16 & HWY417 IC121A RAMP61,367127.9398,5029708.973,-75.70380407,45.40454316,2015-10-01,16:58,01 - Clear,01 - Dry,10 - No control,01 - Non intersection,01 - Daylight,03 - P.D. only,04 - Sideswipe,Centretown West
8945,ANN ST @ TIGHE ST,368785.6998,5009761.632,-75.68520574,45.22491113,2015-08-22,8:26,01 - Clear,01 - Dry,02 - Stop sign,03 - At intersection,01 - Daylight,03 - P.D. only,02 - Angle,Manotick
8946,DYLAN WAY @ LEIKIN DR,366778.7868,5016801.963,-75.70988122,45.28843922,2015-08-23,4:47,01 - Clear,01 - Dry,02 - Stop sign,02 - Intersection related,07 - Dark,03 - P.D. only,07 - SMV other,Chapman Mills - Rideau Crest - Davidson Heights
8947,INNES RD btwn ORCHARDVIEW AVE & PORTOBELLO BLVD,385615.9138,5036886.155,-75.4664891,45.46722655,2015-05-26,8:05,01 - Clear,01 - Dry,10 - No control,01 - Non intersection,01 - Daylight,03 - P.D. only,04 - Sideswipe,Fallingbrook
8948,HUNT CLUB RD @ RIVERSIDE DR,368037.4237,5021945.138,-75.69318105,45.33460457,2015-05-26,7:15,01 - Clear,01 - Dry,01 - Traffic signal,03 - At intersection,01 - Daylight,03 - P.D. only,03 - Rear end,Hunt Club Woods - Quintarra - Revelstoke - Riverside South P
8949,CARLING AVE @ MELROSE AVE,365971.426,5028391.191,-75.71873976,45.3927881,2015-07-06,14:40,01 - Clear,01 - Dry,02 - Stop sign,03 - At intersection,01 - Daylight,03 - P.D. only,02 - Angle,Civic Hospital - Experimental Farm - Central Park
8950,GREENBANK RD @ LARKIN DR,363178.1193,5016505.372,-75.75581418,45.2860788,2015-08-08,22:32,01 - Clear,01 - Dry,01 - Traffic signal,03 - At intersection,07 - Dark,03 - P.D. only,02 - Angle,Barrhaven West - Old Barrhaven
8951,RUSSELL RD btwn HAWTHORNE RD & HYDRO RD,375031.8128,5028117.279,-75.60307597,45.38947353,2015-08-09,11:30,01 - Clear,01 - Dry,10 - No control,01 - Non intersection,01 - Daylight,03 - P.D. only,07 - SMV other,Industrial Park
8952,HAWTHORNE RD/RUSSELL RD @ WALKLEY RD,374674.7439,5028498.46,-75.60758153,45.39293893,2015-06-18,10:54,01 - Clear,01 - Dry,01 - Traffic signal,02 - Intersection related,01 - Daylight,03 - P.D. only,03 - Rear end,Sheffield Glen
8953,MONTREAL RD @ ST. LAURENT BLVD,371545.7029,5033817.955,-75.64681959,45.44110668,2015-06-18,10:55,01 - Clear,01 - Dry,01 - Traffic signal,02 - Intersection related,01 - Daylight,03 - P.D. only,04 - Sideswipe,Cummings
8954,RIVERSIDE DR @ SMYTH RD NORTH SIDE RAMP,369937.566,5029317.826,-75.66796845,45.40076796,2015-01-28,12:48,01 - Clear,02 - Wet,01 - Traffic signal,02 - Intersection related,01 - Daylight,03 - P.D. only,04 - Sideswipe,Industrial Park
8955,BRIDGE ST @ MILL ST,368855.6454,5010077.397,-75.6842745,45.22774601,2015-07-10,18:38,01 - Clear,01 - Dry,01 - Traffic signal,02 - Intersection related,01 - Daylight,03 - P.D. only,03 - Rear end,Manotick
8956,COLONNADE RD @ PRINCE OF WALES DR,367393.9909,5023266.876,-75.70122231,45.34655501,2015-07-10,17:20,01 - Clear,01 - Dry,01 - Traffic signal,02 - Intersection related,01 - Daylight,03 - P.D. only,03 - Rear end,Industrial Park
8957,GEORGE ST btwn WILLIAM ST & DALHOUSIE ST,368144.5359,5032307.6,-75.69048503,45.42783349,2015-03-31,6:45,01 - Clear,01 - Dry,10 - No control,04 - At/near private drive,03 - Dawn,03 - P.D. only,07 - SMV other,Byward Market
8958,TERRY FOX DR @ 135 S OF HAZELDEAN RD/SOBEY'S S,352293.6549,5017138.496,-75.89449661,45.29259558,2015-07-06,14:22,01 - Clear,01 - Dry,01 - Traffic signal,03 - At intersection,01 - Daylight,03 - P.D. only,02 - Angle,Glen Cairn - Kanata South Business Park
8959,CONROY RD @ ST. LAURENT BLVD,373069.2468,5027158.942,-75.62826931,45.38104488,2015-02-02,17:51,03 - Snow,03 - Loose snow,01 - Traffic signal,02 - Intersection related,07 - Dark,03 - P.D. only,03 - Rear end,Industrial Park
8960,MONTREAL RD @ BATHGATE DR/BURMA RD,373224.0017,5034516.953,-75.62527194,45.44723365,2015-02-12,8:44,03 - Snow,04 - Slush,01 - Traffic signal,02 - Intersection related,01 - Daylight,03 - P.D. only,03 - Rear end,Carson Grove - Carson Meadows
8961,O'CONNOR ST @ WELLINGTON ST,367414.4199,5031722.943,-75.69988899,45.42263868,2015-07-02,9:33,01 - Clear,01 - Dry,01 - Traffic signal,02 - Intersection related,01 - Daylight,03 - P.D. only,04 - Sideswipe,Downtown
8962,STAGECOACH RD btwn FOREST RD & CABIN RD,378133.7223,5003810.641,-75.56705828,45.17045459,2015-06-05,22:08,01 - Clear,01 - Dry,10 - No control,01 - Non intersection,07 - Dark,03 - P.D. only,07 - SMV other,Kars - Osgoode
8963,BREWER RD @ BRONSON AVE,368108.3264,5027766.076,-75.69153089,45.38697357,2015-06-12,13:23,02 - Rain,02 - Wet,01 - Traffic signal,02 - Intersection related,01 - Daylight,03 - P.D. only,03 - Rear end,Carleto
8964,JAMIE AVE @ SUNDERLAND ST,366064.7031,5022022.866,-75.71833813,45.33547897,2015-08-18,12:45,01 - Clear,01 - Dry,02 - Stop sign,03 - At intersection,01 - Daylight,03 - P.D. only,02 - Angle,Industrial Park
8965,TERRY FOX DR N @ FLAMBOROUGH WAY/INNOVATION DR,349384.9771,5022954.775,-75.93105431,45.34512264,2015-08-18,18:09,01 - Clear,01 - Dry,01 - Traffic signal,02 - Intersection related,01 - Daylight,03 - P.D. only,03 - Rear end,Morgan's Grant
8966,GEORGE ST btwn 26 W OF BYWARD MARKET/FREIMAN MALL & BY WARD MARKET SQ,368013.4969,5032206.899,-75.69217241,45.42693928,2015-05-07,19:36,01 - Clear,01 - Dry,10 - No control,01 - Non intersection,01 - Daylight,03 - P.D. only,04 - Sideswipe,Byward Market
8967,HIGHWAY 417 btwn HWY417 IC126 RAMP25 & HWY417 IC124 RAMP57,363668.1269,5026500.216,-75.74837962,45.37597082,2015-10-12,16:15,01 - Clear,01 - Dry,10 - No control,01 - Non intersection,01 - Daylight,03 - P.D. only,03 - Rear end,Carlington
8968,CHARTWELL AVE E @ CRAIG HENRY DR,362477.6982,5021866.241,-75.76411822,45.33437369,2015-08-23,11:33,01 - Clear,01 - Dry,02 - Stop sign,03 - At intersection,01 - Daylight,03 - P.D. only,02 - Angle,Woodvale - Craig Henry - Manordale - Estates of Arlington Wo
8969,WINDERMERE AVE btwn BYRON AVE & CROSSFIELD AVE,362347.1088,5027409.398,-75.76513882,45.38426128,2015-08-23,14:37,01 - Clear,01 - Dry,10 - No control,01 - Non intersection,01 - Daylight,03 - P.D. only,06 - SMV unattended vehicle,Carlingwood - McKellar Park - Laurentien View
8970,BOURASSA ST @ ST. LAURENT BLVD,373237.4527,5029692.476,-75.62577033,45.40382408,2015-05-26,17:00,01 - Clear,01 - Dry,01 - Traffic signal,02 - Intersection related,01 - Daylight,03 - P.D. only,03 - Rear end,Industrial Park
8971,MCARTHUR AVE btwn LACASSE AVE & CARMEN AVE,370871.0441,5032761.394,-75.65558431,45.43166429,2015-05-26,16:20,01 - Clear,01 - Dry,10 - No control,04 - At/near private drive,01 - Daylight,03 - P.D. only,02 - Angle,Vanier South
8972,BANK ST @ HUNT CLUB RD,371608.7365,5024095.425,-75.64733074,45.35362124,2015-07-09,15:11,01 - Clear,01 - Dry,01 - Traffic signal,02 - Intersection related,01 - Daylight,03 - P.D. only,03 - Rear end,South Keys - Heron Gate - Greenboro West
8973,HOLLAND AVE btwn WELLINGTON ST W & BYRON AVE,364934.0257,5029143.825,-75.73189613,45.39965,2015-07-10,17:04,01 - Clear,01 - Dry,10 - No control,01 - Non intersection,01 - Daylight,03 - P.D. only,04 - Sideswipe,Island Park
8974,MARCH RD @ MORGAN'S GRANT WAY/SHIRLEY'S BROOK ,349662.3299,5023617.87,-75.92745506,45.35107164,2015-08-09,18:53,01 - Clear,01 - Dry,01 - Traffic signal,03 - At intersection,01 - Daylight,03 - P.D. only,05 - Turning movement,Morgan's Grant
8975,REGIONAL ROAD 174 EB btwn HWY417 IC113 RAMP65 & OR174 BLAIR IC112 RAMP51,374720.5676,5032763.757,-75.6063913,45.43131127,2015-06-18,16:02,01 - Clear,01 - Dry,10 - No control,01 - Non intersection,01 - Daylight,03 - P.D. only,04 - Sideswipe,Pineview
8976,CYRVILLE RD btwn STAR TOP RD & MEADOWBROOK RD,374385.7308,5031326.565,-75.61087314,45.41841358,2015-06-18,17:16,01 - Clear,01 - Dry,10 - No control,04 - At/near private drive,01 - Daylight,03 - P.D. only,02 - Angle,Pineview
8977,FALLOWFIELD RD @ RICHMOND RD,357720.1942,5013528.335,-75.8257023,45.25972305,2015-06-25,17:51,01 - Clear,01 - Dry,01 - Traffic signal,02 - Intersection related,01 - Daylight,03 - P.D. only,03 - Rear end,Greenbelt
8978,CANADAIR PRIV btwn HUNT CLUB RD & AVRO JETLINER PRIV,368752.8374,5022213.584,-75.68401963,45.33695515,2015-07-10,17:02,01 - Clear,01 - Dry,10 - No control,04 - At/near private drive,01 - Daylight,03 - P.D. only,03 - Rear end,Hunt Club - Ottawa Airport
8979,MONTREAL RD @ OGILVIE RD,375654.0143,5034556.946,-75.59420489,45.44735137,2015-07-10,16:02,01 - Clear,01 - Dry,01 - Traffic signal,02 - Intersection related,01 - Daylight,03 - P.D. only,04 - Sideswipe,Beacon Hill South - Cardinal Heights
8980,PINECREST RD btwn RICHMOND RD & FALLIS AVE,360093.6118,5024408.742,-75.79424902,45.35744302,2015-03-28,6:36,01 - Clear,01 - Dry,10 - No control,01 - Non intersection,01 - Daylight,03 - P.D. only,03 - Rear end,Whitehaven - Queensway Terrace North
8981,MARCH RD btwn OLD CARP RD & KLONDIKE RD,349093.8879,5024250.847,-75.9346526,45.35680344,2015-07-07,14:51,01 - Clear,01 - Dry,10 - No control,01 - Non intersection,01 - Daylight,03 - P.D. only,04 - Sideswipe,South March
8982,BASELINE RD @ WOODROFFE AVE,362548.9695,5023770.144,-75.76298672,45.35149903,2015-03-31,14:52,01 - Clear,01 - Dry,01 - Traffic signal,02 - Intersection related,01 - Daylight,03 - P.D. only,03 - Rear end,Iris
8983,QUEEN ST btwn BRONSON AVE & BAY ST,366826.526,5031167.927,-75.70747047,45.41769719,2015-04-12,14:45,01 - Clear,01 - Dry,10 - No control,04 - At/near private drive,01 - Daylight,03 - P.D. only,06 - SMV unattended vehicle,Downtown
8984,NAVAN RD btwn MUSTANG ST & TO BE DETERMINED,388024.0216,5032164.798,-75.43649695,45.42446589,2015-07-02,16:30,01 - Clear,01 - Dry,10 - No control,01 - Non intersection,01 - Daylight,03 - P.D. only,07 - SMV other,Navan
8985,BELFAST RD @ ST. LAURENT BLVD,372860.0034,5030578.922,-75.63046899,45.41183672,2015-07-02,18:27,01 - Clear,01 - Dry,01 - Traffic signal,02 - Intersection related,01 - Daylight,03 - P.D. only,03 - Rear end,Industrial Park
8986,BLAIR RD @ INNES RD,375579.4556,5031438.474,-75.59560623,45.41930074,2015-06-12,19:56,02 - Rain,02 - Wet,01 - Traffic signal,02 - Intersection related,01 - Daylight,03 - P.D. only,03 - Rear end,Greenbelt
8987,RIDGEFIELD CRES @ STINSON AVE,357969.7797,5020701.994,-75.82175339,45.32425377,2015-06-04,15:30,02 - Rain,02 - Wet,02 - Stop sign,02 - Intersection related,01 - Daylight,03 - P.D. only,02 - Angle,Bells Corners East
8988,REGIONAL ROAD 174 btwn EAST ST & EAST SHORE RD,391668.7223,5042816.013,-75.38804764,45.51984948,2015-04-16,7:40,01 - Clear,01 - Dry,10 - No control,01 - Non intersection,01 - Daylight,03 - P.D. only,03 - Rear end,Cumberland - Estates
8989,CAHILL DR @ MARLIN PRIV E/SANDHAM PRIV E,371840.67,5024742.11,-75.64428324,45.35941775,2015-08-08,18:26,01 - Clear,01 - Dry,10 - No control,03 - At intersection,01 - Daylight,03 - P.D. only,05 - Turning movement,Greenboro East
8990,BRONSON AVE btwn RAYMOND ST & HWY417 IC121A RAMP51,367283.6995,5029727.017,-75.70181226,45.40469163,2015-05-11,18:28,01 - Clear,01 - Dry,10 - No control,01 - Non intersection,01 - Daylight,03 - P.D. only,04 - Sideswipe,Centretown West
8991,WEST HUNT CLUB RD @ ROYDON PL/SUNDERLAND ST,365973.7076,5022168.409,-75.71948102,45.33679648,2015-05-20,12:51,01 - Clear,01 - Dry,01 - Traffic signal,03 - At intersection,01 - Daylight,03 - P.D. only,05 - Turning movement,Industrial Park
8992,CAHILL DR @ UPLANDS DR,370088.4424,5023246.154,-75.66684405,45.34612293,2015-02-21,23:47,03 - Snow,04 - Slush,03 - Yield sign,03 - At intersection,07 - Dark,03 - P.D. only,02 - Angle,Hunt Club East - Western Community
8993,INDUSTRIAL AVE @ RIVERSIDE DR,370686.16,5030592.914,-75.65823696,45.41217065,2015-05-27,9:38,01 - Clear,01 - Dry,01 - Traffic signal,02 - Intersection related,01 - Daylight,03 - P.D. only,03 - Rear end,Industrial Park
8994,BANK ST btwn HERON RD & ANOKA ST,370005.4746,5026825.314,-75.66743045,45.37833487,2015-05-17,21:00,01 - Clear,01 - Dry,10 - No control,04 - At/near private drive,07 - Dark,03 - P.D. only,02 - Angle,Alta Vista
8995,JERSEY TEA CIRC btwn NORTH BLUFF DR & NORTH BLUFF DR,369530.0986,5015799.962,-75.67494119,45.27917537,2015-07-11,18:33,01 - Clear,01 - Dry,10 - No control,01 - Non intersection,01 - Daylight,03 - P.D. only,06 - SMV unattended vehicle,Gloucester
8996,COOPER ST @ KENT ST,367484.146,5030889.202,-75.69910416,45.4151307,2015-07-13,18:40,01 - Clear,01 - Dry,02 - Stop sign,03 - At intersection,01 - Daylight,03 - P.D. only,03 - Rear end,Centretown
8997,WOODROFFE AVE @ CLARIDGE DR/STONEWAY DR N,365576.6996,5016706.362,-75.72521597,45.28768399,2015-08-11,15:01,01 - Clear,01 - Dry,01 - Traffic signal,02 - Intersection related,01 - Daylight,03 - P.D. only,03 - Rear end,Chapman Mills - Rideau Crest - Davidson Heights
8998,ROBERTSON RD btwn HAZELDEAN RD & HAANEL DR,354106.4577,5018675.951,-75.87123341,45.30630507,2015-07-13,16:45,01 - Clear,01 - Dry,10 - No control,01 - Non intersection,01 - Daylight,03 - P.D. only,99 - Other,Greenbelt
8999,CEDARVIEW RD @ JOCKVALE RD,361473.9496,5015252.072,-75.77767975,45.274941,2015-06-25,20:01,01 - Clear,01 - Dry,11 - Roundabout,02 - Intersection related,01 - Daylight,03 - P.D. only,07 - SMV other,Barrhaven West - Old Barrhaven
9000,ORLEANS BLVD btwn MEADOWGLEN DR & TO BE DETERMINED,380354.4007,5034554.469,-75.53412403,45.44683681,2015-06-26,0:22,01 - Clear,01 - Dry,10 - No control,01 - Non intersection,07 - Dark,03 - P.D. only,04 - Sideswipe,Orleans Village - Chateauneuf
9001,HUNT CLUB RD @ RIVERSIDE DR,368037.4237,5021944.417,-75.69318114,45.33459808,2015-07-10,15:34,01 - Clear,01 - Dry,01 - Traffic signal,02 - Intersection related,01 - Daylight,03 - P.D. only,03 - Rear end,Hunt Club Woods - Quintarra - Revelstoke - Riverside South P
9002,BANK ST @ LEITRIM RD,375357.7542,5021619.137,-75.59984157,45.33097346,2015-06-30,11:19,01 - Clear,01 - Dry,01 - Traffic signal,02 - Intersection related,01 - Daylight,03 - P.D. only,03 - Rear end,Greenbelt
9003,ALTA VISTA DR @ BANK ST,370247.3484,5026199.929,-75.66442532,45.3726853,2015-03-24,11:48,01 - Clear,01 - Dry,01 - Traffic signal,02 - Intersection related,01 - Daylight,03 - P.D. only,03 - Rear end,Ledbury - Heron Gate - Ridgemont - Elmwood
9004,TONILEE DR @ WILBURY RD,373848.7325,5032623.891,-75.61755193,45.43013946,2015-03-06,8:14,01 - Clear,01 - Dry,02 - Stop sign,02 - Intersection related,01 - Daylight,03 - P.D. only,02 - Angle,Industrial Park
9005,YORK ST btwn BY WARD MARKET SQ & WILLIAM ST,367964.7473,5032341.071,-75.69277813,45.42815091,2015-04-08,17:20,01 - Clear,01 - Dry,10 - No control,01 - Non intersection,01 - Daylight,03 - P.D. only,99 - Other,Byward Market
9006,DUNROBIN RD btwn CONSTANCE BAY RD & KINBURN SIDE RD,337098.3765,5036902.983,-76.08692405,45.47130682,2015-07-02,21:59,01 - Clear,01 - Dry,10 - No control,01 - Non intersection,07 - Dark,03 - P.D. only,07 - SMV other,Woodlawn
9007,LIMEBANK RD btwn TOM ROBERTS RD & LEITRIM RD,368744.4699,5019398.35,-75.68448992,45.311625,2015-06-19,17:42,01 - Clear,01 - Dry,10 - No control,01 - Non intersection,01 - Daylight,03 - P.D. only,04 - Sideswipe,Greenbelt
9008,BASELINE RD @ CLYDE AVE,364358.7033,5024890.153,-75.73975731,45.36142536,2015-06-20,17:55,01 - Clear,01 - Dry,01 - Traffic signal,02 - Intersection related,01 - Daylight,03 - P.D. only,05 - Turning movement,Braemar Park - Bel Air Heights - Copeland Park
9009,ELGIN ST btwn FRANK ST & GLADSTONE AVE,368367.8012,5030873.076,-75.68781718,45.41490589,2015-06-29,17:45,01 - Clear,01 - Dry,10 - No control,01 - Non intersection,01 - Daylight,03 - P.D. only,04 - Sideswipe,Centretown
9010,BRONSON AVE @ LAURIER AVE,366804.701,5030860.488,-75.70778799,45.41493288,2015-06-30,10:04,01 - Clear,01 - Dry,01 - Traffic signal,02 - Intersection related,01 - Daylight,03 - P.D. only,99 - Other,Centretown West
9011,DEVINE RD btwn TRUDEAU AVE & DUNNING RD,395521.6195,5024345.182,-75.34214298,45.35318245,2015-08-11,20:05,02 - Rain,02 - Wet,10 - No control,01 - Non intersection,05 - Dusk,03 - P.D. only,99 - Other,Navan - Vars
9012,YORK ST EB btwn BY WARD MARKET SQ & SUSSEX DR,367872.6009,5032277.201,-75.69396378,45.42758455,2015-05-23,2:22,01 - Clear,01 - Dry,10 - No control,01 - Non intersection,07 - Dark,03 - P.D. only,02 - Angle,Byward Market
9013,WALKLEY RD @ DON REID DR/RYDER ST,372602.4476,5027285.625,-75.63421179,45.38223006,2015-05-25,8:44,01 - Clear,01 - Dry,01 - Traffic signal,03 - At intersection,01 - Daylight,03 - P.D. only,02 - Angle,Playfair Park - Lynda Park - Guildwood Estates
9014,AIRPORT PKWY @ HUNT CLUB RD,371017.0866,5023702.638,-75.65493364,45.35014318,2015-02-27,0:49,03 - Snow,03 - Loose snow,01 - Traffic signal,02 - Intersection related,07 - Dark,03 - P.D. only,99 - Other,Hunt Club East - Western Community
9015,HIGHWAY 417 btwn HWY417 IC118 RAMP76 & HWY417 IC118 RAMP67,369493.4102,5031080.022,-75.67341001,45.41666475,2015-10-13,8:00,02 - Rain,02 - Wet,10 - No control,01 - Non intersection,01 - Daylight,03 - P.D. only,03 - Rear end,Sandy Hill
9016,ORANGEVILLE ST/HWY 417 ROCHEST IC121BR51 @ ROC,366776.9836,5029521.92,-75.70831037,45.40289127,2015-05-27,10:15,01 - Clear,01 - Dry,01 - Traffic signal,03 - At intersection,01 - Daylight,03 - P.D. only,02 - Angle,Little Italy
9017,MCARTHUR AVE @ CARMEN AVE,370904.7095,5032766.934,-75.65515336,45.43171096,2015-05-27,13:54,01 - Clear,01 - Dry,02 - Stop sign,03 - At intersection,01 - Daylight,03 - P.D. only,05 - Turning movement,Vanier South
9018,BASELINE RD btwn 207 E OF CLYDE AVE & LOBLAWS SC,364640.4553,5025064.889,-75.73614003,45.36297361,2015-07-14,17:00,01 - Clear,01 - Dry,10 - No control,01 - Non intersection,01 - Daylight,03 - P.D. only,03 - Rear end,Civic Hospital - Experimental Farm - Central Park
9019,OGILVIE RD @ MATHESON RD/PALMERSTON DR,373380.195,5032535.901,-75.62355142,45.42939387,2015-07-15,16:21,01 - Clear,01 - Dry,01 - Traffic signal,03 - At intersection,01 - Daylight,03 - P.D. only,05 - Turning movement,Industrial Park
9020,CAMPBELL AVE @ DOHENY ST,363509.9729,5026668.454,-75.75037873,45.37749787,2015-08-11,15:50,01 - Clear,01 - Dry,02 - Stop sign,03 - At intersection,01 - Daylight,03 - P.D. only,02 - Angle,Carlingwood West - Glabar Park - McKellar Heights
9021,BASELINE RD @ MERIVALE RD,365054.6964,5025325.875,-75.73082092,45.36528644,2015-08-11,15:40,01 - Clear,01 - Dry,01 - Traffic signal,02 - Intersection related,01 - Daylight,03 - P.D. only,03 - Rear end,Civic Hospital - Experimental Farm - Central Park
9022,ROYDON PL btwn WOODFIELD DR & WEST HUNT CLUB RD,365587.8968,5022364.68,-75.72437903,45.33859603,2015-06-21,14:17,01 - Clear,01 - Dry,10 - No control,04 - At/near private drive,01 - Daylight,03 - P.D. only,02 - Angle,Industrial Park
9023,ALBION RD    S btwn HUNT CLUB RD & TURN LANE,371872.8849,5024312.255,-75.64393041,45.35554699,2015-06-22,4:26,01 - Clear,01 - Dry,10 - No control,01 - Non intersection,07 - Dark,03 - P.D. only,04 - Sideswipe,South Keys - Heron Gate - Greenboro West
9024,BRONSON AVE @ COMMISSIONER ST/SLATER ST,366769.4261,5030948.207,-75.70822761,45.41572527,2015-07-14,22:04,01 - Clear,01 - Dry,01 - Traffic signal,03 - At intersection,07 - Dark,03 - P.D. only,04 - Sideswipe,Byward Market - Parliament Hill
9025,PINECREST RD @ RICHMOND RD,360073.3912,5024471.152,-75.79450011,45.35800617,2015-07-15,14:08,01 - Clear,01 - Dry,01 - Traffic signal,03 - At intersection,01 - Daylight,03 - P.D. only,04 - Sideswipe,Whitehaven - Queensway Terrace North
9026,HUNT CLUB RD btwn MOUNTAIN CRES & TURN LANE,371537.3852,5024025.515,-75.64825072,45.35299901,2015-06-26,15:30,01 - Clear,01 - Dry,10 - No control,01 - Non intersection,01 - Daylight,03 - P.D. only,03 - Rear end,South Keys - Heron Gate - Greenboro West
9027,BANK ST @ LEITRIM RD,375358.4749,5021618.416,-75.59983248,45.3309669,2015-06-26,15:41,01 - Clear,01 - Dry,01 - Traffic signal,02 - Intersection related,01 - Daylight,03 - P.D. only,03 - Rear end,Greenbelt
9028,REID AVE @ SHERWOOD DR,365695.865,5028870.37,-75.72219966,45.39712366,2015-02-11,9:23,01 - Clear,04 - Slush,02 - Stop sign,03 - At intersection,01 - Daylight,03 - P.D. only,02 - Angle,Civic Hospital - Experimental Farm - Central Park
9029,SCOTT ST btwn TUNNEY'S PASTURE DRWY & PARKDALE AVE,364922.3162,5029708.181,-75.73197688,45.40472895,2015-02-06,8:47,01 - Clear,03 - Loose snow,10 - No control,04 - At/near private drive,01 - Daylight,03 - P.D. only,05 - Turning movement,Islan
9030,DUNROBIN RD @ MARCH RD,347174.6008,5026065.897,-75.95899275,45.37325433,2015-07-07,16:20,01 - Clear,01 - Dry,01 - Traffic signal,02 - Intersection related,01 - Daylight,03 - P.D. only,03 - Rear end,Carp - Hardwood Plains
9031,WOODROFFE AVE @ HWY 417 WOODROFF IC127R26/HWY4,362083.4076,5024939.878,-75.76879235,45.36206239,2015-07-07,20:02,02 - Rain,02 - Wet,01 - Traffic signal,03 - At intersection,01 - Daylight,03 - P.D. only,07 - SMV other,Carlingwood West - Glabar Park - McKellar Heights
9032,MEADOWLANDS DR/TALLWOOD DR @ WOODROFFE AVE,363056.6896,5022729.413,-75.75663014,45.34209262,2015-04-23,17:57,01 - Clear,01 - Dry,01 - Traffic signal,02 - Intersection related,01 - Daylight,03 - P.D. only,04 - Sideswipe,Crestview - Meadowlands