Record,Location,X,Y,lon,lat,Date,Time,Environment,Road_Surface,Traffic_Control,Collision_Location,Light,Collision_Classification,Impact_type,Neighborhood
9138,BENTLEY AVE btwn SUNDERLAND ST & GIFFORD ST,366160.7902,5021840.462,-75.7171349,45.33382933,2015-06-12,11:03,02 - Rain,02 - Wet,10 - No control,01 - Non intersection,01 - Daylight,03 - P.D. only,06 - SMV unattended vehicle,Industrial Park
9139,METCALFE ST btwn FRANK ST & GLADSTONE AVE,368213.7968,5030780.239,-75.68979659,45.41408454,2015-07-13,16:16,01 - Clear,01 - Dry,10 - No control,01 - Non intersection,01 - Daylight,03 - P.D. only,04 - Sideswipe,Centretown
9140,EAGLESON RD @ HWY 417 EAGLESO IC138R51/PARK AN,353037.1811,5020014.869,-75.8847379,45.31842718,2015-07-13,16:23,01 - Clear,01 - Dry,01 - Traffic signal,02 - Intersection related,01 - Daylight,03 - P.D. only,03 - Rear end,Greenbelt
9141,CEDARVIEW RD btwn WEST HUNT CLUB RD & LYTLE AVE,359787.8853,5019372.145,-75.79871054,45.31214765,2015-06-28,17:03,02 - Rain,02 - Wet,10 - No control,01 - Non intersection,01 - Daylight,03 - P.D. only,07 - SMV other,Greenbelt
9142,PRESTONE DR btwn CENTRUM BLVD & ST. JOSEPH BLVD,382308.4471,5038291.243,-75.50855833,45.48024316,2015-01-23,21:05,01 - Clear,01 - Dry,10 - No control,04 - At/near private drive,07 - Dark,03 - P.D. only,05 - Turning movement,Industrial Park
9143,KANATA AVE btwn HWY417 IC139 RAMP61 & Continuation of KANATA AVE,351656.2998,5019192.177,-75.90242779,45.31111792,2015-01-27,18:06,01 - Clear,01 - Dry,10 - No control,07 - Overpass or bridge,07 - Dark,03 - P.D. only,03 - Rear end,Kanata
9144,LACASSE AVE @ MONTREAL RD,370687.4271,5033406.235,-75.65784446,45.43748362,2015-06-29,16:34,01 - Clear,01 - Dry,01 - Traffic signal,02 - Intersection related,01 - Daylight,03 - P.D. only,03 - Rear end,Vanier South
9145,ELGIN ST @ SOMERSET ST,368163.9879,5031198.212,-75.69037916,45.41784984,2015-07-07,12:00,01 - Clear,01 - Dry,01 - Traffic signal,03 - At intersection,01 - Daylight,03 - P.D. only,04 - Sideswipe,Centretown
9146,EAGLEVIEW ST btwn MILNER DOWNS CRES & MEADOWBREEZE DR,355462.2979,5015636.563,-75.85425498,45.27885959,2015-08-14,19:30,01 - Clear,01 - Dry,10 - No control,04 - At/near private drive,01 - Daylight,03 - P.D. only,06 - SMV unattended vehicle,Bridlewood - Emerald Meadows
9147,CEDARVIEW RD @ WEST HUNT CLUB RD,359719.3981,5019554.117,-75.79956375,45.31379041,2015-08-19,13:40,01 - Clear,01 - Dry,01 - Traffic signal,02 - Intersection related,01 - Daylight,03 - P.D. only,03 - Rear end,Greenbelt
9148,DUMAURIER AVE @ PINECREST RD,360321.679,5023834.151,-75.79140279,45.35225484,2015-07-10,14:34,01 - Clear,01 - Dry,01 - Traffic signal,02 - Intersection related,01 - Daylight,03 - P.D. only,03 - Rear end,Whitehaven - Queensway Terrace North
9149,STATEWOOD DR btwn BEAM ST & FORESTBROOK ST,348820.7614,5022678.034,-75.93827851,45.3426681,2015-07-26,11:41,01 - Clear,01 - Dry,10 - No control,01 - Non intersection,01 - Daylight,03 - P.D. only,06 - SMV unattended vehicle,Morgan's Grant
9150,JEANNE D'ARC BLVD @ ORLEANS BLVD N,380030.3913,5038106.219,-75.53772199,45.47882765,2015-05-21,8:42,01 - Clear,01 - Dry,01 - Traffic signal,02 - Intersection related,01 - Daylight,03 - P.D. only,03 - Rear end,Orleans South West
9151,KENT ST btwn ALBERT ST & SLATER ST,367239.8922,5031288.43,-75.70217402,45.41874467,2015-05-28,9:40,02 - Rain,02 - Wet,10 - No control,01 - Non intersection,01 - Daylight,03 - P.D. only,04 - Sideswipe,Downtown
9152,MONTREAL RD btwn PALACE ST & VANIER PKWY,370040.2774,5033046.493,-75.66616294,45.43430749,2015-07-25,15:15,01 - Clear,01 - Dry,10 - No control,01 - Non intersection,01 - Daylight,03 - P.D. only,04 - Sideswipe,Vanier South
9153,HUNT CLUB RD @ RIVERSIDE DR,368035.2616,5021945.859,-75.69320854,45.33461125,2015-08-19,22:48,01 - Clear,01 - Dry,01 - Traffic signal,02 - Intersection related,07 - Dark,03 - P.D. only,03 - Rear end,Hunt Club Woods - Quintarra - Revelstoke - Riverside South P
9154,PARKDALE AVE @ KENILWORTH ST,365445.6998,5028595.321,-75.72542844,45.39467055,2015-08-21,18:03,01 - Clear,01 - Dry,02 - Stop sign,03 - At intersection,01 - Daylight,03 - P.D. only,02 - Angle,Civic Hospital - Experimental Farm - Central Park
9155,QUEENSDALE AVE @ ALBION RD,372446.6548,5022922.732,-75.63679813,45.34298942,2015-07-26,18:30,01 - Clear,01 - Dry,02 - Stop sign,03 - At intersection,01 - Daylight,03 - P.D. only,02 - Angle,Blossom Park - Blossom Park West - Sawmill Creek/ Timbermill
9156,PRINCE OF WALES DR btwn WILLIAM MCEWEN DR & CARSONBY RD W,365858.4914,5005430.522,-75.72300804,45.18619932,2015-08-12,19:59,01 - Clear,01 - Dry,10 - No control,04 - At/near private drive,01 - Daylight,03 - P.D. only,02 - Angle,Manotick - North Gower
9157,WALKLEY RD btwn RIVERSIDE DR & RIVER GARDEN PRIV,368430.8912,5024850.234,-75.68778771,45.36070839,2015-06-01,8:10,01 - Clear,01 - Dry,10 - No control,01 - Non intersection,01 - Daylight,03 - P.D. only,03 - Rear end,Riverside Park
9158,"EGLISE, RUE DE L @ MONTREAL RD",371157.7102,5033634.347,-75.65180333,45.43949159,2015-07-27,9:44,01 - Clear,01 - Dry,01 - Traffic signal,02 - Intersection related,01 - Daylight,03 - P.D. only,04 - Sideswipe,Vanier South
9159,TENTH LINE RD @ CHARLEMAGNE BLVD N/TOMPKINS AV,383183.9299,5037977.522,-75.49741146,45.47732284,2015-06-17,11:36,01 - Clear,01 - Dry,01 - Traffic signal,02 - Intersection related,01 - Daylight,03 - P.D. only,03 - Rear end,Queenswood Heights
9160,OLD INNES RD @ BANTREE ST,373727.822,5030352.85,-75.6194147,45.4097177,2015-06-18,13:50,01 - Clear,01 - Dry,02 - Stop sign,03 - At intersection,01 - Daylight,03 - P.D. only,04 - Sideswipe,Industrial Park
9161,JOCKVALE RD @ EXETER DR/TARTAN DR,363324.4002,5014771.614,-75.75415402,45.27046624,2015-07-13,17:53,01 - Clear,01 - Dry,11 - Roundabout,03 - At intersection,01 - Daylight,03 - P.D. only,03 - Rear end,Barrhaven West - Old Barrhaven
9162,BASELINE RD @ GREENBANK RD,360597.6843,5022584.14,-75.78802156,45.34098535,2015-07-14,7:17,01 - Clear,01 - Dry,01 - Traffic signal,02 - Intersection related,01 - Daylight,03 - P.D. only,03 - Rear end,Qualicum - Redwood Park
9163,BANK ST @ SUNNYSIDE AVE,368735.4294,5028580.468,-75.68341787,45.39424426,2015-06-28,20:10,02 - Rain,02 - Wet,01 - Traffic signal,02 - Intersection related,01 - Daylight,03 - P.D. only,03 - Rear end,Old Ottawa South
9164,MOODIE DR @ HWY 417 MOODIE IC134R63,356388.8276,5022480.034,-75.84173372,45.34037073,2015-01-29,16:16,03 - Snow,03 - Loose snow,01 - Traffic signal,02 - Intersection related,01 - Daylight,03 - P.D. only,03 - Rear end,Greenbelt
9165,REGIONAL ROAD 174 btwn HIGHWAY 417 & HWY417 IC113 RAMP65,373347.0702,5031738.869,-75.62408562,45.42222582,2015-01-31,5:16,01 - Clear,01 - Dry,10 - No control,01 - Non intersection,07 - Dark,03 - P.D. only,07 - SMV other,Pineview
9166,YORK ST btwn NELSON ST & BEAUSOLEIL DR,368612.9049,5032757.988,-75.68444173,45.43184334,2015-06-29,16:36,01 - Clear,01 - Dry,10 - No control,01 - Non intersection,01 - Daylight,03 - P.D. only,03 - Rear end,Lower Town
9167,MONTREAL RD @ 46 E OF HILLSIDE DR/MONTREAL SQU,371749.96,5033918.492,-75.64419528,45.44199173,2015-07-07,15:37,01 - Clear,01 - Dry,01 - Traffic signal,02 - Intersection related,01 - Daylight,03 - P.D. only,03 - Rear end,Cummings
9168,KENT ST btwn GLADSTONE AVE & MCLEOD ST,367756.9565,5030440.832,-75.69567616,45.41107192,2015-07-08,12:50,01 - Clear,01 - Dry,10 - No control,01 - Non intersection,01 - Daylight,03 - P.D. only,04 - Sideswipe,Centretown
9169,CARLING AVE WB btwn HWY417 IC124 RAMP76 & KIRKWOOD AVE,364203.7215,5027443.38,-75.74142834,45.38441205,2015-08-19,14:27,01 - Clear,01 - Dry,10 - No control,01 - Non intersection,01 - Daylight,03 - P.D. only,04 - Sideswipe,Westboro
9170,TALLWOOD DR @ AVENSHIRE GT/MERIDIAN PL,362815.4345,5022619.455,-75.75972125,45.34112322,2015-08-19,12:15,01 - Clear,01 - Dry,02 - Stop sign,03 - At intersection,01 - Daylight,03 - P.D. only,02 - Angle,Centrepointe
9171,RIVERSIDE DR btwn KIMBERWICK CRES & KIMBERWICK CRES,368178.9937,5022680.045,-75.69128087,45.34120434,2015-08-12,16:15,01 - Clear,01 - Dry,10 - No control,01 - Non intersection,01 - Daylight,03 - P.D. only,04 - Sideswipe,Hunt Club Woods - Quintarra - Revelstoke - Riverside South P
9172,STRANDHERD DR @ CEDARVIEW RD/TARTAN DR,362291.9333,5013544.327,-75.76745293,45.25950819,2015-08-13,10:00,01 - Clear,01 - Dry,01 - Traffic signal,03 - At intersection,01 - Daylight,03 - P.D. only,02 - Angle,New Barrhaven
9173,FAIRLEA CRES @ GORE PRIV,372051.0083,5026554.163,-75.64135209,45.3757018,2015-05-21,8:51,01 - Clear,01 - Dry,10 - No control,03 - At intersection,01 - Daylight,03 - P.D. only,02 - Angle,Ledbury - Heron Gate - Ridgemont - Elmwood
9174,BANK ST btwn EUCLID AVE & SUNNYSIDE AVE,368723.8979,5028606.414,-75.68356177,45.39447877,2015-05-21,14:22,01 - Clear,01 - Dry,10 - No control,01 - Non intersection,01 - Daylight,03 - P.D. only,04 - Sideswipe,Old Ottawa South
9175,RIVERSIDE DR NB btwn SMYTH RD SOUTH SIDE RAMP & SMYTH RD NORTH SIDE RA,369881.3498,5029263.772,-75.66869358,45.40028683,2015-05-28,15:57,01 - Clear,01 - Dry,10 - No control,01 - Non intersection,01 - Daylight,03 - P.D. only,03 - Rear end,Industrial Park
9176,GREENBANK RD @ MALVERN DR/FOXFIELD DR,363311.6864,5016193.352,-75.75414845,45.28326014,2015-07-27,16:50,01 - Clear,01 - Dry,01 - Traffic signal,02 - Intersection related,01 - Daylight,03 - P.D. only,03 - Rear end,Barrhaven West - Old Barrhaven
9177,PRINCESS AVE N @ LISGAR RD,368686.0329,5034388.673,-75.68329556,45.44650894,2015-07-28,10:12,01 - Clear,01 - Dry,02 - Stop sign,03 - At intersection,01 - Daylight,03 - P.D. only,01 - Approaching,Rockcliffe - Manor Park
9178,METCALFE ST @ SOMERSET ST,368009.6904,5031105.333,-75.69236238,45.4170281,2015-08-23,14:34,01 - Clear,01 - Dry,01 - Traffic signal,02 - Intersection related,01 - Daylight,03 - P.D. only,04 - Sideswipe,Centretown
9179,PRINCE OF WALES DR @ WEST HUNT CLUB RD,367457.6964,5021891.757,-75.70058357,45.33417627,2015-08-24,8:36,01 - Clear,01 - Dry,01 - Traffic signal,02 - Intersection related,01 - Daylight,03 - P.D. only,03 - Rear end,Industrial Park
9180,WOODROFFE AVE btwn TRANSIT & SPORTSPLEX S/TRANSIT,363801.1682,5020969.545,-75.74734103,45.32619525,2015-07-26,23:57,01 - Clear,01 - Dry,10 - No control,01 - Non intersection,07 - Dark,03 - P.D. only,07 - SMV other,Merivale Gardens - Grenfell Glen - Pineglen - Country Place
9181,MARKETPLACE AVE btwn GREENBANK RD & TRANSITWAY,364106.2398,5014656.695,-75.7442047,45.2693667,2015-05-21,12:00,01 - Clear,01 - Dry,10 - No control,04 - At/near private drive,01 - Daylight,03 - P.D. only,02 - Angle,New Barrhaven
9182,WEST HUNT CLUB RD @ CLEOPATRA DR/LANCELOT DR,365237.1414,5021731.413,-75.72893141,45.33292828,2015-08-14,13:47,02 - Rain,02 - Wet,01 - Traffic signal,03 - At intersection,01 - Daylight,03 - P.D. only,02 - Angle,Tanglewood
9183,ELKWOOD DR btwn REINDEER WAY & DEERMEADOW DR,374986.0372,5011415.523,-75.60602654,45.23920192,2015-07-26,23:30,01 - Clear,01 - Dry,10 - No control,01 - Non intersection,07 - Dark,03 - P.D. only,07 - SMV other,Kars - Osgoode
9184,GREENBANK RD btwn FALLOWFIELD RD & LARKIN DR,363105.1802,5016674.437,-75.75672404,45.28760611,2015-06-13,15:52,01 - Clear,01 - Dry,10 - No control,01 - Non intersection,01 - Daylight,03 - P.D. only,99 - Other,Barrhaven West - Old Barrhaven
9185,KATIMAVIK RD @ WHITNEY DR,352356.9011,5019380.101,-75.89347528,45.31276181,2015-06-13,9:19,02 - Rain,02 - Wet,01 - Traffic signal,03 - At intersection,01 - Daylight,03 - P.D. only,03 - Rear end,Katimavik - Hazeldean
9186,HUNT CLUB RD @ RIVERSIDE DR,368035.9823,5021945.859,-75.69319935,45.33461119,2015-07-16,16:35,01 - Clear,01 - Dry,01 - Traffic signal,02 - Intersection related,01 - Daylight,03 - P.D. only,04 - Sideswipe,Hunt Club Woods - Quintarra - Revelstoke - Riverside South P
9187,INDUSTRIAL AVE @ RUSSELL RD,372466.4493,5030279.193,-75.63553758,45.40917806,2015-07-17,21:43,02 - Rain,02 - Wet,01 - Traffic signal,03 - At intersection,07 - Dark,03 - P.D. only,05 - Turning movement,Industrial Park
9188,BROOKFIELD RD btwn RIVERSIDE DR/HOG'S BACK RD & 200 W OF FLANNERY DR,368270.7741,5026232.251,-75.68965377,45.37315794,2015-06-29,17:52,01 - Clear,01 - Dry,10 - No control,01 - Non intersection,01 - Daylight,03 - P.D. only,07 - SMV other,Riverside Park
9189,BANK ST @ GROVE AVE,368847.7107,5028372.909,-75.6820109,45.39236645,2015-06-29,19:38,01 - Clear,01 - Dry,02 - Stop sign,03 - At intersection,01 - Daylight,03 - P.D. only,02 - Angle,Old Ottawa South
9190,BLAIR RD @ REGIONAL RD 174 S/OR174 IC112 RAMP15,374907.2342,5032662.135,-75.6040204,45.43037825,2015-01-31,5:40,01 - Clear,01 - Dry,01 - Traffic signal,03 - At intersection,07 - Dark,03 - P.D. only,04 - Sideswipe,Pineview
9191,SUNNYSIDE AVE btwn GROSVENOR AVE & BANK ST,368687.8076,5028549.297,-75.68403007,45.39396814,2015-07-09,11:43,01 - Clear,01 - Dry,10 - No control,01 - Non intersection,01 - Daylight,03 - P.D. only,03 - Rear end,Old Ottawa South
9192,BESSERER ST @ NICHOLAS ST,368187.1503,5032111.22,-75.68996577,45.42606267,2015-07-09,18:09,01 - Clear,01 - Dry,01 - Traffic signal,02 - Intersection related,01 - Daylight,03 - P.D. only,03 - Rear end,Byward Market - Parliament Hill
9193,GLADSTONE AVE @ LEBRETON ST,366854.259,5029921.488,-75.70727307,45.40647963,2015-07-08,15:57,01 - Clear,01 - Dry,02 - Stop sign,03 - At intersection,01 - Daylight,03 - P.D. only,02 - Angle,Centretown West
9194,WEST HUNT CLUB RD @ WOODROFFE AVE,363669.9703,5021246.849,-75.74898156,45.32870143,2015-08-19,18:07,01 - Clear,01 - Dry,01 - Traffic signal,02 - Intersection related,01 - Daylight,03 - P.D. only,03 - Rear end,Woodvale - Craig Henry - Manordale - Estates of Arlington Wo
9195,BLANCHFIELD RD @ SNAKE ISLAND RD,376780.3026,5005552.285,-75.58402284,45.18626489,2015-08-10,7:00,01 - Clear,01 - Dry,02 - Stop sign,02 - Intersection related,01 - Daylight,03 - P.D. only,03 - Rear end,Kars - Osgoode
9196,FRANKTOWN RD @ JOY'S RD E,355292.1807,5004917.56,-75.85751082,45.18241909,2015-08-15,15:30,01 - Clear,01 - Dry,02 - Stop sign,03 - At intersection,01 - Daylight,03 - P.D. only,05 - Turning movement,Munster Hamlet - Richmond
9197,ST. LAURENT BLVD btwn MEADOW PARK PL & KAREN WAY,371218.2885,5034601.602,-75.65089854,45.44818875,2015-05-21,14:00,01 - Clear,01 - Dry,10 - No control,01 - Non intersection,01 - Daylight,03 - P.D. only,04 - Sideswipe,Cemetery
9198,CAMBRIDGE ST @ CLEMOW AVE,367325.4486,5029340.866,-75.70132795,45.40121343,2015-05-22,12:34,01 - Clear,01 - Dry,02 - Stop sign,02 - Intersection related,01 - Daylight,03 - P.D. only,99 - Other,The Glebe Annex
9199,MITCH OWENS RD @ DOZOIS RD/LIMEBANK RD,371675.1072,5012108.42,-75.64810054,45.24575879,2015-05-28,19:00,01 - Clear,01 - Dry,01 - Traffic signal,03 - At intersection,01 - Daylight,03 - P.D. only,04 - Sideswipe,Manotick
9200,ST. JOSEPH BLVD/OLD MONTREAL RD @ TRIM RD,384685.5394,5039288.652,-75.47799452,45.48894893,2015-05-29,12:07,01 - Clear,01 - Dry,11 - Roundabout,02 - Intersection related,01 - Daylight,03 - P.D. only,07 - SMV other,Cardinal Creek
9201,WEST HUNT CLUB RD btwn PRINCE OF WALES DR & TURN LANE,367522.8544,5021888.26,-75.69975278,45.33413898,2015-07-29,16:42,01 - Clear,01 - Dry,10 - No control,01 - Non intersection,01 - Daylight,03 - P.D. only,03 - Rear end,Industrial Park
9202,KIRKWOOD AVE N @ CARLING AVE,364276.4129,5027492.453,-75.74049426,45.38484743,2015-05-14,14:22,01 - Clear,01 - Dry,01 - Traffic signal,03 - At intersection,01 - Daylight,03 - P.D. only,02 - Angle,Westboro
9203,BANK ST btwn KITCHENER AVE & TO BE DETERMINED,370544.7978,5025492.794,-75.66072226,45.36629489,2015-05-24,18:32,01 - Clear,01 - Dry,10 - No control,01 - Non intersection,01 - Daylight,03 - P.D. only,07 - SMV other,Ledbury - Heron Gate - Ridgemont - Elmwood
9204,KIRKWOOD AVE @ MERIVALE RD,364853.7014,5026646.903,-75.73322587,45.37719008,2015-07-27,8:55,01 - Clear,01 - Dry,01 - Traffic signal,03 - At intersection,01 - Daylight,03 - P.D. only,05 - Turning movement,Carlington
9205,BAY ST @ SPARKS ST,366856.6985,5031279.229,-75.70707096,45.41869597,2015-07-17,23:16,02 - Rain,02 - Wet,01 - Traffic signal,03 - At intersection,07 - Dark,03 - P.D. only,02 - Angle,Downtown
9206,SPRATT RD btwn EARL ARMSTRONG RD & RIDEAU RD,368751.3037,5014082.772,-75.68508796,45.26379556,2015-07-25,6:40,01 - Clear,01 - Dry,10 - No control,01 - Non intersection,01 - Daylight,03 - P.D. only,07 - SMV other,Greenbelt
9207,PRINCE OF WALES DR @ WEST HUNT CLUB RD,367458.7103,5021891.143,-75.70057072,45.33417065,2015-06-12,17:00,02 - Rain,02 - Wet,01 - Traffic signal,02 - Intersection related,01 - Daylight,03 - P.D. only,03 - Rear end,Industrial Park
9208,TENTH LINE RD @ CHARLEMAGNE BLVD N/TOMPKINS AV,383184.6506,5037976.801,-75.49740235,45.47731627,2015-06-12,14:52,02 - Rain,02 - Wet,01 - Traffic signal,02 - Intersection related,01 - Daylight,03 - P.D. only,03 - Rear end,Queenswood Heights
9209,STAGECOACH RD btwn JACK PINE CRES & JACK PINE CRES,375877.0357,5013421.68,-75.59439231,45.25716335,2015-06-22,11:12,01 - Clear,01 - Dry,10 - No control,01 - Non intersection,01 - Daylight,03 - P.D. only,07 - SMV other,Greely
9210,CARP RD @ MARCH RD,342163.8346,5021732.148,-76.02329161,45.33454282,2015-06-23,9:33,02 - Rain,02 - Wet,01 - Traffic signal,02 - Intersection related,01 - Daylight,03 - P.D. only,07 - SMV other,Carp - Hardwood Plains
9211,REGIONAL ROAD 174 btwn OR174 IC105 RAMP25 & OR174 IC102 RAMP51,380875.8819,5037830.501,-75.52695152,45.47625535,2015-07-21,15:23,01 - Clear,01 - Dry,10 - No control,01 - Non intersection,01 - Daylight,03 - P.D. only,04 - Sideswipe,Industrial Park
9212,DATA CENTRE RD @ HERON RD,368940.2836,5026732.18,-75.68104193,45.3775952,2015-07-22,18:32,01 - Clear,01 - Dry,02 - Stop sign,02 - Intersection related,01 - Daylight,03 - P.D. only,03 - Rear end,Alta Vista
9213,ROSSLAND AVE btwn PENDER ST & ST. HELEN'S PL,364363.3981,5023961.963,-75.73980923,45.35307323,2015-06-30,3:01,01 - Clear,01 - Dry,10 - No control,01 - Non intersection,07 - Dark,03 - P.D. only,06 - SMV unattended vehicle,Crestview - Meadowlands
9214,CATHERINE ST @ KENT ST,367907.6625,5030188.497,-75.69378327,45.40878791,2015-03-27,12:24,02 - Rain,02 - Wet,01 - Traffic signal,03 - At intersection,01 - Daylight,03 - P.D. only,05 - Turning movement,Centretown
9215,CENTREPOINTE DR btwn 90 N OF EPSILON WAY & PLUNKETT CRT,362599.9656,5022723.118,-75.7624583,45.34207376,2015-07-25,13:59,01 - Clear,01 - Dry,10 - No control,01 - Non intersection,01 - Daylight,03 - P.D. only,04 - Sideswipe,Centrepointe
9216,KELLY AVE @ PINECREST RD,360277.6825,5023951.711,-75.79195107,45.35331612,2015-07-31,18:00,01 - Clear,01 - Dry,02 - Stop sign,03 - At intersection,01 - Daylight,03 - P.D. only,02 - Angle,Whitehaven - Queensway Terrace North
9217,SLATER ST btwn KENT ST & BANK ST,367333.8305,5031297.787,-75.70097265,45.41882047,2015-07-09,16:57,01 - Clear,01 - Dry,10 - No control,04 - At/near private drive,01 - Daylight,03 - P.D. only,02 - Angle,Downtown
9218,LORRY GREENBERG DR @ ZAIDAN DR,372746.8117,5025379.528,-75.6326308,45.36506577,2015-07-12,19:19,01 - Clear,01 - Dry,02 - Stop sign,02 - Intersection related,01 - Daylight,03 - P.D. only,06 - SMV unattended vehicle,Greenboro East
9219,HAMPSTEAD PL @ WALKLEY RD,370683.4349,5026147.733,-75.65886531,45.3721748,2015-08-19,20:36,01 - Clear,01 - Dry,01 - Traffic signal,02 - Intersection related,07 - Dark,03 - P.D. only,03 - Rear end,Ledbury - Heron Gate - Ridgemont - Elmwood
9220,GREENBANK RD @ LISA AVE,360553.9544,5022893.132,-75.78854468,45.34376914,2015-08-20,10:22,01 - Clear,01 - Dry,01 - Traffic signal,02 - Intersection related,01 - Daylight,03 - P.D. only,03 - Rear end,Iris
9221,WOODROFFE AVE @ KNOXDALE RD/MEDHURST DR,363420.4106,5021826.127,-75.75209638,45.33393462,2015-08-17,20:11,01 - Clear,01 - Dry,01 - Traffic signal,02 - Intersection related,05 - Dusk,03 - P.D. only,03 - Rear end,Woodvale - Craig Henry - Manordale - Estates of Arlington Wo
9222,THISTLEDOWN CRT btwn MALVERN DR & MALVERN DR,363145.4662,5015912.333,-75.75630013,45.28074534,2015-08-20,11:31,01 - Clear,01 - Dry,10 - No control,01 - Non intersection,01 - Daylight,03 - P.D. only,06 - SMV unattended vehicle,Barrhaven West - Old Barrhaven
9223,MEADOWBREEZE DR btwn ACCEPTANCE PL & FLOWING CREEK CIR,356218.8637,5015253.162,-75.84465208,45.27535474,2015-10-14,11:19,01 - Clear,01 - Dry,10 - No control,01 - Non intersection,01 - Daylight,03 - P.D. only,99 - Other,Bridlewood - Emerald Meadows
9224,BRANTHAVEN ST E @ SOUTHFIELD WAY,384785.4441,5034840.459,-75.47744058,45.44891689,2015-05-24,18:00,01 - Clear,01 - Dry,02 - Stop sign,03 - At intersection,01 - Daylight,03 - P.D. only,02 - Angle,Avalon
9225,STAR TOP RD btwn Continuation of STAR TOP RD & INNES RD,374100.2546,5030789.647,-75.61459586,45.413611,2015-05-29,14:40,01 - Clear,01 - Dry,10 - No control,04 - At/near private drive,01 - Daylight,03 - P.D. only,05 - Turning movement,Industrial Park
9226,PRESTWICK DR btwn DUVAL LANE & DES EPINETTES AVE,383278.5451,5036699.525,-75.49640556,45.46581395,2015-05-29,14:55,01 - Clear,01 - Dry,10 - No control,04 - At/near private drive,01 - Daylight,03 - P.D. only,02 - Angle,Queenswood Heights
9227,COLONIAL RD @ FRANK KENNY RD,390200.0898,5032047.143,-75.40871482,45.42314508,2015-05-29,17:00,01 - Clear,01 - Dry,02 - Stop sign,03 - At intersection,01 - Daylight,03 - P.D. only,02 - Angle,Navan - Vars
9228,MERIVALE RD @ SHILLINGTON AVE,364844.6942,5026809.178,-75.73332113,45.37865097,2015-08-31,10:17,01 - Clear,01 - Dry,01 - Traffic signal,02 - Intersection related,01 - Daylight,03 - P.D. only,03 - Rear end,Carlington
9229,CARLING AVE EB btwn WOODROFFE AVE & WOODROFFE AVE,361801.5575,5025745.333,-75.77229688,45.36933279,2015-08-31,10:32,01 - Clear,01 - Dry,10 - No control,01 - Non intersection,01 - Daylight,03 - P.D. only,07 - SMV other,Carlingwood West - Glabar Park - McKellar Heights
9230,PRINCE OF WALES DR btwn FALLOWFIELD RD & AMBERWOOD CRES,367393.9442,5019243.227,-75.70173163,45.3103509,2015-06-10,7:50,01 - Clear,01 - Dry,10 - No control,01 - Non intersection,01 - Daylight,03 - P.D. only,03 - Rear end,Greenbelt
9231,FALLOWFIELD RD @ RICHMOND RD,357721.6356,5013529.776,-75.82568379,45.25973591,2015-06-10,9:32,01 - Clear,01 - Dry,01 - Traffic signal,02 - Intersection related,01 - Daylight,03 - P.D. only,03 - Rear end,Munster Hamlet - Richmond
9232,BANFF AVE @ KITCHENER AVE,370723.0042,5025605.982,-75.65843248,45.36729658,2015-04-21,17:45,01 - Clear,01 - Dry,02 - Stop sign,02 - Intersection related,01 - Daylight,03 - P.D. only,03 - Rear end,Ledbury - Heron Gate - Ridgemont - Elmwood
9233,HUNT CLUB RD @ LORRY GREENBERG DR/SABLE RIDGE ,372823.7387,5024807.865,-75.63172759,45.3599147,2015-04-20,20:03,02 - Rain,02 - Wet,01 - Traffic signal,02 - Intersection related,07 - Dark,03 - P.D. only,03 - Rear end,Greenboro East
9234,KANATA AVE @ EARL GREY DR,350951.1554,5019286.698,-75.91141142,45.31201514,2015-06-15,19:45,02 - Rain,02 - Wet,01 - Traffic signal,02 - Intersection related,01 - Daylight,03 - P.D. only,03 - Rear end,Kanata
9235,RICHMOND RD @ WEST HUNT CLUB RD,357146.368,5018152.102,-75.8325257,45.30137142,2015-06-16,7:08,02 - Rain,02 - Wet,01 - Traffic signal,03 - At intersection,01 - Daylight,03 - P.D. only,05 - Turning movement,Greenbelt
9236,CARLING AVE @ MERIVALE RD,364894.7038,5027699.098,-75.73257431,45.38665402,2015-04-04,23:40,01 - Clear,01 - Dry,01 - Traffic signal,03 - At intersection,07 - Dark,03 - P.D. only,02 - Angle,Carlington
9237,COOPER ST @ O'CONNOR ST,367808.7112,5031086.652,-75.69493245,45.41687814,2015-05-07,16:00,01 - Clear,01 - Dry,02 - Stop sign,03 - At intersection,01 - Daylight,03 - P.D. only,02 - Angle,Centretown
9238,GALETTA SIDE RD @ TORBOLTON RIDGE RD,331903.5969,5038645.879,-76.1532645,45.48721086,2015-05-19,13:42,01 - Clear,01 - Dry,02 - Stop sign,03 - At intersection,01 - Daylight,03 - P.D. only,02 - Angle,Dirleton
9239,STONEHAVEN DR @ SAWYER WAY/SUMMITVIEW DR,356562.387,5015861.411,-75.84021064,45.28080268,2015-06-03,17:45,01 - Clear,01 - Dry,02 - Stop sign,03 - At intersection,01 - Daylight,03 - P.D. only,07 - SMV other,Bridlewood - Emerald Meadows
9240,MACKENZIE AVE @ RIDEAU ST,367867.7715,5032009.098,-75.69405983,45.42517268,2015-03-24,12:00,01 - Clear,01 - Dry,01 - Traffic signal,03 - At intersection,01 - Daylight,03 - P.D. only,02 - Angle,Byward Market - Parliament Hill
9241,BASELINE RD @ FISHER AVE,366167.4165,5026026.725,-75.71653079,45.37149601,2015-03-27,19:37,03 - Snow,03 - Loose snow,01 - Traffic signal,02 - Intersection related,07 - Dark,03 - P.D. only,03 - Rear end,Civic Hospital - Experimental Farm - Central Park