Record,Location,X,Y,lon,lat,Date,Time,Environment,Road_Surface,Traffic_Control,Collision_Location,Light,Collision_Classification,Impact_type,Neighborhood
9242,BASELINE RD @ CENTREPOINTE DR E/HIGHGATE RD,362061.6866,5023465.145,-75.76924041,45.34879462,2015-08-01,21:04,01 - Clear,01 - Dry,01 - Traffic signal,03 - At intersection,07 - Dark,03 - P.D. only,05 - Turning movement,Iris
9243,GLADSTONE AVE @ ROCHESTER ST,366663.4187,5029787.205,-75.70972762,45.40528828,2015-08-05,7:58,01 - Clear,01 - Dry,01 - Traffic signal,02 - Intersection related,01 - Daylight,03 - P.D. only,04 - Sideswipe,Little Italy
9244,MAPLE GROVE RD @ TERRY FOX DR,351554.5271,5017865.153,-75.90385083,45.2991838,2015-08-26,17:26,01 - Clear,02 - Wet,01 - Traffic signal,02 - Intersection related,01 - Daylight,03 - P.D. only,03 - Rear end,Katimavik - Hazeldean
9245,BURRIS LANE @ MERIVALE RD,364881.2865,5025068.018,-75.73306573,45.36298117,2015-08-26,17:22,02 - Rain,02 - Wet,01 - Traffic signal,02 - Intersection related,01 - Daylight,03 - P.D. only,03 - Rear end,Cityview - Skyline - Fisher Heights
9246,ISABELLA ST/HWY417 IC119AR75 @ METCALFE ST,368447.2651,5030399.204,-75.68686319,45.41063492,2015-07-20,17:31,01 - Clear,01 - Dry,01 - Traffic signal,03 - At intersection,01 - Daylight,03 - P.D. only,04 - Sideswipe,The Glebe
9247,INDUSTRIAL AVE @ ALTA VISTA DR/SANDFORD FLEMIN,370885.4445,5030555.768,-75.65569615,45.41181764,2015-07-13,7:30,01 - Clear,01 - Dry,01 - Traffic signal,02 - Intersection related,01 - Daylight,03 - P.D. only,03 - Rear end,Industrial Park
9248,SECOND AVE @ BRONSON AVE,367519.8015,5029162.557,-75.6988683,45.39959167,2015-08-12,8:55,01 - Clear,01 - Dry,02 - Stop sign,02 - Intersection related,01 - Daylight,03 - P.D. only,05 - Turning movement,The Glebe
9249,FISHER AVE @ MEADOWLANDS DR,366575.7856,5025045.806,-75.71144035,45.36263403,2015-06-26,13:07,01 - Clear,01 - Dry,01 - Traffic signal,02 - Intersection related,01 - Daylight,03 - P.D. only,04 - Sideswipe,Carleton Heights - Rideauview
9250,MURRAY ST btwn NELSON ST & BEAUSOLEIL DR,368498.2045,5032880.681,-75.68589163,45.43295775,2015-04-28,13:43,01 - Clear,01 - Dry,10 - No control,01 - Non intersection,01 - Daylight,03 - P.D. only,06 - SMV unattended vehicle,Lower Town
9251,ALLEN BLVD @ MCARTHUR AVE,370749.2637,5032749.932,-75.65714208,45.43157266,2015-05-12,16:00,01 - Clear,01 - Dry,01 - Traffic signal,02 - Intersection related,01 - Daylight,03 - P.D. only,99 - Other,Vanier South
9252,BANK ST btwn ALTA VISTA DR & ERIE AVE,370215.5092,5026277.593,-75.66482149,45.37338707,2015-08-20,8:51,01 - Clear,01 - Dry,10 - No control,04 - At/near private drive,01 - Daylight,03 - P.D. only,03 - Rear end,Ledbury - Heron Gate - Ridgemont - Elmwood
9253,FIELDSTONE CRES btwn GREY NUNS DR & GREY NUNS DR,379883.0397,5037121.947,-75.53975694,45.46998781,2015-06-11,0:00,01 - Clear,01 - Dry,10 - No control,01 - Non intersection,00 - Unknown,03 - P.D. only,06 - SMV unattended vehicle,Industrial Park
9254,AIRPORT PKWY btwn BROOKFIELD RAMP 34 & BROOKFIELD RAMP 52B,368790.1677,5026439.11,-75.68299642,45.37497196,2015-06-11,8:28,01 - Clear,02 - Wet,10 - No control,01 - Non intersection,01 - Daylight,03 - P.D. only,03 - Rear end,Riverside Park
9255,ST. LAURENT BLVD btwn THURSTON DR & WALKLEY RD,373942.2822,5027614.03,-75.61705909,45.38505394,2015-01-14,8:17,01 - Clear,01 - Dry,10 - No control,01 - Non intersection,01 - Daylight,03 - P.D. only,06 - SMV unattended vehicle,Industrial Park
9256,ROGER GUINDON AVE @ SMYTH RD,371933.1893,5029225.801,-75.6424928,45.39975143,2015-06-16,7:15,02 - Rain,02 - Wet,01 - Traffic signal,03 - At intersection,01 - Daylight,03 - P.D. only,05 - Turning movement,Elmvale - Eastway - Riverview - Riverview Park West
9257,CARP RD btwn KINBURN SIDE RD & BAIRD SIDE RD,332294.4634,5030714.158,-76.14870761,45.41582323,2015-06-16,4:55,01 - Clear,01 - Dry,10 - No control,01 - Non intersection,03 - Dawn,03 - P.D. only,07 - SMV other,Car
9258,NELSON ST btwn OSGOODE ST & SOMERSET ST E,369006.4481,5031912.718,-75.67952278,45.4242019,2015-04-13,16:30,01 - Clear,01 - Dry,10 - No control,01 - Non intersection,01 - Daylight,03 - P.D. only,06 - SMV unattended vehicle,Sandy Hill
9259,CAROLINE AVE btwn SPENCER ST & WELLINGTON ST W,364747.6404,5029107.223,-75.7342811,45.39933664,2015-04-13,16:35,01 - Clear,01 - Dry,10 - No control,04 - At/near private drive,01 - Daylight,03 - P.D. only,02 - Angle,Island Park
9260,CARLETON AVE @ SCOTT ST,364115.414,5029213.479,-75.74234311,45.40034656,2015-05-07,19:53,01 - Clear,01 - Dry,01 - Traffic signal,03 - At intersection,05 - Dusk,03 - P.D. only,05 - Turning movement,Island Park
9261,DEAKIN ST @ PRINCE OF WALES DR,367390.7111,5021523.127,-75.70148473,45.33086538,2015-05-15,15:01,01 - Clear,01 - Dry,01 - Traffic signal,02 - Intersection related,01 - Daylight,03 - P.D. only,04 - Sideswipe,Industrial Park
9262,CUMMINGS AVE btwn WELDON DR & OGILVIE RD,372740.0716,5032188.964,-75.63177905,45.42633477,2015-05-23,16:52,01 - Clear,01 - Dry,10 - No control,04 - At/near private drive,01 - Daylight,03 - P.D. only,05 - Turning movement,Cummings
9263,ST. JOSEPH BLVD btwn ST. JEAN ST & BELCOURT BLVD,381147.8033,5037320.038,-75.52355334,45.47163295,2015-05-26,13:45,01 - Clear,01 - Dry,10 - No control,04 - At/near private drive,01 - Daylight,03 - P.D. only,05 - Turning movement,Orleans Village - Chateauneuf
9264,CARLING AVE @ SCRIVENS ST,359424.3887,5024258.151,-75.80280678,45.35614046,2015-06-04,16:18,01 - Clear,01 - Dry,01 - Traffic signal,02 - Intersection related,01 - Daylight,03 - P.D. only,03 - Rear end,Bayshore
9265,RUSSELL AVE @ TEMPLETON ST,369361.6705,5031686.097,-75.67501366,45.42213016,2015-04-01,14:53,01 - Clear,01 - Dry,02 - Stop sign,03 - At intersection,01 - Daylight,03 - P.D. only,02 - Angle,Sandy Hill
9266,RAVEN AVE @ KIRKWOOD AVE,364691.4188,5026773.184,-75.73528242,45.37834022,2015-08-02,12:16,01 - Clear,01 - Dry,02 - Stop sign,03 - At intersection,01 - Daylight,03 - P.D. only,04 - Sideswipe,Carlington
9267,BARLOW CRES btwn HEATHER ST & STRODE AVE,345821.7873,5036259.605,-75.97541502,45.46505971,2015-08-02,15:47,01 - Clear,01 - Dry,10 - No control,01 - Non intersection,01 - Daylight,03 - P.D. only,07 - SMV other,Car
9268,HOLLAND AVE @ KENILWORTH ST,365215.418,5028498.353,-75.72838123,45.39381796,2015-08-05,9:40,01 - Clear,01 - Dry,01 - Traffic signal,02 - Intersection related,01 - Daylight,03 - P.D. only,03 - Rear end,Civic Hospital - Experimental Farm - Central Park
9269,DICKINSON AVE btwn FIELDING CRT & NOBLE CRES,368636.125,5024356.079,-75.6852321,45.35624345,2015-08-05,12:14,01 - Clear,01 - Dry,10 - No control,01 - Non intersection,01 - Daylight,03 - P.D. only,02 - Angle,Hunt Club Woods - Quintarra - Revelstoke - Riverside South P
9270,CARLING AVE @ ROSEVIEW AVE,359358.2121,5024200.654,-75.8036577,45.35562825,2015-08-25,16:51,01 - Clear,01 - Dry,02 - Stop sign,02 - Intersection related,01 - Daylight,03 - P.D. only,04 - Sideswipe,Whitehaven - Queensway Terrace North
9271,O'KEEFE CRT btwn FOXTAIL AVE & FALLOWFIELD RD,360776.9827,5015334.868,-75.7865527,45.27574184,2015-08-26,16:49,01 - Clear,01 - Dry,10 - No control,01 - Non intersection,01 - Daylight,03 - P.D. only,03 - Rear end,Munster Hamlet - Richmond
9272,FALLOWFIELD RD btwn MUNSTER RD & CONLEY RD,347253.3732,5005114.709,-75.95977908,45.18472275,2015-07-10,22:27,01 - Clear,01 - Dry,10 - No control,01 - Non intersection,07 - Dark,03 - P.D. only,07 - SMV other,Munster Hamlet - Richmond
9273,BASELINE RD/HERON RD @ PRINCE OF WALES DR,366873.3461,5026439.163,-75.70746732,45.37514487,2015-08-12,8:13,01 - Clear,01 - Dry,01 - Traffic signal,02 - Intersection related,01 - Daylight,03 - P.D. only,03 - Rear end,Civic Hospital - Experimental Farm - Central Park
9274,TRENHOLM LANE @ VARENNES BLVD,385143.4498,5037769.128,-75.47238584,45.47522519,2015-08-11,19:36,02 - Rain,02 - Wet,02 - Stop sign,03 - At intersection,05 - Dusk,03 - P.D. only,02 - Angle,Cardinal Creek
9275,BASELINE RD/HWY 416 RICHMOND IC75R53 @ RICHMON,358635.6085,5021821.289,-75.8131388,45.3342745,2015-06-16,13:36,01 - Clear,01 - Dry,01 - Traffic signal,02 - Intersection related,01 - Daylight,03 - P.D. only,03 - Rear end,Greenbelt
9276,TENTH LINE RD btwn 275 N OF DES EPINETTES AVE/FALLINGBROOK SC & DES EP,383631.6057,5036923.159,-75.4918554,45.46778625,2015-06-03,14:55,01 - Clear,01 - Dry,10 - No control,01 - Non intersection,01 - Daylight,03 - P.D. only,03 - Rear end,OrlÃ©ans
9277,COVENTRY RD @ VANIER PKWY,370675.6642,5031612.063,-75.6582348,45.42134153,2015-05-15,9:29,01 - Clear,01 - Dry,01 - Traffic signal,02 - Intersection related,01 - Daylight,03 - P.D. only,03 - Rear end,Overbrook
9278,BANK ST @ JOHNSTON RD,370851.7305,5024839.168,-75.65689185,45.36038492,2015-05-15,13:42,01 - Clear,01 - Dry,01 - Traffic signal,02 - Intersection related,01 - Daylight,03 - P.D. only,03 - Rear end,South Keys - Heron Gate - Greenboro West
9279,TOPLEY CRES btwn KARSH DR & KEYS WAY (1),374167.3079,5026387.75,-75.61435816,45.37399818,2015-08-06,11:45,01 - Clear,01 - Dry,10 - No control,01 - Non intersection,01 - Daylight,03 - P.D. only,01 - Approaching,Hunt Club
9280,HERON RD @ KALADAR AVE,369687.1648,5026802.736,-75.6714973,45.37816127,2015-08-06,7:43,01 - Clear,01 - Dry,01 - Traffic signal,02 - Intersection related,01 - Daylight,03 - P.D. only,03 - Rear end,Alta Vista
9281,BANK ST btwn QUEENSDALE AVE & LESTER RD,373410.9771,5023373.081,-75.62443191,45.34694784,2015-06-11,9:44,01 - Clear,01 - Dry,10 - No control,04 - At/near private drive,01 - Daylight,03 - P.D. only,02 - Angle,Blossom Park - Blossom Park West - Sawmill Creek/ Timbermill
9282,MEADOWBREEZE DR btwn ACCEPTANCE PL & FLOWING CREEK CIR,356218.8637,5015253.162,-75.84465208,45.27535474,2015-10-02,0:00,01 - Clear,01 - Dry,10 - No control,01 - Non intersection,00 - Unknown,03 - P.D. only,06 - SMV unattended vehicle,Bridlewood - Emerald Meadows
9283,ST. JOSEPH BLVD btwn GREY NUNS DR & BOYER RD,380329.4,5036781.803,-75.53410149,45.46687933,2015-04-13,12:20,01 - Clear,01 - Dry,10 - No control,04 - At/near private drive,01 - Daylight,03 - P.D. only,05 - Turning movement,Industrial Park
9284,OLD MONTREAL RD W @ REGIONAL RD 174,392541.4455,5042742.534,-75.37689176,45.51907913,2015-04-13,11:30,01 - Clear,01 - Dry,02 - Stop sign,03 - At intersection,01 - Daylight,03 - P.D. only,07 - SMV other,Cumberland - Estates
9285,PRESTON ST btwn BEECH ST & NORMAN ST,366691.3343,5029253.274,-75.70943806,45.40048165,2015-05-27,8:50,01 - Clear,01 - Dry,10 - No control,01 - Non intersection,01 - Daylight,03 - P.D. only,04 - Sideswipe,Little Italy
9286,ST. JOSEPH BLVD btwn YOUVILLE DR & NOTRE DAME ST W,379357.0176,5036206.955,-75.54662213,45.46181175,2015-06-16,9:14,02 - Rain,02 - Wet,10 - No control,01 - Non intersection,01 - Daylight,03 - P.D. only,04 - Sideswipe,Chapel Hill
9287,GLADSTONE AVE btwn PERCY ST & BAY ST,367366.9067,5030232.152,-75.70068534,45.40922926,2015-04-14,15:55,01 - Clear,01 - Dry,10 - No control,01 - Non intersection,01 - Daylight,03 - P.D. only,04 - Sideswipe,Centretown
9288,HUNT CLUB RD btwn DUNSTON TER & CAHILL DR,372239.1359,5024442.428,-75.63923862,45.35668311,2015-04-15,8:11,01 - Clear,01 - Dry,10 - No control,01 - Non intersection,01 - Daylight,03 - P.D. only,04 - Sideswipe,Greenboro East
9289,ALBERT ST btwn KENT ST & BANK ST,367374.8853,5031417.447,-75.70043293,45.41989346,2015-05-19,14:01,01 - Clear,01 - Dry,10 - No control,01 - Non intersection,01 - Daylight,03 - P.D. only,04 - Sideswipe,Downtown
9290,CARLING AVE @ MERIVALE RD,364894.7038,5027700.184,-75.73257418,45.38666379,2015-05-27,16:41,01 - Clear,01 - Dry,01 - Traffic signal,03 - At intersection,01 - Daylight,03 - P.D. only,02 - Angle,Carlington
9291,LAURIER AVE @ QUEEN ELIZABETH DRWY/LAURIER AVE,368075.783,5031624.163,-75.69145137,45.42169038,2015-06-04,19:16,01 - Clear,01 - Dry,01 - Traffic signal,02 - Intersection related,01 - Daylight,03 - P.D. only,03 - Rear end,Golden Triangle
9292,CARTIER ST btwn GILMOUR ST & LEWIS ST,368424.5414,5031114.501,-75.68706114,45.41707299,2015-06-04,22:34,01 - Clear,01 - Dry,10 - No control,01 - Non intersection,07 - Dark,03 - P.D. only,06 - SMV unattended vehicle,Golden Triangle
9293,ARLINGTON AVE @ KENT ST,367869.6734,5030256.125,-75.69425989,45.40939983,2015-04-07,20:07,01 - Clear,01 - Dry,01 - Traffic signal,02 - Intersection related,07 - Dark,03 - P.D. only,04 - Sideswipe,Centretown
9294,CARLING AVE WB btwn BOYCE AVE & SCRIVENS ST,359387.759,5024235.945,-75.80327672,45.3559435,2015-04-08,8:45,01 - Clear,01 - Dry,10 - No control,04 - At/near private drive,01 - Daylight,03 - P.D. only,02 - Angle,Bayshore
9295,WELLINGTON ST btwn KENT ST & BANK ST,367170.5343,5031573.995,-75.703024,45.42132028,2015-08-02,16:20,01 - Clear,01 - Dry,10 - No control,01 - Non intersection,01 - Daylight,03 - P.D. only,03 - Rear end,Downtown
9296,HUNTMAR DR btwn PALLADIUM DR & MAPLE GROVE RD,349964.569,5017044.771,-75.92419745,45.29190577,2015-08-02,21:03,01 - Clear,01 - Dry,10 - No control,01 - Non intersection,07 - Dark,03 - P.D. only,07 - SMV other,Stittsville - Basswood
9297,ROSEMOUNT AVE btwn WELLINGTON ST W & GLADSTONE AVE,365379.9081,5029394.529,-75.72617051,45.40186733,2015-08-06,14:16,01 - Clear,01 - Dry,10 - No control,04 - At/near private drive,01 - Daylight,03 - P.D. only,06 - SMV unattended vehicle,Civi
9298,NEPEAN ST btwn O'CONNOR ST & METCALFE ST,367729.8354,5031232.922,-75.69592148,45.41820133,2015-08-26,16:07,01 - Clear,01 - Dry,10 - No control,01 - Non intersection,01 - Daylight,03 - P.D. only,06 - SMV unattended vehicle,Centretown
9299,BESSERER ST @ WALLER ST,368315.9333,5032190.897,-75.68830992,45.4267679,2015-07-01,12:30,02 - Rain,02 - Wet,01 - Traffic signal,03 - At intersection,01 - Daylight,03 - P.D. only,04 - Sideswipe,Byward Market - Parliament Hill
9300,CAPILANO DR btwn WITHROW AVE & KERRY CRES,364656.1227,5024242.544,-75.73603964,45.35557293,2015-05-30,17:59,01 - Clear,01 - Dry,10 - No control,01 - Non intersection,01 - Daylight,03 - P.D. only,05 - Turning movement,Cityview - Skyline - Fisher Heights
9301,COOPER ST @ BANK ST,367650.1517,5030990.932,-75.69697039,45.41603114,2015-05-29,16:41,01 - Clear,01 - Dry,02 - Stop sign,03 - At intersection,01 - Daylight,03 - P.D. only,02 - Angle,Centretown
9302,STITTSVILLE MAIN ST @ HAZELDEAN RD,349559.8395,5014878.357,-75.92955248,45.27243755,2015-08-25,15:51,01 - Clear,01 - Dry,01 - Traffic signal,02 - Intersection related,01 - Daylight,03 - P.D. only,03 - Rear end,Stittsville
9303,PRINCE OF WALES DR @ WEST HUNT CLUB RD,367457.9896,5021891.143,-75.70057991,45.33417071,2015-05-26,22:17,01 - Clear,01 - Dry,01 - Traffic signal,02 - Intersection related,07 - Dark,03 - P.D. only,03 - Rear end,Industrial Park
9304,CANYON WALK DR btwn MOUNTAIN MEADOWS CRES & MOUNTAIN MEADOWS CRES,368450.6337,5016496.562,-75.68860946,45.28554184,2015-06-11,14:30,01 - Clear,01 - Dry,10 - No control,04 - At/near private drive,01 - Daylight,03 - P.D. only,06 - SMV unattended vehicle,Gloucester
9305,HUNT CLUB RD btwn MCCARTHY RD & RAMP,370804.287,5023573.289,-75.65766637,45.3489994,2015-06-11,9:00,01 - Clear,01 - Dry,10 - No control,04 - At/near private drive,01 - Daylight,03 - P.D. only,04 - Sideswipe,Hunt Club East - Western Community
9306,MONTREAL RD @ OGILVIE RD,375654.735,5034556.226,-75.59419578,45.44734482,2015-04-14,8:08,01 - Clear,01 - Dry,01 - Traffic signal,02 - Intersection related,01 - Daylight,03 - P.D. only,04 - Sideswipe,Beacon Hill South - Cardinal Heights
9307,BRIAN COBURN BLVD @ MER BLEUE RD,383150.8189,5034441.164,-75.49839849,45.44550953,2015-04-14,15:51,01 - Clear,01 - Dry,02 - Stop sign,03 - At intersection,01 - Daylight,03 - P.D. only,02 - Angle,OrlÃ©ans
9308,GLENORA AVE @ HAZEL ST,369091.2691,5030143.479,-75.67866981,45.40827513,2015-06-16,10:15,01 - Clear,01 - Dry,02 - Stop sign,03 - At intersection,01 - Daylight,03 - P.D. only,02 - Angle,Old Ottawa East
9309,BANFF AVE @ WALKLEY RD,370503.005,5026043.174,-75.66118252,45.37125095,2015-06-16,14:12,01 - Clear,01 - Dry,01 - Traffic signal,03 - At intersection,01 - Daylight,03 - P.D. only,02 - Angle,Ledbury - Heron Gate - Ridgemont - Elmwood
9310,CARLING AVE @ RITCHIE ST,359588.4913,5024365.776,-75.8007005,45.35709606,2015-04-15,21:36,01 - Clear,01 - Dry,01 - Traffic signal,02 - Intersection related,07 - Dark,03 - P.D. only,03 - Rear end,Whitehaven - Queensway Terrace North
9311,BESSERER ST @ CHARLOTTE ST,369292.7075,5032791.225,-75.67575008,45.43208004,2015-04-17,12:40,01 - Clear,01 - Dry,02 - Stop sign,03 - At intersection,01 - Daylight,03 - P.D. only,02 - Angle,Sandy Hill
9312,BRONSON AVE @ GLADSTONE AVE,367133.1612,5030080.393,-75.70369042,45.40788463,2015-05-22,11:38,01 - Clear,01 - Dry,01 - Traffic signal,02 - Intersection related,01 - Daylight,03 - P.D. only,04 - Sideswipe,Centretown West
9313,BRIDGESTONE DR btwn SUNNYBROOKE DR & GRANITE CRT,355253.1674,5015603.121,-75.8569238,45.27857371,2015-06-05,13:29,01 - Clear,01 - Dry,10 - No control,04 - At/near private drive,01 - Daylight,03 - P.D. only,02 - Angle,Bridlewood - Emerald Meadows
9314,BRONSON AVE btwn RENFREW AVE & POWELL AVE,367366.8017,5029521.653,-75.70077684,45.4028364,2015-06-13,12:41,01 - Clear,01 - Dry,10 - No control,01 - Non intersection,01 - Daylight,03 - P.D. only,04 - Sideswipe,Centretown West
9315,DEAKIN ST @ PRINCE OF WALES DR,367391.4318,5021524.569,-75.70147536,45.33087829,2015-06-18,17:00,01 - Clear,01 - Dry,01 - Traffic signal,02 - Intersection related,01 - Daylight,03 - P.D. only,04 - Sideswipe,Industrial Park
9316,LAURIN CRES btwn PRESTONE DR & PRESTONE DR,383080.4847,5038046.679,-75.49872337,45.47795666,2015-08-02,21:15,01 - Clear,01 - Dry,10 - No control,01 - Non intersection,07 - Dark,03 - P.D. only,06 - SMV unattended vehicle,Queenswood Heights
9317,BANK ST @ SLATER ST,367423.9817,5031356.379,-75.69981341,45.4193396,2015-08-03,20:33,01 - Clear,01 - Dry,01 - Traffic signal,02 - Intersection related,07 - Dark,03 - P.D. only,04 - Sideswipe,Downtown
9318,WEST HUNT CLUB RD btwn PRINCE OF WALES DR & TURN LANE,367508.3934,5021888.715,-75.6999372,45.33414437,2015-08-26,14:20,01 - Clear,01 - Dry,10 - No control,01 - Non intersection,01 - Daylight,03 - P.D. only,04 - Sideswipe,Industrial Park
9319,OLD COLONY RD btwn WILLIAM'S WALK & ST. ANDREWS CIRC,353770.9151,5017526.343,-75.87562562,45.29598412,2015-08-26,13:39,01 - Clear,01 - Dry,10 - No control,04 - At/near private drive,01 - Daylight,03 - P.D. only,99 - Other,Glen Cairn - Kanata South Business Park
9320,LAURIER AVE @ NICHOLAS ST,368374.3577,5031799.351,-75.68761391,45.4232396,2015-06-16,10:46,01 - Clear,01 - Dry,01 - Traffic signal,03 - At intersection,01 - Daylight,03 - P.D. only,99 - Other,Sandy Hill
9321,BANK ST @ RIDGEMONT AVE,370081.1623,5026627.891,-75.66649025,45.37655147,2015-08-11,16:35,01 - Clear,01 - Dry,02 - Stop sign,02 - Intersection related,01 - Daylight,03 - P.D. only,03 - Rear end,Ledbury - Heron Gate - Ridgemont - Elmwood
9322,INNES RD EB btwn INNES RD E & ORLEANS BLVD,380207.8221,5034129.556,-75.53606272,45.44302959,2015-08-11,16:22,04 - Freezing Rain,02 - Wet,10 - No control,01 - Non intersection,01 - Daylight,03 - P.D. only,03 - Rear end,Chapel Hill South
9323,ST. JOSEPH BLVD @ REGIONAL RD 174/TRANSITWAY,376555.2801,5035057.178,-75.58261165,45.4517602,2015-05-25,13:55,02 - Rain,02 - Wet,01 - Traffic signal,02 - Intersection related,01 - Daylight,03 - P.D. only,03 - Rear end,Greenbelt
9324,GARDENWAY DR @ OAKLAWN CRES N,384069.0401,5036684.77,-75.48630056,45.46559194,2015-05-21,18:17,01 - Clear,01 - Dry,02 - Stop sign,02 - Intersection related,01 - Daylight,03 - P.D. only,03 - Rear end,Fallingbrook
9325,CARLING AVE @ PINECREST  RD/GREENVIEW AVE,360006.6757,5024632.168,-75.79533361,45.35946025,2015-08-25,22:11,01 - Clear,01 - Dry,01 - Traffic signal,03 - At intersection,07 - Dark,03 - P.D. only,05 - Turning movement,Whitehaven - Queensway Terrace North
9326,BASELINE RD btwn BARBARA ANN PRIV & HIGHGATE RD,362033.5785,5023450.01,-75.76960084,45.34866073,2015-08-26,17:57,02 - Rain,02 - Wet,10 - No control,01 - Non intersection,01 - Daylight,03 - P.D. only,03 - Rear end,Iris
9327,RIVERSIDE DR btwn RAMP & TURN LANE (2),368455.5965,5027282.15,-75.68715899,45.38258787,2015-06-01,18:02,01 - Clear,01 - Dry,10 - No control,01 - Non intersection,01 - Daylight,03 - P.D. only,03 - Rear end,Alta Vista
9328,CROWNRIDGE DR btwn GRASSY PLAINS DR & SHEPPARD'S GLEN AVE,355933.6827,5015478.438,-75.84826335,45.27740262,2015-06-12,9:10,01 - Clear,01 - Dry,10 - No control,04 - At/near private drive,01 - Daylight,03 - P.D. only,02 - Angle,Bridlewood - Emerald Meadows
9329,BARNSDALE RD btwn TWIN ELM RD & MOODIE DR,360404.7386,5007962.456,-75.79212106,45.20943328,2015-06-12,13:02,02 - Rain,02 - Wet,10 - No control,01 - Non intersection,01 - Daylight,03 - P.D. only,07 - SMV other,Munster Hamlet - Richmond
9330,ST. JOSEPH BLVD/OLD MONTREAL RD @ TRIM RD,384682.754,5039285.222,-75.4780307,45.48891839,2015-04-19,13:35,01 - Clear,01 - Dry,11 - Roundabout,03 - At intersection,01 - Daylight,03 - P.D. only,02 - Angle,Cardinal Creek
9331,MERIVALE RD @ CAPILANO DR/WITHROW AVE,364641.7083,5024227.409,-75.73622543,45.35543798,2015-04-22,14:39,01 - Clear,01 - Dry,01 - Traffic signal,03 - At intersection,01 - Daylight,03 - P.D. only,05 - Turning movement,Cityview - Skyline - Fisher Heights
9332,VALOUR DR @ SMYTH RD,370666.6019,5029086.265,-75.65868807,45.39861625,2015-06-16,16:06,01 - Clear,01 - Dry,01 - Traffic signal,02 - Intersection related,01 - Daylight,03 - P.D. only,07 - SMV other,Alta Vista
9333,BESSERER ST @ NICHOLAS ST,368186.4296,5032110.499,-75.68997507,45.42605625,2015-06-16,18:00,01 - Clear,01 - Dry,01 - Traffic signal,02 - Intersection related,01 - Daylight,03 - P.D. only,04 - Sideswipe,Byward Market - Parliament Hill
9334,BANK ST btwn ANOKA ST & WILDWOOD AVE,370031.756,5026750.281,-75.66710483,45.3776573,2015-04-23,10:15,01 - Clear,01 - Dry,10 - No control,04 - At/near private drive,01 - Daylight,03 - P.D. only,05 - Turning movement,Alta Vista
9335,AVIGNON CRT btwn Continuation of AVIGNON CRT & Continuation of AVIGNON,380456.8535,5038649.75,-75.53218413,45.48367181,2015-05-23,14:39,01 - Clear,01 - Dry,10 - No control,01 - Non intersection,01 - Daylight,03 - P.D. only,06 - SMV unattended vehicle,Orleans South West
9336,DALY AVE @ FRIEL ST,368850.7048,5032431.51,-75.68144531,45.42888408,2015-05-24,17:07,01 - Clear,01 - Dry,02 - Stop sign,03 - At intersection,01 - Daylight,03 - P.D. only,02 - Angle,Sandy Hill
9337,TERRY FOX DR @ TRANS CANADA TRAIL,353250.3986,5015999.45,-75.88241089,45.28228085,2015-06-14,13:06,01 - Clear,01 - Dry,01 - Traffic signal,02 - Intersection related,01 - Daylight,03 - P.D. only,03 - Rear end,Glen Cairn - Kanata South Business Park
9338,BANK ST @ KILBORN AVE/BELANGER AVE,369653.9061,5027427.731,-75.67183981,45.38378785,2015-06-05,14:38,01 - Clear,01 - Dry,01 - Traffic signal,02 - Intersection related,01 - Daylight,03 - P.D. only,03 - Rear end,Alta Vista
9339,CATHERINE ST @ METCALFE ST,368392.986,5030486.203,-75.68754535,45.41142264,2015-06-14,22:20,01 - Clear,01 - Dry,01 - Traffic signal,02 - Intersection related,07 - Dark,03 - P.D. only,04 - Sideswipe,Centretown
9340,RENAUD RD @ RENAUD RD N,379763.5615,5032027.74,-75.54206091,45.42416675,2015-08-04,0:24,01 - Clear,01 - Dry,02 - Stop sign,02 - Intersection related,07 - Dark,03 - P.D. only,07 - SMV other,Greenbelt
9341,CHRYSLER ST @ THIRD AVE,367723.704,5029186.756,-75.69626098,45.39979111,2015-08-04,16:23,01 - Clear,01 - Dry,02 - Stop sign,02 - Intersection related,01 - Daylight,03 - P.D. only,07 - SMV other,The Glebe
9342,CATHERINE ST/HWY 417 O'CONN IC119BR76 @ O'CONN,368244.7249,5030393.832,-75.68945121,45.41060498,2015-08-26,13:22,01 - Clear,01 - Dry,01 - Traffic signal,03 - At intersection,01 - Daylight,03 - P.D. only,04 - Sideswipe,Centretown
9343,CASTLEFIELD AVE btwn BEECHFERN DR & OAKFERN CRES,350399.7124,5013601.535,-75.91896638,45.26089431,2015-08-26,11:50,01 - Clear,01 - Dry,10 - No control,04 - At/near private drive,01 - Daylight,03 - P.D. only,06 - SMV unattended vehicle,Stittsville
9344,VANIER PKWY SB btwn ST. PATRICK ST & TO BE DETERMINED,369156.0791,5033458.714,-75.67740883,45.43809843,2015-05-31,17:00,01 - Clear,01 - Dry,10 - No control,01 - Non intersection,01 - Daylight,03 - P.D. only,03 - Rear end,Lindenlea - New Edinburgh
9345,BASELINE RD btwn 207 E OF CLYDE AVE & LOBLAWS SC,364680.7484,5025091.288,-75.73562253,45.36320771,2015-08-11,16:05,01 - Clear,01 - Dry,10 - No control,01 - Non intersection,01 - Daylight,03 - P.D. only,03 - Rear end,Civic Hospital - Experimental Farm - Central Park