Record,Location,X,Y,lon,lat,Date,Time,Environment,Road_Surface,Traffic_Control,Collision_Location,Light,Collision_Classification,Impact_type,Neighborhood
9346,BANK ST @ RIVERSIDE DR N,369225.7159,5027981.744,-75.67723476,45.3888122,2015-06-04,18:06,01 - Clear,01 - Dry,01 - Traffic signal,02 - Intersection related,01 - Daylight,03 - P.D. only,03 - Rear end,Alta Vista
9347,VIEWMOUNT DR btwn MERIVALE RD & GRANT CARMAN DR,365289.6184,5023005.967,-75.72810615,45.34439203,2015-08-27,17:18,01 - Clear,01 - Dry,10 - No control,04 - At/near private drive,01 - Daylight,03 - P.D. only,05 - Turning movement,Borden Farm - Stewart Farm - Parkwood Hills - Fisher Glen
9348,RICHMOND RD @ STINSON AVE,357874.3811,5020928.12,-75.82294599,45.32629569,2015-08-27,19:56,01 - Clear,01 - Dry,01 - Traffic signal,02 - Intersection related,01 - Daylight,03 - P.D. only,03 - Rear end,Bells Corners East
9349,ELGIN ST @ WELLINGTON ST W,367665.4245,5031877.217,-75.69666218,45.42400428,2015-04-15,12:50,01 - Clear,01 - Dry,01 - Traffic signal,03 - At intersection,01 - Daylight,03 - P.D. only,04 - Sideswipe,Downtown
9350,HERON RD btwn BANK ST & EDGE HILL PL,370019.5038,5026856.227,-75.66724726,45.3786117,2015-04-20,12:15,02 - Rain,02 - Wet,10 - No control,04 - At/near private drive,01 - Daylight,03 - P.D. only,02 - Angle,Alta Vista
9351,MERIVALE RD @ SLACK RD,366019.7003,5020955.24,-75.71904429,45.32587654,2015-06-12,15:37,02 - Rain,02 - Wet,01 - Traffic signal,03 - At intersection,01 - Daylight,03 - P.D. only,05 - Turning movement,Merivale Gardens - Grenfell Glen - Pineglen - Country Place
9352,BRONSON AVE @ SUNNYSIDE AVE/UNIVERSITY RD - CA,367922.7101,5028091.294,-75.69385944,45.38991655,2015-06-12,16:18,02 - Rain,02 - Wet,01 - Traffic signal,02 - Intersection related,01 - Daylight,03 - P.D. only,03 - Rear end,Carleto
9353,KING EDWARD AVE @ STEWART ST,368635.6783,5032206.061,-75.68422225,45.42687523,2015-02-27,8:43,01 - Clear,01 - Dry,01 - Traffic signal,02 - Intersection related,01 - Daylight,03 - P.D. only,03 - Rear end,Sandy Hill
9354,BLAIR RD @ INNES RD,375578.0142,5031440.636,-75.59562433,45.41932033,2015-06-16,19:12,01 - Clear,01 - Dry,01 - Traffic signal,02 - Intersection related,01 - Daylight,03 - P.D. only,03 - Rear end,Greenbelt
9355,EAGLESON RD btwn SHATNER GT & HAZELDEAN RD,353669.6609,5018433.019,-75.87682715,45.30414964,2015-06-19,8:58,01 - Clear,01 - Dry,10 - No control,04 - At/near private drive,01 - Daylight,03 - P.D. only,02 - Angle,Greenbelt
9356,RIVERSIDE DR SB btwn BANK ST & BILLINGS BRIDGE NB RAMP,369246.6168,5028009.852,-75.6769642,45.38906318,2015-04-26,13:41,01 - Clear,01 - Dry,10 - No control,01 - Non intersection,01 - Daylight,03 - P.D. only,04 - Sideswipe,Alta Vista
9357,CENTREPOINTE DR btwn Continuation of CENTREPOINTE DR & HEMMINGWOOD WAY,362246.4874,5023285.367,-75.7669031,45.34716188,2015-06-09,12:11,02 - Rain,02 - Wet,10 - No control,01 - Non intersection,01 - Daylight,03 - P.D. only,05 - Turning movement,Centrepointe
9358,STRANDHERD DR @ LONGFIELDS DR,364548.0898,5015175.127,-75.7385119,45.27399416,2015-06-15,12:30,01 - Clear,01 - Dry,01 - Traffic signal,02 - Intersection related,01 - Daylight,03 - P.D. only,04 - Sideswipe,New Barrhaven
9359,BANK ST btwn BLAIS RD & RIDEAU RD,376575.116,5018750.351,-75.58472843,45.3050379,2015-06-18,17:57,01 - Clear,01 - Dry,10 - No control,01 - Non intersection,01 - Daylight,03 - P.D. only,03 - Rear end,Greenbelt
9360,NORTH RIVER RD btwn SELKIRK ST & MCARTHUR AVE,369789.4959,5032739.061,-75.66940843,45.43156469,2015-06-19,13:24,01 - Clear,01 - Dry,10 - No control,04 - At/near private drive,01 - Daylight,03 - P.D. only,05 - Turning movement,Vanier South
9361,HWY 417 ST.LAURE IC115R51 @ ST. LAURENT BLVD,372530.743,5031411.244,-75.63456072,45.41935751,2015-06-05,17:23,01 - Clear,02 - Wet,01 - Traffic signal,02 - Intersection related,01 - Daylight,03 - P.D. only,03 - Rear end,Industrial Park
9362,CRESTWAY DR @ STRANDHERD DR,366345.4614,5015470.052,-75.71557,45.27649286,2015-08-06,20:37,01 - Clear,01 - Dry,01 - Traffic signal,02 - Intersection related,05 - Dusk,03 - P.D. only,03 - Rear end,Chapman Mills - Rideau Crest - Davidson Heights
9363,BANK ST @ CHAMBERLAIN AVE N/ISABELLA ST,368082.7121,5030166.202,-75.69155005,45.4085715,2015-08-06,20:59,01 - Clear,01 - Dry,01 - Traffic signal,03 - At intersection,07 - Dark,03 - P.D. only,07 - SMV other,The Glebe
9364,TRIM RD @ MILLENNIUM BLVD,386796.1544,5036714.469,-75.45142681,45.46554435,2015-08-21,14:20,01 - Clear,01 - Dry,11 - Roundabout,03 - At intersection,01 - Daylight,03 - P.D. only,04 - Sideswipe,Cumberland
9365,CARLING AVE EB btwn RIDDELL AVE N & MAITLAND AVE,362934.0794,5026467.234,-75.75775493,45.37573534,2015-08-27,15:11,01 - Clear,01 - Dry,10 - No control,01 - Non intersection,01 - Daylight,03 - P.D. only,04 - Sideswipe,Carlingwood West - Glabar Park - McKellar Heights
9366,GREENBANK RD @ LISA AVE,360553.6612,5022893.746,-75.78854836,45.34377469,2015-08-27,14:28,01 - Clear,01 - Dry,01 - Traffic signal,02 - Intersection related,01 - Daylight,03 - P.D. only,03 - Rear end,Iris
9367,BANK ST @ RIVERSIDE DR S,369303.9964,5027894.193,-75.6762466,45.38801724,2015-08-03,10:21,01 - Clear,01 - Dry,01 - Traffic signal,03 - At intersection,01 - Daylight,03 - P.D. only,02 - Angle,Alta Vista
9368,DUMAURIER AVE @ PINECREST RD,360320.9583,5023834.871,-75.79141191,45.35226137,2015-07-31,17:45,01 - Clear,01 - Dry,01 - Traffic signal,02 - Intersection related,01 - Daylight,03 - P.D. only,03 - Rear end,Whitehaven - Queensway Terrace North
9369,HAMPTON AVE btwn WELLINGTON ST W & END,364466.9921,5028966.286,-75.73788258,45.3980925,2015-07-08,11:00,01 - Clear,01 - Dry,10 - No control,01 - Non intersection,01 - Daylight,03 - P.D. only,06 - SMV unattended vehicle,Island Park
9370,MONTMERE AVE @ TRIM RD,386931.5759,5036384.61,-75.44975044,45.4625607,2015-03-01,11:58,01 - Clear,01 - Dry,02 - Stop sign,03 - At intersection,01 - Daylight,03 - P.D. only,02 - Angle,Navan - Vars
9371,RIVERSIDE DR @ SMYTH RD SOUTH SIDE RAMP,369789.1656,5028996.895,-75.66990612,45.39789412,2015-09-03,17:26,01 - Clear,01 - Dry,01 - Traffic signal,03 - At intersection,01 - Daylight,03 - P.D. only,03 - Rear end,Alta Vista
9372,KANATA AVE @ HWY 417 CASTLEFR IC139R15,351714.6782,5019146.771,-75.90168761,45.31070545,2015-08-29,17:09,02 - Rain,02 - Wet,01 - Traffic signal,03 - At intersection,01 - Daylight,03 - P.D. only,05 - Turning movement,Katimavik - Hazeldean
9373,SMYTH RD E/LANCASTER RD @ ST. LAURENT BLVD N/R,373364.0087,5029424.911,-75.62419107,45.40140427,2015-04-20,14:15,02 - Rain,02 - Wet,01 - Traffic signal,02 - Intersection related,01 - Daylight,03 - P.D. only,03 - Rear end,Sheffield Glen
9374,HIGHWAY 417 btwn HWY417 IC124 RAMP65 & HWY417 IC122 RAMP51,365132.3721,5028673.826,-75.72942032,45.39540398,2015-11-12,9:10,01 - Clear,02 - Wet,10 - No control,01 - Non intersection,01 - Daylight,03 - P.D. only,03 - Rear end,Civic Hospital - Experimental Farm - Central Park
9375,SOMERSET ST    W btwn LEBRETON ST N & EMPRESS AVE,366699.3919,5030329.805,-75.7092,45.41016727,2015-06-14,9:51,01 - Clear,01 - Dry,10 - No control,01 - Non intersection,01 - Daylight,03 - P.D. only,07 - SMV other,Centretown West
9376,BASELINE RD btwn COBDEN RD & BARBARA ANN PRIV,361697.1048,5023243.907,-75.77391819,45.3468336,2015-06-15,7:52,01 - Clear,01 - Dry,10 - No control,01 - Non intersection,01 - Daylight,03 - P.D. only,03 - Rear end,Iris
9377,BRONSON AVE @ FIFTH AVE/MADAWASKA DR,367613.4509,5028938.366,-75.69770076,45.39756607,2015-04-16,12:50,01 - Clear,01 - Dry,01 - Traffic signal,02 - Intersection related,01 - Daylight,03 - P.D. only,04 - Sideswipe,The Glebe
9378,HUNT CLUB RD @ BRIDLE PATH DR/DAZE ST,371290.4676,5023864.414,-75.65142337,45.35157293,2015-05-25,16:00,02 - Rain,02 - Wet,01 - Traffic signal,02 - Intersection related,01 - Daylight,03 - P.D. only,02 - Angle,South Keys - Heron Gate - Greenboro West
9379,MERIVALE RD btwn WEST HUNT CLUB RD & JAMIE AVE,365624.2267,5021916.192,-75.72397065,45.33455745,2015-05-28,12:35,01 - Clear,01 - Dry,10 - No control,04 - At/near private drive,01 - Daylight,03 - P.D. only,02 - Angle,Industrial Park
9380,BANK ST @ SUNNYSIDE AVE,368734.7087,5028581.189,-75.68342698,45.39425082,2015-06-18,15:38,01 - Clear,01 - Dry,01 - Traffic signal,02 - Intersection related,01 - Daylight,03 - P.D. only,04 - Sideswipe,Old Ottawa South
9381,CARLING AVE/STATION RD @ MARCH RD,350909.0582,5022246.147,-75.91167269,45.33864773,2015-06-19,10:19,01 - Clear,01 - Dry,01 - Traffic signal,02 - Intersection related,01 - Daylight,03 - P.D. only,03 - Rear end,South March
9382,CYRVILLE RD @ INNES RD,375048.4454,5031119.114,-75.60243597,45.41648082,2015-06-20,12:40,01 - Clear,01 - Dry,01 - Traffic signal,02 - Intersection related,01 - Daylight,03 - P.D. only,03 - Rear end,Industrial Park
9383,DUMAURIER AVE btwn RAMSEY CRES & WATSON ST,360180.0164,5023659.815,-75.79323015,45.35069737,2015-06-05,23:40,01 - Clear,01 - Dry,10 - No control,04 - At/near private drive,07 - Dark,03 - P.D. only,07 - SMV other,Whitehaven - Queensway Terrace North
9384,FAIR OAKS CRES btwn SOVEREIGN AVE & TO BE DETERMINED,362989.7985,5022004.668,-75.75756885,45.33557696,2015-06-06,2:59,01 - Clear,01 - Dry,10 - No control,01 - Non intersection,07 - Dark,03 - P.D. only,06 - SMV unattended vehicle,Woodvale - Craig Henry - Manordale - Estates of Arlington Wo
9385,BASELINE RD @ ROCKWAY CRES,361184.6759,5022930.702,-75.78049264,45.34405678,2015-07-29,13:37,01 - Clear,01 - Dry,02 - Stop sign,02 - Intersection related,01 - Daylight,03 - P.D. only,02 - Angle,Iris
9386,BRIDGE ST/MAPLE AVE @ MANOTICK MAIN ST,368700.19,5009932.395,-75.68627259,45.22645541,2015-08-04,23:09,01 - Clear,01 - Dry,01 - Traffic signal,03 - At intersection,07 - Dark,03 - P.D. only,05 - Turning movement,Manotick
9387,CARLING AVE @ RICHMOND RD,360245.679,5024781.873,-75.79226637,45.36078843,2015-08-06,23:50,01 - Clear,01 - Dry,01 - Traffic signal,02 - Intersection related,07 - Dark,03 - P.D. only,03 - Rear end,Whitehaven - Queensway Terrace North
9388,SANFORD FLEMING AVE @ TERMINAL AVE,370856.7688,5030832.493,-75.65602539,45.4143102,2015-08-27,10:46,01 - Clear,01 - Dry,02 - Stop sign,02 - Intersection related,01 - Daylight,03 - P.D. only,04 - Sideswipe,Industrial Park
9389,CHIPPEWA AVE btwn PENDER ST & ST. HELEN'S PL,364189.5841,5024586.746,-75.74195232,45.35870969,2015-08-27,9:46,01 - Clear,01 - Dry,10 - No control,01 - Non intersection,01 - Daylight,03 - P.D. only,07 - SMV other,Crestview - Meadowlands
9390,TENTH LINE RD btwn DES EPINETTES AVE & INNES RD,383833.0816,5036442.203,-75.48935655,45.46343628,2015-07-19,14:10,02 - Rain,02 - Wet,10 - No control,01 - Non intersection,01 - Daylight,03 - P.D. only,03 - Rear end,Queenswood Heights
9391,CAMPEAU DR @ TERON RD/COLCHESTER SQ,352562.2811,5020468.607,-75.89075112,45.32254248,2015-08-29,13:42,01 - Clear,01 - Dry,01 - Traffic signal,02 - Intersection related,01 - Daylight,03 - P.D. only,04 - Sideswipe,Beaverbrook
9392,RICHMOND RD @ LYNHAR RD/STAFFORD RD,358137.6643,5021085.395,-75.81957066,45.3276909,2015-08-29,13:00,01 - Clear,01 - Dry,01 - Traffic signal,02 - Intersection related,01 - Daylight,03 - P.D. only,04 - Sideswipe,Bells Corners East
9393,SYCAMORE DR btwn ANWATIN ST & RIDGEFIELD CRES,358017.1613,5019673.207,-75.82125956,45.31499306,2015-06-02,18:10,01 - Clear,01 - Dry,10 - No control,04 - At/near private drive,01 - Daylight,03 - P.D. only,06 - SMV unattended vehicle,Bells Corners East
9394,MOODIE DR btwn TRAIL RD & BARNSDALE RD,361397.2464,5010123.747,-75.77924121,45.22880193,2015-06-05,7:35,01 - Clear,01 - Dry,10 - No control,04 - At/near private drive,01 - Daylight,03 - P.D. only,99 - Other,Munster Hamlet - Richmond
9395,CARP RD @ STITTSVILLE MAIN ST,349524.7861,5014329.122,-75.93004866,45.26749757,2015-06-15,9:49,01 - Clear,01 - Dry,01 - Traffic signal,02 - Intersection related,01 - Daylight,03 - P.D. only,03 - Rear end,Stittsville
9396,BASELINE RD @ GREENBANK RD,360597.6843,5022583.419,-75.78802164,45.34097887,2015-06-15,18:08,01 - Clear,01 - Dry,01 - Traffic signal,02 - Intersection related,01 - Daylight,03 - P.D. only,03 - Rear end,Qualicum - Redwood Park
9397,BARRETTE ST btwn LOYER ST & ST. CHARLES ST,369364.9769,5033631.482,-75.67471634,45.43963367,2015-04-15,7:59,01 - Clear,01 - Dry,10 - No control,04 - At/near private drive,01 - Daylight,03 - P.D. only,02 - Angle,Vanier North
9398,ELGIN ST @ PARK AVE,368467.988,5030711.494,-75.68655813,45.41344292,2015-04-15,15:10,01 - Clear,01 - Dry,02 - Stop sign,03 - At intersection,01 - Daylight,03 - P.D. only,03 - Rear end,Centretown
9399,BRONSON AVE @ BRONSON AVE SB ON RAMP 43,367796.3742,5028318.794,-75.69544368,45.3919749,2015-05-04,17:30,02 - Rain,02 - Wet,03 - Yield sign,02 - Intersection related,01 - Daylight,03 - P.D. only,03 - Rear end,Carleton University
9400,LAURIER AVE @ NICHOLAS ST,368372.9163,5031797.639,-75.68763254,45.42322432,2015-06-15,15:30,01 - Clear,01 - Dry,01 - Traffic signal,02 - Intersection related,01 - Daylight,03 - P.D. only,03 - Rear end,Sandy Hill
9401,CURRIER ST @ MANOTICK MAIN ST,368988.2164,5009680.131,-75.68263766,45.22415936,2015-05-29,20:43,01 - Clear,01 - Dry,02 - Stop sign,03 - At intersection,07 - Dark,03 - P.D. only,02 - Angle,Manotick
9402,MARCH RD @ TERRY FOX DR,349864.6086,5023399.149,-75.92489359,45.34909057,2015-06-03,15:30,01 - Clear,01 - Dry,01 - Traffic signal,02 - Intersection related,01 - Daylight,03 - P.D. only,03 - Rear end,South March
9403,LANCASTER RD @ WALKLEY RD,374909.7044,5028601.095,-75.60456647,45.3938389,2015-01-05,7:40,01 - Clear,06 - Ice,01 - Traffic signal,02 - Intersection related,03 - Dawn,03 - P.D. only,03 - Rear end,Industrial Park
9404,HIGHWAY 417 btwn HWY417 IC121B RAMP51 & HWY417 IC121A RAMP51,366739.9395,5029563.719,-75.70877827,45.40327065,2015-08-29,13:13,01 - Clear,01 - Dry,10 - No control,01 - Non intersection,01 - Daylight,03 - P.D. only,03 - Rear end,Little Italy
9405,HUNT CLUB RD @ RIVERSIDE DR,368035.2616,5021946.58,-75.69320845,45.33461774,2015-06-16,10:30,02 - Rain,02 - Wet,01 - Traffic signal,02 - Intersection related,01 - Daylight,03 - P.D. only,03 - Rear end,Hunt Club Woods - Quintarra - Revelstoke - Riverside South P
9406,HEMMINGWOOD WAY btwn WESTPOINTE CRES & WESTPOINTE CRES,362152.4862,5023110.058,-75.76812292,45.34559215,2015-01-13,11:45,01 - Clear,05 - Packed snow,10 - No control,01 - Non intersection,01 - Daylight,03 - P.D. only,06 - SMV unattended vehicle,Centrepointe
9407,BLAIR PL @ OGILVIE RD,374799.7225,5033371.942,-75.60529333,45.43677546,2015-07-29,17:01,01 - Clear,01 - Dry,01 - Traffic signal,02 - Intersection related,01 - Daylight,03 - P.D. only,03 - Rear end,Beacon Hill South - Cardinal Heights
9408,COLDREY AVE @ KIRKWOOD AVE,364439.7419,5027138.713,-75.73845149,45.38165066,2015-07-29,17:34,01 - Clear,01 - Dry,01 - Traffic signal,03 - At intersection,01 - Daylight,03 - P.D. only,05 - Turning movement,Carlington
9409,WOODRIDGE CRES btwn BAYSHORE DR & BAYSHORE PS,358918.2819,5023774.991,-75.80931884,45.35183222,2015-08-20,11:30,01 - Clear,01 - Dry,10 - No control,04 - At/near private drive,01 - Daylight,03 - P.D. only,02 - Angle,Bayshore
9410,CATHERINE ST @ METCALFE ST,368394.4274,5030486.923,-75.68752685,45.41142899,2015-08-20,16:29,01 - Clear,01 - Dry,01 - Traffic signal,02 - Intersection related,01 - Daylight,03 - P.D. only,03 - Rear end,Centretown
9411,WOODROFFE AVE @ CLARIDGE DR/STONEWAY DR N,365576.6996,5016707.082,-75.72521588,45.28769047,2015-08-07,14:16,01 - Clear,01 - Dry,01 - Traffic signal,02 - Intersection related,01 - Daylight,03 - P.D. only,03 - Rear end,Chapman Mills - Rideau Crest - Davidson Heights
9412,BANKFIELD RD @ PRINCE OF WALES DR,366379.6899,5008975.026,-75.71593824,45.21804768,2015-08-07,14:44,01 - Clear,01 - Dry,01 - Traffic signal,02 - Intersection related,01 - Daylight,03 - P.D. only,03 - Rear end,Manotick
9413,GIBBARD AVE btwn GREENBANK RD & ATKINSON GT,361481.2216,5020665.001,-75.77696829,45.32364614,2015-08-12,7:47,01 - Clear,01 - Dry,10 - No control,04 - At/near private drive,01 - Daylight,03 - P.D. only,07 - SMV other,Woodvale - Craig Henry - Manordale - Estates of Arlington Wo
9414,WEST HUNT CLUB RD @ CLEOPATRA DR/LANCELOT DR,365235.7,5021732.724,-75.72894964,45.3329402,2015-08-27,9:39,01 - Clear,01 - Dry,01 - Traffic signal,03 - At intersection,01 - Daylight,03 - P.D. only,05 - Turning movement,Tanglewood
9415,KENT ST @ WELLINGTON ST,367097.6978,5031526.344,-75.70396065,45.42089802,2015-08-26,21:15,02 - Rain,02 - Wet,01 - Traffic signal,03 - At intersection,07 - Dark,03 - P.D. only,02 - Angle,Downtown
9416,CYRVILLE RD @ OGILVIE RD,372453.7191,5032004.489,-75.63546333,45.42470271,2015-07-25,21:44,01 - Clear,02 - Wet,01 - Traffic signal,03 - At intersection,07 - Dark,03 - P.D. only,05 - Turning movement,Cummings
9417,VANIER PKWY/CRICHTON ST @ BEECHWOOD AVE/ST. PA,369127.5637,5033487.405,-75.67776952,45.4383592,2015-07-25,21:08,01 - Clear,02 - Wet,01 - Traffic signal,02 - Intersection related,07 - Dark,03 - P.D. only,07 - SMV other,Vanier North
9418,AVIATION PKWY @ OGILVIE RD,373109.9935,5032375.505,-75.62702641,45.42797715,2015-07-20,11:37,01 - Clear,01 - Dry,01 - Traffic signal,02 - Intersection related,01 - Daylight,03 - P.D. only,04 - Sideswipe,Industrial Park
9419,JOHN QUINN RD @ PARKWAY RD,381394.0607,5015817.807,-75.52373907,45.27814353,2015-07-21,17:39,01 - Clear,01 - Dry,02 - Stop sign,03 - At intersection,01 - Daylight,03 - P.D. only,02 - Angle,Osgoode
9420,HAZELDEAN RD @ SPRINGBROOK DR,349871.3093,5015110.078,-75.92556207,45.27450276,2015-08-29,12:30,01 - Clear,01 - Dry,01 - Traffic signal,03 - At intersection,01 - Daylight,03 - P.D. only,05 - Turning movement,Stittsville
9421,FALLOWFIELD RD @ MERIVALE RD,366892.4333,5018843.388,-75.70817694,45.30679772,2015-08-28,22:38,01 - Clear,01 - Dry,01 - Traffic signal,03 - At intersection,07 - Dark,03 - P.D. only,05 - Turning movement,Greenbelt
9422,BYRON AVE @ CHURCHILL AVE,363274.5125,5028179.56,-75.75320588,45.39111427,2015-06-09,10:04,02 - Rain,02 - Wet,01 - Traffic signal,02 - Intersection related,01 - Daylight,03 - P.D. only,03 - Rear end,Westboro
9423,FALLOWFIELD RD btwn ASHDALE AVE & PRINCE OF WALES DR,367140.6788,5019005.072,-75.7049912,45.30823054,2015-06-08,7:15,02 - Rain,02 - Wet,10 - No control,01 - Non intersection,01 - Daylight,03 - P.D. only,03 - Rear end,Greenbelt
9424,DONALD B. MUNRO DR btwn ROBERTLEE DR & TO BE DETERMINED,342791.0795,5022666.152,-76.01521744,45.34291365,2015-06-15,17:48,01 - Clear,01 - Dry,10 - No control,01 - Non intersection,01 - Daylight,03 - P.D. only,07 - SMV other,Carp - Hardwood Plains
9425,WOODROFFE AVE @ GEORGINA DR/LENESTER AVE,361910.4073,5025370.159,-75.77095075,45.36594814,2015-06-15,17:06,01 - Clear,01 - Dry,01 - Traffic signal,02 - Intersection related,01 - Daylight,03 - P.D. only,04 - Sideswipe,Whitehaven - Queensway Terrace North
9426,GLADSTONE AVE @ PRESTON ST,366488.9853,5029712.198,-75.71196509,45.40462878,2015-04-15,20:20,01 - Clear,01 - Dry,01 - Traffic signal,02 - Intersection related,07 - Dark,03 - P.D. only,04 - Sideswipe,Little Italy
9427,ALBERT ST @ BAY ST,366942.6954,5031143.226,-75.7059894,45.41746463,2015-04-16,19:50,01 - Clear,01 - Dry,01 - Traffic signal,02 - Intersection related,07 - Dark,03 - P.D. only,04 - Sideswipe,Downtown
9428,CASTLEFRANK RD btwn KANATA AVE & KATIMAVIK RD,351899.2817,5018997.93,-75.8993476,45.30935379,2015-06-16,11:54,01 - Clear,01 - Dry,10 - No control,01 - Non intersection,01 - Daylight,03 - P.D. only,03 - Rear end,Katimavik - Hazeldean
9429,PRINCE OF WALES DR @ MERIVALE RD,367449.7113,5017616.821,-75.70122604,45.29571174,2015-06-16,11:59,01 - Clear,01 - Dry,01 - Traffic signal,02 - Intersection related,01 - Daylight,03 - P.D. only,03 - Rear end,Greenbelt
9430,KENT ST @ LISGAR ST,367437.7018,5030961.16,-75.69968836,45.41578232,2015-01-11,18:08,01 - Clear,01 - Dry,02 - Stop sign,03 - At intersection,07 - Dark,03 - P.D. only,05 - Turning movement,Centretown
9431,JEANNE D'ARC BLVD @ OR174 IC105 RAMP52,379456.1248,5036917.778,-75.54524704,45.46819662,2015-03-11,9:00,01 - Clear,02 - Wet,01 - Traffic signal,02 - Intersection related,01 - Daylight,03 - P.D. only,03 - Rear end,Greenbelt
9432,POCONO CRES btwn GARDENWAY DR & GARDENWAY DR,384117.7739,5036867.324,-75.48564799,45.46722886,2015-04-13,9:34,01 - Clear,01 - Dry,10 - No control,04 - At/near private drive,01 - Daylight,03 - P.D. only,02 - Angle,Fallingbrook
9433,CONROY RD @ WALKLEY RD,372903.7226,5027462.45,-75.63034077,45.38379183,2015-04-14,17:00,01 - Clear,01 - Dry,01 - Traffic signal,02 - Intersection related,01 - Daylight,03 - P.D. only,03 - Rear end,Elmvale - Eastway - Riverview - Riverview Park West
9434,PARENT AVE @ ST. PATRICK ST,367820.9816,5032556.233,-75.69458768,45.43009984,2015-04-17,15:28,01 - Clear,01 - Dry,01 - Traffic signal,03 - At intersection,01 - Daylight,03 - P.D. only,05 - Turning movement,Byward Market
9435,KENMARE PL btwn CHATHAM GDN & END,361856.3584,5014960.645,-75.77283977,45.2722878,2015-01-27,9:00,01 - Clear,01 - Dry,10 - No control,04 - At/near private drive,01 - Daylight,03 - P.D. only,99 - Other,Barrhaven West - Old Barrhaven
9436,HIGHWAY 417 btwn HWY417 IC119A RAMP75 & HWY417 IC118 RAMP57,368939.3569,5030689.907,-75.68053921,45.41320564,2015-09-22,17:15,01 - Clear,01 - Dry,10 - No control,01 - Non intersection,01 - Daylight,03 - P.D. only,03 - Rear end,Old Ottawa East
9437,BRONSON AVE btwn COOPER ST & SOMERSET ST W,366961.2096,5030488.464,-75.70583545,45.41157163,2015-07-30,1:17,01 - Clear,01 - Dry,10 - No control,04 - At/near private drive,07 - Dark,03 - P.D. only,06 - SMV unattended vehicle,Centretown West
9438,MOZART CRT @ TRAPPER'S RD,371785.7321,5023514.51,-75.64515071,45.34837747,2015-02-16,10:44,01 - Clear,05 - Packed snow,02 - Stop sign,03 - At intersection,01 - Daylight,03 - P.D. only,02 - Angle,Emerald Woods - Sawmill Creek
9439,ARGYLE AVE @ QUEEN ELIZABETH DRWY,368694.4353,5030753.209,-75.68365986,45.41379762,2015-08-20,19:45,01 - Clear,01 - Dry,02 - Stop sign,02 - Intersection related,01 - Daylight,03 - P.D. only,02 - Angle,Golden Triangle
9440,PRESTON ST btwn GEORGE ST W & ABERDEEN ST,366625.9032,5029401.146,-75.71025522,45.40181794,2015-08-21,12:38,01 - Clear,01 - Dry,10 - No control,01 - Non intersection,01 - Daylight,03 - P.D. only,06 - SMV unattended vehicle,Little Italy
9441,DEER PARK RD @ MEADOWLANDS DR,365980.3735,5024861.06,-75.71906286,45.36102394,2015-08-07,16:39,01 - Clear,01 - Dry,01 - Traffic signal,02 - Intersection related,01 - Daylight,03 - P.D. only,03 - Rear end,Borden Farm - Stewart Farm - Parkwood Hills - Fisher Glen
9442,DIAMOND WAY @ NAVAN RD,384246.1513,5032140.772,-75.48476967,45.42468899,2015-08-10,20:19,01 - Clear,01 - Dry,02 - Stop sign,02 - Intersection related,05 - Dusk,03 - P.D. only,03 - Rear end,Navan - Vars
9443,GREENBANK RD @ WEST HUNT CLUB RD,361478.1561,5020502.733,-75.77702596,45.32218631,2015-08-25,16:50,01 - Clear,01 - Dry,01 - Traffic signal,02 - Intersection related,01 - Daylight,03 - P.D. only,03 - Rear end,Greenbelt
9444,HOLLY ACRES RD @ CARLING AVE,358233.2149,5023497.158,-75.81809136,45.34938481,2015-08-25,19:26,01 - Clear,01 - Dry,01 - Traffic signal,02 - Intersection related,01 - Daylight,03 - P.D. only,04 - Sideswipe,Crystal Bay - Lakeview Park - Britannia Village
9445,BLACKBURN BYPASS @ 1700 W OF NAVAN RD,378163.0821,5032391.186,-75.56245608,45.42760648,2015-07-24,11:47,01 - Clear,01 - Dry,01 - Traffic signal,02 - Intersection related,01 - Daylight,03 - P.D. only,99 - Other,Greenbelt
9446,MONTREAL RD btwn SAVARD AVE & EMOND ST,370177.7777,5033124.373,-75.6643954,45.43499538,2015-07-10,9:00,01 - Clear,01 - Dry,10 - No control,04 - At/near private drive,01 - Daylight,03 - P.D. only,05 - Turning movement,Vanier
9447,INNES RD @ TENTH LINE RD,383951.9798,5036160.658,-75.48788169,45.46088973,2015-07-19,14:10,02 - Rain,02 - Wet,01 - Traffic signal,02 - Intersection related,01 - Daylight,03 - P.D. only,03 - Rear end,Queenswood Heights
9448,INVERKIP AVE btwn PENNARD WAY & PENNARD WAY,372531.4858,5025674.737,-75.63533874,45.36774278,2015-07-26,17:10,01 - Clear,01 - Dry,10 - No control,04 - At/near private drive,01 - Daylight,03 - P.D. only,02 - Angle,Greenboro East
9449,EARL ARMSTRONG RD btwn SPRATT RD & SHORELINE DR,368831.3912,5015282.09,-75.6839129,45.2745796,2015-08-28,15:45,01 - Clear,01 - Dry,10 - No control,01 - Non intersection,01 - Daylight,03 - P.D. only,04 - Sideswipe,Greenbelt