Record,Location,X,Y,lon,lat,Date,Time,Environment,Road_Surface,Traffic_Control,Collision_Location,Light,Collision_Classification,Impact_type,Neighborhood
9450,INNES RD @ TENTH LINE RD,383952.481,5036159.2,-75.48787552,45.46087656,2015-06-09,6:04,01 - Clear,01 - Dry,01 - Traffic signal,02 - Intersection related,01 - Daylight,03 - P.D. only,03 - Rear end,Queenswood Heights
9451,BASELINE RD/HERON RD @ PRINCE OF WALES DR,366874.5715,5026438.668,-75.70745174,45.3751403,2015-06-09,17:16,01 - Clear,01 - Dry,01 - Traffic signal,02 - Intersection related,01 - Daylight,03 - P.D. only,03 - Rear end,Civic Hospital - Experimental Farm - Central Park
9452,BRONSON PL @ BRONSON AVE NB OFFRAMP 24,367839.1852,5028400.671,-75.69488651,45.39270776,2015-04-02,22:27,02 - Rain,02 - Wet,03 - Yield sign,03 - At intersection,07 - Dark,03 - P.D. only,02 - Angle,Old Ottawa South
9453,RIVER RD btwn RIDEAU RD & KNOTT CRES,368114.8625,5012229.382,-75.69343325,45.24717646,2015-06-15,15:57,01 - Clear,01 - Dry,10 - No control,01 - Non intersection,01 - Daylight,03 - P.D. only,04 - Sideswipe,Manotick
9454,DOYON AVE btwn KATNICK WAY & KEYROCK DR,349213.3528,5020622.928,-75.93345356,45.32415098,2015-06-15,12:05,01 - Clear,01 - Dry,10 - No control,04 - At/near private drive,01 - Daylight,03 - P.D. only,06 - SMV unattended vehicle,Kanata Lakes - Marchwood Lakeside - Morgan's Grant - Kanata
9455,WELLINGTON ST btwn LYON ST N & KENT ST,367044.3645,5031492.339,-75.70464637,45.4205968,2015-04-18,14:44,01 - Clear,01 - Dry,10 - No control,01 - Non intersection,01 - Daylight,03 - P.D. only,04 - Sideswipe,Downtown
9456,MARCH RD btwn BEACHVALE LANE & MARCHURST RD,344982.2277,5024315.655,-75.98712451,45.3576343,2015-06-16,11:00,01 - Clear,01 - Dry,10 - No control,01 - Non intersection,01 - Daylight,03 - P.D. only,07 - SMV other,Carp - Hardwood Plains
9457,HINES RD btwn INNOVATION DR & SOLANDT RD,350255.5015,5022645.3,-75.91997462,45.34228205,2015-06-17,9:09,01 - Clear,01 - Dry,10 - No control,01 - Non intersection,01 - Daylight,03 - P.D. only,03 - Rear end,South March
9458,HWY417 IC124 RAMP67 btwn CARLING AVE & HIGHWAY 417,364508.282,5027663.8,-75.73751285,45.38636946,2015-11-12,16:45,02 - Rain,02 - Wet,10 - No control,01 - Non intersection,05 - Dusk,03 - P.D. only,03 - Rear end,Westboro
9459,DONALD ST @ VANIER PKWY,370311.7131,5032270.225,-75.66279737,45.42729758,2015-04-17,15:30,01 - Clear,01 - Dry,01 - Traffic signal,02 - Intersection related,01 - Daylight,03 - P.D. only,03 - Rear end,Overbrook
9460,BLACKBURN BYPASS EB btwn 1700 W OF NAVAN RD & NAVAN RD,379524.7741,5033171.139,-75.54493839,45.43447979,2015-04-17,16:01,01 - Clear,01 - Dry,10 - No control,01 - Non intersection,01 - Daylight,03 - P.D. only,03 - Rear end,Greenbelt
9461,RICHMOND RD btwn JOHN SUTHERLAND DR & HOLLY ACRES RD,358922.666,5022438.183,-75.80940917,45.33980325,2015-07-30,7:49,02 - Rain,02 - Wet,10 - No control,01 - Non intersection,01 - Daylight,03 - P.D. only,03 - Rear end,Qualicum - Redwood Park
9462,SCRIVENS ST @ WALTER ST,359363.5902,5024403.368,-75.80356669,45.35745185,2015-07-30,16:18,01 - Clear,01 - Dry,02 - Stop sign,03 - At intersection,01 - Daylight,03 - P.D. only,02 - Angle,Bayshore
9463,BANK ST btwn RIVERSIDE DR & BILLINGS TRANSIT,369372.6734,5027820.285,-75.67537932,45.38734591,2015-08-21,13:59,01 - Clear,01 - Dry,10 - No control,01 - Non intersection,01 - Daylight,03 - P.D. only,05 - Turning movement,Alta Vista
9464,AYLMER AVE @ BANK ST,368672.1915,5028730.811,-75.684206,45.39560277,2015-08-24,13:28,02 - Rain,02 - Wet,01 - Traffic signal,02 - Intersection related,01 - Daylight,03 - P.D. only,03 - Rear end,Old Ottawa South
9465,GLADSTONE AVE @ KENT ST,367745.2244,5030459.831,-75.6958236,45.41124392,2015-08-07,23:30,01 - Clear,01 - Dry,01 - Traffic signal,03 - At intersection,07 - Dark,03 - P.D. only,02 - Angle,Centretown
9466,DWYER HILL RD btwn ROGER STEVENS DR & FLOOD RD,354587.2206,4989084.952,-75.86805478,45.03999946,2015-08-09,20:50,01 - Clear,01 - Dry,10 - No control,01 - Non intersection,07 - Dark,03 - P.D. only,07 - SMV other,Munster Hamlet - Richmond
9467,PRINCE OF WALES DR @ WEST HUNT CLUB RD,367459.431,5021890.422,-75.70056161,45.3341641,2015-08-10,17:01,01 - Clear,01 - Dry,01 - Traffic signal,02 - Intersection related,01 - Daylight,03 - P.D. only,03 - Rear end,Industrial Park
9468,GREENBANK RD @ BELLMAN DR/BATEMAN DR,361256.1685,5021017.742,-75.77979864,45.32683824,2015-08-25,18:38,01 - Clear,01 - Dry,01 - Traffic signal,02 - Intersection related,01 - Daylight,03 - P.D. only,03 - Rear end,Woodvale - Craig Henry - Manordale - Estates of Arlington Wo
9469,DONNELLY DR @ MERLYN WILSON RD,369254.4137,4990842.576,-75.68167664,45.05463316,2015-08-25,16:36,01 - Clear,01 - Dry,02 - Stop sign,02 - Intersection related,01 - Daylight,03 - P.D. only,03 - Rear end,Munster Hamlet - Richmond
9470,CUMBERLAND ST @ RIDEAU ST,368373.7903,5032329.614,-75.68755271,45.42801077,2015-07-09,13:40,01 - Clear,01 - Dry,01 - Traffic signal,02 - Intersection related,01 - Daylight,03 - P.D. only,03 - Rear end,Byward Market - Parliament Hill
9471,OGILVIE RD btwn MURDOCK GT & CUMMINGS AVE,372712.6842,5032151.487,-75.63213416,45.42600023,2015-07-09,13:57,01 - Clear,01 - Dry,10 - No control,01 - Non intersection,01 - Daylight,03 - P.D. only,04 - Sideswipe,Cummings
9472,LAVAL ST btwn CHARLEVOIX ST & LOYER ST,369361.1898,5033520.324,-75.67477932,45.43863386,2015-07-30,12:30,01 - Clear,01 - Dry,10 - No control,04 - At/near private drive,01 - Daylight,03 - P.D. only,06 - SMV unattended vehicle,Vanier North
9473,BANTREE ST @ SHEFFIELD RD,374648.1823,5030045.622,-75.60770162,45.40686217,2015-07-31,17:00,01 - Clear,01 - Dry,03 - Yield sign,02 - Intersection related,01 - Daylight,03 - P.D. only,03 - Rear end,Industrial Park
9474,WALKLEY RD @ HEATHERINGTON RD,371766.7255,5026794.534,-75.64494876,45.37789179,2015-06-08,15:03,01 - Clear,01 - Dry,01 - Traffic signal,02 - Intersection related,01 - Daylight,03 - P.D. only,03 - Rear end,Ledbury - Heron Gate - Ridgemont - Elmwood
9475,COUSINEAU ST btwn ST. JEAN ST & END,380954.56,5037371.355,-75.5260165,45.47211576,2015-06-08,11:06,02 - Rain,02 - Wet,10 - No control,04 - At/near private drive,01 - Daylight,03 - P.D. only,02 - Angle,Industrial Park
9476,CARLING AVE @ WOODROFFE AVE W,361767.6836,5025725.032,-75.77273163,45.36915287,2015-04-09,8:00,01 - Clear,01 - Dry,01 - Traffic signal,02 - Intersection related,01 - Daylight,03 - P.D. only,03 - Rear end,Carlingwood West - Glabar Park - McKellar Heights
9477,9TH LINE RD btwn PANA RD & VICTORIA ST,386543.7399,5013779.844,-75.45844772,45.25922748,2015-04-13,5:38,01 - Clear,01 - Dry,10 - No control,01 - Non intersection,07 - Dark,03 - P.D. only,07 - SMV other,Metcalfe
9478,CHESTERTON DR @ MEADOWLANDS DR,365102.4243,5024009.147,-75.73037235,45.35343462,2015-06-15,8:39,01 - Clear,01 - Dry,01 - Traffic signal,02 - Intersection related,01 - Daylight,03 - P.D. only,05 - Turning movement,Borden Farm - Stewart Farm - Parkwood Hills - Fisher Glen
9479,INDUSTRIAL AVE @ RIVERSIDE DR,370683.9979,5030591.472,-75.65826477,45.41215788,2015-06-11,12:00,01 - Clear,01 - Dry,01 - Traffic signal,02 - Intersection related,01 - Daylight,03 - P.D. only,04 - Sideswipe,Industrial Park
9480,WALKLEY RD btwn HALIFAX DR & ST. LAURENT BLVD,373886.1735,5028038.567,-75.61771608,45.38887926,2015-04-23,19:38,01 - Clear,01 - Dry,10 - No control,04 - At/near private drive,01 - Daylight,03 - P.D. only,05 - Turning movement,Urbandale
9481,EAGLESON RD @ COPE DR/CADENCE GT,354620.6223,5016027.067,-75.86494316,45.28243358,2015-06-17,10:02,01 - Clear,01 - Dry,01 - Traffic signal,02 - Intersection related,01 - Daylight,03 - P.D. only,04 - Sideswipe,Bridlewood - Emerald Meadows
9482,MARCH RD btwn HALTON TERR/MAXWELL BRIDGE RD & KLONDIKE RD,348921.7955,5024435.12,-75.93683256,45.35847242,2015-06-17,13:38,01 - Clear,01 - Dry,10 - No control,01 - Non intersection,01 - Daylight,03 - P.D. only,04 - Sideswipe,Kanata Lakes - Marchwood Lakeside - Morgan's Grant - Kanata
9483,MARCH RD @ 280 S OF CARLING AVE/GATEWAY MALL S,351108.684,5022027.583,-75.90914616,45.3366679,2015-02-13,12:36,01 - Clear,01 - Dry,01 - Traffic signal,03 - At intersection,01 - Daylight,03 - P.D. only,02 - Angle,South March
9484,NELSON ST @ RIDEAU ST,368650.0172,5032498.469,-75.68400111,45.4295049,2015-03-24,8:05,01 - Clear,01 - Dry,01 - Traffic signal,02 - Intersection related,01 - Daylight,03 - P.D. only,03 - Rear end,Lowe
9485,BANK ST @ HUNT CLUB RD,371609.4572,5024095.425,-75.64732154,45.35362117,2015-04-13,17:00,01 - Clear,01 - Dry,01 - Traffic signal,02 - Intersection related,01 - Daylight,03 - P.D. only,03 - Rear end,South Keys - Heron Gate - Greenboro West
9486,ALBERT ST btwn BANK ST & O'CONNOR ST,367451.4953,5031466.879,-75.69944783,45.42033138,2015-04-17,19:21,01 - Clear,01 - Dry,10 - No control,01 - Non intersection,05 - Dusk,03 - P.D. only,04 - Sideswipe,Downtown
9487,BANK ST @ QUEENSDALE AVE,373336.3825,5023445.784,-75.62537365,45.34760929,2015-04-19,9:00,01 - Clear,01 - Dry,01 - Traffic signal,02 - Intersection related,01 - Daylight,03 - P.D. only,99 - Other,Blossom Park - Blossom Park West - Sawmill Creek/ Timbermill
9488,BANK ST btwn RIDEAU RD & TURN LANE,376982.1399,5017777.806,-75.57968035,45.29624564,2015-04-19,14:37,01 - Clear,01 - Dry,10 - No control,01 - Non intersection,01 - Daylight,03 - P.D. only,03 - Rear end,Greenbelt
9489,WEST HUNT CLUB RD @ CLEOPATRA DR/LANCELOT DR,365235.7,5021732.012,-75.72894973,45.33293379,2015-04-13,8:39,01 - Clear,01 - Dry,01 - Traffic signal,02 - Intersection related,01 - Daylight,03 - P.D. only,04 - Sideswipe,Tanglewood
9490,CARLING AVE WB btwn POULIN AVE & ALPINE AVE,360415.0484,5024893.584,-75.79009206,45.36178018,2015-07-29,16:30,01 - Clear,01 - Dry,10 - No control,01 - Non intersection,01 - Daylight,03 - P.D. only,03 - Rear end,Whitehaven - Queensway Terrace North
9491,BREWER RD @ BRONSON AVE,368107.5262,5027767.703,-75.6915409,45.38698829,2015-08-24,14:21,01 - Clear,01 - Dry,01 - Traffic signal,02 - Intersection related,01 - Daylight,03 - P.D. only,03 - Rear end,Carleto
9492,PARKDALE AVE/SPENCER ST @ OXFORD ST,365059.6697,5029475.394,-75.73025088,45.40262258,2015-08-24,14:00,02 - Rain,02 - Wet,02 - Stop sign,02 - Intersection related,01 - Daylight,03 - P.D. only,04 - Sideswipe,Islan
9493,CARLETON AVE btwn CLEARVIEW AVE & SUNNYMEDE AVE,363992.179,5029511.318,-75.74388135,45.40303689,2015-08-10,8:50,01 - Clear,01 - Dry,10 - No control,01 - Non intersection,01 - Daylight,03 - P.D. only,07 - SMV other,Champlain Park
9494,CATHCART ST @ DALHOUSIE ST,367778.6956,5032932.229,-75.69507995,45.43348673,2015-08-10,6:30,01 - Clear,01 - Dry,02 - Stop sign,02 - Intersection related,01 - Daylight,03 - P.D. only,03 - Rear end,Lower Town
9495,CASTLEFRANK RD @ HAZELDEAN RD,352676.8642,5017676.009,-75.8895594,45.29740625,2015-08-25,13:14,01 - Clear,01 - Dry,01 - Traffic signal,02 - Intersection related,01 - Daylight,03 - P.D. only,03 - Rear end,Glen Cairn - Kanata South Business Park
9496,HARDING RD @ WALKLEY RD,373148.7307,5027609.296,-75.62719214,45.38508922,2015-08-25,8:55,01 - Clear,01 - Dry,01 - Traffic signal,03 - At intersection,01 - Daylight,03 - P.D. only,05 - Turning movement,Urbandale
9497,CONROY RD @ ST. LAURENT BLVD,373069.9675,5027159.662,-75.62826001,45.38105129,2015-07-09,0:23,01 - Clear,01 - Dry,01 - Traffic signal,02 - Intersection related,07 - Dark,03 - P.D. only,04 - Sideswipe,Industrial Park
9498,PARKDALE AVE @ WELLINGTON ST,365150.4213,5029269.475,-75.72911694,45.40076195,2015-07-08,16:11,01 - Clear,01 - Dry,01 - Traffic signal,02 - Intersection related,01 - Daylight,03 - P.D. only,04 - Sideswipe,Islan
9499,BLAIR RD @ MEADOWBROOK RD,375194.2275,5032312.837,-75.60040297,45.42720663,2015-08-25,12:58,01 - Clear,01 - Dry,01 - Traffic signal,02 - Intersection related,01 - Daylight,03 - P.D. only,03 - Rear end,Greenbelt
9500,PUTMAN AVE btwn DOUGLAS AVE & LANGEVIN AVE,369317.3895,5033913.377,-75.67528759,45.44217444,2015-08-27,18:55,01 - Clear,01 - Dry,10 - No control,01 - Non intersection,01 - Daylight,03 - P.D. only,06 - SMV unattended vehicle,Lindenlea
9501,BRONSON AVE @ HWY 417 BRONSON IC121AR51,367290.1538,5029709.477,-75.70173204,45.40453324,2015-06-08,11:04,01 - Clear,01 - Dry,01 - Traffic signal,02 - Intersection related,01 - Daylight,03 - P.D. only,03 - Rear end,Centretown West
9502,CARRIERE ST @ ORLEANS BLVD,380793.0222,5036610.655,-75.52819983,45.4652892,2015-06-08,7:59,02 - Rain,02 - Wet,01 - Traffic signal,03 - At intersection,01 - Daylight,03 - P.D. only,05 - Turning movement,Orleans Village - Chateauneuf
9503,GEORGE ST btwn DALHOUSIE ST & CUMBERLAND ST,368242.5473,5032369.878,-75.68922459,45.42838496,2015-01-24,2:30,01 - Clear,05 - Packed snow,10 - No control,01 - Non intersection,07 - Dark,03 - P.D. only,99 - Other,Byward Market
9504,INNES RD @ ORCHARDVIEW AVE/ESPRIT DR,384845.4853,5036560.199,-75.47639318,45.46438263,2015-06-10,17:21,02 - Rain,02 - Wet,01 - Traffic signal,02 - Intersection related,01 - Daylight,03 - P.D. only,04 - Sideswipe,Fallingbrook
9505,REGIONAL ROAD 174 btwn OR174 IC105 RAMP51 & OR174 IC105 RAMP35,379341.6664,5036965.298,-75.5467034,45.46863639,2015-06-10,17:19,01 - Clear,01 - Dry,10 - No control,01 - Non intersection,01 - Daylight,03 - P.D. only,03 - Rear end,Greenbelt
9506,MURPHY SIDE RD @ RAVENVIEW WAY,343573.897,5027180.099,-76.00487454,45.38348873,2015-10-20,12:15,01 - Clear,01 - Dry,02 - Stop sign,02 - Intersection related,01 - Daylight,03 - P.D. only,07 - SMV other,Carp - Hardwood Plains
9507,BANK ST @ HUNT CLUB RD,371609.4572,5024096.146,-75.64732144,45.35362766,2015-05-12,13:52,01 - Clear,01 - Dry,01 - Traffic signal,02 - Intersection related,01 - Daylight,03 - P.D. only,03 - Rear end,South Keys - Heron Gate - Greenboro West
9508,HOPE SIDE RD @ RICHMOND RD,356952.6366,5015485.075,-75.8352762,45.27738749,2015-06-17,14:39,01 - Clear,01 - Dry,02 - Stop sign,03 - At intersection,01 - Daylight,03 - P.D. only,03 - Rear end,Bridlewood - Emerald Meadows
9509,MARCH RD @ SOLANDT RD,350488.8878,5022710.142,-75.91699071,45.34285035,2015-06-18,8:04,01 - Clear,01 - Dry,01 - Traffic signal,02 - Intersection related,01 - Daylight,03 - P.D. only,03 - Rear end,South March
9510,RENAUD RD btwn NAVAN RD & WHITE ST,382222.6815,5032989.522,-75.51048992,45.43255225,2015-04-16,10:34,01 - Clear,01 - Dry,10 - No control,04 - At/near private drive,01 - Daylight,03 - P.D. only,06 - SMV unattended vehicle,Chapel Hill South
9511,LAURIER AVE @ NICHOLAS ST,368373.637,5031798.63,-75.68762321,45.42323317,2015-04-21,8:20,02 - Rain,02 - Wet,01 - Traffic signal,02 - Intersection related,01 - Daylight,03 - P.D. only,03 - Rear end,Sandy Hill
9512,NEPEAN ST @ BANK ST,367561.9844,5031133.215,-75.69807866,45.41731928,2015-04-22,12:41,01 - Clear,01 - Dry,02 - Stop sign,03 - At intersection,01 - Daylight,03 - P.D. only,02 - Angle,Centretown
9513,MONTREAL RD btwn GATESTONE PRIV & SINCLAIR ST,375951.3161,5034746.548,-75.59037726,45.4490271,2015-04-22,8:49,02 - Rain,02 - Wet,10 - No control,01 - Non intersection,01 - Daylight,03 - P.D. only,03 - Rear end,Beacon Hill North
9514,LESTER RD btwn ALBION RD & UPLANDS DR,372625.554,5022292.496,-75.63460196,45.3373015,2015-04-28,15:45,01 - Clear,01 - Dry,10 - No control,01 - Non intersection,01 - Daylight,03 - P.D. only,05 - Turning movement,Emerald Woods - Sawmill Creek
9515,GREENBANK RD @ BERRIGAN DR/WESSEX RD,363722.961,5015276.064,-75.74901526,45.27497202,2015-05-19,14:57,01 - Clear,01 - Dry,01 - Traffic signal,02 - Intersection related,01 - Daylight,03 - P.D. only,04 - Sideswipe,New Barrhaven
9516,CHAPMAN MILLS DR/TRANSITWAY SOUTHWEST @ WOODROFFE AVE,366177.0901,5015219.37,-75.71774677,45.27425195,2015-08-24,13:30,01 - Clear,01 - Dry,01 - Traffic signal,02 - Intersection related,01 - Daylight,03 - P.D. only,04 - Sideswipe,New Barrhaven
9517,KANATA AVE btwn MARITIME WAY & HWY417 IC139 RAMP61,351467.172,5019324.465,-75.9048272,45.31232088,2015-08-25,8:08,01 - Clear,01 - Dry,10 - No control,01 - Non intersection,01 - Daylight,03 - P.D. only,03 - Rear end,Kanata
9518,MAIN ST btwn TURN LANE & RIVERDALE AVE,369421.651,5029558.08,-75.67452629,45.40297749,2015-08-13,6:45,01 - Clear,01 - Dry,10 - No control,01 - Non intersection,01 - Daylight,03 - P.D. only,07 - SMV other,Old Ottawa East
9519,PRINCE OF WALES DR @ WEST HUNT CLUB RD,367460.1517,5021891.864,-75.70055224,45.33417701,2015-08-20,14:28,01 - Clear,01 - Dry,01 - Traffic signal,02 - Intersection related,01 - Daylight,03 - P.D. only,03 - Rear end,Industrial Park
9520,RIDEAU ST btwn KING EDWARD AVE & NELSON ST,368623.5937,5032482.014,-75.6843409,45.42935926,2015-08-09,20:15,01 - Clear,01 - Dry,10 - No control,04 - At/near private drive,07 - Dark,03 - P.D. only,05 - Turning movement,Lower Town
9521,RIVERSIDE DR @ UPLANDS DR/KIMBERWICK CRES N,368193.9953,5022794.581,-75.69107479,45.34223356,2015-08-09,15:42,01 - Clear,01 - Dry,01 - Traffic signal,03 - At intersection,01 - Daylight,03 - P.D. only,05 - Turning movement,Hunt Club Woods - Quintarra - Revelstoke - Riverside South P
9522,STONE SCHOOL RD btwn BANK ST & JOHN QUINN RD,382844.1764,5011962.209,-75.50586444,45.24329349,2015-08-25,6:55,01 - Clear,01 - Dry,10 - No control,01 - Non intersection,01 - Daylight,03 - P.D. only,01 - Approaching,Osgoode
9523,DONALD ST @ ST. LAURENT BLVD,372092.699,5032473.852,-75.6400121,45.42896064,2015-08-24,16:28,01 - Clear,01 - Dry,01 - Traffic signal,02 - Intersection related,01 - Daylight,03 - P.D. only,03 - Rear end,Overbrook
9524,CARLING AVE @ CHURCHILL AVE,363776.4163,5027012.457,-75.74693593,45.38057078,2015-07-08,13:40,01 - Clear,01 - Dry,01 - Traffic signal,02 - Intersection related,01 - Daylight,03 - P.D. only,04 - Sideswipe,Westboro
9525,LEES AVE @ KING EDWARD AVE/MANN AVE,369179.978,5031336.614,-75.6773808,45.41900238,2015-07-07,19:26,01 - Clear,01 - Dry,01 - Traffic signal,02 - Intersection related,01 - Daylight,03 - P.D. only,03 - Rear end,Sandy Hill
9526,RIVER RD btwn 175 N OF EARL ARMSTRONG/LOBLAWS SC & 700 N OF EARL ARMST,367648.5907,5014873.342,-75.69903806,45.27100844,2015-08-28,7:55,01 - Clear,01 - Dry,10 - No control,01 - Non intersection,01 - Daylight,03 - P.D. only,03 - Rear end,Gloucester
9527,NEPEAN ST @ O'CONNOR ST,367721.2169,5031226.331,-75.69603243,45.4181428,2015-08-28,10:59,01 - Clear,01 - Dry,02 - Stop sign,02 - Intersection related,01 - Daylight,03 - P.D. only,05 - Turning movement,Centretown
9528,FROBISHER LANE W @ RIVERSIDE DR,370118.8953,5029600.235,-75.66561509,45.40329208,2015-05-21,16:53,01 - Clear,01 - Dry,01 - Traffic signal,02 - Intersection related,01 - Daylight,03 - P.D. only,03 - Rear end,Industrial Park
9529,GLADSTONE AVE @ METCALFE ST,368229.991,5030749.488,-75.68959366,45.41380639,2015-05-21,14:40,01 - Clear,01 - Dry,01 - Traffic signal,03 - At intersection,01 - Daylight,03 - P.D. only,02 - Angle,Centretown
9530,HIGHWAY 417 btwn HWY417 IC96 RAMP51 & HIGHWAY 417,387259.5053,5023858.133,-75.44765269,45.34982061,2015-08-29,18:52,02 - Rain,02 - Wet,10 - No control,01 - Non intersection,01 - Daylight,03 - P.D. only,04 - Sideswipe,Greenbelt
9531,CYRVILLE RD btwn STAR TOP RD & MEADOWBROOK RD,374603.1891,5031251.984,-75.60810549,45.41772088,2015-06-05,12:50,01 - Clear,01 - Dry,10 - No control,04 - At/near private drive,01 - Daylight,03 - P.D. only,02 - Angle,Industrial Park
9532,ST. LAURENT BLVD btwn TREMBLAY RD & SHORE ST,372799.4039,5030737.493,-75.63122124,45.41326936,2015-06-05,6:28,01 - Clear,01 - Dry,10 - No control,01 - Non intersection,01 - Daylight,03 - P.D. only,03 - Rear end,Industrial Park
9533,CROWNHILL ST btwn SEGUIN ST & SUMAC ST,374507.6803,5034199.485,-75.60890843,45.44425041,2015-05-28,15:29,01 - Clear,01 - Dry,10 - No control,04 - At/near private drive,01 - Daylight,03 - P.D. only,06 - SMV unattended vehicle,Beacon Hill South - Cardinal Heights
9534,PRINCE OF WALES DR @ STRANDHERD DR,367173.8484,5014824.551,-75.70509387,45.27061169,2015-06-08,11:23,02 - Rain,02 - Wet,01 - Traffic signal,03 - At intersection,01 - Daylight,03 - P.D. only,04 - Sideswipe,Greenbelt
9535,COLONNADE RD @ MERIVALE RD,365364.4157,5022542.695,-75.72720848,45.34021712,2015-06-18,8:59,01 - Clear,01 - Dry,01 - Traffic signal,02 - Intersection related,01 - Daylight,03 - P.D. only,04 - Sideswipe,Tanglewood
9536,BRIDGE ST btwn BRIDGE ST & KITOMAN CRES,369360.4965,5010687.44,-75.67776692,45.23318904,2015-06-19,7:54,01 - Clear,01 - Dry,10 - No control,01 - Non intersection,01 - Daylight,03 - P.D. only,99 - Other,Manotick
9537,CRESTHAVEN DR @ STRANDHERD DR,366814.6269,5015029.152,-75.70964588,45.27248444,2015-04-26,0:00,01 - Clear,01 - Dry,01 - Traffic signal,02 - Intersection related,07 - Dark,03 - P.D. only,03 - Rear end,Chapman Mills - Rideau Crest - Davidson Heights
9538,BASELINE RD @ CORDOVA ST,363593.6882,5024409.166,-75.74957879,45.35716207,2015-04-24,12:30,01 - Clear,01 - Dry,01 - Traffic signal,02 - Intersection related,01 - Daylight,03 - P.D. only,03 - Rear end,Braemar Park - Bel Air Heights - Copeland Park
9539,CONROY RD @ WALKLEY RD,372904.4433,5027463.892,-75.63033137,45.38380473,2015-04-30,17:52,01 - Clear,01 - Dry,01 - Traffic signal,02 - Intersection related,01 - Daylight,03 - P.D. only,03 - Rear end,Elmvale - Eastway - Riverview - Riverview Park West
9540,MURRAY ST btwn CUMBERLAND ST & KING EDWARD AVE,368289.1122,5032751.903,-75.68858031,45.43181806,2015-05-24,3:52,01 - Clear,01 - Dry,10 - No control,01 - Non intersection,07 - Dark,03 - P.D. only,99 - Other,Byward Market
9541,MERIVALE RD/LOTTA AVE @ CLYDE AVE,364523.0299,5024507.517,-75.73770617,45.35796847,2015-07-31,12:25,01 - Clear,01 - Dry,01 - Traffic signal,02 - Intersection related,01 - Daylight,03 - P.D. only,03 - Rear end,Cityview - Skyline - Fisher Heights
9542,VANIER PKWY/CRICHTON ST @ BEECHWOOD AVE/ST. PA,369127.797,5033486.774,-75.67776662,45.4383535,2015-03-17,8:46,01 - Clear,06 - Ice,01 - Traffic signal,02 - Intersection related,01 - Daylight,03 - P.D. only,03 - Rear end,Vanier North
9543,COVENTRY RD @ LOLA ST,371264.2246,5031615.839,-75.65071444,45.42131984,2015-03-24,10:46,01 - Clear,01 - Dry,01 - Traffic signal,02 - Intersection related,01 - Daylight,03 - P.D. only,07 - SMV other,Overbrook
9544,RICHMOND RD btwn FALLOWFIELD RD & RUSHMORE RD,357873.1855,5013186.439,-75.82378958,45.25663508,2015-08-23,8:31,01 - Clear,01 - Dry,10 - No control,01 - Non intersection,01 - Daylight,03 - P.D. only,07 - SMV other,Munster Hamlet - Richmond
9545,MAJESTIC DR @ WOODROFFE AVE,363528.2004,5021571.746,-75.75075145,45.33163671,2015-08-24,18:21,01 - Clear,01 - Dry,01 - Traffic signal,02 - Intersection related,01 - Daylight,03 - P.D. only,03 - Rear end,Woodvale - Craig Henry - Manordale - Estates of Arlington Wo
9546,COLONIAL RD @ HENN DR,389133.3708,5031867.576,-75.42237419,45.42165894,2015-08-08,12:39,01 - Clear,01 - Dry,02 - Stop sign,02 - Intersection related,01 - Daylight,03 - P.D. only,02 - Angle,Navan
9547,CENTREPOINTE DR btwn DALECROFT CRES & WYCLIFFE ST,362277.5256,5022239.102,-75.7666286,45.3377451,2015-08-08,4:19,01 - Clear,01 - Dry,10 - No control,01 - Non intersection,07 - Dark,03 - P.D. only,06 - SMV unattended vehicle,Centrepointe
9548,FRANK BENDER ST @ JEANNE D'ARC BLVD,381871.7646,5035883.828,-75.51452084,45.45863163,2015-08-24,14:30,02 - Rain,02 - Wet,01 - Traffic signal,02 - Intersection related,01 - Daylight,03 - P.D. only,03 - Rear end,Orleans Village - Chateauneuf
9549,GREENBANK RD btwn MARKETPLACE AVE & JOCKVALE RD,364061.868,5014470.593,-75.74479232,45.26769589,2015-08-15,12:00,01 - Clear,01 - Dry,10 - No control,01 - Non intersection,01 - Daylight,03 - P.D. only,04 - Sideswipe,New Barrhaven
9550,MONTREAL RD btwn BETHAMY LANE & OGILVIE RD,375443.6227,5034417.25,-75.59691425,45.44611577,2015-07-06,16:00,01 - Clear,01 - Dry,10 - No control,04 - At/near private drive,01 - Daylight,03 - P.D. only,02 - Angle,Beacon Hill South - Cardinal Heights
9551,INNES RD btwn 298 E OF WILDFLOWER DR & LANTHIER DR/PRESTWICK DR,383363.6578,5035908.838,-75.49544365,45.45869049,2015-07-06,16:32,01 - Clear,01 - Dry,10 - No control,01 - Non intersection,01 - Daylight,03 - P.D. only,99 - Other,Queenswood Heights
9552,MONTREAL RD @ SHEFFORD RD,376125.2235,5034853.321,-75.58813877,45.44997005,2015-08-28,12:10,01 - Clear,01 - Dry,01 - Traffic signal,03 - At intersection,01 - Daylight,03 - P.D. only,05 - Turning movement,Beacon Hill South - Cardinal Heights
9553,INNES RD btwn STAR TOP RD & HWY417 IC112 RAMP55,374191.8323,5030692.67,-75.61343963,45.41272938,2015-08-28,17:20,01 - Clear,01 - Dry,10 - No control,01 - Non intersection,01 - Daylight,03 - P.D. only,03 - Rear end,Industrial Park