Record,Location,X,Y,lon,lat,Date,Time,Environment,Road_Surface,Traffic_Control,Collision_Location,Light,Collision_Classification,Impact_type,Neighborhood
9554,NAVAN RD @ TENTH LINE RD,385758.5082,5031832.173,-75.46549734,45.4217391,2015-05-15,19:00,01 - Clear,01 - Dry,01 - Traffic signal,02 - Intersection related,01 - Daylight,03 - P.D. only,03 - Rear end,Navan - Vars
9555,INDUSTRIAL AVE @ RIVERSIDE DR,370684.7186,5030593.634,-75.65825528,45.41217727,2015-04-14,15:30,01 - Clear,01 - Dry,01 - Traffic signal,02 - Intersection related,01 - Daylight,03 - P.D. only,03 - Rear end,Industrial Park
9556,KIRKWOOD AVE N @ CARLING AVE,364274.5834,5027493.585,-75.74051748,45.38485778,2015-05-28,8:10,01 - Clear,02 - Wet,01 - Traffic signal,02 - Intersection related,01 - Daylight,03 - P.D. only,07 - SMV other,Westboro
9557,BELLAMY ST btwn EIFFEL AVE & DEBRA AVE,366888.9703,5025542.739,-75.70738053,45.36707766,2015-05-18,9:20,01 - Clear,01 - Dry,10 - No control,04 - At/near private drive,01 - Daylight,03 - P.D. only,06 - SMV unattended vehicle,Carleton Heights - Rideauview
9558,CARLING AVE @ FAIRLAWN AVE/WOODROFFE AVE E,361934.6841,5025830.528,-75.77058762,45.37008852,2015-06-09,8:54,02 - Rain,02 - Wet,01 - Traffic signal,03 - At intersection,01 - Daylight,03 - P.D. only,02 - Angle,Carlingwood West - Glabar Park - McKellar Heights
9559,RICHMOND RD @ WOODROFFE AVE,361583.245,5026654.884,-75.77497915,45.37753457,2015-06-10,16:36,01 - Clear,01 - Dry,01 - Traffic signal,03 - At intersection,01 - Daylight,03 - P.D. only,02 - Angle,Carlingwood - McKellar Park - Laurentien View
9560,ASHTON STATION RD btwn MCLINTON RD & MALLOCH LANE,344041.4374,4999058.343,-76.00112526,45.13040974,2015-06-20,12:10,01 - Clear,08 - Loose sand or gravel,10 - No control,01 - Non intersection,01 - Daylight,03 - P.D. only,07 - SMV other,Beckwith
9561,ALTA VISTA DR btwn HERON RD & RIDGEMONT AVE,370511.8442,5026755.754,-75.66097488,45.37766168,2015-01-13,14:54,01 - Clear,02 - Wet,10 - No control,04 - At/near private drive,01 - Daylight,03 - P.D. only,02 - Angle,Ledbury - Heron Gate - Ridgemont - Elmwood
9562,COOPER ST btwn KENT ST & BANK ST,367611.5647,5030967.097,-75.6974664,45.41582015,2015-04-24,14:55,01 - Clear,01 - Dry,10 - No control,01 - Non intersection,01 - Daylight,03 - P.D. only,02 - Angle,Centretown
9563,CENTER ST btwn MONTREAL RD & PAUL AVE,371882.9686,5033797.948,-75.64251169,45.44089438,2015-04-27,17:12,01 - Clear,01 - Dry,10 - No control,04 - At/near private drive,01 - Daylight,03 - P.D. only,02 - Angle,Cummings
9564,MARCH RD btwn THOMAS ARGUE RD & CARP RD,342090.5376,5021665.841,-76.02423174,45.33395006,2015-05-30,1:30,01 - Clear,01 - Dry,10 - No control,01 - Non intersection,07 - Dark,03 - P.D. only,04 - Sideswipe,Carp - Hardwood Plains
9565,REGIONAL ROAD 174 btwn OR174 IC112 RAMP26 & OR174 IC112 RAMP61,374936.4422,5032947.803,-75.60360648,45.4329456,2015-05-30,4:05,01 - Clear,01 - Dry,10 - No control,01 - Non intersection,07 - Dark,03 - P.D. only,07 - SMV other,Greenbelt
9566,HWY417 IC130 RAMP61 btwn HWY417 IC130 RAMP66 & RAMP,359497.1654,5023153.72,-75.80200014,45.34619711,2015-06-06,16:41,01 - Clear,01 - Dry,10 - No control,01 - Non intersection,01 - Daylight,03 - P.D. only,04 - Sideswipe,Bayshore
9567,FLANNERY DR btwn SPRINGLAND DR & GAVIN ST,368699.1851,5025167.199,-75.68432245,45.36353596,2015-06-06,23:30,01 - Clear,01 - Dry,10 - No control,01 - Non intersection,07 - Dark,03 - P.D. only,06 - SMV unattended vehicle,Riverside Park
9568,SLATER ST btwn O'CONNOR ST & METCALFE ST,367657.3095,5031501.415,-75.69681382,45.42062366,2015-07-31,16:14,01 - Clear,01 - Dry,10 - No control,01 - Non intersection,01 - Daylight,03 - P.D. only,99 - Other,Downtown
9569,FRANCOIS ST btwn DENISE AVE & MONIQUE AVE,384118.6504,5032615.597,-75.48632226,45.42897552,2015-05-08,16:45,01 - Clear,01 - Dry,10 - No control,04 - At/near private drive,01 - Daylight,03 - P.D. only,02 - Angle,Cumberland
9570,INDUSTRIAL AVE @ RIVERSIDE DR,370684.567,5030592.288,-75.65825739,45.41216517,2015-05-21,11:55,01 - Clear,01 - Dry,01 - Traffic signal,02 - Intersection related,01 - Daylight,03 - P.D. only,04 - Sideswipe,Industrial Park
9571,STRANDHERD @ KENNEVALE DR,361492.367,5014100.309,-75.77757653,45.26457586,2015-08-24,17:45,01 - Clear,01 - Dry,01 - Traffic signal,02 - Intersection related,01 - Daylight,03 - P.D. only,02 - Angle,Munster Hamlet - Richmond
9572,ECHO DR @ GRAHAM AVE,368803.7059,5030460.21,-75.68230197,45.41115133,2015-07-29,17:00,01 - Clear,01 - Dry,02 - Stop sign,02 - Intersection related,01 - Daylight,03 - P.D. only,01 - Approaching,Old Ottawa East
9573,MONTMERE AVE btwn PLAINHILL DR & Continuation of MONTMERE AVE,386568.8726,5036051.866,-75.45444303,45.45960955,2015-07-06,12:19,01 - Clear,01 - Dry,10 - No control,04 - At/near private drive,01 - Daylight,03 - P.D. only,06 - SMV unattended vehicle,Notting Hill
9574,JEANNE D'ARC BLVD @ GREY NUNS DR/YOUVILLE DR,379672.5024,5036698.519,-75.54251364,45.46620073,2015-08-28,17:53,01 - Clear,01 - Dry,01 - Traffic signal,02 - Intersection related,01 - Daylight,03 - P.D. only,03 - Rear end,Greenbelt
9575,BRONSON AVE @ FOURTH AVE,367584.2205,5029010.321,-75.69806492,45.39821612,2015-08-28,18:55,01 - Clear,01 - Dry,02 - Stop sign,02 - Intersection related,01 - Daylight,03 - P.D. only,04 - Sideswipe,The Glebe
9576,TERRY FOX DR @ PALLADIUM DR/KATIMAVIK RD,351270.4387,5018181.415,-75.90744329,45.30204846,2015-05-15,18:47,01 - Clear,01 - Dry,01 - Traffic signal,02 - Intersection related,01 - Daylight,03 - P.D. only,03 - Rear end,Katimavik - Hazeldean
9577,PRINCE OF WALES DR btwn WEST HUNT CLUB RD & TURN LANE,367459.6288,5021920.436,-75.70055529,45.33443414,2015-05-15,17:15,01 - Clear,01 - Dry,10 - No control,04 - At/near private drive,01 - Daylight,03 - P.D. only,07 - SMV other,Industrial Park
9578,HAZEL ST @ MAIN ST,369165.9937,5030173.193,-75.67771141,45.40853562,2015-04-15,19:55,01 - Clear,01 - Dry,01 - Traffic signal,02 - Intersection related,07 - Dark,03 - P.D. only,03 - Rear end,Old Ottawa East
9579,INDUSTRIAL AVE @ RIVERSIDE DR,370685.4393,5030591.472,-75.65824636,45.41215775,2015-05-14,17:27,01 - Clear,01 - Dry,01 - Traffic signal,02 - Intersection related,01 - Daylight,03 - P.D. only,04 - Sideswipe,Industrial Park
9580,CAMBRIDGE ST    N btwn LAURIER AVE W & PRIMROSE AVE,366781.3317,5030712.074,-75.7081052,45.41359956,2015-05-14,12:27,01 - Clear,01 - Dry,10 - No control,04 - At/near private drive,01 - Daylight,03 - P.D. only,06 - SMV unattended vehicle,Centretown West
9581,BEARBROOK RD btwn 60 S OF WESTPARK DR S & CENTREPARK DR,377763.212,5033431.382,-75.5674114,45.43700731,2015-05-10,13:29,01 - Clear,01 - Dry,10 - No control,01 - Non intersection,01 - Daylight,03 - P.D. only,06 - SMV unattended vehicle,Blackburn Hamlet
9582,HWY 417 INNES IC112R68 @ INNES RD,374641.5662,5030921.507,-75.60766203,45.41474359,2015-06-10,13:25,01 - Clear,01 - Dry,01 - Traffic signal,03 - At intersection,01 - Daylight,03 - P.D. only,02 - Angle,Industrial Park
9583,HWY 417 TERRYFO IC140R61 @ TERRY FOX DR,350807.9047,5018709.717,-75.91329184,45.30683271,2015-06-10,19:27,01 - Clear,01 - Dry,01 - Traffic signal,02 - Intersection related,01 - Daylight,03 - P.D. only,03 - Rear end,Kanata Lakes - Marchwood Lakeside - Morgan's Grant - Kanata
9584,CUMMINGS AVE btwn OGILVIE RD & LABELLE ST,372864.4837,5031900.577,-75.63022919,45.42372791,2015-01-20,13:40,01 - Clear,03 - Loose snow,10 - No control,01 - Non intersection,01 - Daylight,03 - P.D. only,06 - SMV unattended vehicle,Industrial Park
9585,DONALD ST @ ST. LAURENT BLVD,372092.2715,5032472.225,-75.64001778,45.42894604,2015-04-28,7:51,01 - Clear,01 - Dry,01 - Traffic signal,03 - At intersection,01 - Daylight,03 - P.D. only,04 - Sideswipe,Overbrook
9586,ST. LAURENT BLVD btwn DONALD ST & 125 N OF QUEEN MARY ST,372126.8661,5032392.945,-75.63958656,45.42822939,2015-04-28,8:06,01 - Clear,01 - Dry,10 - No control,01 - Non intersection,01 - Daylight,03 - P.D. only,03 - Rear end,Overbrook
9587,BRONSON AVE btwn CARLING AVE & FIRST AVE,367462.1214,5029305.652,-75.6995868,45.40088436,2015-04-27,15:20,01 - Clear,01 - Dry,10 - No control,01 - Non intersection,01 - Daylight,03 - P.D. only,03 - Rear end,The Glebe
9588,CORSHAM AVE btwn VARENNES BLVD & SHEENBORO CRES,384921.2451,5038279.832,-75.47514414,45.47984554,2015-04-28,14:53,01 - Clear,01 - Dry,10 - No control,04 - At/near private drive,01 - Daylight,03 - P.D. only,06 - SMV unattended vehicle,Fallingbrook
9589,BANK ST btwn ALTA VISTA DR & WALKLEY RD,370259.8392,5026167.115,-75.66427021,45.37238889,2015-05-30,14:33,01 - Clear,01 - Dry,10 - No control,01 - Non intersection,01 - Daylight,03 - P.D. only,03 - Rear end,Ledbury - Heron Gate - Ridgemont - Elmwood
9590,BEARBROOK RD btwn ROCKCLIFFE PKWY & Continuation of BEARBROOK RD,377148.1938,5035141.214,-75.57501991,45.45245517,2015-06-07,19:38,01 - Clear,01 - Dry,10 - No control,01 - Non intersection,01 - Daylight,03 - P.D. only,04 - Sideswipe,Greenbelt
9591,COLONNADE RD @ PRINCE OF WALES DR,367395.4323,5023267.597,-75.70120382,45.34656137,2015-07-31,16:49,01 - Clear,01 - Dry,01 - Traffic signal,02 - Intersection related,01 - Daylight,03 - P.D. only,03 - Rear end,Industrial Park
9592,BOTTRIELL WAY N @ CHARLEMAGNE BLVD,383695.4004,5037956.081,-75.49087383,45.47707233,2015-07-31,17:17,02 - Rain,02 - Wet,01 - Traffic signal,02 - Intersection related,01 - Daylight,03 - P.D. only,07 - SMV other,Fallingbrook
9593,VANIER PKWY/CRICHTON ST @ BEECHWOOD AVE/ST. PA,369127.2595,5033487.703,-75.67777337,45.43836191,2015-07-23,17:54,01 - Clear,01 - Dry,01 - Traffic signal,02 - Intersection related,01 - Daylight,03 - P.D. only,04 - Sideswipe,Vanier North
9594,ROBERTSON RD btwn FITZGERALD RD & MOODIE DR,356925.0308,5020368.151,-75.83511469,45.32132817,2015-08-25,16:51,01 - Clear,01 - Dry,10 - No control,04 - At/near private drive,01 - Daylight,03 - P.D. only,02 - Angle,Bells Corners West
9595,TORWOOD DR btwn VANCES SIDE RD & KERSCOTT HEIGHTS WAY,343346.2809,5036420.244,-76.00705788,45.46664616,2015-08-26,7:54,01 - Clear,01 - Dry,10 - No control,01 - Non intersection,01 - Daylight,03 - P.D. only,07 - SMV other,Baskin'
9596,CHURCHILL AVE @ RICHMOND RD,363226.9731,5028292.912,-75.75379954,45.39213816,2015-07-24,14:25,01 - Clear,01 - Dry,01 - Traffic signal,02 - Intersection related,01 - Daylight,03 - P.D. only,03 - Rear end,Carlingwood - McKellar Park - Laurentien View
9597,INNES RD btwn HWY417 IC112 RAMP66 & CYRVILLE RD,374923.7607,5031033.438,-75.60404106,45.41572246,2015-07-21,14:01,01 - Clear,01 - Dry,10 - No control,01 - Non intersection,01 - Daylight,03 - P.D. only,03 - Rear end,Industrial Park
9598,TERRY FOX DR @ 135 S OF HAZELDEAN RD/SOBEY'S S,352292.9342,5017139.937,-75.89450566,45.2926086,2015-08-12,22:44,01 - Clear,01 - Dry,01 - Traffic signal,02 - Intersection related,07 - Dark,03 - P.D. only,03 - Rear end,Glen Cairn - Kanata South Business Park
9599,WOODROFFE AVE @ QUEENSBURY DR/RIDEAUCREST DR,365728.4222,5016327.365,-75.72332852,45.28426066,2015-08-12,22:10,01 - Clear,01 - Dry,01 - Traffic signal,02 - Intersection related,07 - Dark,03 - P.D. only,03 - Rear end,Chapman Mills - Rideau Crest - Davidson Heights
9600,AIRPORT PARKWAY PRIV btwn TO BE DETERMINED & AIR CARGO PRIV (1),370518.6541,5020787.916,-75.66168107,45.32396419,2015-07-06,9:15,01 - Clear,01 - Dry,10 - No control,01 - Non intersection,01 - Daylight,03 - P.D. only,01 - Approaching,Greenbelt
9601,INNES RD @ JEANNE D'ARC BLVD/MER BLEUE RD,382638.2606,5035568.314,-75.50477145,45.45570793,2015-08-28,20:44,01 - Clear,01 - Dry,01 - Traffic signal,02 - Intersection related,05 - Dusk,03 - P.D. only,03 - Rear end,Chapel Hill South
9602,FALLOWFIELD RD @ STRANDHERD DR,360752.9455,5014961.794,-75.78690108,45.2723868,2015-08-14,16:39,01 - Clear,01 - Dry,01 - Traffic signal,02 - Intersection related,01 - Daylight,03 - P.D. only,04 - Sideswipe,Munster Hamlet - Richmond
9603,KINCARDINE DR btwn HAZELDEAN RD & TO BE DETERMINED,352063.6361,5017089.432,-75.89743366,45.2921696,2015-06-08,17:00,01 - Clear,01 - Dry,10 - No control,04 - At/near private drive,01 - Daylight,03 - P.D. only,06 - SMV unattended vehicle,Glen Cairn - Kanata South Business Park
9604,CENTER ST btwn MONTREAL RD & PAUL AVE,371835.8276,5033911.436,-75.64309874,45.44192001,2015-05-07,8:33,01 - Clear,01 - Dry,10 - No control,01 - Non intersection,01 - Daylight,03 - P.D. only,04 - Sideswipe,Cummings
9605,BESSERER ST @ CHARLOTTE ST,369293.626,5032791.356,-75.67573833,45.43208113,2015-05-05,18:02,01 - Clear,01 - Dry,02 - Stop sign,03 - At intersection,01 - Daylight,03 - P.D. only,02 - Angle,Sandy Hill
9606,ALBION RD @ MITCH OWENS RD,375907.4748,5014804.089,-75.59380665,45.26959875,2015-06-14,11:19,01 - Clear,01 - Dry,01 - Traffic signal,02 - Intersection related,01 - Daylight,03 - P.D. only,03 - Rear end,Greely
9607,CAMBRIAN RD @ KILBIRNIE DR/TUCANA WAY,365113.837,5013068.716,-75.73155788,45.25499238,2015-06-15,16:00,01 - Clear,01 - Dry,02 - Stop sign,02 - Intersection related,01 - Daylight,03 - P.D. only,03 - Rear end,New Barrhaven
9608,MARIER AVE btwn STE. MONIQUE ST & DES PERES BLANCS AVE,369936.234,5033734.342,-75.66740156,45.44050617,2015-01-31,8:49,01 - Clear,01 - Dry,10 - No control,01 - Non intersection,01 - Daylight,03 - P.D. only,06 - SMV unattended vehicle,Vanier North
9609,ALBERT ST @ ELGIN ST/MACKENZIE KING BRIDGE,367851.6755,5031710.136,-75.69430376,45.42248418,2015-01-31,11:16,01 - Clear,04 - Slush,01 - Traffic signal,03 - At intersection,01 - Daylight,03 - P.D. only,05 - Turning movement,Downtown
9610,NICHOLAS ST btwn DALY AVE & SB RAMP FROM WALLER/NICHOLAS/MACKENZIE KIN,368244.9983,5032018.826,-75.68923849,45.4252261,2015-04-28,9:04,01 - Clear,01 - Dry,10 - No control,01 - Non intersection,01 - Daylight,03 - P.D. only,04 - Sideswipe,Byward Market - Parliament Hill
9611,NICHOLAS ST NB OFF RAMP TO NICHOLAS ST SB @ SB RAMP FROM WALLER/NICHOLAS/MACKENZIE KING BR,368343.7671,5031925.152,-75.68798854,45.42437429,2015-09-10,17:15,01 - Clear,01 - Dry,03 - Yield sign,03 - At intersection,01 - Daylight,03 - P.D. only,05 - Turning movement,Sandy Hill
9612,KING EDWARD AVE @ LAURIER AVE,368741.1486,5032035.664,-75.68289666,45.42533242,2015-04-30,17:39,01 - Clear,01 - Dry,01 - Traffic signal,02 - Intersection related,01 - Daylight,03 - P.D. only,03 - Rear end,Sandy Hill
9613,BASELINE RD @ FISHER AVE,366165.9729,5026026.731,-75.71654922,45.37149619,2015-05-13,10:38,01 - Clear,01 - Dry,01 - Traffic signal,02 - Intersection related,01 - Daylight,03 - P.D. only,03 - Rear end,Civic Hospital - Experimental Farm - Central Park
9614,ISABELLA ST/HWY 417 O'CONN IC119BR57 @ O'CONNO,368297.9117,5030309.566,-75.68878264,45.40984196,2015-06-19,17:24,01 - Clear,01 - Dry,01 - Traffic signal,03 - At intersection,01 - Daylight,03 - P.D. only,02 - Angle,The Glebe
9615,BOOTH ST @ OTTAWA RIVER PKWY/WELLINGTON ST,366263.6036,5031007.463,-75.71468241,45.41630305,2015-08-01,1:38,01 - Clear,01 - Dry,01 - Traffic signal,03 - At intersection,07 - Dark,03 - P.D. only,05 - Turning movement,LeBreton Flats
9616,CASTLEFRANK RD btwn SHELDRAKE DR & GLAMORGAN DR,353391.2183,5016604.98,-75.88055669,45.28771984,2015-08-01,11:55,01 - Clear,01 - Dry,10 - No control,01 - Non intersection,01 - Daylight,03 - P.D. only,07 - SMV other,Glen Cairn - Kanata South Business Park
9617,9TH LINE RD @ VICTORIA ST,387131.2434,5012224.115,-75.45122087,45.24516159,2015-08-27,7:15,01 - Clear,01 - Dry,02 - Stop sign,03 - At intersection,01 - Daylight,03 - P.D. only,03 - Rear end,Metcalfe
9618,TERRY FOX DR @ FERNBANK RD,354305.0136,5015130.244,-75.86905539,45.27438605,2015-08-26,17:32,02 - Rain,02 - Wet,01 - Traffic signal,02 - Intersection related,01 - Daylight,03 - P.D. only,03 - Rear end,Stittsville - Basswood
9619,BROADVIEW AVE @ RICHMOND RD,362678.9713,5027864.469,-75.76084801,45.3883286,2015-07-21,9:12,01 - Clear,02 - Wet,02 - Stop sign,03 - At intersection,01 - Daylight,03 - P.D. only,03 - Rear end,Carlingwood - McKellar Park - Laurentien View
9620,"OLD MONTREAL RD btwn GRAND-CH-NE, COUR DU CRT & TED KELLY LANE",385988.0508,5040707.206,-75.46109906,45.50156131,2015-08-12,18:27,01 - Clear,01 - Dry,10 - No control,04 - At/near private drive,01 - Daylight,03 - P.D. only,07 - SMV other,Cumberland - Estates
9621,CARLING AVE EB btwn VISCOUNT AVE & ANNA AVE,365163.3987,5027870.683,-75.72912233,45.3881748,2015-08-12,17:46,01 - Clear,01 - Dry,10 - No control,01 - Non intersection,01 - Daylight,03 - P.D. only,04 - Sideswipe,Carlington
9622,NUTGROVE AVE btwn BLUE ASTER ST E & BLUE ASTER ST W,364044.0496,5012402.016,-75.74526601,45.24908427,2015-12-06,6:00,01 - Clear,01 - Dry,10 - No control,04 - At/near private drive,07 - Dark,03 - P.D. only,06 - SMV unattended vehicle,New Barrhaven
9623,MONTREAL RD btwn OGILVIE RD & LAPORTE ST,375677.0773,5034570.64,-75.59390812,45.44747225,2015-07-01,16:48,02 - Rain,02 - Wet,10 - No control,01 - Non intersection,01 - Daylight,03 - P.D. only,03 - Rear end,Beacon Hill South - Cardinal Heights
9624,FORESTGLEN CRES btwn FOREST VALLEY DR & FOREST VALLEY DR,379586.4183,5035687.049,-75.54376822,45.45710951,2015-04-26,15:00,01 - Clear,01 - Dry,10 - No control,04 - At/near private drive,01 - Daylight,03 - P.D. only,06 - SMV unattended vehicle,Chapel Hill
9625,ST. LAURENT BLVD btwn BELFAST RD & INDUSTRIAL AVE,373092.5202,5030026.107,-75.62757529,45.4068401,2015-06-09,15:07,01 - Clear,01 - Dry,10 - No control,01 - Non intersection,01 - Daylight,03 - P.D. only,04 - Sideswipe,Industrial Park
9626,PINECREST RD btwn HWY417 IC129 RAMP26 & GREENBANK RD,360427.5265,5023579.015,-75.79008072,45.34995074,2015-06-20,18:45,01 - Clear,01 - Dry,10 - No control,01 - Non intersection,01 - Daylight,03 - P.D. only,04 - Sideswipe,Whitehaven - Queensway Terrace North
9627,ST. JOSEPH BLVD @ TENTH LINE RD,382890.8038,5038666.199,-75.50105068,45.48355178,2015-02-17,16:22,01 - Clear,01 - Dry,01 - Traffic signal,02 - Intersection related,01 - Daylight,03 - P.D. only,03 - Rear end,Industrial Park
9628,BESSERER ST @ WALLER ST,368314.9194,5032192.738,-75.68832264,45.42678455,2015-02-28,11:20,01 - Clear,01 - Dry,01 - Traffic signal,03 - At intersection,01 - Daylight,03 - P.D. only,05 - Turning movement,Byward Market - Parliament Hill
9629,ST. JOSEPH BLVD @ JEANNE D'ARC BLVD,379863.5341,5036468.975,-75.54010609,45.46411497,2015-05-30,8:54,01 - Clear,01 - Dry,11 - Roundabout,02 - Intersection related,01 - Daylight,03 - P.D. only,03 - Rear end,Chapel Hill
9630,ST. JOSEPH BLVD @ JEANNE D'ARC BLVD,379861.2494,5036468.975,-75.5401353,45.46411521,2015-06-11,17:10,01 - Clear,01 - Dry,11 - Roundabout,03 - At intersection,01 - Daylight,03 - P.D. only,02 - Angle,Chapel Hill
9631,HUNT CLUB RD btwn CAHILL DR & LORRY GREENBERG DR,372493.5005,5024596.924,-75.63597124,45.35804869,2015-04-08,20:27,03 - Snow,02 - Wet,10 - No control,01 - Non intersection,07 - Dark,03 - P.D. only,06 - SMV unattended vehicle,Greenboro East
9632,EAGLESON RD @ HAZELDEAN RD/ROBERTSON RD,353672.9042,5018423.379,-75.87678675,45.30406267,2015-08-04,2:52,01 - Clear,01 - Dry,01 - Traffic signal,02 - Intersection related,07 - Dark,03 - P.D. only,07 - SMV other,Greenbelt
9633,CELTIC RIDGE CRES btwn STREAMSIDE CRES & GLENBRAE AVE,349600.3377,5024727.593,-75.92814561,45.36106113,2015-07-27,11:19,01 - Clear,01 - Dry,10 - No control,04 - At/near private drive,01 - Daylight,03 - P.D. only,03 - Rear end,South March
9634,MITCH OWENS RD @ DOZOIS RD/LIMEBANK RD,371673.725,5012107.338,-75.64811829,45.24574919,2015-07-26,16:00,01 - Clear,01 - Dry,01 - Traffic signal,02 - Intersection related,01 - Daylight,03 - P.D. only,03 - Rear end,Manotick
9635,PRINCE OF WALES DR btwn JOCKVALE RD & MAPLEHILL WAY,366732.4597,5012357.533,-75.71102599,45.24845257,2015-08-02,16:16,01 - Clear,01 - Dry,10 - No control,01 - Non intersection,01 - Daylight,03 - P.D. only,03 - Rear end,New Barrhaven
9636,REGIONAL ROAD 174 btwn TRANSIT & OR174 IC109 RAMP54,376293.6584,5034584.626,-75.58602472,45.44753529,2015-01-30,17:12,01 - Clear,01 - Dry,10 - No control,01 - Non intersection,05 - Dusk,03 - P.D. only,03 - Rear end,Greenbelt
9637,PALLADIUM DR @ SILVER SEVEN RD,351051.6077,5017887.807,-75.91026091,45.29942094,2015-02-21,13:10,03 - Snow,03 - Loose snow,01 - Traffic signal,02 - Intersection related,01 - Daylight,03 - P.D. only,03 - Rear end,Katimavik - Hazeldean
9638,BASELINE RD btwn MERIVALE RD & FARLANE BLVD,365136.1378,5025374.884,-75.72977539,45.36572041,2015-05-14,19:35,01 - Clear,01 - Dry,10 - No control,01 - Non intersection,01 - Daylight,03 - P.D. only,04 - Sideswipe,Civic Hospital - Experimental Farm - Central Park
9639,PARKDALE AVE @ HWY 417 PARKDAL IC122R15/HWY 41,365335.2568,5028844.474,-75.72680833,45.39692193,2015-05-15,6:35,01 - Clear,01 - Dry,01 - Traffic signal,02 - Intersection related,01 - Daylight,03 - P.D. only,03 - Rear end,Civic Hospital - Experimental Farm - Central Park
9640,WOODROFFE AVE @ CLARIDGE DR/STONEWAY DR N,365575.9789,5016707.803,-75.72522498,45.28769702,2015-07-02,17:03,01 - Clear,01 - Dry,01 - Traffic signal,03 - At intersection,01 - Daylight,03 - P.D. only,02 - Angle,Chapman Mills - Rideau Crest - Davidson Heights
9641,RANDALL AVE btwn UTAH ST & BEAVER AVE,369887.6278,5027305.243,-75.66887174,45.38266407,2015-07-10,9:19,01 - Clear,01 - Dry,10 - No control,01 - Non intersection,01 - Daylight,03 - P.D. only,99 - Other,Alta Vista
9642,HOLLAND AVE @ ISLAND PARK DR/N.C.C. DRIVEWAY,365424.9769,5027918.616,-75.72577624,45.3885835,2015-07-10,14:15,01 - Clear,01 - Dry,01 - Traffic signal,03 - At intersection,01 - Daylight,03 - P.D. only,05 - Turning movement,Civic Hospital - Experimental Farm - Central Park
9643,MERIVALE RD btwn CENTRAL PARK DR N & MCCOOEY LANE,364954.3453,5025858.092,-75.73203703,45.37008386,2015-08-10,8:25,01 - Clear,01 - Dry,10 - No control,01 - Non intersection,01 - Daylight,03 - P.D. only,03 - Rear end,Civic Hospital - Experimental Farm - Central Park
9644,UPPER DWYER HILL RD btwn PANMURE RD & MANTIL SIDE RD,329362.3955,5019805.651,-76.1867119,45.31777199,2015-07-20,22:09,01 - Clear,01 - Dry,10 - No control,01 - Non intersection,07 - Dark,03 - P.D. only,07 - SMV other,Carp - Hardwood Plains
9645,MACDONALD-CARTIER BR RAMP NB-1 btwn MACDONALD-CARTIER BR & MACDONALD-C,367624.3571,5033183.01,-75.69702033,45.43575705,2015-07-22,22:24,01 - Clear,01 - Dry,10 - No control,01 - Non intersection,07 - Dark,03 - P.D. only,04 - Sideswipe,Byward Market - Parliament Hill
9646,CATHERINE ST btwn BRONSON AVE & HWY417 IC121A RAMP61,367342.455,5029846.553,-75.70104661,45.40576194,2015-07-23,8:01,01 - Clear,01 - Dry,10 - No control,01 - Non intersection,01 - Daylight,03 - P.D. only,04 - Sideswipe,Centretown
9647,MERIVALE RD @ WEST HUNT CLUB RD,365611.9745,5021942.859,-75.72412368,45.33479846,2015-08-12,13:22,01 - Clear,01 - Dry,01 - Traffic signal,02 - Intersection related,01 - Daylight,03 - P.D. only,03 - Rear end,Tanglewood
9648,HAZELDEAN RD @ YOUNG RD,352464.6107,5017479.366,-75.89228443,45.29565124,2015-08-12,13:33,01 - Clear,01 - Dry,02 - Stop sign,02 - Intersection related,01 - Daylight,03 - P.D. only,03 - Rear end,Glen Cairn - Kanata South Business Park
9649,STEVENAGE DR btwn SWANSEA CRES & HAWTHORNE RD,375099.9837,5027298.762,-75.60232205,45.38210208,2015-07-31,10:21,01 - Clear,01 - Dry,10 - No control,01 - Non intersection,01 - Daylight,03 - P.D. only,06 - SMV unattended vehicle,Industrial Park
9650,WEST HUNT CLUB RD EB btwn CEDARVIEW RD & GREENBANK RD,361390.3076,5020438.695,-75.77815377,45.32161718,2015-07-31,11:45,01 - Clear,01 - Dry,10 - No control,01 - Non intersection,01 - Daylight,03 - P.D. only,99 - Other,Greenbelt
9651,MITCH OWENS RD @ STAGECOACH RD,375400.2617,5014485.726,-75.60031503,45.26678532,2015-03-10,8:42,01 - Clear,02 - Wet,01 - Traffic signal,02 - Intersection related,01 - Daylight,03 - P.D. only,03 - Rear end,Osgoode
9652,CAHILL DR @ HUNT CLUB RD,372407.7347,5024541.749,-75.63707337,45.35756053,2015-03-17,7:10,02 - Rain,02 - Wet,01 - Traffic signal,02 - Intersection related,01 - Daylight,03 - P.D. only,99 - Other,Greenboro East
9653,ST. JOSEPH BLVD @ JEANNE D'ARC BLVD,379861.2494,5036468.975,-75.5401353,45.46411521,2015-06-12,15:34,02 - Rain,02 - Wet,11 - Roundabout,03 - At intersection,01 - Daylight,03 - P.D. only,04 - Sideswipe,Chapel Hill
9654,ST. JOSEPH BLVD @ JEANNE D'ARC BLVD,379865.8188,5036473.544,-75.54007618,45.46415583,2015-07-13,16:54,01 - Clear,01 - Dry,11 - Roundabout,02 - Intersection related,01 - Daylight,03 - P.D. only,03 - Rear end,Chapel Hill