Record,Location,X,Y,lon,lat,Date,Time,Environment,Road_Surface,Traffic_Control,Collision_Location,Light,Collision_Classification,Impact_type,Neighborhood
9655,TRAVERSE DR btwn NEEDHAM CRES & NEEDHAM CRES,369922.7405,5026005.935,-75.66859477,45.37097005,2015-05-21,17:26,01 - Clear,01 - Dry,10 - No control,01 - Non intersection,01 - Daylight,03 - P.D. only,06 - SMV unattended vehicle,Alta Vista
9656,JEANNE D'ARC BLVD  S btwn CEDAR MILLS RD & BEAUSEJOUR DR,381319.4253,5036206.695,-75.52153204,45.46159723,2015-06-28,2:20,02 - Rain,02 - Wet,10 - No control,01 - Non intersection,07 - Dark,03 - P.D. only,07 - SMV other,Orleans Village - Chateauneuf
9657,RICHMOND RD btwn PINEWOOD CRES & CARLING AVE,360130.6846,5024569.87,-75.79375783,45.35888992,2015-07-27,15:11,01 - Clear,01 - Dry,10 - No control,01 - Non intersection,01 - Daylight,03 - P.D. only,04 - Sideswipe,Whitehaven - Queensway Terrace North
9658,CAMPEAU DR/HWY 417 MARCH IC138R63 @ MARCH RD,352840.1835,5020477.548,-75.88720557,45.32260397,2015-07-26,21:30,01 - Clear,01 - Dry,01 - Traffic signal,03 - At intersection,07 - Dark,03 - P.D. only,02 - Angle,Greenbelt
9659,RIVERSIDE DR RAMP 42A @ RIVERSIDE DR,368441.4762,5027267.09,-75.68734122,45.38245365,2015-08-04,19:20,02 - Rain,02 - Wet,03 - Yield sign,02 - Intersection related,01 - Daylight,03 - P.D. only,03 - Rear end,Alta Vista
9660,BOUNDARY RD btwn NINTH LINE RD & INDCUM RD,387736.639,5023002.848,-75.44170797,45.34206922,2015-08-02,13:35,01 - Clear,01 - Dry,10 - No control,01 - Non intersection,01 - Daylight,03 - P.D. only,06 - SMV unattended vehicle,Greenbelt
9661,TENTH LINE RD @ CHARLEMAGNE BLVD N/TOMPKINS AV,383183.9299,5037976.801,-75.49741157,45.47731635,2015-03-29,13:50,01 - Clear,01 - Dry,01 - Traffic signal,02 - Intersection related,01 - Daylight,03 - P.D. only,03 - Rear end,Queenswood Heights
9662,MEADOWLANDS DR/TALLWOOD DR @ WOODROFFE AVE,363056.726,5022730.548,-75.75662954,45.34210283,2015-05-15,9:40,01 - Clear,01 - Dry,01 - Traffic signal,02 - Intersection related,01 - Daylight,03 - P.D. only,03 - Rear end,Crestview - Meadowlands
9663,QUEEN MARY ST @ VANIER PKWY,370363.7105,5031956.504,-75.6621747,45.42446997,2015-05-15,15:19,01 - Clear,01 - Dry,01 - Traffic signal,02 - Intersection related,01 - Daylight,03 - P.D. only,03 - Rear end,Overbrook
9664,GREENBANK RD btwn WEST HUNT CLUB RD & FALLOWFIELD RD,362046.2364,5019164.01,-75.76993494,45.31009439,2015-07-11,20:49,01 - Clear,01 - Dry,10 - No control,01 - Non intersection,05 - Dusk,03 - P.D. only,07 - SMV other,Greenbelt
9665,MACDONALD-CARTIER BR RAMP NB-3 btwn MACDONALD-CARTIER BR RAMP NB-1/NB-,367915.7824,5033297.2,-75.69328125,45.43675825,2015-07-14,7:34,01 - Clear,01 - Dry,10 - No control,01 - Non intersection,01 - Daylight,03 - P.D. only,04 - Sideswipe,Byward Market - Parliament Hill
9666,NORTHGRAVES CRES btwn WHITEFORD WAY & COPE DR (1),354219.9258,5015699.748,-75.87008307,45.27951657,2015-08-10,11:42,01 - Clear,01 - Dry,10 - No control,04 - At/near private drive,01 - Daylight,03 - P.D. only,06 - SMV unattended vehicle,Glen Cairn - Kanata South Business Park
9667,GREENBANK RD btwn LARKIN DR & MALVERN DR,363232.8941,5016380.688,-75.75513067,45.28495234,2015-08-10,15:26,01 - Clear,01 - Dry,10 - No control,04 - At/near private drive,01 - Daylight,03 - P.D. only,05 - Turning movement,Barrhaven West - Old Barrhaven
9668,GREENBANK RD btwn WEST HUNT CLUB RD & FALLOWFIELD RD,361674.857,5020066.551,-75.77456718,45.31824563,2015-06-13,22:49,01 - Clear,01 - Dry,10 - No control,01 - Non intersection,07 - Dark,03 - P.D. only,03 - Rear end,Greenbelt
9669,ALTA VISTA DR btwn DORION AVE & DALE AVE,370679.2038,5030151.496,-75.65838482,45.4081996,2015-08-05,8:47,01 - Clear,01 - Dry,10 - No control,04 - At/near private drive,01 - Daylight,03 - P.D. only,05 - Turning movement,Elmvale - Eastway - Riverview - Riverview Park West
9670,BASELINE RD @ NAVAHO DR,363086.4114,5024096.425,-75.75608981,45.35439041,2015-08-12,15:50,01 - Clear,01 - Dry,01 - Traffic signal,02 - Intersection related,01 - Daylight,03 - P.D. only,03 - Rear end,Braemar Park - Bel Air Heights - Copeland Park
9671,SLATER ST btwn KENT ST & BANK ST,367343.2036,5031304.403,-75.70085206,45.41887916,2015-08-12,16:10,01 - Clear,01 - Dry,10 - No control,04 - At/near private drive,01 - Daylight,03 - P.D. only,02 - Angle,Downtown
9672,HERZBERG RD @ MARCH RD,352324.3429,5021528.849,-75.89368428,45.3320989,2015-08-14,14:23,01 - Clear,01 - Dry,01 - Traffic signal,02 - Intersection related,01 - Daylight,03 - P.D. only,03 - Rear end,Kanata Lakes - Marchwood Lakeside - Morgan's Grant - Kanata
9673,KENWOOD AVE btwn MELBOURNE AVE & EDISON AVE,363276.1826,5027882.499,-75.75321975,45.38844122,2015-08-14,0:00,01 - Clear,01 - Dry,10 - No control,01 - Non intersection,00 - Unknown,03 - P.D. only,06 - SMV unattended vehicle,Westboro
9674,MCKINLEY DR @ BANCHORY CRES S,349982.5156,5023535.225,-75.92337653,45.35030742,2015-05-08,0:28,01 - Clear,01 - Dry,02 - Stop sign,02 - Intersection related,07 - Dark,03 - P.D. only,07 - SMV other,South March
9675,BELLINGHAM PL btwn MARGRAVE AVE & RIALTO WAY,372773.1302,5025505.347,-75.63227756,45.36619529,2015-05-26,19:10,01 - Clear,01 - Dry,10 - No control,04 - At/near private drive,01 - Daylight,03 - P.D. only,02 - Angle,Greenboro East
9676,BASELINE RD @ CLYDE AVE,364359.2103,5024890.259,-75.73975083,45.36142627,2015-03-17,17:11,01 - Clear,01 - Dry,01 - Traffic signal,03 - At intersection,01 - Daylight,03 - P.D. only,04 - Sideswipe,Braemar Park - Bel Air Heights - Copeland Park
9677,CARLING AVE @ PRESTON ST,366830.217,5028935.807,-75.70770415,45.39761287,2015-03-19,19:32,01 - Clear,04 - Slush,01 - Traffic signal,02 - Intersection related,07 - Dark,03 - P.D. only,04 - Sideswipe,Centretown West
9678,INNES RD @ 215 W OF CYRVILLE RD/HOME DEPOT W,374864.6063,5031001.144,-75.60480136,45.41543783,2015-07-10,7:04,01 - Clear,01 - Dry,01 - Traffic signal,02 - Intersection related,01 - Daylight,03 - P.D. only,03 - Rear end,Industrial Park
9679,BANK ST @ RIVERSIDE DR N,369226.4366,5027984.627,-75.67722518,45.38883807,2015-07-07,11:30,01 - Clear,01 - Dry,01 - Traffic signal,03 - At intersection,01 - Daylight,03 - P.D. only,02 - Angle,Alta Vista
9680,HAZELDEAN RD btwn TURN LANE & SPRINGBROOK DR,349731.4058,5014989.712,-75.92735596,45.27342862,2015-07-27,16:30,01 - Clear,01 - Dry,10 - No control,01 - Non intersection,01 - Daylight,03 - P.D. only,03 - Rear end,Stittsville
9681,GREENBANK RD btwn LARKIN DR & MALVERN DR,363192.5338,5016472.94,-75.75563426,45.28578578,2015-07-27,17:56,01 - Clear,01 - Dry,10 - No control,01 - Non intersection,01 - Daylight,03 - P.D. only,03 - Rear end,Barrhaven West - Old Barrhaven
9682,TERMINAL AVE @ TRAINYARDS DR,371845.2313,5030815.64,-75.64339999,45.41406456,2015-07-27,23:40,01 - Clear,02 - Wet,01 - Traffic signal,02 - Intersection related,07 - Dark,03 - P.D. only,07 - SMV other,Industrial Park
9683,CONROY RD @ ROSEBELLA AVE,374288.0266,5024189.424,-75.61312621,45.35420662,2015-07-24,16:48,01 - Clear,01 - Dry,02 - Stop sign,03 - At intersection,01 - Daylight,03 - P.D. only,02 - Angle,Blossom Park - Blossom Park West - Sawmill Creek/ Timbermill
9684,BRONSON AVE @ FIFTH AVE/MADAWASKA DR,367612.992,5028939.635,-75.69770646,45.39757753,2015-05-01,8:34,01 - Clear,01 - Dry,01 - Traffic signal,02 - Intersection related,01 - Daylight,03 - P.D. only,99 - Other,The Glebe
9685,CARP RD btwn WESTBROOK RD & LLOYDALEX CRES,347770.7183,5015410.369,-75.95230704,45.2773364,2015-08-05,17:17,01 - Clear,01 - Dry,10 - No control,01 - Non intersection,01 - Daylight,03 - P.D. only,03 - Rear end,Stittsville - Basswood
9686,BARNSDALE RD btwn TWIN ELM RD & MOODIE DR,361540.0517,5008617.154,-75.77759446,45.21523388,2015-08-05,18:30,01 - Clear,01 - Dry,10 - No control,01 - Non intersection,01 - Daylight,03 - P.D. only,07 - SMV other,Munster Hamlet - Richmond
9687,BANK ST @ LEITRIM RD,375356.3128,5021619.857,-75.59985986,45.33098008,2015-01-13,16:20,01 - Clear,06 - Ice,01 - Traffic signal,02 - Intersection related,05 - Dusk,03 - P.D. only,03 - Rear end,Greenbelt
9688,BRONSON AVE @ CARLING AVE/GLEBE AVE,367449.1484,5029335.202,-75.69974874,45.40115141,2015-01-14,21:10,03 - Snow,03 - Loose snow,01 - Traffic signal,02 - Intersection related,07 - Dark,03 - P.D. only,03 - Rear end,The Glebe
9689,BASELINE RD @ CEDARVIEW RD,358967.6649,5021674.13,-75.80891868,45.3329248,2015-08-07,9:21,01 - Clear,01 - Dry,01 - Traffic signal,02 - Intersection related,01 - Daylight,03 - P.D. only,03 - Rear end,Briar Green - Leslie Park
9690,ELWOOD ST @ MONTREAL RD,374392.2326,5034399.978,-75.61035569,45.44606583,2015-08-04,0:39,01 - Clear,01 - Dry,01 - Traffic signal,03 - At intersection,07 - Dark,03 - P.D. only,07 - SMV other,Beacon Hill South - Cardinal Heights
9691,WOODROFFE AVE btwn FALLOWFIELD RD & EARL MULLIGAN DR,365113.2581,5017842.289,-75.73098528,45.29794493,2015-08-11,17:47,01 - Clear,01 - Dry,10 - No control,01 - Non intersection,01 - Daylight,03 - P.D. only,03 - Rear end,Greenbelt
9692,RAVEN AVE @ KIRKWOOD AVE,364689.9774,5026773.184,-75.73530082,45.37834034,2015-08-13,8:08,01 - Clear,01 - Dry,02 - Stop sign,03 - At intersection,01 - Daylight,03 - P.D. only,02 - Angle,Carlington
9693,TERRY FOX DR @ PALLADIUM DR/KATIMAVIK RD,351270.4387,5018182.136,-75.90744323,45.30205495,2015-08-13,7:20,01 - Clear,01 - Dry,01 - Traffic signal,02 - Intersection related,01 - Daylight,03 - P.D. only,03 - Rear end,Katimavik - Hazeldean
9694,WOODROFFE AVE btwn TURN LANE & NORICE ST,363111.5158,5022590.722,-75.75594695,45.34084013,2015-06-24,10:33,01 - Clear,01 - Dry,10 - No control,01 - Non intersection,01 - Daylight,03 - P.D. only,04 - Sideswipe,Crestview - Meadowlands
9695,MERIVALE RD @ WEST HUNT CLUB RD,365612.1882,5021942.752,-75.72412097,45.33479748,2015-03-23,15:10,01 - Clear,01 - Dry,01 - Traffic signal,03 - At intersection,01 - Daylight,03 - P.D. only,05 - Turning movement,Tanglewood
9696,BLAIR PL @ OGILVIE RD,374799.7225,5033371.352,-75.60529341,45.43677016,2015-03-25,12:12,01 - Clear,01 - Dry,01 - Traffic signal,02 - Intersection related,01 - Daylight,03 - P.D. only,03 - Rear end,Beacon Hill South - Cardinal Heights
9697,GREENBANK RD @ CANFIELD RD/CRAIG HENRY DR,361105.9591,5021365.573,-75.78167513,45.32998009,2015-07-10,14:39,01 - Clear,01 - Dry,01 - Traffic signal,03 - At intersection,01 - Daylight,03 - P.D. only,05 - Turning movement,Sheahan Estates - Trend Village - Arlington Woods
9698,OAKCREST WAY btwn PELLERIN PL & WINTERSPRING RIDGE,385549.057,5034578.221,-75.46772293,45.44646971,2015-11-21,16:00,01 - Clear,01 - Dry,10 - No control,01 - Non intersection,01 - Daylight,03 - P.D. only,06 - SMV unattended vehicle,Avalon
9699,HAWTHORNE AVE/ISABELLA ST @ QUEEN ELIZABETH DR,368665.6986,5030476.973,-75.68406277,45.41131476,2015-05-10,14:57,01 - Clear,01 - Dry,01 - Traffic signal,03 - At intersection,01 - Daylight,03 - P.D. only,05 - Turning movement,The Glebe
9700,PRESTON ST btwn BEECH ST & NORMAN ST,366703.0143,5029223.468,-75.70929262,45.40021243,2015-05-10,15:32,01 - Clear,02 - Wet,10 - No control,01 - Non intersection,01 - Daylight,03 - P.D. only,03 - Rear end,Little Italy
9701,NICHOLAS ST SB btwn LAURIER AVE E & Continuation of NICHOLAS ST,368397.0264,5031767.303,-75.6873284,45.42294918,2015-07-28,15:10,01 - Clear,01 - Dry,10 - No control,01 - Non intersection,01 - Daylight,03 - P.D. only,04 - Sideswipe,Sandy Hill
9702,CARLING AVE WB btwn BROMLEY RD & MCKELLAR AVE,362648.4171,5026301.9,-75.76142127,45.37427133,2015-07-28,16:07,01 - Clear,01 - Dry,10 - No control,01 - Non intersection,01 - Daylight,03 - P.D. only,03 - Rear end,Carlingwood - McKellar Park - Laurentien View
9703,TERRY FOX DR @ EDGEWATER ST/WALTER BAKER PL,351778.3289,5017613.09,-75.90102125,45.29690075,2015-07-18,1:05,01 - Clear,02 - Wet,01 - Traffic signal,02 - Intersection related,07 - Dark,03 - P.D. only,07 - SMV other,Katimavik - Hazeldean
9704,BANK ST @ RIVERSIDE DR N,369224.9952,5027981.744,-75.67724396,45.38881227,2015-07-17,23:51,02 - Rain,02 - Wet,01 - Traffic signal,02 - Intersection related,07 - Dark,03 - P.D. only,03 - Rear end,Alta Vista
9705,CATHERINE ST/HWY 417 O'CONN IC119BR76 @ O'CONN,368244.4317,5030392.924,-75.68945508,45.41059683,2015-05-01,14:58,01 - Clear,01 - Dry,01 - Traffic signal,03 - At intersection,01 - Daylight,03 - P.D. only,02 - Angle,Centretown
9706,BANK ST btwn WILTON CRES & ECHO DR,368612.9987,5028874.801,-75.68494332,45.39690375,2015-05-06,18:10,01 - Clear,01 - Dry,10 - No control,01 - Non intersection,01 - Daylight,03 - P.D. only,04 - Sideswipe,The Glebe
9707,MAITLAND AVE/GLENMOUNT AVE @ ERINDALE DR,363697.4969,5025211.529,-75.74815831,45.36437292,2015-08-06,11:02,01 - Clear,01 - Dry,01 - Traffic signal,03 - At intersection,01 - Daylight,03 - P.D. only,02 - Angle,Braemar Park - Bel Air Heights - Copeland Park
9708,HAZELDEAN RD @ TERRY FOX DR,352207.611,5017240.649,-75.89558377,45.29352059,2015-08-06,13:32,01 - Clear,01 - Dry,01 - Traffic signal,02 - Intersection related,01 - Daylight,03 - P.D. only,03 - Rear end,Glen Cairn - Kanata South Business Park
9709,RANDALL JAMES DR btwn FOREST CREEK DR & KATHLEEN CRES,350985.4871,5014715.371,-75.91139924,45.27087876,2015-07-16,21:13,01 - Clear,01 - Dry,10 - No control,04 - At/near private drive,05 - Dusk,03 - P.D. only,02 - Angle,Stittsville
9710,HAWTHORNE RD @ HUNT CLUB RD,375507.0292,5026406.89,-75.59725274,45.37403649,2015-07-20,15:35,01 - Clear,01 - Dry,01 - Traffic signal,03 - At intersection,01 - Daylight,03 - P.D. only,05 - Turning movement,Industrial Park
9711,CLARENCE ST @ COBOURG ST,368949.7094,5033055.51,-75.68009889,45.43448952,2015-07-17,23:54,02 - Rain,02 - Wet,02 - Stop sign,03 - At intersection,07 - Dark,03 - P.D. only,05 - Turning movement,Lower Town
9712,COOPER ST btwn ELGIN ST & CARTIER ST,368137.732,5031282.76,-75.69070374,45.41861295,2015-07-18,7:37,01 - Clear,01 - Dry,10 - No control,01 - Non intersection,01 - Daylight,03 - P.D. only,06 - SMV unattended vehicle,Golden Triangle
9713,RIVERSIDE DR @ SMYTH RD SOUTH SIDE RAMP,369789.6201,5028997.788,-75.6699002,45.39790212,2015-01-16,14:29,01 - Clear,02 - Wet,01 - Traffic signal,03 - At intersection,01 - Daylight,03 - P.D. only,02 - Angle,Alta Vista
9714,MERIVALE RD @ CAPILANO DR/WITHROW AVE,364640.9876,5024227.409,-75.73623463,45.35543804,2015-08-11,15:13,01 - Clear,01 - Dry,01 - Traffic signal,02 - Intersection related,01 - Daylight,03 - P.D. only,03 - Rear end,Crestview - Meadowlands
9715,EARL ARMSTRONG RD @ RIVER RD,367571.9978,5014684.758,-75.70003793,45.26931841,2015-08-11,16:17,01 - Clear,01 - Dry,01 - Traffic signal,02 - Intersection related,01 - Daylight,03 - P.D. only,03 - Rear end,Gloucester
9716,FALLOWFIELD RD @ WOODROFFE AVE,365085.15,5017902.83,-75.73133627,45.29849209,2015-08-12,8:48,01 - Clear,01 - Dry,01 - Traffic signal,02 - Intersection related,01 - Daylight,03 - P.D. only,03 - Rear end,New Barrhaven
9717,ST. JOSEPH BLVD @ JEANNE D'ARC BLVD,379859.2216,5036472.341,-75.54016071,45.46414572,2015-12-24,12:29,01 - Clear,01 - Dry,11 - Roundabout,02 - Intersection related,01 - Daylight,03 - P.D. only,04 - Sideswipe,Chapel Hill
9718,HAZELDEAN RD btwn IRWIN GT & EAGLESON RD,353648.3997,5018408.244,-75.8771007,45.30392819,2015-08-13,8:40,01 - Clear,01 - Dry,10 - No control,04 - At/near private drive,01 - Daylight,03 - P.D. only,03 - Rear end,Glen Cairn - Kanata South Business Park
9719,O'CONNOR ST @ SOMERSET ST,367855.7101,5031011.493,-75.69434162,45.41619765,2015-08-14,17:36,01 - Clear,01 - Dry,01 - Traffic signal,03 - At intersection,01 - Daylight,03 - P.D. only,02 - Angle,Centretown
9720,WOODROFFE AVE @ KNOXDALE RD/MEDHURST DR,363418.2485,5021825.406,-75.75212405,45.33392832,2015-06-27,10:18,01 - Clear,01 - Dry,01 - Traffic signal,02 - Intersection related,01 - Daylight,03 - P.D. only,03 - Rear end,Woodvale - Craig Henry - Manordale - Estates of Arlington Wo
9721,MAIN ST btwn HERRIDGE ST & CLEGG ST,369265.2779,5029939.249,-75.67647375,45.40642154,2015-03-26,17:58,01 - Clear,01 - Dry,10 - No control,01 - Non intersection,01 - Daylight,03 - P.D. only,04 - Sideswipe,Old Ottawa East
9722,COLONEL BY DR/SUSSEX DR @ RIDEAU ST,367921.2375,5032043.435,-75.69337225,45.42547681,2015-03-28,2:38,01 - Clear,01 - Dry,01 - Traffic signal,02 - Intersection related,07 - Dark,03 - P.D. only,03 - Rear end,Byward Market - Parliament Hill
9723,STAGECOACH RD btwn OLD STAGECOACH RD & BLANCHFIELD RD,377943.1517,5002226.132,-75.56971445,45.15621731,2015-07-17,17:30,01 - Clear,01 - Dry,10 - No control,04 - At/near private drive,01 - Daylight,03 - P.D. only,03 - Rear end,Kars - Osgoode
9724,WOODROFFE AVE @ KNOXDALE RD/MEDHURST DR,363419.6899,5021824.685,-75.75210574,45.33392171,2015-06-12,12:45,02 - Rain,02 - Wet,01 - Traffic signal,02 - Intersection related,01 - Daylight,03 - P.D. only,03 - Rear end,Woodvale - Craig Henry - Manordale - Estates of Arlington Wo
9725,CLARENCE ST btwn SUSSEX DR & BY WARD MARKET SQ,367887.0949,5032405.754,-75.69376211,45.42873992,2015-06-17,12:13,01 - Clear,01 - Dry,10 - No control,01 - Non intersection,01 - Daylight,03 - P.D. only,06 - SMV unattended vehicle,Byward Market
9726,STRANDHERD DR btwn KENNEVALE DR & Continuation of STRANDHERD DR,361577.6258,5013918.528,-75.77651095,45.2629333,2015-07-10,12:13,01 - Clear,01 - Dry,10 - No control,01 - Non intersection,01 - Daylight,03 - P.D. only,05 - Turning movement,Munster Hamlet - Richmond
9727,GREENBANK RD btwn MARKETPLACE AVE & JOCKVALE RD,364075.5617,5014446.089,-75.74462076,45.26747425,2015-07-29,11:01,01 - Clear,01 - Dry,10 - No control,04 - At/near private drive,01 - Daylight,03 - P.D. only,05 - Turning movement,New Barrhaven
9728,CAMPEAU DR @ TERON RD/COLCHESTER SQ,352562.2811,5020467.886,-75.89075119,45.32253599,2015-07-29,15:30,01 - Clear,01 - Dry,01 - Traffic signal,02 - Intersection related,01 - Daylight,03 - P.D. only,03 - Rear end,Beaverbrook
9729,CROWNRIDGE DR @ HOPE SIDE RD,356073.3513,5014980.706,-75.8465347,45.27291375,2015-07-17,22:13,01 - Clear,01 - Dry,02 - Stop sign,03 - At intersection,07 - Dark,03 - P.D. only,07 - SMV other,Greenbelt
9730,BRONSON AVE btwn FIRST AVE & SECOND AVE,367499.0768,5029216.743,-75.6991261,45.40008108,2015-05-10,19:30,01 - Clear,01 - Dry,10 - No control,04 - At/near private drive,01 - Daylight,03 - P.D. only,02 - Angle,The Glebe
9731,ARGYLE AVE btwn ELGIN ST & CARTIER ST,368525.4522,5030655.353,-75.68583129,45.41293255,2015-05-11,9:28,01 - Clear,01 - Dry,10 - No control,04 - At/near private drive,01 - Daylight,03 - P.D. only,06 - SMV unattended vehicle,Golden Triangle
9732,INDUSTRIAL AVE/INNES RD @ ST. LAURENT BLVD,373099.0067,5030005.477,-75.6274953,45.40665384,2015-08-07,12:34,01 - Clear,01 - Dry,01 - Traffic signal,02 - Intersection related,01 - Daylight,03 - P.D. only,04 - Sideswipe,Industrial Park
9733,HUNT CLUB RD btwn MCCARTHY RD & RAMP,370546.6533,5023423.932,-75.66097374,45.34767973,2015-08-07,12:54,01 - Clear,01 - Dry,10 - No control,01 - Non intersection,01 - Daylight,03 - P.D. only,03 - Rear end,Hunt Club East - Western Community
9734,CARILLON ST @ HANNAH ST,370154.9837,5033390.954,-75.66465131,45.43739609,2015-07-18,18:50,01 - Clear,01 - Dry,02 - Stop sign,03 - At intersection,01 - Daylight,03 - P.D. only,02 - Angle,Vanier North
9735,PRESTON ST btwn SOMERSET ST W & ECCLES ST,366320.3552,5030099.447,-75.7140707,45.40812799,2015-02-08,12:50,03 - Snow,05 - Packed snow,10 - No control,01 - Non intersection,01 - Daylight,03 - P.D. only,06 - SMV unattended vehicle,Chinatown
9736,BEARBROOK RD @ CENTREPARK DR N,377786.2483,5033368.586,-75.56712631,45.43643991,2015-05-21,17:03,01 - Clear,01 - Dry,02 - Stop sign,02 - Intersection related,01 - Daylight,03 - P.D. only,03 - Rear end,Blackburn Hamlet
9737,WHITEGATE CRES btwn MOUNTSHANNON DR & MOUNTSHANNON DR,364752.9499,5016871.235,-75.7356963,45.28923826,2015-08-09,0:00,01 - Clear,01 - Dry,10 - No control,01 - Non intersection,00 - Unknown,03 - P.D. only,06 - SMV unattended vehicle,New Barrhaven
9738,FRANKTOWN RD @ GREEN'S RD,352344.1055,5002194.561,-75.89528087,45.15812117,2015-08-12,16:00,01 - Clear,01 - Dry,02 - Stop sign,03 - At intersection,01 - Daylight,03 - P.D. only,05 - Turning movement,Munster Hamlet - Richmond
9739,PRINCE OF WALES DR btwn 187 N OF MEADOWLANDS DR & MEADOWLANDS DR/HOG'S,367360.3874,5025747.171,-75.70133718,45.36887517,2015-08-13,10:13,01 - Clear,01 - Dry,10 - No control,04 - At/near private drive,01 - Daylight,03 - P.D. only,02 - Angle,Carleton Heights - Rideauview
9740,DRIVEWAY (THE) @ PRINCE OF WALES DR,366884.833,5028146.618,-75.70710593,45.39050711,2015-05-08,8:45,01 - Clear,01 - Dry,11 - Roundabout,02 - Intersection related,01 - Daylight,03 - P.D. only,03 - Rear end,Civic Hospital - Experimental Farm - Central Park
9741,DUMAURIER AVE btwn SPLINTER CRES & ALENMEDE CRES,359843.013,5023402.25,-75.79755939,45.34840633,2015-08-14,0:00,01 - Clear,01 - Dry,10 - No control,01 - Non intersection,00 - Unknown,03 - P.D. only,06 - SMV unattended vehicle,Whitehaven - Queensway Terrace North
9742,GREENBANK RD btwn MARKETPLACE AVE & JOCKVALE RD,364030.9812,5014550.543,-75.74517636,45.26841789,2015-08-15,11:40,01 - Clear,01 - Dry,10 - No control,04 - At/near private drive,01 - Daylight,03 - P.D. only,02 - Angle,New Barrhaven
9743,BASELINE RD btwn 180 E OF CEDARVIEW RD & 180 E OF CEDARVIEW RD,358991.4487,5021669.085,-75.80861581,45.33287757,2015-06-27,15:11,01 - Clear,01 - Dry,10 - No control,01 - Non intersection,01 - Daylight,03 - P.D. only,07 - SMV other,Briar Green - Leslie Park
9744,STRANDHERD DR btwn CEDARVIEW RD & MADRID AVE,362489.7116,5013595.995,-75.7649271,45.25995692,2015-07-01,23:12,01 - Clear,01 - Dry,10 - No control,01 - Non intersection,07 - Dark,03 - P.D. only,03 - Rear end,New Barrhaven
9745,WALKLEY RD @ HEATHERINGTON RD,371767.184,5026794.297,-75.64494294,45.37788962,2015-04-01,18:01,01 - Clear,01 - Dry,01 - Traffic signal,02 - Intersection related,01 - Daylight,03 - P.D. only,03 - Rear end,Ledbury - Heron Gate - Ridgemont - Elmwood
9746,RUSSELL RD S @ ST. LAURENT BLVD,373570.3273,5029259.658,-75.621579,45.39989717,2015-07-17,18:02,01 - Clear,01 - Dry,01 - Traffic signal,03 - At intersection,01 - Daylight,03 - P.D. only,07 - SMV other,Hawthorne Meadows - Sheffield Glen
9747,REGIONAL ROAD 174 btwn OR174 IC102 RAMP51 & REGIONAL ROAD 174,381060.169,5037936.964,-75.52457821,45.47719312,2015-07-19,6:20,01 - Clear,01 - Dry,10 - No control,01 - Non intersection,01 - Daylight,03 - P.D. only,07 - SMV other,Industrial Park
9748,FAIRLOP WAY btwn TO BE DETERMINED & WANSTEAD GT,364932.0461,5016032.051,-75.73351502,45.28167201,2015-07-22,10:42,01 - Clear,01 - Dry,10 - No control,04 - At/near private drive,01 - Daylight,03 - P.D. only,06 - SMV unattended vehicle,New Barrhaven
9749,KENASTON ST btwn MARCHAND ST & ALGOMA RD,373291.0211,5031249.822,-75.62486973,45.4178311,2015-06-18,8:25,01 - Clear,01 - Dry,10 - No control,04 - At/near private drive,01 - Daylight,03 - P.D. only,05 - Turning movement,Industrial Park
9750,WILSON ST btwn BORTHWICK AVE & CUMMINGS AVE,372063.4861,5033803.153,-75.64020377,45.44092387,2015-06-25,19:00,01 - Clear,01 - Dry,10 - No control,04 - At/near private drive,01 - Daylight,03 - P.D. only,06 - SMV unattended vehicle,Cummings
9751,BRECHIN CRES btwn EALING ST & PENRITH ST,348727.2203,5023662.76,-75.93938461,45.35153477,2015-07-14,17:19,01 - Clear,01 - Dry,10 - No control,01 - Non intersection,01 - Daylight,03 - P.D. only,07 - SMV other,Morgan's Grant
9752,QUEEN ST @ LYON ST,367020.1451,5031287.22,-75.70498172,45.41875336,2015-07-14,21:43,01 - Clear,01 - Dry,01 - Traffic signal,03 - At intersection,07 - Dark,03 - P.D. only,04 - Sideswipe,Downtown
9753,CARLING AVE @ CONNAUGHT AVE,360769.2348,5025116.434,-75.7855461,45.36375719,2015-07-29,15:59,01 - Clear,01 - Dry,01 - Traffic signal,03 - At intersection,01 - Daylight,03 - P.D. only,05 - Turning movement,Woodroffe - Lincoln Heights
9754,CAMPEAU DR @ TERRY FOX DR,350454.88,5019009.374,-75.91776589,45.30955215,2015-07-29,16:00,01 - Clear,01 - Dry,01 - Traffic signal,02 - Intersection related,01 - Daylight,03 - P.D. only,03 - Rear end,Kanata Lakes - Marchwood Lakeside - Morgan's Grant - Kanata
9755,KENNEDY LANE  E btwn MONICA CRES & MONICA CRES,382652.9096,5038176.871,-75.50417097,45.47917582,2015-05-11,14:49,01 - Clear,01 - Dry,10 - No control,04 - At/near private drive,01 - Daylight,03 - P.D. only,06 - SMV unattended vehicle,Queenswood Heights
9756,BANK ST @ RIVERSIDE DR N,369226.4366,5027982.465,-75.67722546,45.38881862,2015-05-12,9:41,01 - Clear,01 - Dry,01 - Traffic signal,02 - Intersection related,01 - Daylight,03 - P.D. only,04 - Sideswipe,Alta Vista