Record,Location,X,Y,lon,lat,Date,Time,Environment,Road_Surface,Traffic_Control,Collision_Location,Light,Collision_Classification,Impact_type,Neighborhood
9757,TERRY FOX DR @ HALKIRK AVE/WINCHESTER DR,352512.2767,5016871.082,-75.89173525,45.29017451,2015-08-05,18:20,01 - Clear,01 - Dry,01 - Traffic signal,02 - Intersection related,01 - Daylight,03 - P.D. only,03 - Rear end,Glen Cairn - Kanata South Business Park
9758,BASELINE RD @ FARLANE BLVD,365357.4128,5025517.894,-75.72693342,45.36698811,2015-08-07,15:42,01 - Clear,01 - Dry,01 - Traffic signal,02 - Intersection related,01 - Daylight,03 - P.D. only,03 - Rear end,Civic Hospital - Experimental Farm - Central Park
9759,VISENEAU DR btwn KEN STEELE CRT & LONGMAN CRES,381782.1745,5035153.916,-75.51578047,45.45207436,2015-07-29,4:51,01 - Clear,01 - Dry,10 - No control,01 - Non intersection,07 - Dark,03 - P.D. only,06 - SMV unattended vehicle,Orleans Village - Chateauneuf
9760,FRANKTOWN RD btwn SKEEL CRT & DWYER HILL RD,348023.3516,4998390.767,-75.95056326,45.12417015,2015-07-18,21:21,01 - Clear,01 - Dry,10 - No control,01 - Non intersection,07 - Dark,03 - P.D. only,07 - SMV other,Munster Hamlet - Richmond
9761,INDUSTRIAL AVE btwn TRAINYARDS DR & RUSSELL RD,372267.6634,5030375.599,-75.63806365,45.41006467,2015-02-13,20:05,01 - Clear,05 - Packed snow,10 - No control,04 - At/near private drive,07 - Dark,03 - P.D. only,05 - Turning movement,Industrial Park
9762,CYRVILLE RD @ INNES RD,375048.4454,5031119.204,-75.60243596,45.41648163,2015-02-21,9:29,03 - Snow,04 - Slush,01 - Traffic signal,02 - Intersection related,01 - Daylight,03 - P.D. only,07 - SMV other,Industrial Park
9763,CUMMINGS AVE @ OGILVIE RD,372749.4409,5032169.505,-75.63166201,45.42615878,2015-05-26,18:35,01 - Clear,01 - Dry,01 - Traffic signal,03 - At intersection,01 - Daylight,03 - P.D. only,05 - Turning movement,Cummings
9764,TRENTON AVE @ MERIVALE RD,364887.6591,5026361.718,-75.73282703,45.37462112,2015-05-28,13:30,01 - Clear,01 - Dry,02 - Stop sign,02 - Intersection related,01 - Daylight,03 - P.D. only,04 - Sideswipe,Carlington
9765,LYON ST @ SLATER ST,367102.7046,5031151.506,-75.70394408,45.4175249,2015-02-03,11:50,03 - Snow,06 - Ice,01 - Traffic signal,03 - At intersection,01 - Daylight,03 - P.D. only,02 - Angle,Downtown
9766,ST. LAURENT BLVD btwn CYRVILLE RD & COVENTRY RD,372296.347,5031977.212,-75.63747787,45.42447249,2015-05-08,9:09,01 - Clear,01 - Dry,10 - No control,01 - Non intersection,01 - Daylight,03 - P.D. only,04 - Sideswipe,Overbrook
9767,OLD MAPLE LANE @ STRODE AVE,346135.2079,5035769.592,-75.97144838,45.46063204,2015-02-08,11:05,03 - Snow,04 - Slush,02 - Stop sign,03 - At intersection,01 - Daylight,03 - P.D. only,99 - Other,Car
9768,WEST HUNT CLUB RD @ WOODROFFE AVE,363670.691,5021246.849,-75.74897237,45.32870137,2015-08-15,12:29,01 - Clear,01 - Dry,01 - Traffic signal,02 - Intersection related,01 - Daylight,03 - P.D. only,03 - Rear end,Woodvale - Craig Henry - Manordale - Estates of Arlington Wo
9769,BESSERER ST @ WALLER ST,368315.9333,5032190.532,-75.68830997,45.42676461,2015-01-27,13:29,01 - Clear,01 - Dry,01 - Traffic signal,03 - At intersection,01 - Daylight,03 - P.D. only,05 - Turning movement,Byward Market - Parliament Hill
9770,ST. JOSEPH BLVD @ JEANNE D'ARC BLVD,379861.7064,5036470.135,-75.54012928,45.4641256,2015-11-16,16:45,01 - Clear,01 - Dry,11 - Roundabout,03 - At intersection,05 - Dusk,03 - P.D. only,04 - Sideswipe,Chapel Hill
9771,ST. JOSEPH BLVD @ JEANNE D'ARC BLVD,379861.7064,5036470.135,-75.54012928,45.4641256,2015-11-02,15:20,01 - Clear,01 - Dry,11 - Roundabout,03 - At intersection,01 - Daylight,03 - P.D. only,04 - Sideswipe,Chapel Hill
9772,HAMILTON AVE @ KENILWORTH ST,365366.9829,5028563.477,-75.72643764,45.39439083,2015-07-22,14:14,01 - Clear,01 - Dry,02 - Stop sign,03 - At intersection,01 - Daylight,03 - P.D. only,02 - Angle,Civic Hospital - Experimental Farm - Central Park
9773,BRONSON AVE/BRONSON/HERON RAMP 35 @ HERON RD,368641.3216,5026697.461,-75.68486324,45.37731011,2015-07-22,16:16,01 - Clear,01 - Dry,01 - Traffic signal,02 - Intersection related,01 - Daylight,03 - P.D. only,03 - Rear end,Riverside Park
9774,BESSERER ST @ KING EDWARD AVE,368551.4259,5032339.501,-75.68528155,45.42808356,2015-06-27,21:14,01 - Clear,01 - Dry,01 - Traffic signal,03 - At intersection,05 - Dusk,03 - P.D. only,02 - Angle,Sand
9775,BLAIR RD btwn BEAVERPOND DR & INNES RD,375499.1353,5031642.518,-75.59660312,45.42114473,2015-07-06,13:30,01 - Clear,01 - Dry,10 - No control,01 - Non intersection,01 - Daylight,03 - P.D. only,07 - SMV other,Pineview
9776,FISHER AVE btwn ARNOT RD & DEER PARK RD,366361.9941,5025565.764,-75.71410433,45.36733132,2015-07-14,21:45,02 - Rain,02 - Wet,10 - No control,01 - Non intersection,07 - Dark,03 - P.D. only,03 - Rear end,Civic Hospital - Experimental Farm - Central Park
9777,VANIER PKWY/CRICHTON ST @ BEECHWOOD AVE/ST. PA,369129.2384,5033486.053,-75.67774829,45.43834688,2015-07-15,9:00,01 - Clear,01 - Dry,01 - Traffic signal,02 - Intersection related,01 - Daylight,03 - P.D. only,04 - Sideswipe,Vanier North
9778,CARLING AVE @ PARKDALE AVE,365626.7007,5028172.51,-75.72316902,45.39085049,2015-07-30,10:50,01 - Clear,01 - Dry,01 - Traffic signal,02 - Intersection related,01 - Daylight,03 - P.D. only,04 - Sideswipe,Civic Hospital - Experimental Farm - Central Park
9779,ARCO WAY btwn REDWIN ST & JAY AVE,364847.5783,5020738.539,-75.73402151,45.32402794,2015-07-30,11:06,01 - Clear,01 - Dry,10 - No control,04 - At/near private drive,01 - Daylight,03 - P.D. only,06 - SMV unattended vehicle,Merivale Gardens - Grenfell Glen - Pineglen - Country Place
9780,DUNROBIN RD btwn DUNROBIN RD & MURPHY SIDE RD,344670.8113,5028764.681,-75.99073995,45.39768563,2015-07-17,17:52,02 - Rain,02 - Wet,10 - No control,01 - Non intersection,01 - Daylight,03 - P.D. only,07 - SMV other,Carp - Hardwood Plains
9781,EAGLESON RD btwn FAULKNER TR & FALLOWFIELD RD,355769.694,5013093.739,-75.8505981,45.25595647,2015-07-17,17:25,02 - Rain,02 - Wet,10 - No control,01 - Non intersection,01 - Daylight,03 - P.D. only,03 - Rear end,Greenbelt
9782,PALLADIUM DR btwn SILVER SEVEN RD & TERRY FOX DR,351225.8888,5018134.048,-75.90801577,45.30162519,2015-07-23,18:45,01 - Clear,01 - Dry,10 - No control,01 - Non intersection,01 - Daylight,03 - P.D. only,04 - Sideswipe,Katimavik - Hazeldean
9783,KANATA AVE/CASTLEFRANK RD @ AIRD PL,351812.0048,5019068.245,-75.9004539,45.30999235,2015-08-03,11:47,02 - Rain,02 - Wet,01 - Traffic signal,02 - Intersection related,01 - Daylight,03 - P.D. only,03 - Rear end,Katimavik - Hazeldean
9784,CARLING AVE @ PINECREST  RD/GREENVIEW AVE,360007.3964,5024632.888,-75.79532433,45.35946667,2015-08-07,16:59,01 - Clear,01 - Dry,01 - Traffic signal,02 - Intersection related,01 - Daylight,03 - P.D. only,04 - Sideswipe,Whitehaven - Queensway Terrace North
9785,STRANDHERD DR @ WOODROFFE AVE,366106.154,5015395.96,-75.71862897,45.27584709,2015-08-08,9:37,01 - Clear,01 - Dry,01 - Traffic signal,02 - Intersection related,01 - Daylight,03 - P.D. only,03 - Rear end,Chapman Mills - Rideau Crest - Davidson Heights
9786,HERON RD btwn WILDWOOD AVE & BANK ST,369966.8912,5026848.299,-75.66792002,45.37854527,2015-08-04,12:39,01 - Clear,01 - Dry,10 - No control,04 - At/near private drive,01 - Daylight,03 - P.D. only,02 - Angle,Alta Vista
9787,DIAMONDVIEW RD btwn DONALD B. MUNRO DR & WILLIAM HODGINS LANE,339855.4688,5020184.688,-76.05285165,45.32073722,2015-07-18,22:33,01 - Clear,01 - Dry,10 - No control,01 - Non intersection,07 - Dark,03 - P.D. only,07 - SMV other,Carp - Hardwood Plains
9788,CARILLON ST @ HANNAH ST,370155.7044,5033390.954,-75.6646421,45.43739603,2015-07-18,23:01,01 - Clear,01 - Dry,02 - Stop sign,03 - At intersection,07 - Dark,03 - P.D. only,02 - Angle,Vanier North
9789,ELGIN ST @ LAURIER AVE,367948.7099,5031548.495,-75.69308467,45.42102103,2015-02-26,19:42,01 - Clear,01 - Dry,01 - Traffic signal,03 - At intersection,07 - Dark,03 - P.D. only,05 - Turning movement,Downtown
9790,BANK ST @ KILBORN AVE/BELANGER AVE,369652.2785,5027427.908,-75.67186057,45.3837896,2015-02-28,14:43,01 - Clear,01 - Dry,01 - Traffic signal,02 - Intersection related,01 - Daylight,03 - P.D. only,02 - Angle,Alta Vista
9791,FISHER AVE btwn 220 S OF TRENT ST & MCCOOEY LANE,365926.3663,5026596.518,-75.71953744,45.37664396,2015-06-15,15:30,01 - Clear,01 - Dry,10 - No control,01 - Non intersection,01 - Daylight,03 - P.D. only,03 - Rear end,Civic Hospital - Experimental Farm - Central Park
9792,BRONSON AVE @ GLADSTONE AVE,367133.7017,5030079.762,-75.7036836,45.4078789,2015-06-26,11:33,01 - Clear,01 - Dry,01 - Traffic signal,02 - Intersection related,01 - Daylight,03 - P.D. only,05 - Turning movement,Centretown West
9793,IRIS ST @ WOODROFFE AVE,362283.4128,5024442.601,-75.76629738,45.35757156,2015-02-12,8:10,03 - Snow,04 - Slush,01 - Traffic signal,02 - Intersection related,01 - Daylight,03 - P.D. only,03 - Rear end,Iris
9794,EARL ARMSTRONG RD @ RIVER RD,367572.7185,5014683.316,-75.70002893,45.26930538,2015-02-12,12:53,03 - Snow,03 - Loose snow,01 - Traffic signal,02 - Intersection related,01 - Daylight,03 - P.D. only,03 - Rear end,Gloucester
9795,CHAMPLAIN BRIDGE/ISLAND PARK DR btwn BATE ISLAND & OTTAWA RIVER PKWY,363141.7384,5029585.548,-75.75473514,45.40377619,2015-05-08,16:48,01 - Clear,01 - Dry,10 - No control,07 - Overpass or bridge,01 - Daylight,03 - P.D. only,03 - Rear end,Westboro
9796,UPPER LORNE PL btwn SOMERSET ST W & END,366616.4377,5030380.758,-75.7102533,45.41063306,2015-05-08,19:59,01 - Clear,01 - Dry,10 - No control,04 - At/near private drive,01 - Daylight,03 - P.D. only,02 - Angle,Centretown West
9797,HALIFAX DR @ WALKLEY RD,373642.7231,5027899.29,-75.62084419,45.38765008,2015-01-29,16:33,01 - Clear,01 - Dry,01 - Traffic signal,02 - Intersection related,01 - Daylight,03 - P.D. only,04 - Sideswipe,Urbandale
9798,ANDERSON RD btwn DOLMAN RIDGE RD & RIDGE RD,378997.1512,5028602.906,-75.55236875,45.39343404,2015-01-29,16:44,03 - Snow,03 - Loose snow,10 - No control,01 - Non intersection,05 - Dusk,03 - P.D. only,01 - Approaching,Greenbelt
9799,ST. JOSEPH BLVD @ JEANNE D'ARC BLVD,379859.7786,5036470.135,-75.54015393,45.46412581,2015-10-30,12:50,01 - Clear,01 - Dry,11 - Roundabout,03 - At intersection,01 - Daylight,03 - P.D. only,04 - Sideswipe,Chapel Hill
9800,ST. JOSEPH BLVD @ JEANNE D'ARC BLVD,379861.7064,5036471.099,-75.54012913,45.46413428,2015-10-26,17:35,01 - Clear,01 - Dry,11 - Roundabout,03 - At intersection,01 - Daylight,03 - P.D. only,02 - Angle,Chapel Hill
9801,FALLOWFIELD RD btwn KIMINI DR & SHEA RD,353238.6526,5010365.12,-75.88310982,45.23158229,2015-07-22,17:20,01 - Clear,01 - Dry,10 - No control,04 - At/near private drive,01 - Daylight,03 - P.D. only,03 - Rear end,Stittsville - Basswood
9802,ABBOTT ST @ STITTSVILLE MAIN ST,350248.8018,5013331.875,-75.92091386,45.25847758,2015-07-22,17:26,01 - Clear,01 - Dry,01 - Traffic signal,02 - Intersection related,01 - Daylight,03 - P.D. only,03 - Rear end,Stittsville
9803,CHARLEVOIX ST @ LANDRY ST,369339.9838,5033461.951,-75.675058,45.4381106,2015-07-10,2:00,01 - Clear,01 - Dry,02 - Stop sign,02 - Intersection related,07 - Dark,03 - P.D. only,07 - SMV other,Vanier North
9804,GREEN ST @ LARKIN DR,363112.1163,5016468.089,-75.75665988,45.28574881,2015-07-10,21:05,01 - Clear,01 - Dry,02 - Stop sign,03 - At intersection,07 - Dark,03 - P.D. only,02 - Angle,Barrhaven West - Old Barrhaven
9805,BRONSON AVE @ KIPPEWA DR,367558.1582,5029075.917,-75.69838943,45.39880867,2015-07-15,11:54,01 - Clear,01 - Dry,02 - Stop sign,03 - At intersection,01 - Daylight,03 - P.D. only,05 - Turning movement,The Glebe
9806,STITTSVILLE MAIN ST @ HAZELDEAN RD,349559.1188,5014877.636,-75.92956173,45.27243111,2015-07-30,12:10,01 - Clear,01 - Dry,01 - Traffic signal,02 - Intersection related,01 - Daylight,03 - P.D. only,03 - Rear end,Stittsville
9807,TWIN TER btwn SUNNYCREST DR & CORAL AVE,365684.2722,5025497.921,-75.72276363,45.36678008,2015-07-30,12:38,01 - Clear,01 - Dry,10 - No control,04 - At/near private drive,01 - Daylight,03 - P.D. only,06 - SMV unattended vehicle,Cityview - Skyline - Fisher Heights
9808,BRUIN RD @ CEDARVIEW RD,359231.2461,5020935.95,-75.80563727,45.32626223,2015-07-17,15:46,02 - Rain,02 - Wet,02 - Stop sign,02 - Intersection related,01 - Daylight,03 - P.D. only,07 - SMV other,Greenbelt
9809,ISLAND PARK DR @ RICHMOND RD,364130.6867,5028867.196,-75.7421897,45.39722948,2015-07-17,13:40,01 - Clear,01 - Dry,01 - Traffic signal,02 - Intersection related,01 - Daylight,03 - P.D. only,04 - Sideswipe,Island Park
9810,STAFFORD RD    W btwn MOODIE DR & END,357041.3956,5021077.484,-75.83355565,45.32770217,2015-08-04,7:33,01 - Clear,01 - Dry,10 - No control,04 - At/near private drive,01 - Daylight,03 - P.D. only,99 - Other,Bells Corners East
9811,FALLOWFIELD RD @ GREENBANK RD,363080.6757,5016732.095,-75.75702963,45.28812695,2015-08-04,10:25,01 - Clear,01 - Dry,01 - Traffic signal,02 - Intersection related,01 - Daylight,03 - P.D. only,03 - Rear end,Greenbelt
9812,JOHNWOODS ST btwn JOSEPH CIRC & HAZELDEAN RD,350032.4682,5015573.285,-75.92346599,45.2786605,2015-08-06,0:10,01 - Clear,01 - Dry,10 - No control,01 - Non intersection,07 - Dark,03 - P.D. only,03 - Rear end,Stittsville
9813,KING EDWARD AVE btwn STEWART ST & WILBROD ST,368650.5703,5032182.876,-75.68403496,45.42666526,2015-08-09,0:00,01 - Clear,01 - Dry,10 - No control,01 - Non intersection,00 - Unknown,03 - P.D. only,06 - SMV unattended vehicle,Sandy Hill
9814,CARP RD @ RIVINGTON ST,341349.8853,5022643.957,-76.03360872,45.3427905,2015-08-04,16:23,01 - Clear,01 - Dry,02 - Stop sign,03 - At intersection,01 - Daylight,03 - P.D. only,02 - Angle,Carp
9815,INDUSTRIAL AVE/INNES RD @ ST. LAURENT BLVD,373100.4481,5030004.486,-75.62747702,45.40664479,2015-08-05,10:11,01 - Clear,01 - Dry,01 - Traffic signal,02 - Intersection related,01 - Daylight,03 - P.D. only,03 - Rear end,Industrial Park
9816,VIEWMOUNT DR @ MERIVALE RD,365194.4178,5022948.856,-75.72932784,45.34388636,2015-07-19,4:37,01 - Clear,02 - Wet,01 - Traffic signal,02 - Intersection related,07 - Dark,03 - P.D. only,07 - SMV other,Tanglewood
9817,BANK ST @ HUNT CLUB RD,371608.7365,5024094.704,-75.64733083,45.35361475,2015-05-07,20:39,01 - Clear,01 - Dry,01 - Traffic signal,02 - Intersection related,05 - Dusk,03 - P.D. only,04 - Sideswipe,South Keys - Heron Gate - Greenboro West
9818,HUNTLEY AVE @ HERON RD,369447.9181,5026775.786,-75.6745553,45.3779409,2015-05-14,18:44,01 - Clear,01 - Dry,02 - Stop sign,02 - Intersection related,01 - Daylight,03 - P.D. only,03 - Rear end,Alta Vista
9819,ROYDON PL btwn WOODFIELD DR & WEST HUNT CLUB RD,365926.6918,5022246.638,-75.72007117,45.33750447,2015-06-29,15:40,01 - Clear,01 - Dry,10 - No control,04 - At/near private drive,01 - Daylight,03 - P.D. only,05 - Turning movement,Industrial Park
9820,ISLAND PARK DR @ SCOTT ST,363832.9688,5029040.193,-75.74597131,45.39881124,2015-02-19,16:45,01 - Clear,06 - Ice,01 - Traffic signal,02 - Intersection related,01 - Daylight,03 - P.D. only,03 - Rear end,Island Park
9821,BANK ST @ CHAMBERLAIN AVE N/ISABELLA ST,368082.1716,5030165.571,-75.69155703,45.40856587,2015-05-09,20:05,01 - Clear,01 - Dry,01 - Traffic signal,03 - At intersection,01 - Daylight,03 - P.D. only,02 - Angle,The Glebe
9822,UPLANDS DR @ AIRPORT PKWY RAMP 35,371123.2844,5021373.871,-75.65389065,45.32917959,2015-05-10,10:07,02 - Rain,02 - Wet,01 - Traffic signal,02 - Intersection related,01 - Daylight,03 - P.D. only,03 - Rear end,Greenbelt
9823,CANOTEK RD @ SHEFFORD RD,376029.2213,5035093.851,-75.58933113,45.45214398,2015-02-02,12:47,03 - Snow,04 - Slush,01 - Traffic signal,03 - At intersection,01 - Daylight,03 - P.D. only,02 - Angle,Greenbelt
9824,BANTREE ST @ INNES RD,373706.7371,5030406.302,-75.61967657,45.41020071,2015-02-17,7:55,01 - Clear,06 - Ice,01 - Traffic signal,02 - Intersection related,01 - Daylight,03 - P.D. only,03 - Rear end,Industrial Park
9825,ST. JOSEPH BLVD @ JEANNE D'ARC BLVD,379859.7786,5036471.099,-75.54015378,45.46413448,2015-09-30,9:48,01 - Clear,01 - Dry,11 - Roundabout,03 - At intersection,01 - Daylight,03 - P.D. only,04 - Sideswipe,Chapel Hill
9826,MEADOWLANDS DR @ MERIVALE RD,364860.1413,5023724.429,-75.73349886,45.35089356,2015-07-22,17:38,01 - Clear,01 - Dry,01 - Traffic signal,02 - Intersection related,01 - Daylight,03 - P.D. only,03 - Rear end,Cityview - Skyline - Fisher Heights
9827,FALLOWFIELD RD @ STRANDHERD DR,360752.2248,5014961.794,-75.78691027,45.27238686,2015-07-22,20:20,01 - Clear,01 - Dry,01 - Traffic signal,02 - Intersection related,01 - Daylight,03 - P.D. only,03 - Rear end,Munster Hamlet - Richmond
9828,RIVER RD btwn RYEBURN DR & LEITRIM RD,368026.9104,5017070.431,-75.69393722,45.29074369,2015-07-11,18:11,01 - Clear,01 - Dry,10 - No control,04 - At/near private drive,01 - Daylight,03 - P.D. only,03 - Rear end,Gloucester
9829,CARLING AVE EB btwn CARLING AVE EB OFF RAMP/OTTAWA RIVER PKWY & TRANSI,360941.7266,5025202.592,-75.78333461,45.36451864,2015-07-12,0:15,01 - Clear,01 - Dry,10 - No control,01 - Non intersection,07 - Dark,03 - P.D. only,07 - SMV other,Whitehaven - Queensway Terrace North
9830,BANK ST @ HERON RD,369995.72,5026851.182,-75.66755158,45.37856853,2015-07-15,19:37,01 - Clear,01 - Dry,01 - Traffic signal,02 - Intersection related,01 - Daylight,03 - P.D. only,04 - Sideswipe,Alta Vista
9831,ARBORDALE CRES btwn CENTREPOINTE DR & CENTREPOINTE DR,362616.5295,5022511.499,-75.76227169,45.34016826,2015-07-30,0:00,01 - Clear,01 - Dry,10 - No control,01 - Non intersection,00 - Unknown,03 - P.D. only,06 - SMV unattended vehicle,Centrepointe
9832,CAMPEAU DR @ HERLIHEY WAY,350508.5849,5019176.403,-75.91706562,45.31105162,2015-08-04,9:30,01 - Clear,01 - Dry,01 - Traffic signal,03 - At intersection,01 - Daylight,03 - P.D. only,02 - Angle,Kanata
9833,WEST HUNT CLUB RD @ CLEOPATRA DR/LANCELOT DR,365234.9793,5021731.413,-75.728959,45.33292846,2015-08-04,12:22,01 - Clear,01 - Dry,01 - Traffic signal,02 - Intersection related,01 - Daylight,03 - P.D. only,03 - Rear end,Tanglewood
9834,BASELINE RD @ MERIVALE RD,365054.6964,5025326.596,-75.73082083,45.36529293,2015-01-05,14:06,03 - Snow,06 - Ice,01 - Traffic signal,02 - Intersection related,01 - Daylight,03 - P.D. only,07 - SMV other,Civic Hospital - Experimental Farm - Central Park
9835,HAWTHORNE RD @ HUNT CLUB RD,375507.7499,5026404.727,-75.59724385,45.37401695,2015-04-30,17:12,01 - Clear,01 - Dry,01 - Traffic signal,02 - Intersection related,01 - Daylight,03 - P.D. only,04 - Sideswipe,Industrial Park
9836,MCKINLEY DR @ BANCHORY CRES S,349983.5172,5023534.223,-75.92336384,45.35029834,2015-08-06,7:47,01 - Clear,01 - Dry,02 - Stop sign,03 - At intersection,01 - Daylight,03 - P.D. only,05 - Turning movement,South March
9837,JOCKVALE RD @ LAMING ST/WEYBRIDGE DR W,361915.6749,5015397.797,-75.77203357,45.2762165,2015-08-06,12:25,01 - Clear,01 - Dry,02 - Stop sign,02 - Intersection related,01 - Daylight,03 - P.D. only,03 - Rear end,Barrhaven West - Old Barrhaven
9838,ALBION RD btwn RIDEAU RD & TULLAMORE ST,375304.3298,5016183.725,-75.60129624,45.282073,2015-07-20,7:36,01 - Clear,01 - Dry,10 - No control,01 - Non intersection,01 - Daylight,03 - P.D. only,07 - SMV other,Greenbelt
9839,DEVINE RD @ FRONTIER RD,389637.838,5021963.669,-75.41763066,45.3324923,2015-05-15,7:30,01 - Clear,01 - Dry,02 - Stop sign,02 - Intersection related,01 - Daylight,03 - P.D. only,99 - Other,Navan - Vars
9840,MACLAREN ST btwn ELGIN ST & CARTIER ST,368237.9855,5031144.774,-75.68944065,45.41736232,2015-07-05,3:05,01 - Clear,01 - Dry,10 - No control,01 - Non intersection,07 - Dark,03 - P.D. only,06 - SMV unattended vehicle,Golden Triangle
9841,ST. ANDREW ST btwn SUSSEX DR & PARENT AVE,367682.9914,5032663.081,-75.69633738,45.43107364,2015-02-27,9:00,01 - Clear,01 - Dry,10 - No control,04 - At/near private drive,01 - Daylight,03 - P.D. only,02 - Angle,Lower Town
9842,HIGHWAY 417 btwn HWY417 IC120A RAMP52 & HWY417 IC119B RAMP57,368059.2,5030177.319,-75.69184896,45.40867366,2015-10-14,9:05,01 - Clear,01 - Dry,10 - No control,01 - Non intersection,01 - Daylight,03 - P.D. only,03 - Rear end,The Glebe
9843,CONCORD ST @ GREENFIELD AVE,369032.9896,5031063.478,-75.67929437,45.41655831,2015-05-10,14:44,02 - Rain,02 - Wet,02 - Stop sign,03 - At intersection,01 - Daylight,03 - P.D. only,03 - Rear end,Old Ottawa East
9844,BESSERER ST btwn CUMBERLAND ST & KING EDWARD AVE,368484.1601,5032299.719,-75.68614624,45.42773174,2015-07-23,15:29,01 - Clear,01 - Dry,10 - No control,04 - At/near private drive,01 - Daylight,03 - P.D. only,02 - Angle,Sand
9845,DALHOUSIE ST @ GUIGUES AVE,367913.7116,5032713.842,-75.6933825,45.43150958,2015-02-17,8:22,03 - Snow,05 - Packed snow,02 - Stop sign,02 - Intersection related,01 - Daylight,03 - P.D. only,03 - Rear end,Lower Town
9846,BANK ST @ CONROY RD,375044.2326,5022237.723,-75.60375312,45.3365707,2015-02-17,8:43,01 - Clear,01 - Dry,01 - Traffic signal,02 - Intersection related,01 - Daylight,03 - P.D. only,03 - Rear end,Greenbelt
9847,ST. JOSEPH BLVD @ JEANNE D'ARC BLVD,379863.6341,5036471.099,-75.54010448,45.46413407,2015-09-16,7:31,01 - Clear,01 - Dry,11 - Roundabout,02 - Intersection related,01 - Daylight,03 - P.D. only,03 - Rear end,Chapel Hill
9848,ST. JOSEPH BLVD @ JEANNE D'ARC BLVD,379860.7425,5036471.099,-75.54014145,45.46413438,2015-08-26,17:02,01 - Clear,01 - Dry,11 - Roundabout,03 - At intersection,01 - Daylight,03 - P.D. only,02 - Angle,Chapel Hill
9849,RICHMOND RD btwn PATRICIA AVE & LEIGHTON TER,363986.8887,5028775.131,-75.74403727,45.39641327,2015-07-22,19:00,01 - Clear,01 - Dry,10 - No control,01 - Non intersection,01 - Daylight,03 - P.D. only,06 - SMV unattended vehicle,Westboro
9850,RICHMOND RD btwn WEST HUNT CLUB RD & STONEHAVEN DR,357123.305,5018057.688,-75.83282972,45.30052359,2015-07-23,7:02,01 - Clear,01 - Dry,10 - No control,01 - Non intersection,01 - Daylight,03 - P.D. only,05 - Turning movement,Greenbelt
9851,ROTHESAY DR btwn ROTHESAY DR & SHOULDICE CRES,354064.1923,5017073.124,-75.8719316,45.29188546,2015-07-12,16:00,01 - Clear,01 - Dry,10 - No control,01 - Non intersection,01 - Daylight,03 - P.D. only,07 - SMV other,Glen Cairn - Kanata South Business Park
9852,PRINCE OF WALES DR btwn TURN LANE & WEST HUNT CLUB RD,367455.8274,5021854.386,-75.70061215,45.33384017,2015-07-12,16:15,01 - Clear,01 - Dry,10 - No control,01 - Non intersection,01 - Daylight,03 - P.D. only,04 - Sideswipe,Industrial Park
9853,FRANK KENNY RD @ RUSSELL RD,392562.128,5026365.836,-75.379548,45.37173875,2015-07-15,20:19,01 - Clear,01 - Dry,02 - Stop sign,02 - Intersection related,05 - Dusk,03 - P.D. only,03 - Rear end,Navan - Vars
9854,MARCH VALLEY RD btwn RIDDELL DR & KLONDIKE RD,348904.9932,5026500.713,-75.93686261,45.37706012,2015-07-15,20:19,01 - Clear,01 - Dry,10 - No control,01 - Non intersection,01 - Daylight,03 - P.D. only,07 - SMV other,Carp - Hardwood Plains
9855,CENTURY RD @ FOURTH LINE RD,362210.9204,5004062.972,-75.76957819,45.17420016,2015-07-31,7:22,01 - Clear,01 - Dry,02 - Stop sign,02 - Intersection related,01 - Daylight,03 - P.D. only,07 - SMV other,Munster Hamlet - Richmond
9856,LIMEBANK RD btwn RIDEAU RD & MITCH OWENS RD,370946.8718,5013827.361,-75.6571475,45.26129438,2015-07-31,9:37,01 - Clear,01 - Dry,10 - No control,01 - Non intersection,01 - Daylight,03 - P.D. only,07 - SMV other,Manotick
9857,MARCH VALLEY RD btwn RIDDELL DR & KLONDIKE RD,349264.6891,5026110.6,-75.93230532,45.37352707,2015-07-17,7:30,01 - Clear,01 - Dry,10 - No control,01 - Non intersection,01 - Daylight,03 - P.D. only,07 - SMV other,Carp - Hardwood Plains
9858,BASELINE RD/HERON RD @ PRINCE OF WALES DR,366873.8867,5026439.163,-75.70746042,45.37514482,2015-07-16,21:40,01 - Clear,01 - Dry,01 - Traffic signal,03 - At intersection,07 - Dark,03 - P.D. only,04 - Sideswipe,Civic Hospital - Experimental Farm - Central Park
9859,MEADOWLANDS DR btwn DEER PARK RD & HOGAN ST,366042.3555,5024888.448,-75.71826837,45.36126496,2015-08-04,16:00,01 - Clear,01 - Dry,10 - No control,01 - Non intersection,01 - Daylight,03 - P.D. only,03 - Rear end,Cityview - Skyline - Fisher Heights
9860,BASELINE RD btwn SOUTHWOOD DR & COBDEN RD,361596.2039,5023182.646,-75.77521275,45.34629056,2015-08-05,8:00,01 - Clear,01 - Dry,10 - No control,01 - Non intersection,01 - Daylight,03 - P.D. only,03 - Rear end,Iris
9861,CARP RD @ HAZELDEAN RD,348804.5759,5014360.076,-75.93922349,45.26782154,2015-08-07,9:57,01 - Clear,01 - Dry,01 - Traffic signal,03 - At intersection,01 - Daylight,03 - P.D. only,02 - Angle,Stittsville
9862,BANK ST btwn COOPER ST & SOMERSET ST W,367688.9371,5030926.465,-75.69648311,45.41544761,2015-07-20,11:43,01 - Clear,01 - Dry,10 - No control,01 - Non intersection,01 - Daylight,03 - P.D. only,04 - Sideswipe,Centretown