Record,Location,X,Y,lon,lat,Date,Time,Environment,Road_Surface,Traffic_Control,Collision_Location,Light,Collision_Classification,Impact_type,Neighborhood
9863,RIOCAN AVE @ STRANDHERD DR,364172.2088,5014944.212,-75.74332969,45.27194822,2015-03-08,10:16,03 - Snow,02 - Wet,01 - Traffic signal,02 - Intersection related,01 - Daylight,03 - P.D. only,03 - Rear end,New Barrhaven
9864,RIVERSIDE DR btwn QUESNEL DR & MARILYN AVE,368098.3005,5024182.321,-75.69211814,45.35472877,2015-03-25,19:34,02 - Rain,02 - Wet,10 - No control,01 - Non intersection,07 - Dark,03 - P.D. only,04 - Sideswipe,Hunt Club Woods - Quintarra - Revelstoke - Riverside South P
9865,GREENBANK RD @ WEST HUNT CLUB RD,361481.1184,5020502.84,-75.77698817,45.32218703,2015-08-13,15:31,01 - Clear,01 - Dry,01 - Traffic signal,02 - Intersection related,01 - Daylight,03 - P.D. only,03 - Rear end,Greenbelt
9866,LIGHTFOOT PL btwn LOMBARDO DR & END,353177.575,5018154.988,-75.88312887,45.30168192,2015-08-14,7:52,01 - Clear,02 - Wet,10 - No control,04 - At/near private drive,01 - Daylight,03 - P.D. only,02 - Angle,Katimavik - Hazeldean
9867,BASELINE RD/HERON RD @ PRINCE OF WALES DR,366873.4147,5026439.353,-75.70746642,45.37514657,2015-02-17,8:48,01 - Clear,06 - Ice,01 - Traffic signal,02 - Intersection related,01 - Daylight,03 - P.D. only,04 - Sideswipe,Civic Hospital - Experimental Farm - Central Park
9868,ARLINGTON AVE @ KENT ST,367868.192,5030256.795,-75.69427873,45.40940599,2015-02-17,8:50,01 - Clear,06 - Ice,01 - Traffic signal,02 - Intersection related,01 - Daylight,03 - P.D. only,03 - Rear end,Centretown
9869,ST. JOSEPH BLVD @ JEANNE D'ARC BLVD,379858.8148,5036471.099,-75.5401661,45.46413459,2015-08-12,10:36,01 - Clear,01 - Dry,11 - Roundabout,03 - At intersection,01 - Daylight,03 - P.D. only,04 - Sideswipe,Chapel Hill
9870,ST. JOSEPH BLVD @ JEANNE D'ARC BLVD,379858.9647,5036468.975,-75.54016451,45.46411546,2015-08-01,13:37,01 - Clear,01 - Dry,11 - Roundabout,03 - At intersection,01 - Daylight,03 - P.D. only,04 - Sideswipe,Chapel Hill
9871,HAZELDEAN RD @ TERRY FOX DR,352206.8903,5017242.091,-75.89559282,45.29353362,2015-07-23,13:18,01 - Clear,01 - Dry,01 - Traffic signal,02 - Intersection related,01 - Daylight,03 - P.D. only,03 - Rear end,Glen Cairn - Kanata South Business Park
9872,240 S OF CHARLEMAGNE BLVD/DES EPINETTES AVE @ TENTH LINE RD,383736.1826,5036677.455,-75.49055768,45.46556382,2015-07-12,18:54,02 - Rain,02 - Wet,01 - Traffic signal,02 - Intersection related,01 - Daylight,03 - P.D. only,03 - Rear end,OrlÃ©ans
9873,INNES RD btwn INNES RD & PAGE RD,380808.4227,5034492.079,-75.52833036,45.44622625,2015-07-16,8:07,01 - Clear,01 - Dry,10 - No control,01 - Non intersection,01 - Daylight,03 - P.D. only,04 - Sideswipe,Chapel Hill South
9874,HUNT CLUB RD @ RIVERSIDE DR,368035.9823,5021945.138,-75.69319944,45.3346047,2015-07-31,10:11,01 - Clear,01 - Dry,01 - Traffic signal,02 - Intersection related,01 - Daylight,03 - P.D. only,03 - Rear end,Hunt Club Woods - Quintarra - Revelstoke - Riverside South P
9875,CARLING AVE @ KIRKWOOD AVE S,364351.7005,5027335.747,-75.73955183,45.38343103,2015-07-29,15:10,01 - Clear,01 - Dry,01 - Traffic signal,02 - Intersection related,01 - Daylight,03 - P.D. only,04 - Sideswipe,Carlington
9876,ROBERTSON RD @ VANIER RD,357397.0952,5020644.402,-75.8290643,45.3237787,2015-08-05,15:33,01 - Clear,01 - Dry,01 - Traffic signal,03 - At intersection,01 - Daylight,03 - P.D. only,02 - Angle,Bells Corners East
9877,ALBERT ST @ KENT ST (OTTAWA),367222.4155,5031321.375,-75.70239313,45.41904266,2015-04-24,19:15,01 - Clear,01 - Dry,01 - Traffic signal,03 - At intersection,07 - Dark,03 - P.D. only,02 - Angle,Downtown
9878,FROBISHER LANE W @ RIVERSIDE DR,370119.4358,5029600.866,-75.6656081,45.4032977,2015-05-30,1:22,01 - Clear,01 - Dry,01 - Traffic signal,03 - At intersection,07 - Dark,03 - P.D. only,07 - SMV other,Industrial Park
9879,WOODMOUNT CRES btwn CHESTERTON DR & CHESTERTON DR,365555.81,5023993.081,-75.72458838,45.35325093,2015-06-07,21:32,01 - Clear,01 - Dry,10 - No control,04 - At/near private drive,07 - Dark,03 - P.D. only,06 - SMV unattended vehicle,Borden Farm - Stewart Farm - Parkwood Hills - Fisher Glen
9880,FOREST RD @ STAGECOACH RD,378113.0196,5003640.001,-75.56734668,45.16892137,2015-08-09,12:40,01 - Clear,01 - Dry,02 - Stop sign,02 - Intersection related,01 - Daylight,03 - P.D. only,04 - Sideswipe,Kars - Osgoode
9881,COVENTRY RD @ VANIER PKWY,370677.8263,5031610.622,-75.65820737,45.42132836,2015-06-01,17:17,01 - Clear,01 - Dry,01 - Traffic signal,02 - Intersection related,01 - Daylight,03 - P.D. only,03 - Rear end,Overbrook
9882,ELGIN ST btwn COOPER ST & SOMERSET ST W,368158.2221,5031209.022,-75.69045144,45.41794762,2015-06-02,13:19,01 - Clear,01 - Dry,10 - No control,01 - Non intersection,01 - Daylight,03 - P.D. only,04 - Sideswipe,Centretown
9883,DALY AVE btwn MACKENZIE AVE & NICHOLAS ST,368033.7026,5031933.769,-75.69194928,45.42447992,2015-07-11,11:56,01 - Clear,01 - Dry,10 - No control,01 - Non intersection,01 - Daylight,03 - P.D. only,02 - Angle,Byward Market - Parliament Hill
9884,BRONSON AVE @ CARLING AVE/GLEBE AVE,367447.707,5029334.481,-75.69976724,45.40114505,2015-08-04,9:56,01 - Clear,01 - Dry,01 - Traffic signal,02 - Intersection related,01 - Daylight,03 - P.D. only,04 - Sideswipe,The Glebe
9885,HUNTMAR DR @ MAPLE GROVE RD,350267.1458,5016713.224,-75.92037049,45.2889029,2015-08-14,8:48,01 - Clear,02 - Wet,01 - Traffic signal,03 - At intersection,01 - Daylight,03 - P.D. only,02 - Angle,Stittsville
9886,WEST HUNT CLUB RD @ CLEOPATRA DR/LANCELOT DR,365236.4207,5021731.413,-75.72894061,45.33292834,2015-08-14,12:56,01 - Clear,02 - Wet,01 - Traffic signal,02 - Intersection related,01 - Daylight,03 - P.D. only,03 - Rear end,Tanglewood
9887,TRIM RD @ MILLENNIUM BLVD,386796.5554,5036715.533,-75.45142151,45.46555387,2015-02-17,8:40,01 - Clear,02 - Wet,11 - Roundabout,02 - Intersection related,01 - Daylight,03 - P.D. only,03 - Rear end,Navan - Vars
9888,COVENTRY RD btwn ST. LAURENT SC WEST & ST. LAURENT SC EAST,372003.5381,5031932.975,-75.64122523,45.42410265,2015-02-17,9:44,01 - Clear,06 - Ice,10 - No control,01 - Non intersection,01 - Daylight,03 - P.D. only,03 - Rear end,Overbrook
9889,ST. JOSEPH BLVD @ JEANNE D'ARC BLVD,379858.9647,5036473.544,-75.54016381,45.46415657,2015-07-30,19:30,01 - Clear,01 - Dry,11 - Roundabout,03 - At intersection,01 - Daylight,03 - P.D. only,04 - Sideswipe,Greenbelt
9890,ST. JOSEPH BLVD btwn MARENGER ST & JEANNE D'ARC BLVD S,379831.5483,5036448.412,-75.54051819,45.4639334,2015-07-24,10:28,01 - Clear,01 - Dry,10 - No control,01 - Non intersection,01 - Daylight,03 - P.D. only,04 - Sideswipe,Chapel Hill
9891,HAUGHTON AVE btwn RITCHIE ST & CROFT ST,359439.1361,5024742.949,-75.80256498,45.36050152,2015-07-14,9:53,01 - Clear,01 - Dry,10 - No control,01 - Non intersection,01 - Daylight,03 - P.D. only,07 - SMV other,Crystal Bay - Lakeview Park - Britannia Village
9892,FISHER AVE btwn MCCOOEY LANE & BASELINE RD,366011.7387,5026395.82,-75.71847238,45.37483067,2015-07-14,16:33,01 - Clear,01 - Dry,10 - No control,01 - Non intersection,01 - Daylight,03 - P.D. only,03 - Rear end,Civic Hospital - Experimental Farm - Central Park
9893,CARLING AVE @ ROCHESTER ST,366992.7132,5029040.752,-75.7056156,45.39854272,2015-07-21,16:44,01 - Clear,01 - Dry,02 - Stop sign,02 - Intersection related,01 - Daylight,03 - P.D. only,03 - Rear end,Centretown West
9894,CYRVILLE RD @ STAR TOP RD,373829.0077,5031517.482,-75.61795904,45.4201865,2015-07-31,10:35,01 - Clear,01 - Dry,01 - Traffic signal,03 - At intersection,01 - Daylight,03 - P.D. only,07 - SMV other,Industrial Park
9895,MELVILLE DR btwn KANE TER & KANE TER,362313.0333,5015359.129,-75.76697394,45.27583618,2015-07-31,14:16,01 - Clear,01 - Dry,10 - No control,01 - Non intersection,01 - Daylight,03 - P.D. only,06 - SMV unattended vehicle,Barrhaven West - Old Barrhaven
9896,BASELINE RD btwn MORLEY BLVD & PRINCE OF WALES DR,366774.247,5026409.343,-75.7087362,45.37488532,2015-07-13,15:00,01 - Clear,01 - Dry,10 - No control,01 - Non intersection,01 - Daylight,03 - P.D. only,03 - Rear end,Civic Hospital - Experimental Farm - Central Park
9897,CYR AVE btwn MONTREAL RD & JEANNE MANCE ST,370279.4997,5033040.826,-75.66310652,45.43423414,2015-07-11,11:56,01 - Clear,01 - Dry,10 - No control,01 - Non intersection,01 - Daylight,03 - P.D. only,07 - SMV other,Vanier South
9898,BANK ST @ ECHO DR,368661.7111,5028757.745,-75.68433635,45.39584607,2015-05-06,11:23,01 - Clear,01 - Dry,02 - Stop sign,02 - Intersection related,01 - Daylight,03 - P.D. only,04 - Sideswipe,Old Ottawa South
9899,MONTREAL RD @ GRANVILLE ST/LAFONTAINE AVE,370826.1198,5033473.905,-75.65606284,45.4380794,2015-05-06,12:23,01 - Clear,01 - Dry,01 - Traffic signal,03 - At intersection,01 - Daylight,03 - P.D. only,05 - Turning movement,Vanier South
9900,INNES RD btwn HWY417 IC112 RAMP57 & HWY417 IC112 RAMP65,374325.0231,5030769.263,-75.61172736,45.4134053,2015-06-09,16:20,01 - Clear,01 - Dry,10 - No control,01 - Non intersection,01 - Daylight,03 - P.D. only,03 - Rear end,Industrial Park
9901,KIRKWOOD AVE N @ CARLING AVE,364276.0248,5027492.864,-75.74049916,45.38485117,2015-08-09,21:30,01 - Clear,01 - Dry,01 - Traffic signal,03 - At intersection,07 - Dark,03 - P.D. only,05 - Turning movement,Westboro
9902,KENT ST @ MACLAREN ST,367573.431,5030741.487,-75.69798232,45.4137936,2015-07-20,16:00,01 - Clear,01 - Dry,02 - Stop sign,02 - Intersection related,01 - Daylight,03 - P.D. only,04 - Sideswipe,Centretown
9903,METCALFE ST btwn SLATER ST & LAURIER AVE W,367783.3939,5031466.939,-75.69520729,45.42030212,2015-06-10,6:49,01 - Clear,01 - Dry,10 - No control,01 - Non intersection,01 - Daylight,03 - P.D. only,07 - SMV other,Downtown
9904,HUNT CLUB RD btwn MCCARTHY RD & RAMP,370682.8695,5023505.374,-75.65922476,45.34839974,2015-06-10,19:53,01 - Clear,01 - Dry,10 - No control,01 - Non intersection,01 - Daylight,03 - P.D. only,04 - Sideswipe,Hunt Club East - Western Community
9905,BREWER RD @ BRONSON AVE,368109.0471,5027765.355,-75.69152178,45.38696702,2015-07-21,6:38,01 - Clear,01 - Dry,01 - Traffic signal,03 - At intersection,01 - Daylight,03 - P.D. only,03 - Rear end,Carleto
9906,CEDARVIEW RD @ HWY 416 WESTHUNT IC72R24,359608.8926,5019745.481,-75.80095185,45.31552095,2015-08-07,13:14,01 - Clear,01 - Dry,02 - Stop sign,02 - Intersection related,01 - Daylight,03 - P.D. only,02 - Angle,Greenbelt
9907,BASELINE RD @ GREENBANK RD,360597.6843,5022582.698,-75.78802172,45.34097238,2015-08-07,16:19,01 - Clear,01 - Dry,01 - Traffic signal,02 - Intersection related,01 - Daylight,03 - P.D. only,03 - Rear end,Qualicum - Redwood Park
9908,HAZELDEAN RD @ TERRY FOX DR,352206.8903,5017241.37,-75.89559289,45.29352713,2015-08-14,2:00,01 - Clear,01 - Dry,01 - Traffic signal,02 - Intersection related,07 - Dark,03 - P.D. only,02 - Angle,Glen Cairn - Kanata South Business Park
9909,ST. JOSEPH BLVD btwn GABRIEL ST & PLACE D'ORLEANS DR,381570.7934,5037661.823,-75.51809092,45.47466168,2015-02-20,16:57,01 - Clear,01 - Dry,10 - No control,01 - Non intersection,01 - Daylight,03 - P.D. only,04 - Sideswipe,Industrial Park
9910,CHAPMAN BLVD @ DORVAL AVE,372088.7227,5028845.774,-75.64055821,45.39631718,2015-02-17,8:59,01 - Clear,03 - Loose snow,10 - No control,03 - At intersection,01 - Daylight,03 - P.D. only,05 - Turning movement,Elmvale - Eastway - Riverview - Riverview Park West
9911,ARTHUR ST @ SOMERSET ST,366830.6656,5030391.082,-75.70751535,45.410707,2015-02-17,9:00,03 - Snow,06 - Ice,01 - Traffic signal,03 - At intersection,01 - Daylight,03 - P.D. only,02 - Angle,Centretown West
9912,ST. JOSEPH BLVD @ JEANNE D'ARC BLVD,379861.2494,5036473.544,-75.5401346,45.46415632,2015-07-10,14:31,01 - Clear,01 - Dry,11 - Roundabout,03 - At intersection,01 - Daylight,03 - P.D. only,04 - Sideswipe,Greenbelt
9913,ST. JOSEPH BLVD @ JEANNE D'ARC BLVD,379861.2494,5036473.544,-75.5401346,45.46415632,2015-06-23,15:10,01 - Clear,01 - Dry,11 - Roundabout,03 - At intersection,01 - Daylight,03 - P.D. only,02 - Angle,Greenbelt
9914,WALKLEY RD @ 160 W OF CONROY RD ,372768.6635,5027384.763,-75.63207592,45.38310595,2015-07-27,20:54,02 - Rain,02 - Wet,01 - Traffic signal,03 - At intersection,05 - Dusk,03 - P.D. only,05 - Turning movement,Elmvale - Eastway - Riverview - Riverview Park West
9915,INNES RD btwn PRESTWICK DR & TENTH LINE RD,383869.5981,5036125.327,-75.48894063,45.46058118,2015-07-28,15:41,01 - Clear,01 - Dry,10 - No control,04 - At/near private drive,01 - Daylight,03 - P.D. only,05 - Turning movement,Queenswood Heights
9916,BRITANNIA RD btwn CASSELS ST & ROWATT ST,359605.1459,5025955.069,-75.80031168,45.37139518,2015-07-24,17:45,01 - Clear,01 - Dry,10 - No control,01 - Non intersection,01 - Daylight,03 - P.D. only,06 - SMV unattended vehicle,Crystal Bay - Lakeview Park - Britannia Village
9917,KINCARDINE DR btwn TO BE DETERMINED & HALKIRK AVE,352235.1413,5017015.089,-75.89525437,45.29148909,2015-07-24,18:59,01 - Clear,01 - Dry,10 - No control,04 - At/near private drive,01 - Daylight,03 - P.D. only,99 - Other,Glen Cairn - Kanata South Business Park
9918,CAMERON ST @ REGIONAL RD 174,389860.7736,5042617.925,-75.41122019,45.51829024,2015-07-31,15:39,01 - Clear,01 - Dry,01 - Traffic signal,02 - Intersection related,01 - Daylight,03 - P.D. only,03 - Rear end,Cumberland - Estates
9919,CARLING AVE @ CIVIC HOSPITAL,365790.8888,5028276.975,-75.72105942,45.39177616,2015-07-31,15:44,02 - Rain,02 - Wet,01 - Traffic signal,02 - Intersection related,01 - Daylight,03 - P.D. only,03 - Rear end,Civic Hospital - Experimental Farm - Central Park
9920,WILLIAM ST btwn CLARENCE ST & YORK ST,367946.4598,5032437.586,-75.69299943,45.42902097,2015-07-03,21:24,01 - Clear,01 - Dry,10 - No control,01 - Non intersection,07 - Dark,03 - P.D. only,06 - SMV unattended vehicle,Byward Market
9921,PRINCE OF WALES DR @ MERIVALE RD,367450.432,5017617.542,-75.70121676,45.29571816,2015-05-07,11:59,01 - Clear,01 - Dry,01 - Traffic signal,03 - At intersection,01 - Daylight,03 - P.D. only,03 - Rear end,Greenbelt
9922,RIVERSIDE DR RAMP 42A @ RIVERSIDE DR RAMP 42B,368480.3951,5027091.955,-75.68686689,45.3808743,2015-05-11,15:46,01 - Clear,01 - Dry,03 - Yield sign,02 - Intersection related,01 - Daylight,03 - P.D. only,03 - Rear end,Riverside Park
9923,BANNER RD @ GREENBANK RD,361021.6726,5021565.411,-75.78272763,45.33178499,2015-06-12,15:48,02 - Rain,02 - Wet,01 - Traffic signal,03 - At intersection,01 - Daylight,03 - P.D. only,07 - SMV other,Woodvale - Craig Henry - Manordale - Estates of Arlington Wo
9924,YORK ST btwn BY WARD MARKET SQ & WILLIAM ST,367978.7095,5032348.109,-75.69259881,45.42821298,2015-06-25,22:55,01 - Clear,01 - Dry,10 - No control,01 - Non intersection,07 - Dark,03 - P.D. only,06 - SMV unattended vehicle,Byward Market
9925,BANK ST @ WALKLEY RD,370338.5727,5025947.375,-75.66329428,45.37040438,2015-06-29,20:07,01 - Clear,01 - Dry,01 - Traffic signal,02 - Intersection related,01 - Daylight,03 - P.D. only,04 - Sideswipe,Ledbury - Heron Gate - Ridgemont - Elmwood
9926,WOODROFFE AVE NB btwn WEST HUNT CLUB RD & SPORTSPLEX N,363722.5829,5021156.039,-75.74832124,45.32787991,2015-07-20,17:11,01 - Clear,01 - Dry,10 - No control,01 - Non intersection,01 - Daylight,03 - P.D. only,03 - Rear end,Merivale Gardens - Grenfell Glen - Pineglen - Country Place
9927,HUNT CLUB RD btwn GIBFORD DR & UPLANDS DR,369973.1675,5023012.828,-75.66834567,45.34403425,2015-07-23,16:07,01 - Clear,01 - Dry,10 - No control,01 - Non intersection,01 - Daylight,03 - P.D. only,03 - Rear end,Hunt Club - Ottawa Airport
9928,ELGIN ST btwn LEWIS ST & WAVERLEY ST,368310.4995,5030963.019,-75.68853764,45.41572037,2015-06-14,4:26,01 - Clear,01 - Dry,10 - No control,01 - Non intersection,07 - Dark,03 - P.D. only,06 - SMV unattended vehicle,Centretown
9929,RIVERSIDE DR @ UPLANDS DR/KIMBERWICK CRES N,368194.9272,5022792.604,-75.69106316,45.34221568,2015-06-18,11:09,01 - Clear,01 - Dry,01 - Traffic signal,02 - Intersection related,01 - Daylight,03 - P.D. only,03 - Rear end,Hunt Club Woods - Quintarra - Revelstoke - Riverside South P
9930,CONROY RD btwn WALKLEY RD & ST. LAURENT BLVD,372949.128,5027394.702,-75.62977038,45.38317785,2015-07-21,13:33,01 - Clear,01 - Dry,10 - No control,04 - At/near private drive,01 - Daylight,03 - P.D. only,07 - SMV other,Industrial Park
9931,MAPLE GROVE RD @ TERRY FOX DR,351554.3293,5017864.104,-75.90385345,45.29917438,2015-08-08,11:00,01 - Clear,01 - Dry,01 - Traffic signal,02 - Intersection related,01 - Daylight,03 - P.D. only,03 - Rear end,Katimavik - Hazeldean
9932,WOODROFFE AVE btwn 260 N OF FALLOWFIELD RD/TRANSITWAY & FALLOWFIELD RD,365046.2311,5018004.451,-75.73182012,45.2994098,2015-08-09,12:04,01 - Clear,01 - Dry,10 - No control,01 - Non intersection,01 - Daylight,03 - P.D. only,04 - Sideswipe,New Barrhaven
9933,HWY 417 INNES IC112R68 @ INNES RD,374641.3538,5030921.504,-75.60766474,45.41474359,2015-05-13,9:56,01 - Clear,01 - Dry,01 - Traffic signal,02 - Intersection related,01 - Daylight,03 - P.D. only,03 - Rear end,Industrial Park
9934,MCARTHUR AVE btwn IRWIN MILLER ST & BRANT ST,371222.3591,5032802.334,-75.65108933,45.43199937,2015-05-12,9:15,01 - Clear,01 - Dry,10 - No control,01 - Non intersection,01 - Daylight,03 - P.D. only,04 - Sideswipe,Vanier South
9935,ST. PATRICK ST btwn DALHOUSIE ST & CUMBERLAND ST,368045.5382,5032694.88,-75.69170031,45.43132706,2015-09-15,13:30,01 - Clear,01 - Dry,10 - No control,01 - Non intersection,01 - Daylight,03 - P.D. only,06 - SMV unattended vehicle,Byward Market
9936,LIMEBANK RD @ RIDEAU RD,370881.7138,5014020.701,-75.65795194,45.26304015,2015-02-17,9:11,01 - Clear,02 - Wet,02 - Stop sign,02 - Intersection related,01 - Daylight,03 - P.D. only,03 - Rear end,Greenbelt
9937,MCBRIEN ST btwn PENRITH ST & HALTON TER,348615.5848,5023949.689,-75.94078385,45.3541236,2015-02-17,9:21,01 - Clear,05 - Packed snow,10 - No control,01 - Non intersection,01 - Daylight,03 - P.D. only,06 - SMV unattended vehicle,Morgan's Grant
9938,RICHMOND RD btwn STINSON AVE & STAFFORD RD,358012.9796,5021011.16,-75.82116913,45.3270324,2015-08-01,14:41,01 - Clear,01 - Dry,10 - No control,04 - At/near private drive,01 - Daylight,03 - P.D. only,02 - Angle,Bells Corners East
9939,BASELINE RD @ JOHN SUTHERLAND DR/VALLEY STREAM,359310.6671,5021789.851,-75.80453017,45.3339395,2015-07-23,17:12,01 - Clear,01 - Dry,01 - Traffic signal,03 - At intersection,01 - Daylight,03 - P.D. only,05 - Turning movement,Briar Green - Leslie Park
9940,ROOSEVELT AVE btwn RICHMOND RD & END,362974.4842,5028127.668,-75.75704341,45.39067234,2015-07-24,10:36,01 - Clear,01 - Dry,10 - No control,01 - Non intersection,01 - Daylight,03 - P.D. only,04 - Sideswipe,Westboro
9941,BRITANNIA RD @ MARIE ST,360104.2389,5024895.874,-75.79405888,45.36182538,2015-07-24,15:00,01 - Clear,01 - Dry,02 - Stop sign,03 - At intersection,01 - Daylight,03 - P.D. only,02 - Angle,Woodroffe - Lincoln Heights
9942,MONTREAL RD @ ST. LAURENT BLVD,371544.9822,5033817.955,-75.6468288,45.44110674,2015-07-25,23:35,01 - Clear,02 - Wet,01 - Traffic signal,02 - Intersection related,07 - Dark,03 - P.D. only,04 - Sideswipe,Cummings
9943,STRANDHERD DR btwn GREENBANK RD & Continuation of STRANDHERD DR,363980.5308,5014812.886,-75.74578797,45.2707827,2015-07-31,17:13,01 - Clear,01 - Dry,10 - No control,04 - At/near private drive,01 - Daylight,03 - P.D. only,02 - Angle,New Barrhaven
9944,MARVELVILLE RD btwn YORKS CORNERS RD & LARRY ROBINSON RD,391979.1078,5008132.255,-75.3901942,45.20776268,2015-08-01,7:50,01 - Clear,01 - Dry,10 - No control,01 - Non intersection,01 - Daylight,03 - P.D. only,01 - Approaching,Metcalfe
9945,VANIER PKWY SB btwn RIVERSIDE DR & TO BE DETERMINED,370802.9754,5031202.642,-75.65666303,45.41764573,2015-06-19,14:30,01 - Clear,01 - Dry,10 - No control,07 - Overpass or bridge,01 - Daylight,03 - P.D. only,03 - Rear end,Industrial Park
9946,ST. JOSEPH BLVD btwn ST. JEAN ST & BELCOURT BLVD,381082.2177,5037273.191,-75.52439929,45.47121863,2015-05-12,15:40,01 - Clear,01 - Dry,10 - No control,01 - Non intersection,01 - Daylight,03 - P.D. only,04 - Sideswipe,Orleans Village - Chateauneuf
9947,OLD RICHMOND RD @ SANIBEL PRIV N,357378.651,5019211.467,-75.82945166,45.31088638,2015-06-13,11:53,01 - Clear,01 - Dry,02 - Stop sign,03 - At intersection,01 - Daylight,02 - Non-fatal injury,02 - Angle,Bells Corners West
9948,MONTREAL RD @ STE. ANNE ST,370706.7086,5033415.515,-75.65759679,45.4375653,2015-07-29,19:06,01 - Clear,01 - Dry,02 - Stop sign,02 - Intersection related,01 - Daylight,03 - P.D. only,03 - Rear end,Vanier South
9949,CLYDE AVE btwn CLYDE AVE & STARWOOD RD,364407.6389,5024777.739,-75.73914628,45.36040971,2015-07-31,16:00,01 - Clear,01 - Dry,10 - No control,04 - At/near private drive,01 - Daylight,03 - P.D. only,05 - Turning movement,Crestview - Meadowlands
9950,GRASSY PLAINS DR @ MEADOWBREEZE DR E,356074.568,5015754.201,-75.8464393,45.27987373,2015-06-23,14:45,01 - Clear,01 - Dry,02 - Stop sign,03 - At intersection,01 - Daylight,03 - P.D. only,03 - Rear end,Bridlewood - Emerald Meadows
9951,BRONSON AVE btwn FLORENCE ST & GLADSTONE AVE,367127.2152,5030097.78,-75.70376418,45.4080416,2015-06-27,5:36,01 - Clear,01 - Dry,10 - No control,01 - Non intersection,03 - Dawn,03 - P.D. only,07 - SMV other,Centretown West
9952,LABELLE ST/RAMP @ LEMIEUX ST/HWY417 IC115 RAMP,372540.9997,5031688.93,-75.6343915,45.42185501,2015-07-21,20:35,01 - Clear,01 - Dry,02 - Stop sign,03 - At intersection,05 - Dusk,03 - P.D. only,02 - Angle,Cummings
9953,CLARIDGE DR btwn GOSPEL OAK DR & CLENNING ST,364882.0932,5016424.281,-75.7341042,45.28520556,2015-08-08,6:55,01 - Clear,01 - Dry,10 - No control,01 - Non intersection,01 - Daylight,03 - P.D. only,04 - Sideswipe,New Barrhaven
9954,TARA DR @ MAITLAND AVE,363495.8482,5025388.476,-75.75071116,45.36598198,2015-05-13,13:37,01 - Clear,01 - Dry,02 - Stop sign,02 - Intersection related,01 - Daylight,03 - P.D. only,04 - Sideswipe,Braemar Park - Bel Air Heights - Copeland Park
9955,KING EDWARD AVE @ ST. PATRICK ST,368247.9806,5032822.508,-75.68909684,45.43245707,2015-05-12,14:15,01 - Clear,01 - Dry,01 - Traffic signal,02 - Intersection related,01 - Daylight,03 - P.D. only,03 - Rear end,Byward Market
9956,DOVERCOURT AVE @ GOLDEN AVE,363200.6888,5027246.901,-75.75425898,45.38272851,2015-08-14,17:12,01 - Clear,01 - Dry,02 - Stop sign,03 - At intersection,01 - Daylight,03 - P.D. only,02 - Angle,Carlingwood - McKellar Park - Laurentien View
9957,SMYTH RD E/LANCASTER RD @ ST. LAURENT BLVD N/R,373365.6933,5029425.033,-75.62416954,45.40140521,2015-02-17,9:48,01 - Clear,01 - Dry,01 - Traffic signal,02 - Intersection related,01 - Daylight,03 - P.D. only,03 - Rear end,Sheffield Glen
9958,ST. JOSEPH BLVD @ JEANNE D'ARC BLVD,379863.5341,5036475.829,-75.54010504,45.46417664,2015-05-21,14:10,01 - Clear,01 - Dry,11 - Roundabout,03 - At intersection,01 - Daylight,03 - P.D. only,04 - Sideswipe,Chapel Hill
9959,HIGHWAY 417 btwn HWY417 IC119A RAMP75 & HWY417 IC118 RAMP57,368724.4803,5030580.944,-75.68329838,45.41224489,2015-10-13,22:04,01 - Clear,01 - Dry,10 - No control,01 - Non intersection,07 - Dark,03 - P.D. only,04 - Sideswipe,Old Ottawa East
9960,ISLAND PARK DR @ HELENA ST,364414.4238,5028239.917,-75.73864174,45.39156125,2015-07-24,14:29,01 - Clear,01 - Dry,02 - Stop sign,03 - At intersection,01 - Daylight,03 - P.D. only,02 - Angle,Westboro
9961,CARLING AVE WB btwn POULIN AVE & ALPINE AVE,360374.6269,5024866.24,-75.79061106,45.36153735,2015-07-24,15:20,01 - Clear,01 - Dry,10 - No control,01 - Non intersection,01 - Daylight,03 - P.D. only,03 - Rear end,Whitehaven - Queensway Terrace North
9962,DILWORTH RD btwn FOURTH LINE RD & HWY416 IC42 RAMP34,370717.6727,4994707.615,-75.66259308,45.08927674,2015-07-26,9:35,01 - Clear,01 - Dry,10 - No control,01 - Non intersection,01 - Daylight,03 - P.D. only,07 - SMV other,Manotick - North Gower
9963,STONECREST RD btwn KINBURN SIDE RD & NEEDHAMS SIDE RD,335118.0096,5032878.949,-76.11249915,45.43518613,2015-07-26,14:25,02 - Rain,02 - Wet,10 - No control,01 - Non intersection,01 - Daylight,03 - P.D. only,07 - SMV other,Car
9964,HUNTINGS END AVE btwn BLUEMEADOW WAY & BRIDLEWOOD DR,354670.0956,5016992.28,-75.86421556,45.29111527,2015-07-26,0:00,01 - Clear,01 - Dry,10 - No control,01 - Non intersection,00 - Unknown,03 - P.D. only,06 - SMV unattended vehicle,Bridlewood - Emerald Meadows
9965,DIAMONDVIEW RD @ THOMAS A. DOLAN PKWY,335557.2342,5025182.191,-76.10736546,45.36590859,2015-07-31,20:15,01 - Clear,01 - Dry,02 - Stop sign,03 - At intersection,05 - Dusk,03 - P.D. only,02 - Angle,Car