Record,Location,X,Y,lon,lat,Date,Time,Environment,Road_Surface,Traffic_Control,Collision_Location,Light,Collision_Classification,Impact_type,Neighborhood
9966,HWY 416 ACRES IC75R24 @ HOLLY ACRES RD,358756.4609,5022868.549,-75.81148281,45.3436885,2015-08-01,13:14,01 - Clear,01 - Dry,01 - Traffic signal,02 - Intersection related,01 - Daylight,03 - P.D. only,04 - Sideswipe,Greenbelt
9967,HOLMWOOD AVE btwn CRAIG ST & MORRIS ST,368140.2973,5028993.551,-75.69096508,45.39801514,2015-06-16,9:57,01 - Clear,01 - Dry,10 - No control,01 - Non intersection,01 - Daylight,03 - P.D. only,06 - SMV unattended vehicle,The Glebe
9968,CHARLEMAGNE BLVD @ ORCHARDVIEW AVE,384506.7567,5037242.936,-75.48061337,45.47056398,2015-03-27,8:33,03 - Snow,02 - Wet,02 - Stop sign,02 - Intersection related,01 - Daylight,03 - P.D. only,03 - Rear end,Fallingbrook
9969,ST. PATRICK ST @ SUSSEX DR,367666.6762,5032463.099,-75.69657141,45.42927573,2015-05-13,18:22,01 - Clear,01 - Dry,01 - Traffic signal,03 - At intersection,01 - Daylight,03 - P.D. only,02 - Angle,Byward Market
9970,CARLING AVE EB btwn RICHMOND RD & DUNDEE AVE,360277.3907,5024781.873,-75.79186162,45.36078592,2015-05-13,11:44,01 - Clear,01 - Dry,10 - No control,01 - Non intersection,01 - Daylight,03 - P.D. only,04 - Sideswipe,Whitehaven - Queensway Terrace North
9971,FOURTH AVE btwn BRONSON AVE & CHRYSLER ST,367599.5694,5029019.29,-75.69786775,45.39829545,2015-06-24,17:58,01 - Clear,01 - Dry,10 - No control,01 - Non intersection,01 - Daylight,03 - P.D. only,06 - SMV unattended vehicle,The Glebe
9972,400 E OF TRAINYARDS DR @ INDUSTRIAL AVE,372091.6332,5030434.623,-75.64030422,45.41061269,2015-07-04,14:49,01 - Clear,01 - Dry,01 - Traffic signal,02 - Intersection related,01 - Daylight,03 - P.D. only,03 - Rear end,Industrial Park
9973,BANK ST btwn SOUTHKEYS SC & CAHILL DR/DAZE ST,371230.4186,5024388.439,-75.65211924,45.35629363,2015-07-07,10:52,01 - Clear,01 - Dry,10 - No control,01 - Non intersection,01 - Daylight,03 - P.D. only,04 - Sideswipe,South Keys - Heron Gate - Greenboro West
9974,HUNT CLUB RD @ RIVERSIDE DR,368036.8832,5021945.589,-75.69318789,45.33460868,2015-08-04,8:25,01 - Clear,01 - Dry,01 - Traffic signal,02 - Intersection related,01 - Daylight,03 - P.D. only,03 - Rear end,Hunt Club Woods - Quintarra - Revelstoke - Riverside South P
9975,BASELINE RD/HWY 416 RICHMOND IC75R53 @ RICHMON,358635.219,5021822.298,-75.81314366,45.33428361,2015-08-04,17:03,01 - Clear,01 - Dry,01 - Traffic signal,02 - Intersection related,01 - Daylight,03 - P.D. only,03 - Rear end,Greenbelt
9976,FISHER AVE @ TRENT ST,365783.6994,5026926.738,-75.72131806,45.37962765,2015-07-07,18:33,01 - Clear,01 - Dry,01 - Traffic signal,02 - Intersection related,01 - Daylight,03 - P.D. only,04 - Sideswipe,Civic Hospital - Experimental Farm - Central Park
9977,PRINCE OF WALES DR btwn 187 N OF MEADOWLANDS DR & MEADOWLANDS DR/HOG'S,367369.036,5025708.973,-75.70123162,45.3685307,2015-07-22,17:06,01 - Clear,01 - Dry,10 - No control,01 - Non intersection,01 - Daylight,03 - P.D. only,04 - Sideswipe,Carleton Heights - Rideauview
9978,MONTREAL RD btwn PALACE ST & VANIER PKWY,370009.7506,5033029.766,-75.66655528,45.43415984,2015-08-10,14:28,01 - Clear,01 - Dry,10 - No control,01 - Non intersection,01 - Daylight,03 - P.D. only,03 - Rear end,Vanier South
9979,STONEPOINTE AVE @ WINDHURST DR,366392.7771,5016060.762,-75.71489369,45.28180389,2015-08-11,18:51,01 - Clear,01 - Dry,03 - Yield sign,02 - Intersection related,01 - Daylight,03 - P.D. only,03 - Rear end,Chapman Mills - Rideau Crest - Davidson Heights
9980,CUMBERLAND ST @ WILBROD ST/SERAPHIN MARION PRI,368533.2703,5032050.944,-75.68555089,45.42548888,2015-05-19,10:25,01 - Clear,01 - Dry,02 - Stop sign,03 - At intersection,01 - Daylight,03 - P.D. only,05 - Turning movement,Sandy Hill
9981,COVENTRY RD @ VANIER PKWY,370676.3849,5031610.257,-75.65822583,45.42132521,2015-02-17,12:49,03 - Snow,03 - Loose snow,01 - Traffic signal,02 - Intersection related,01 - Daylight,03 - P.D. only,03 - Rear end,Overbrook
9982,ST. JOSEPH BLVD @ JEANNE D'ARC BLVD,379861.2494,5036473.544,-75.5401346,45.46415632,2015-05-26,7:17,02 - Rain,02 - Wet,11 - Roundabout,03 - At intersection,01 - Daylight,03 - P.D. only,04 - Sideswipe,Greenbelt
9983,BASELINE RD btwn ST. HELEN'S PL & CLYDE AVE,364182.346,5024782.227,-75.74202121,45.36046922,2015-03-29,17:00,01 - Clear,01 - Dry,10 - No control,04 - At/near private drive,01 - Daylight,03 - P.D. only,02 - Angle,Braemar Park - Bel Air Heights - Copeland Park
9984,FALLOWFIELD RD @ MOODIE DR,359501.6559,5014635.332,-75.80288305,45.2695477,2015-07-24,16:45,01 - Clear,01 - Dry,01 - Traffic signal,02 - Intersection related,01 - Daylight,03 - P.D. only,03 - Rear end,Munster Hamlet - Richmond
9985,MACDONALD-CARTIER BR RAMP SB-1 btwn MACDONALD-CARTIER BR & CATHCART ST,367527.7806,5033177.695,-75.69825526,45.4357179,2015-07-27,9:27,01 - Clear,01 - Dry,10 - No control,06 - Underpass or tunnel,01 - Daylight,03 - P.D. only,04 - Sideswipe,Lower Town
9986,GREENBANK RD @ JOCKVALE RD,364121.6878,5014330.774,-75.74404677,45.26643276,2015-08-01,13:34,01 - Clear,01 - Dry,01 - Traffic signal,02 - Intersection related,01 - Daylight,03 - P.D. only,03 - Rear end,New Barrhaven
9987,STREAMSIDE CRES btwn MARCONI AVE & MARCONI AVE,349399.7558,5024649.315,-75.93071288,45.36036955,2015-08-02,9:04,01 - Clear,01 - Dry,10 - No control,04 - At/near private drive,01 - Daylight,03 - P.D. only,06 - SMV unattended vehicle,South March
9988,BRITTANY DR btwn TRURO ST & QUARRY RD,371766.9593,5034330.542,-75.64392193,45.44569753,2015-02-02,18:14,06 - Strong wind,05 - Packed snow,10 - No control,01 - Non intersection,05 - Dusk,03 - P.D. only,01 - Approaching,Rockcliffe - Manor Park
9989,BEECHWOOD AVE @ MARIER AVE/PUTMAN AVE,369605.7065,5033906.512,-75.67160339,45.442086,2015-05-14,16:53,01 - Clear,01 - Dry,01 - Traffic signal,02 - Intersection related,01 - Daylight,03 - P.D. only,99 - Other,Vanier North
9990,MEADOWLANDS DR @ MERIVALE RD,364857.9792,5023724.429,-75.73352645,45.35089375,2015-05-13,14:15,01 - Clear,01 - Dry,01 - Traffic signal,02 - Intersection related,01 - Daylight,03 - P.D. only,04 - Sideswipe,Cityview - Skyline - Fisher Heights
9991,DUNROBIN RD btwn CONSTANCE BAY RD & KINBURN SIDE RD,337318.1332,5036715.427,-76.08412599,45.46960895,2015-07-07,23:58,01 - Clear,01 - Dry,10 - No control,01 - Non intersection,07 - Dark,03 - P.D. only,07 - SMV other,Woodlawn
9992,HUNT CLUB RD btwn NORTH BOWESVILLE RD & BILLY BISHOP PRIV,368691.4804,5022330.873,-75.68478727,45.33801608,2015-08-05,15:31,01 - Clear,01 - Dry,10 - No control,01 - Non intersection,01 - Daylight,03 - P.D. only,03 - Rear end,Hunt Club - Ottawa Airport
9993,FISHER AVE btwn ARNOT RD & DEER PARK RD,366392.5744,5025486.879,-75.71372381,45.36661884,2015-08-05,13:20,01 - Clear,01 - Dry,10 - No control,04 - At/near private drive,01 - Daylight,03 - P.D. only,02 - Angle,Civic Hospital - Experimental Farm - Central Park
9994,RIOCAN AVE btwn MARKETPLACE AVE & END,364325.2767,5014689.294,-75.74140964,45.26964152,2015-07-18,18:08,01 - Clear,01 - Dry,10 - No control,04 - At/near private drive,01 - Daylight,03 - P.D. only,02 - Angle,New Barrhaven
9995,PRINCE OF WALES DR btwn BLAZER AVE & DEAKIN ST,367367.648,5021422.227,-75.70179169,45.32995955,2015-07-22,17:07,01 - Clear,01 - Dry,10 - No control,01 - Non intersection,01 - Daylight,03 - P.D. only,03 - Rear end,Industrial Park
9996,CARLING AVE @ BROADVIEW AVE,363181.4073,5026637.461,-75.75457723,45.37724646,2015-07-22,18:12,01 - Clear,01 - Dry,01 - Traffic signal,03 - At intersection,01 - Daylight,03 - P.D. only,05 - Turning movement,Carlingwood - McKellar Park - Laurentien View
9997,CAMBRIAN RD @ REGATTA AVE,364535.3581,5012715.369,-75.73896993,45.2518623,2015-08-11,22:06,01 - Clear,01 - Dry,02 - Stop sign,03 - At intersection,07 - Dark,03 - P.D. only,02 - Angle,New Barrhaven
9998,CAMPEAU DR/HWY 417 MARCH IC138R63 @ MARCH RD,352843.0663,5020474.665,-75.88716908,45.32257783,2015-08-12,8:38,01 - Clear,01 - Dry,01 - Traffic signal,02 - Intersection related,01 - Daylight,03 - P.D. only,03 - Rear end,Greenbelt
9999,DALHOUSIE ST @ RIDEAU ST,368205.9884,5032227.942,-75.68971003,45.42711119,2015-05-19,17:00,01 - Clear,01 - Dry,01 - Traffic signal,03 - At intersection,01 - Daylight,03 - P.D. only,04 - Sideswipe,Byward Market - Parliament Hill
10000,PAR-LA-VILLE CIRC btwn MENORCA DR & SANTA ANNA LANE N,350120.3181,5016803.401,-75.92223396,45.28972382,2015-09-18,0:00,01 - Clear,01 - Dry,10 - No control,01 - Non intersection,00 - Unknown,03 - P.D. only,06 - SMV unattended vehicle,Stittsville
10001,BOURASSA ST @ ST. LAURENT BLVD,373236.732,5029694.039,-75.62577932,45.40383822,2015-02-17,16:13,01 - Clear,04 - Slush,01 - Traffic signal,02 - Intersection related,01 - Daylight,03 - P.D. only,03 - Rear end,Industrial Park
10002,HAZELDEAN RD @ FRINGEWOOD DR,350755.6003,5015909.288,-75.9142183,45.28163707,2015-06-22,16:55,01 - Clear,01 - Dry,01 - Traffic signal,02 - Intersection related,01 - Daylight,03 - P.D. only,03 - Rear end,Stittsville
10003,CEDARVIEW RD @ HWY 416 WESTHUNT IC72R42,359598.4458,5019761.998,-75.80108326,45.31567038,2015-05-15,19:50,02 - Rain,02 - Wet,10 - No control,02 - Intersection related,01 - Daylight,03 - P.D. only,03 - Rear end,Greenbelt
10004,CARLING AVE @ PRESTON ST,366829.71,5028935.071,-75.70771072,45.39760629,2015-05-12,18:50,01 - Clear,01 - Dry,01 - Traffic signal,02 - Intersection related,01 - Daylight,03 - P.D. only,03 - Rear end,Centretown West
10005,LONGFIELDS DR @ MOUNTSHANNON DR E,364886.6947,5016801.934,-75.73399982,45.28860327,2015-05-13,8:36,01 - Clear,01 - Dry,11 - Roundabout,02 - Intersection related,01 - Daylight,03 - P.D. only,03 - Rear end,New Barrhaven
10006,PRINCE OF WALES DR @ MEADOWLANDS DR/HOG'S BACK,367371.9189,5025693.959,-75.70119672,45.36839535,2015-05-21,19:25,01 - Clear,01 - Dry,01 - Traffic signal,02 - Intersection related,01 - Daylight,03 - P.D. only,04 - Sideswipe,Carleton Heights - Rideauview
10007,ALBERT ST @ BAY ST,366941.7315,5031143.105,-75.70600173,45.41746362,2015-04-27,7:50,01 - Clear,01 - Dry,01 - Traffic signal,02 - Intersection related,01 - Daylight,03 - P.D. only,05 - Turning movement,Downtown
10008,RIDEAU ST btwn KING EDWARD AVE & NELSON ST,368534.8397,5032426.601,-75.68548223,45.42886876,2015-05-02,11:01,01 - Clear,01 - Dry,10 - No control,04 - At/near private drive,01 - Daylight,03 - P.D. only,02 - Angle,Lowe
10009,TENTH LINE RD @ CHARLEMAGNE BLVD S/DES EPINETT,383640.9751,5036900.456,-75.49173924,45.46758093,2015-05-14,19:31,01 - Clear,01 - Dry,01 - Traffic signal,02 - Intersection related,01 - Daylight,03 - P.D. only,03 - Rear end,OrlÃ©ans
10010,SMYTH RD E/LANCASTER RD @ ST. LAURENT BLVD N/R,373369.3515,5029428.645,-75.62412232,45.40143735,2015-05-18,21:56,01 - Clear,02 - Wet,01 - Traffic signal,03 - At intersection,07 - Dark,03 - P.D. only,02 - Angle,Sheffield Glen
10011,PRINCE OF WALES DR btwn ROCKY HILL DR & LODGE RD,366989.2187,5014445.896,-75.70749402,45.26722092,2015-05-19,9:12,01 - Clear,01 - Dry,10 - No control,01 - Non intersection,01 - Daylight,03 - P.D. only,03 - Rear end,Chapman Mills - Rideau Crest - Davidson Heights
10012,LANCASTER RD @ WALKLEY RD,374908.7405,5028603.023,-75.6045785,45.39385635,2015-03-31,7:15,01 - Clear,01 - Dry,01 - Traffic signal,02 - Intersection related,01 - Daylight,03 - P.D. only,03 - Rear end,Industrial Park
10013,RIVERSIDE DR SB btwn SMYTH RD NORTH SIDE RAMP & FROBISHER LANE,370024.313,5029445.42,-75.66684363,45.40190793,2015-04-06,21:41,01 - Clear,01 - Dry,10 - No control,01 - Non intersection,07 - Dark,03 - P.D. only,04 - Sideswipe,Industrial Park
10014,LESTER RD btwn MEANDERING BROOK DR & BANK ST,373623.7291,5022887.117,-75.62178485,45.34255448,2015-05-01,17:00,02 - Rain,02 - Wet,10 - No control,01 - Non intersection,01 - Daylight,03 - P.D. only,05 - Turning movement,Blossom Park - Blossom Park West - Sawmill Creek/ Timbermill
10015,UNICORN AVE btwn BALLANTYNE DR & VENUS AVE,385746.1629,5037159.051,-75.46477874,45.46966672,2015-05-02,7:30,01 - Clear,01 - Dry,10 - No control,04 - At/near private drive,01 - Daylight,03 - P.D. only,06 - SMV unattended vehicle,Cardinal Creek
10016,HERON RD EB btwn RIVERSIDE DR & BRONSON AVE RAMP 35,368226.0479,5026643.419,-75.69017193,45.37686157,2015-06-01,16:33,01 - Clear,01 - Dry,10 - No control,01 - Non intersection,01 - Daylight,03 - P.D. only,03 - Rear end,Riverside Park
10017,WOODROFFE AVE btwn TURN LANE & KNOXDALE RD,363408.8791,5021856.397,-75.75223991,45.33420795,2015-06-26,17:10,01 - Clear,01 - Dry,10 - No control,04 - At/near private drive,01 - Daylight,03 - P.D. only,05 - Turning movement,Woodvale - Craig Henry - Manordale - Estates of Arlington Wo
10018,GREENBANK RD @ LISA AVE,360554.5358,5022894.294,-75.78853714,45.34377955,2015-06-26,16:10,01 - Clear,01 - Dry,01 - Traffic signal,03 - At intersection,01 - Daylight,03 - P.D. only,03 - Rear end,Iris
10019,ALBERT ST @ O'CONNOR ST,367540.1439,5031520.933,-75.69830832,45.4208098,2015-04-22,21:30,01 - Clear,01 - Dry,01 - Traffic signal,02 - Intersection related,07 - Dark,03 - P.D. only,03 - Rear end,Downtown
10020,LIMEBANK RD/RIVERSIDE DR @ RIVER RD,368404.1447,5020477.754,-75.6886912,45.32136819,2015-01-22,14:12,01 - Clear,01 - Dry,01 - Traffic signal,03 - At intersection,01 - Daylight,03 - P.D. only,02 - Angle,Greenbelt
10021,CHAMBERLAIN AVE @ KENT ST,367933.7062,5030047.911,-75.69346859,45.40752061,2015-05-25,16:44,02 - Rain,02 - Wet,01 - Traffic signal,02 - Intersection related,01 - Daylight,03 - P.D. only,03 - Rear end,The Glebe
10022,CITY PARK DR btwn OGILVIE RD & WILBURY RD,373850.5118,5032753.696,-75.61751099,45.4313072,2015-06-30,11:52,01 - Clear,01 - Dry,10 - No control,04 - At/near private drive,01 - Daylight,03 - P.D. only,05 - Turning movement,Industrial Park
10023,CATHERINE ST/HWY 417 O'CONN IC119BR76 @ O'CONN,368245.1524,5030392.204,-75.68944596,45.41059029,2015-07-03,15:20,01 - Clear,01 - Dry,01 - Traffic signal,03 - At intersection,01 - Daylight,03 - P.D. only,05 - Turning movement,Centretown
10024,WEST HUNT CLUB RD btwn MOODIE DR & HWY416 IC72 RAMP53,358484.5089,5018852.685,-75.81538825,45.30757436,2015-06-20,13:12,01 - Clear,01 - Dry,10 - No control,01 - Non intersection,01 - Daylight,03 - P.D. only,03 - Rear end,Greenbelt
10025,ALLENBY RD btwn IPSWICH TER & COLLINGWOOD CRES,349402.3448,5023085.432,-75.93082092,45.34629722,2015-06-21,9:30,02 - Rain,02 - Wet,10 - No control,04 - At/near private drive,01 - Daylight,03 - P.D. only,06 - SMV unattended vehicle,Morgan's Grant
10026,CEDARVIEW RD @ FALLOWFIELD RD,361294.6672,5015662.64,-75.77991784,45.27864975,2015-06-23,8:00,01 - Clear,01 - Dry,01 - Traffic signal,02 - Intersection related,01 - Daylight,03 - P.D. only,03 - Rear end,Munster Hamlet - Richmond
10027,PRESTON ST @ SIDNEY ST,366808.3855,5028984.775,-75.70797682,45.39805541,2015-05-15,21:59,01 - Clear,01 - Dry,02 - Stop sign,03 - At intersection,07 - Dark,03 - P.D. only,02 - Angle,Little Italy
10028,JAMIE AVE @ SUNDERLAND ST,366065.667,5022022.024,-75.71832593,45.33547131,2015-05-13,8:54,01 - Clear,01 - Dry,02 - Stop sign,02 - Intersection related,01 - Daylight,03 - P.D. only,05 - Turning movement,Industrial Park
10029,PRINCE OF WALES DR btwn DEAKIN ST & WATERBEND LANE,367392.4012,5021535.319,-75.70146163,45.33097493,2015-05-14,7:30,01 - Clear,01 - Dry,10 - No control,01 - Non intersection,01 - Daylight,03 - P.D. only,03 - Rear end,Industrial Park
10030,CARLING AVE @ PARKDALE AVE,365626.9439,5028170.46,-75.72316617,45.39083202,2015-05-08,15:18,01 - Clear,01 - Dry,01 - Traffic signal,02 - Intersection related,01 - Daylight,03 - P.D. only,04 - Sideswipe,Civic Hospital - Experimental Farm - Central Park
10031,FRANK KENNY RD btwn FRENCH HILL RD & WALL RD,388808.1267,5035466.165,-75.42591533,45.45407439,2015-05-02,11:25,01 - Clear,01 - Dry,10 - No control,01 - Non intersection,01 - Daylight,03 - P.D. only,07 - SMV other,Navan - Vars
10032,KING EDWARD AVE SB btwn CATHCART ST & ST. ANDREW ST,368120.3361,5033035.861,-75.69070061,45.43438832,2015-05-09,22:31,01 - Clear,01 - Dry,10 - No control,04 - At/near private drive,07 - Dark,03 - P.D. only,06 - SMV unattended vehicle,Lower Town
10033,CARLING AVE @ IRVING PL/MAPLE DR,366185.5772,5028528.681,-75.71598785,45.39400647,2015-05-16,12:05,01 - Clear,01 - Dry,01 - Traffic signal,03 - At intersection,01 - Daylight,03 - P.D. only,05 - Turning movement,Civic Hospital - Experimental Farm - Central Park
10034,GLADSTONE AVE btwn KENT ST & BANK ST,367889.8369,5030546.347,-75.69396517,45.41200934,2015-05-19,9:31,01 - Clear,01 - Dry,10 - No control,04 - At/near private drive,01 - Daylight,03 - P.D. only,07 - SMV other,Centretown
10035,FERIAND ST @ JOLLIET AVE,369833.2261,5034052.808,-75.66867603,45.44338118,2015-04-17,11:19,01 - Clear,01 - Dry,02 - Stop sign,03 - At intersection,01 - Daylight,03 - P.D. only,07 - SMV other,Vanier North
10036,BELFAST RD @ ST. LAURENT BLVD,372861.4448,5030578.202,-75.63045067,45.4118301,2015-05-02,11:59,01 - Clear,01 - Dry,01 - Traffic signal,02 - Intersection related,01 - Daylight,03 - P.D. only,04 - Sideswipe,Industrial Park
10037,APPLEFORD ST btwn MILLGREEN CRES & MILLGREEN CRES,374838.0085,5033769.151,-75.60474752,45.44034549,2015-05-02,18:26,01 - Clear,01 - Dry,10 - No control,04 - At/near private drive,01 - Daylight,03 - P.D. only,02 - Angle,Beacon Hill South - Cardinal Heights
10038,CASTLEFRANK RD @ HAZELDEAN RD,352677.8781,5017676.009,-75.88954648,45.29740618,2015-06-05,12:43,01 - Clear,01 - Dry,01 - Traffic signal,03 - At intersection,01 - Daylight,03 - P.D. only,05 - Turning movement,Glen Cairn - Kanata South Business Park
10039,LAURELWOOD PL btwn AUTUMN RIDGE DR & AUTUMN RIDGE DR,380472.3759,5035899.873,-75.53240908,45.45892895,2015-06-23,14:30,01 - Clear,01 - Dry,10 - No control,01 - Non intersection,01 - Daylight,03 - P.D. only,07 - SMV other,Chapel Hill
10040,BANK ST btwn CLAREY AVE & HOLMWOOD AVE,368474.6057,5029218.183,-75.68666645,45.40000599,2015-05-06,15:40,01 - Clear,01 - Dry,10 - No control,04 - At/near private drive,01 - Daylight,03 - P.D. only,06 - SMV unattended vehicle,The Glebe
10041,BASELINE RD @ FISHER AVE,366167.4143,5026028.172,-75.71653064,45.37150903,2015-04-26,11:30,01 - Clear,01 - Dry,01 - Traffic signal,02 - Intersection related,01 - Daylight,03 - P.D. only,04 - Sideswipe,Civic Hospital - Experimental Farm - Central Park
10042,BEATRICE DR btwn CHAPMAN MILLS DR & ROSWELL DR,365553.3908,5014904.752,-75.72573361,45.27147519,2015-03-09,15:00,01 - Clear,01 - Dry,10 - No control,04 - At/near private drive,01 - Daylight,03 - P.D. only,06 - SMV unattended vehicle,New Barrhaven
10043,DALHOUSIE ST btwn BOTELER ST & BOLTON ST,367713.853,5033041.15,-75.69589469,45.4344726,2015-04-28,15:00,01 - Clear,01 - Dry,10 - No control,04 - At/near private drive,01 - Daylight,03 - P.D. only,06 - SMV unattended vehicle,Lower Town
10044,WOODCLIFFE PRIV @ JEANNE D'ARC BLVD,380106.9623,5036227.618,-75.5370306,45.46191723,2015-06-02,8:20,02 - Rain,02 - Wet,02 - Stop sign,03 - At intersection,01 - Daylight,03 - P.D. only,03 - Rear end,Chapel Hill
10045,INDUSTRIAL AVE @ TRAINYARDS DR,371686.6758,5030539.119,-75.64546307,45.41159172,2015-07-03,16:47,01 - Clear,01 - Dry,01 - Traffic signal,02 - Intersection related,01 - Daylight,03 - P.D. only,03 - Rear end,Industrial Park
10046,REGIONAL RD 174 @ TRIM RD,384351.8533,5039990.701,-75.48214903,45.4953034,2015-07-03,19:00,01 - Clear,01 - Dry,01 - Traffic signal,02 - Intersection related,01 - Daylight,03 - P.D. only,03 - Rear end,Cumberland - Estates
10047,KANATA RD @ LORD BYNG WAY/MARITIME WAY,351430.3128,5019331.142,-75.90529663,45.31238341,2015-06-21,12:32,01 - Clear,01 - Dry,01 - Traffic signal,02 - Intersection related,01 - Daylight,03 - P.D. only,03 - Rear end,Kanata
10048,GLADSTONE AVE @ SHERBROOKE AVE,365523.2608,5029252.483,-75.72435702,45.40057682,2015-06-22,7:46,01 - Clear,01 - Dry,02 - Stop sign,03 - At intersection,01 - Daylight,03 - P.D. only,02 - Angle,Civi
10049,HAZELDEAN RD @ TERRY FOX DR,352206.8903,5017242.091,-75.89559282,45.29353362,2015-06-23,10:30,01 - Clear,01 - Dry,01 - Traffic signal,02 - Intersection related,01 - Daylight,03 - P.D. only,03 - Rear end,Glen Cairn - Kanata South Business Park
10050,MAPLE GROVE RD @ TERRY FOX DR,351553.6086,5017863.383,-75.90386271,45.29916794,2015-06-23,11:45,01 - Clear,01 - Dry,01 - Traffic signal,02 - Intersection related,01 - Daylight,03 - P.D. only,03 - Rear end,Katimavik - Hazeldean
10051,MAITLAND AVE/HWY 417 MAITLAND IC126R53 @ HWY 4,363230.8557,5025774.892,-75.75404797,45.36948105,2015-05-17,11:59,01 - Clear,01 - Dry,01 - Traffic signal,03 - At intersection,01 - Daylight,03 - P.D. only,05 - Turning movement,Braemar Park - Bel Air Heights - Copeland Park
10052,GREENBANK RD @ HWY 417 IC129 RAMP57/IRIS ST,360530.2113,5023313.153,-75.78880031,45.34755037,2015-05-17,14:00,01 - Clear,01 - Dry,01 - Traffic signal,02 - Intersection related,01 - Daylight,03 - P.D. only,04 - Sideswipe,Iris
10053,WOODROFFE AVE @ ALGONQUIN COLLEGE/TRANSITWAY S,362824.3465,5023271.165,-75.7595311,45.34698652,2015-05-14,22:06,01 - Clear,01 - Dry,01 - Traffic signal,02 - Intersection related,07 - Dark,03 - P.D. only,03 - Rear end,Crestview - Meadowlands
10054,TANDALEE CRES btwn Continuation of TANDALEE CRES & Continuation of TAN,356016.6133,5016057.744,-75.84714663,45.28260929,2015-05-14,22:15,01 - Clear,01 - Dry,10 - No control,04 - At/near private drive,07 - Dark,03 - P.D. only,06 - SMV unattended vehicle,Bridlewood - Emerald Meadows
10055,BOUNDARY RD @ HWY 417 BOUNDARY IC96R61,387304.1894,5024119.619,-75.4470389,45.35216798,2015-05-02,2:58,01 - Clear,01 - Dry,02 - Stop sign,03 - At intersection,07 - Dark,03 - P.D. only,07 - SMV other,Greenbelt
10056,CLEARCREST CRES btwn PRINCESS LOUISE DR & FOXWOOD CRT (1),384349.7083,5038379.838,-75.48243748,45.48081066,2015-04-29,1:30,01 - Clear,01 - Dry,10 - No control,01 - Non intersection,07 - Dark,03 - P.D. only,06 - SMV unattended vehicle,Fallingbrook
10057,REGIONAL RD 174 EB @ OR174 IC109 RAMP55,376459.8723,5034964.053,-75.58384485,45.45093211,2015-05-12,15:51,01 - Clear,01 - Dry,10 - No control,03 - At intersection,01 - Daylight,03 - P.D. only,04 - Sideswipe,Greenbelt
10058,CLARIDGE DR btwn BEATRICE DR & SLEAFORD GT,365272.9795,5016551.899,-75.72910628,45.28632034,2015-05-17,5:06,01 - Clear,01 - Dry,10 - No control,01 - Non intersection,03 - Dawn,03 - P.D. only,06 - SMV unattended vehicle,Chapman Mills - Rideau Crest - Davidson Heights
10059,DONNELLY DR @ GILROY RD,358061.6808,4981006.256,-75.8248112,44.96705002,2015-05-16,22:00,01 - Clear,01 - Dry,02 - Stop sign,02 - Intersection related,07 - Dark,03 - P.D. only,07 - SMV other,Goulbourn
10060,ARIZONA AVE btwn JEFFERSON ST & FLORIDA AVE,371827.3165,5027218.786,-75.64411761,45.38170326,2015-05-19,9:32,01 - Clear,01 - Dry,10 - No control,04 - At/near private drive,01 - Daylight,03 - P.D. only,06 - SMV unattended vehicle,Playfair Park - Lynda Park - Guildwood Estates
10061,CLARENCE ST btwn PARENT AVE & WILLIAM ST,367935.5909,5032438.072,-75.69313826,45.42902633,2015-05-10,2:05,01 - Clear,02 - Wet,10 - No control,01 - Non intersection,07 - Dark,03 - P.D. only,99 - Other,Byward Market
10062,BOURASSA ST @ ST. LAURENT BLVD,373236.732,5029693.196,-75.62577943,45.40383063,2015-06-03,7:36,01 - Clear,01 - Dry,01 - Traffic signal,02 - Intersection related,01 - Daylight,03 - P.D. only,03 - Rear end,Industrial Park
10063,MEADOWLANDS DR btwn CHESTERTON DR & TIVERTON DR,365106.7487,5024021.4,-75.73031567,45.3535445,2015-06-17,16:35,01 - Clear,01 - Dry,10 - No control,01 - Non intersection,01 - Daylight,03 - P.D. only,04 - Sideswipe,Borden Farm - Stewart Farm - Parkwood Hills - Fisher Glen
10064,DALHOUSIE ST @ YORK ST,368092.9864,5032419.229,-75.6911294,45.42884256,2015-05-06,19:02,01 - Clear,01 - Dry,01 - Traffic signal,03 - At intersection,01 - Daylight,03 - P.D. only,04 - Sideswipe,Byward Market
10065,ST. LAURENT BLVD btwn COVENTRY RD & LEMIEUX ST,372341.9431,5031865.714,-75.63691056,45.42346488,2015-04-29,11:45,01 - Clear,01 - Dry,10 - No control,01 - Non intersection,01 - Daylight,03 - P.D. only,04 - Sideswipe,Overbrook
10066,MERIVALE RD @ SLACK RD,366019.8981,5020955.995,-75.71904167,45.32588332,2015-04-29,17:40,01 - Clear,01 - Dry,01 - Traffic signal,03 - At intersection,01 - Daylight,03 - P.D. only,05 - Turning movement,Merivale Gardens - Grenfell Glen - Pineglen - Country Place