Record,Location,X,Y,lon,lat,Date,Time,Environment,Road_Surface,Traffic_Control,Collision_Location,Light,Collision_Classification,Impact_type,Neighborhood
10171,INNES RD @ ORLEANS BLVD,380460.2317,5034297.53,-75.53281081,45.44451362,2015-05-22,16:27,01 - Clear,01 - Dry,01 - Traffic signal,02 - Intersection related,01 - Daylight,03 - P.D. only,02 - Angle,Orleans Village - Chateauneuf
10172,MONTREAL RD @ CARSON'S RD/CODD'S RD,372769.9977,5034398.22,-75.63109162,45.44620965,2015-06-26,23:43,01 - Clear,01 - Dry,01 - Traffic signal,03 - At intersection,07 - Dark,03 - P.D. only,05 - Turning movement,Carson Grove - Carson Meadows
10173,WILLOW AVE btwn BALSAM DR & ALPINE ST,381757.1278,5038504.825,-75.51557596,45.48222577,2015-06-27,21:25,01 - Clear,01 - Dry,10 - No control,01 - Non intersection,07 - Dark,03 - P.D. only,07 - SMV other,Chatelaine Village
10174,COVENTRY RD btwn LOLA ST & BELFAST RD,371372.3698,5031625.348,-75.64933142,45.42139511,2015-06-19,8:58,01 - Clear,01 - Dry,10 - No control,04 - At/near private drive,01 - Daylight,03 - P.D. only,02 - Angle,Overbrook
10175,HOLLAND AVE @ TYNDALL ST,365031.697,5028918.977,-75.73067612,45.39761847,2015-01-30,12:45,01 - Clear,04 - Slush,01 - Traffic signal,02 - Intersection related,01 - Daylight,03 - P.D. only,02 - Angle,Island Park
10176,BANK ST @ WALKLEY RD,370337.1313,5025946.654,-75.66331278,45.37039803,2015-05-23,16:32,01 - Clear,01 - Dry,01 - Traffic signal,02 - Intersection related,01 - Daylight,03 - P.D. only,03 - Rear end,Ledbury - Heron Gate - Ridgemont - Elmwood
10177,CARLING AVE @ RIFLE RD,353889.5976,5023315.281,-75.87353869,45.34806574,2015-05-22,16:00,01 - Clear,01 - Dry,02 - Stop sign,02 - Intersection related,01 - Daylight,03 - P.D. only,07 - SMV other,Greenbelt
10178,ST. PATRICK ST btwn KING EDWARD AVE & MURRAY ST,368289.7824,5032849.895,-75.68855911,45.4326997,2015-05-24,14:30,01 - Clear,01 - Dry,10 - No control,01 - Non intersection,01 - Daylight,03 - P.D. only,04 - Sideswipe,Lower Town
10179,GREENBANK RD @ JOCKVALE RD,364122.4085,5014330.774,-75.74403759,45.2664327,2015-06-11,18:52,01 - Clear,01 - Dry,01 - Traffic signal,02 - Intersection related,01 - Daylight,03 - P.D. only,03 - Rear end,New Barrhaven
10180,CUMMINGS AVE @ OGILVIE RD,372748.7202,5032170.225,-75.63167112,45.42616533,2015-06-13,11:03,01 - Clear,01 - Dry,01 - Traffic signal,03 - At intersection,01 - Daylight,03 - P.D. only,07 - SMV other,Cummings
10181,EARL ARMSTRONG RD @ LIMEBANK RD,370155.0002,5015961.532,-75.66695567,45.28057133,2015-07-07,17:34,01 - Clear,01 - Dry,01 - Traffic signal,02 - Intersection related,01 - Daylight,03 - P.D. only,03 - Rear end,Greenbelt
10182,TENTH LINE RD @ TENTH LINE RD,383532.1413,5037155.329,-75.49309002,45.46988632,2015-07-07,19:00,01 - Clear,01 - Dry,01 - Traffic signal,02 - Intersection related,01 - Daylight,03 - P.D. only,03 - Rear end,OrlÃ©ans
10183,SPARKMAN AVE btwn MONTMORENCY WAY & MONTMORENCY WAY,384790.2046,5034632.218,-75.47741358,45.44704278,2015-05-09,4:17,01 - Clear,01 - Dry,10 - No control,01 - Non intersection,07 - Dark,03 - P.D. only,06 - SMV unattended vehicle,Avalon
10184,CARLING AVE btwn DAVIDSON'S SIDE RD & GRANDVIEW RD,354343.7211,5023595.285,-75.86771565,45.35055332,2015-05-22,4:30,01 - Clear,01 - Dry,10 - No control,01 - Non intersection,07 - Dark,03 - P.D. only,07 - SMV other,Crystal Bay - Lakeview Park - Britannia Village
10185,KENNEVALE DR btwn MERNER AVE & FLANDERS ST,362004.9233,5014364.877,-75.77101515,45.26691496,2015-05-22,12:40,01 - Clear,01 - Dry,10 - No control,04 - At/near private drive,01 - Daylight,03 - P.D. only,02 - Angle,Barrhaven West - Old Barrhaven
10186,PAUL METIVIER DR btwn HAILEYBURY ST/ LEAMINGTON WAY & TEMAGAMI DR,365376.5512,5014434.48,-75.72804448,45.26725895,2015-02-06,0:00,03 - Snow,03 - Loose snow,10 - No control,01 - Non intersection,00 - Unknown,03 - P.D. only,06 - SMV unattended vehicle,New Barrhaven
10187,BRIDGE ST/MAPLE AVE @ MANOTICK MAIN ST,368700.0601,5009934.438,-75.68627398,45.2264738,2015-02-24,12:39,01 - Clear,01 - Dry,01 - Traffic signal,03 - At intersection,01 - Daylight,03 - P.D. only,07 - SMV other,Manotick
10188,MURRAY ST @ PARENT AVE,367862.7047,5032489.078,-75.69406311,45.42949184,2015-02-02,8:16,03 - Snow,05 - Packed snow,01 - Traffic signal,03 - At intersection,01 - Daylight,03 - P.D. only,05 - Turning movement,Byward Market
10189,BRONSON AVE @ SUNNYSIDE AVE/UNIVERSITY RD - CA,367921.7462,5028092.029,-75.69387166,45.38992325,2015-02-03,6:30,03 - Snow,06 - Ice,01 - Traffic signal,02 - Intersection related,03 - Dawn,03 - P.D. only,04 - Sideswipe,Carleto
10190,INNES RD @ ORCHARDVIEW AVE/ESPRIT DR,384844.9456,5036559.977,-75.47640012,45.46438069,2015-05-19,19:10,01 - Clear,01 - Dry,01 - Traffic signal,02 - Intersection related,01 - Daylight,03 - P.D. only,03 - Rear end,Fallingbrook
10191,MAIN ST @ TORONTO ST,369514.6851,5029343.008,-75.67336622,45.40103375,2015-05-20,9:01,01 - Clear,01 - Dry,02 - Stop sign,02 - Intersection related,01 - Daylight,03 - P.D. only,03 - Rear end,Old Ottawa East
10192,ALBERT ST @ METCALFE ST,367690.7366,5031612.136,-75.6963726,45.42161689,2015-05-20,21:25,01 - Clear,01 - Dry,01 - Traffic signal,02 - Intersection related,07 - Dark,03 - P.D. only,04 - Sideswipe,Downtown
10193,OGILVIE RD @ ELMRIDGE DR/JASMINE CRES N,375421.2413,5034062.272,-75.59725128,45.44292415,2015-05-22,23:10,01 - Clear,01 - Dry,01 - Traffic signal,03 - At intersection,07 - Dark,03 - P.D. only,05 - Turning movement,Beacon Hill South - Cardinal Heights
10194,GREENBANK RD @ WEST HUNT CLUB RD,361480.8038,5020502.479,-75.77699222,45.32218381,2015-05-23,5:56,01 - Clear,01 - Dry,01 - Traffic signal,03 - At intersection,01 - Daylight,03 - P.D. only,02 - Angle,Greenbelt
10195,CLEGG ST @ MAIN ST,369271.2262,5029921.924,-75.67640004,45.4062651,2015-02-25,9:30,03 - Snow,05 - Packed snow,01 - Traffic signal,02 - Intersection related,01 - Daylight,03 - P.D. only,03 - Rear end,Old Ottawa East
10196,LISGAR RD btwn PARK RD & WILLINGDON RD,368547.9538,5034660.572,-75.68502532,45.44896799,2015-06-19,15:35,01 - Clear,01 - Dry,10 - No control,01 - Non intersection,01 - Daylight,03 - P.D. only,04 - Sideswipe,Rockcliffe - Manor Park
10197,PRINCE OF WALES DR btwn COLONNADE RD & STEPHANIE AVE,367399.0359,5023256.066,-75.7011593,45.3464573,2015-06-17,11:50,01 - Clear,01 - Dry,10 - No control,01 - Non intersection,01 - Daylight,03 - P.D. only,03 - Rear end,Industrial Park
10198,ALBERT ST @ BANK ST,367386.4168,5031422.493,-75.70028496,45.41993783,2015-05-26,8:04,01 - Clear,01 - Dry,01 - Traffic signal,02 - Intersection related,01 - Daylight,03 - P.D. only,03 - Rear end,Downtown
10199,CRETE PL @ MCARTHUR AVE,370527.7118,5032725.829,-75.65997651,45.43137665,2015-06-06,22:00,01 - Clear,01 - Dry,02 - Stop sign,03 - At intersection,07 - Dark,03 - P.D. only,05 - Turning movement,Vanier South
10200,JACKMAN TER btwn AIRD PL & AIRD PL,352091.4263,5019184.819,-75.8968795,45.31102255,2015-06-12,8:55,02 - Rain,02 - Wet,10 - No control,04 - At/near private drive,01 - Daylight,03 - P.D. only,06 - SMV unattended vehicle,Katimavik - Hazeldean
10201,RIDEAU VALLEY DR btwn BARNSDALE RD & BANKFIELD RD,368073.0594,5010486.966,-75.69418738,45.23150204,2015-06-14,4:59,01 - Clear,01 - Dry,10 - No control,01 - Non intersection,03 - Dawn,03 - P.D. only,07 - SMV other,New Barrhaven
10202,BLAIR RD @ INNES RD,375579.4556,5031437.753,-75.59560633,45.41929425,2015-07-08,8:20,01 - Clear,01 - Dry,01 - Traffic signal,02 - Intersection related,01 - Daylight,03 - P.D. only,03 - Rear end,Greenbelt
10203,CAMBRIDGE ST @ CARLING AVE,367354.4299,5029273.475,-75.70096634,45.40060448,2015-07-08,9:16,01 - Clear,01 - Dry,02 - Stop sign,02 - Intersection related,01 - Daylight,03 - P.D. only,03 - Rear end,Centretown West
10204,GLADSTONE AVE @ ROCHESTER ST,366663.7957,5029786.907,-75.70972284,45.40528557,2015-05-14,9:25,01 - Clear,01 - Dry,01 - Traffic signal,02 - Intersection related,01 - Daylight,03 - P.D. only,04 - Sideswipe,Little Italy
10205,CAVENDISH RD @ PLEASANT PARK RD,370179.7919,5028445.09,-75.66499039,45.39289281,2015-05-08,8:51,01 - Clear,01 - Dry,02 - Stop sign,03 - At intersection,01 - Daylight,03 - P.D. only,02 - Angle,Alta Vista
10206,BOOTH ST btwn MIDDLE ST & VIMY PLACE PRIV,366177.3468,5031202.46,-75.71576012,45.41806516,2015-05-12,8:19,02 - Rain,02 - Wet,10 - No control,07 - Overpass or bridge,01 - Daylight,03 - P.D. only,07 - SMV other,LeBreton Flats
10207,FITZGERALD RD @ ROBERTSON RD,356789.5756,5020286.889,-75.83685091,45.32060701,2015-05-22,14:57,01 - Clear,01 - Dry,01 - Traffic signal,03 - At intersection,01 - Daylight,03 - P.D. only,04 - Sideswipe,Bells Corners West
10208,WOODROFFE AVE @ KNOXDALE RD/MEDHURST DR,363419.6899,5021827.933,-75.75210536,45.33395093,2015-05-22,14:56,01 - Clear,01 - Dry,01 - Traffic signal,02 - Intersection related,01 - Daylight,03 - P.D. only,03 - Rear end,Woodvale - Craig Henry - Manordale - Estates of Arlington Wo
10209,FAIRMONT AVE btwn LAURENTIAN PL & CARLING AVE,366053.9991,5028624.156,-75.71765634,45.39487705,2015-02-21,7:30,01 - Clear,01 - Dry,10 - No control,04 - At/near private drive,01 - Daylight,03 - P.D. only,06 - SMV unattended vehicle,Civic Hospital - Experimental Farm - Central Park
10210,ARCH ST btwn FLEMING AVE & CANTERBURY AVE,372873.8343,5028080.117,-75.6306372,45.38935224,2015-02-15,17:50,01 - Clear,01 - Dry,10 - No control,04 - At/near private drive,07 - Dark,03 - P.D. only,05 - Turning movement,Urbandale
10211,JEANNE D'ARC BLVD @ WILLOW AVE,381623.8149,5038838.154,-75.51722887,45.48523946,2015-05-22,8:05,01 - Clear,01 - Dry,02 - Stop sign,03 - At intersection,01 - Daylight,03 - P.D. only,05 - Turning movement,Chatelaine Village
10212,FRASER AVE btwn CROSSFIELD AVE & KEENAN AVE,362664.2482,5027259.228,-75.76110697,45.38288394,2015-05-22,9:25,01 - Clear,01 - Dry,10 - No control,04 - At/near private drive,01 - Daylight,03 - P.D. only,06 - SMV unattended vehicle,Carlingwood - McKellar Park - Laurentien View
10213,CARLING AVE WB btwn HOLLAND AVE & HINTON AVE S,365429.6565,5028047.561,-75.72570064,45.38974331,2015-05-29,7:45,01 - Clear,01 - Dry,10 - No control,01 - Non intersection,01 - Daylight,03 - P.D. only,04 - Sideswipe,Civic Hospital - Experimental Farm - Central Park
10214,DALY AVE @ NICHOLAS ST,368226.9803,5032046.213,-75.68946519,45.42547415,2015-04-04,17:40,01 - Clear,01 - Dry,01 - Traffic signal,02 - Intersection related,01 - Daylight,03 - P.D. only,04 - Sideswipe,Byward Market - Parliament Hill
10215,HIGHWAY 417 btwn HWY417 IC115 RAMP35 & HIGHWAY 417,372521.9783,5031509.141,-75.63465925,45.42023919,2015-10-14,15:50,01 - Clear,01 - Dry,10 - No control,01 - Non intersection,01 - Daylight,03 - P.D. only,03 - Rear end,Industria
10216,MONTREAL RD btwn BETHAMY LANE & OGILVIE RD,375630.2305,5034538.928,-75.5945115,45.44719167,2015-06-19,17:02,01 - Clear,01 - Dry,10 - No control,04 - At/near private drive,01 - Daylight,03 - P.D. only,02 - Angle,Beacon Hill South - Cardinal Heights
10217,NICHOLAS ST NB btwn LAURIER AVE E & WALLER ST,368428.7853,5031752.646,-75.6869245,45.42281441,2015-06-20,10:11,01 - Clear,01 - Dry,10 - No control,01 - Non intersection,01 - Daylight,03 - P.D. only,03 - Rear end,Sandy Hill
10218,CARLING AVE @ HOLLAND AVE,365416.6987,5028039.814,-75.72586706,45.38967473,2015-06-04,8:53,01 - Clear,01 - Dry,01 - Traffic signal,02 - Intersection related,01 - Daylight,03 - P.D. only,05 - Turning movement,Civic Hospital - Experimental Farm - Central Park
10219,ALBION RD @ MITCH OWENS RD,375906.2471,5014804.196,-75.59382228,45.26959983,2015-06-08,7:37,02 - Rain,02 - Wet,01 - Traffic signal,02 - Intersection related,01 - Daylight,03 - P.D. only,03 - Rear end,Osgoode
10220,RAFTUS SQ btwn PHEASANT RUN DR & OTTEN DR,361855.4415,5015513.009,-75.77278797,45.27725808,2015-06-12,13:30,01 - Clear,01 - Dry,10 - No control,04 - At/near private drive,01 - Daylight,03 - P.D. only,06 - SMV unattended vehicle,Barrhaven West - Old Barrhaven
10221,REVELSTOKE DR @ RIVERSIDE DR,368217.7123,5024422.437,-75.69056343,45.35687849,2015-06-14,10:35,01 - Clear,01 - Dry,01 - Traffic signal,02 - Intersection related,01 - Daylight,03 - P.D. only,03 - Rear end,Hunt Club Woods - Quintarra - Revelstoke - Riverside South P
10222,YORK ST EB btwn BY WARD MARKET SQ & SUSSEX DR,367875.4376,5032279.179,-75.69392728,45.42760209,2015-06-14,16:15,01 - Clear,01 - Dry,10 - No control,01 - Non intersection,01 - Daylight,03 - P.D. only,06 - SMV unattended vehicle,Byward Market
10223,REGIONAL ROAD 174 btwn OR174 IC109 RAMP54 & OR174 IC109 RAMP55,376428.4332,5034889.971,-75.58425753,45.45026879,2015-07-08,16:45,01 - Clear,01 - Dry,10 - No control,01 - Non intersection,01 - Daylight,03 - P.D. only,03 - Rear end,Greenbelt
10224,DES EPINETTES AVE btwn PRESTWICK DR & DUVAL LANE,383400.1347,5036730.631,-75.49484592,45.46608014,2015-07-08,16:45,01 - Clear,01 - Dry,10 - No control,04 - At/near private drive,01 - Daylight,03 - P.D. only,05 - Turning movement,Queenswood Heights
10225,SOMERSET ST    W btwn SPADINA AVE & BAYSWATER AVE,365798.0298,5029905.537,-75.72076683,45.40642895,2015-05-14,11:52,01 - Clear,01 - Dry,10 - No control,01 - Non intersection,01 - Daylight,03 - P.D. only,06 - SMV unattended vehicle,Centretow
10226,BIRCHGROVE RD @ COLONIAL RD,397761.8632,5035235.812,-75.31150459,45.4508683,2015-05-14,17:41,01 - Clear,01 - Dry,02 - Stop sign,02 - Intersection related,01 - Daylight,03 - P.D. only,07 - SMV other,Navan - Vars
10227,BRONSON AVE @ SUNNYSIDE AVE/UNIVERSITY RD - CA,367923.674,5028092.029,-75.69384704,45.38992307,2015-05-12,12:19,01 - Clear,01 - Dry,01 - Traffic signal,02 - Intersection related,01 - Daylight,03 - P.D. only,03 - Rear end,Carleto
10228,INDUSTRIAL AVE btwn RUSSELL RD & ST. LAURENT BLVD,373009.5866,5029960.496,-75.62864371,45.40625785,2015-05-14,15:47,01 - Clear,01 - Dry,10 - No control,01 - Non intersection,01 - Daylight,03 - P.D. only,05 - Turning movement,Industrial Park
10229,LONGFIELDS DR @ WOODROFFE AVE,365420.206,5017106.463,-75.72716189,45.29129759,2015-04-02,15:44,01 - Clear,01 - Dry,01 - Traffic signal,03 - At intersection,01 - Daylight,03 - P.D. only,02 - Angle,Greenbelt
10230,O'CONNOR ST btwn FOURTH AVE & FIFTH AVE,368701.4042,5029618.552,-75.68371791,45.40358772,2015-04-03,16:12,01 - Clear,01 - Dry,10 - No control,04 - At/near private drive,01 - Daylight,03 - P.D. only,05 - Turning movement,The Glebe
10231,DATA CENTRE RD @ HERON RD,368942.6889,5026732.059,-75.68101123,45.37759389,2015-02-17,6:56,01 - Clear,06 - Ice,02 - Stop sign,02 - Intersection related,03 - Dawn,03 - P.D. only,03 - Rear end,Alta Vista
10232,MONTREAL RD @ VANIER PKWY,370073.1917,5033065.713,-75.66573976,45.43447735,2015-02-14,16:45,03 - Snow,04 - Slush,01 - Traffic signal,02 - Intersection related,01 - Daylight,03 - P.D. only,03 - Rear end,Vanier
10233,ALBERT ST @ EMPRESS AVE,366573.8094,5030720.084,-75.71075532,45.41368998,2015-02-20,6:16,01 - Clear,02 - Wet,01 - Traffic signal,03 - At intersection,07 - Dark,03 - P.D. only,07 - SMV other,Centretown West
10234,HURON AVE @ WELLINGTON ST,364850.8951,5029124.606,-75.73296021,45.3994842,2015-02-21,13:08,03 - Snow,03 - Loose snow,02 - Stop sign,03 - At intersection,01 - Daylight,03 - P.D. only,02 - Angle,Island Park
10235,MONTREAL RD @ ST. LAURENT BLVD,371546.6668,5033817.113,-75.64680739,45.44109901,2015-05-22,8:31,01 - Clear,01 - Dry,01 - Traffic signal,02 - Intersection related,01 - Daylight,03 - P.D. only,04 - Sideswipe,Cummings
10236,CHARLEMAGNE BLVD @ WATTERS RD,384560.7243,5038049.045,-75.47979241,45.47781042,2015-05-22,12:02,01 - Clear,02 - Wet,02 - Stop sign,02 - Intersection related,01 - Daylight,03 - P.D. only,03 - Rear end,Fallingbrook
10237,BELCOURT BLVD @ ST. JOSEPH BLVD,381204.7402,5037360.287,-75.522819,45.47198885,2015-05-23,11:30,01 - Clear,01 - Dry,01 - Traffic signal,02 - Intersection related,01 - Daylight,03 - P.D. only,04 - Sideswipe,Orleans Village - Chateauneuf
10238,REGIONAL RD 174 @ TRIM RD,384350.1632,5039990.904,-75.48217061,45.49530542,2015-05-23,12:20,01 - Clear,01 - Dry,01 - Traffic signal,02 - Intersection related,01 - Daylight,03 - P.D. only,04 - Sideswipe,Chatelaine Village
10239,HIGHWAY 417 btwn HWY417 IC122 RAMP16 & HWY417 IC122 RAMP61,365171.3552,5028758.912,-75.72891205,45.39616621,2015-02-06,8:50,03 - Snow,06 - Ice,10 - No control,01 - Non intersection,01 - Daylight,03 - P.D. only,07 - SMV other,Civi
10240,ST. JOSEPH BLVD btwn BOYER RD & ORLEANS BLVD,380430.2465,5036849.081,-75.53280166,45.46747374,2015-04-14,15:22,01 - Clear,01 - Dry,10 - No control,04 - At/near private drive,01 - Daylight,03 - P.D. only,02 - Angle,Industrial Park
10241,ST. JOSEPH BLVD btwn ST. JEAN ST & BELCOURT BLVD,381124.7402,5037301.299,-75.52385117,45.47146688,2015-06-20,14:35,01 - Clear,01 - Dry,10 - No control,04 - At/near private drive,01 - Daylight,03 - P.D. only,03 - Rear end,Orleans Village - Chateauneuf
10242,WHISPERING WINDS WAY btwn JOLLEY CUT WAY & HILLPARK HIGH ST (1),380899.8988,5032631.895,-75.5274487,45.42947979,2015-06-24,14:07,01 - Clear,01 - Dry,10 - No control,01 - Non intersection,01 - Daylight,03 - P.D. only,06 - SMV unattended vehicle,Chapel Hill South
10243,VANIER PKWY/CRICHTON ST @ BEECHWOOD AVE/ST. PA,369127.8687,5033488.494,-75.67776548,45.43836897,2015-04-30,19:23,01 - Clear,01 - Dry,01 - Traffic signal,02 - Intersection related,01 - Daylight,03 - P.D. only,04 - Sideswipe,Vanier North
10244,BELANGER AVE btwn CLEMENTINE BLVD & BANK ST,369560.8456,5027413.631,-75.67302989,45.3836696,2015-04-29,8:30,01 - Clear,01 - Dry,10 - No control,04 - At/near private drive,01 - Daylight,03 - P.D. only,02 - Angle,Alta Vista
10245,HAZELDEAN RD btwn GO/KA BOUNDARY & HUNTMAR DR/IBER RD,351316.1715,5016427.18,-75.90702471,45.28626034,2015-06-10,18:42,01 - Clear,02 - Wet,10 - No control,01 - Non intersection,01 - Daylight,03 - P.D. only,03 - Rear end,Stittsville - Basswood
10246,HWY 416 WESTHUNT IC72R34 @ WEST HUNT CLUB RD,359370.9671,5019361.454,-75.8040285,45.31208398,2015-06-10,5:59,01 - Clear,01 - Dry,01 - Traffic signal,03 - At intersection,01 - Daylight,03 - P.D. only,02 - Angle,Greenbelt
10247,INNES RD/PRESTWICK DR @ LANTHIER DR,383540.7631,5035987.483,-75.49316684,45.45937813,2015-06-12,13:35,02 - Rain,02 - Wet,01 - Traffic signal,02 - Intersection related,01 - Daylight,03 - P.D. only,03 - Rear end,Queenswood Heights
10248,TERRY FOX DR @ PALLADIUM DR/KATIMAVIK RD,351270.4387,5018182.136,-75.90744323,45.30205495,2015-06-15,12:16,01 - Clear,01 - Dry,01 - Traffic signal,02 - Intersection related,01 - Daylight,03 - P.D. only,03 - Rear end,Katimavik - Hazeldean
10249,EARL GREY DR btwn ROLAND MICHENER DR & 175 S OF KANATA AVE/WALMART SC,350804.6159,5019014.05,-75.91330552,45.3095714,2015-06-15,12:39,01 - Clear,01 - Dry,10 - No control,04 - At/near private drive,01 - Daylight,03 - P.D. only,05 - Turning movement,Kanata
10250,CHARLEMAGNE BLVD btwn MARINOFF WAY & WATTERS RD,384330.4861,5038160.538,-75.48271883,45.47883979,2015-07-08,20:13,01 - Clear,01 - Dry,10 - No control,01 - Non intersection,01 - Daylight,03 - P.D. only,03 - Rear end,Fallingbrook
10251,CARLING AVE @ PRESTON ST,366828.9893,5028936.634,-75.70771973,45.39762042,2015-04-15,9:04,01 - Clear,01 - Dry,01 - Traffic signal,02 - Intersection related,01 - Daylight,03 - P.D. only,03 - Rear end,Centretown West
10252,BARNSDALE RD @ PRINCE OF WALES DR,366645.5694,5011532.977,-75.71223536,45.24104086,2015-05-14,21:57,01 - Clear,01 - Dry,02 - Stop sign,03 - At intersection,07 - Dark,03 - P.D. only,02 - Angle,New Barrhaven
10253,CHARLEMAGNE BLVD @ PRINCESS LOUISE DR E,384092.3899,5038136.045,-75.48576781,45.47864651,2015-05-18,18:19,01 - Clear,01 - Dry,02 - Stop sign,03 - At intersection,01 - Daylight,03 - P.D. only,02 - Angle,Fallingbrook
10254,ROGER GUINDON AVE @ SMYTH RD,371933.3868,5029227.534,-75.64249005,45.39976701,2015-05-19,10:30,01 - Clear,01 - Dry,01 - Traffic signal,02 - Intersection related,01 - Daylight,03 - P.D. only,03 - Rear end,Elmvale - Eastway - Riverview - Riverview Park West
10255,BANK ST btwn FOURTH AVE & FIFTH AVE,368390.0387,5029415.498,-75.6877211,45.40178905,2015-04-09,14:56,01 - Clear,01 - Dry,10 - No control,01 - Non intersection,01 - Daylight,03 - P.D. only,04 - Sideswipe,The Glebe
10256,HERITAGE GLEN DR @ WOODROFFE AVE,366013.0045,5015622.876,-75.7197881,45.27789698,2015-05-20,17:46,01 - Clear,01 - Dry,02 - Stop sign,03 - At intersection,01 - Daylight,03 - P.D. only,02 - Angle,New Barrhaven
10257,COHEN AVE E @ HEARST WAY E,352940.7131,5019824.881,-75.88598674,45.31672425,2015-01-12,13:57,01 - Clear,01 - Dry,02 - Stop sign,03 - At intersection,01 - Daylight,03 - P.D. only,02 - Angle,Katimavik - Hazeldean
10258,LEES AVE @ KING EDWARD AVE/MANN AVE,369179.006,5031335.043,-75.67739342,45.41898833,2015-03-12,18:06,01 - Clear,01 - Dry,01 - Traffic signal,02 - Intersection related,05 - Dusk,03 - P.D. only,04 - Sideswipe,Sandy Hill
10259,INNES RD @ TENTH LINE RD,383951.7603,5036158.115,-75.48788491,45.46086688,2015-05-22,12:04,01 - Clear,01 - Dry,01 - Traffic signal,02 - Intersection related,01 - Daylight,03 - P.D. only,03 - Rear end,Queenswood Heights
10260,COVENTRY RD btwn ST. LAURENT SC WEST & ST. LAURENT BLVD,372264.8578,5031942.196,-75.63788501,45.42416047,2015-05-27,9:57,01 - Clear,01 - Dry,10 - No control,01 - Non intersection,01 - Daylight,03 - P.D. only,04 - Sideswipe,Overbrook
10261,INNES RD @ STONEHENGE CRES E,375364.7064,5031313.071,-75.59836783,45.41819412,2015-05-27,13:34,01 - Clear,01 - Dry,01 - Traffic signal,03 - At intersection,01 - Daylight,03 - P.D. only,05 - Turning movement,Greenbelt
10262,MONTREAL RD @ SHEFFORD RD,376126.7444,5034855.096,-75.58811907,45.44998586,2015-01-31,10:15,01 - Clear,01 - Dry,01 - Traffic signal,02 - Intersection related,01 - Daylight,03 - P.D. only,99 - Other,Beacon Hill South - Cardinal Heights
10263,MONTREAL RD @ VANIER PKWY,370073.4305,5033065.232,-75.66573677,45.434473,2015-04-10,0:08,02 - Rain,02 - Wet,01 - Traffic signal,02 - Intersection related,07 - Dark,03 - P.D. only,03 - Rear end,Vanier
10264,MACOUN CIRC btwn Continuation of MACOUN CIRC & Continuation of MACOUN ,372126.391,5025659.805,-75.64051163,45.36764746,2015-05-03,17:31,01 - Clear,01 - Dry,10 - No control,01 - Non intersection,01 - Daylight,03 - P.D. only,06 - SMV unattended vehicle,South Keys - Heron Gate - Greenboro West
10265,BLAIR RD @ INNES RD,375578.7349,5031439.915,-75.59561523,45.41931377,2015-06-24,18:53,01 - Clear,01 - Dry,01 - Traffic signal,02 - Intersection related,01 - Daylight,03 - P.D. only,03 - Rear end,Greenbelt
10266,ST. JOSEPH BLVD/OLD MONTREAL RD @ TRIM RD,384682.0333,5039285.942,-75.47803981,45.48892495,2015-06-25,11:41,01 - Clear,01 - Dry,11 - Roundabout,02 - Intersection related,01 - Daylight,03 - P.D. only,04 - Sideswipe,Cardinal Creek
10267,PRINCE OF WALES DR @ WEST HUNT CLUB RD,367457.9896,5021891.864,-75.70057982,45.3341772,2015-05-04,12:27,01 - Clear,01 - Dry,01 - Traffic signal,02 - Intersection related,01 - Daylight,03 - P.D. only,03 - Rear end,Industrial Park
10268,INDUSTRIAL AVE/INNES RD @ ST. LAURENT BLVD,373099.7274,5030005.206,-75.62748613,45.40665134,2015-05-04,15:28,01 - Clear,01 - Dry,01 - Traffic signal,03 - At intersection,01 - Daylight,03 - P.D. only,04 - Sideswipe,Industrial Park
10269,O'CONNOR ST @ STRATHCONA AVE,368377.1727,5030171.013,-75.68778801,45.4085881,2015-06-10,10:40,01 - Clear,01 - Dry,02 - Stop sign,02 - Intersection related,01 - Daylight,03 - P.D. only,04 - Sideswipe,The Glebe
10270,HUNTMAR DR btwn PALLADIUM DR & MAPLE GROVE RD,350134.2717,5016863.003,-75.92205063,45.29025924,2015-06-12,16:57,02 - Rain,02 - Wet,10 - No control,01 - Non intersection,01 - Daylight,03 - P.D. only,03 - Rear end,Stittsville
10271,INNES RD btwn 173 W OF ORIENT PARK DR & ORIENT PARK DR,378272.4518,5033004.497,-75.56096708,45.43311316,2015-06-16,16:26,01 - Clear,01 - Dry,10 - No control,01 - Non intersection,01 - Daylight,03 - P.D. only,03 - Rear end,Blackburn Hamlet
10272,TYNDALL ST btwn HOLLAND AVE & HINTON AVE N,365039.6351,5028920.541,-75.73057455,45.39763186,2015-04-20,18:20,01 - Clear,01 - Dry,10 - No control,04 - At/near private drive,01 - Daylight,03 - P.D. only,03 - Rear end,Islan
10273,KALADAR AVE btwn HERON RD & GREGG ST,369691.5973,5026747.968,-75.67144791,45.37766807,2015-04-23,12:09,01 - Clear,01 - Dry,10 - No control,04 - At/near private drive,01 - Daylight,03 - P.D. only,02 - Angle,Alta Vista