Record,Location,X,Y,lon,lat,Date,Time,Environment,Road_Surface,Traffic_Control,Collision_Location,Light,Collision_Classification,Impact_type,Neighborhood
10274,HOLLAND AVE/TUNNEY'S PASTURE @ SCOTT ST,364737.697,5029596.039,-75.73434869,45.40373576,2015-05-01,13:16,01 - Clear,01 - Dry,01 - Traffic signal,02 - Intersection related,01 - Daylight,03 - P.D. only,05 - Turning movement,Island Park
10275,INNES RD @ ORCHARDVIEW AVE/ESPRIT DR,384844.9456,5036563.524,-75.47639954,45.4644126,2015-05-19,18:37,01 - Clear,01 - Dry,01 - Traffic signal,02 - Intersection related,01 - Daylight,03 - P.D. only,03 - Rear end,Fallingbrook
10276,RICHMOND RD btwn ATHLONE AVE & TWEEDSMUIR AVE,363487.0221,5028462.218,-75.75045847,45.39363981,2015-05-21,16:45,01 - Clear,01 - Dry,10 - No control,04 - At/near private drive,01 - Daylight,03 - P.D. only,02 - Angle,Westboro
10277,KIRKWOOD AVE @ LAPERRIERE AVE,364519.694,5026957.097,-75.73745263,45.3800097,2015-05-21,17:53,01 - Clear,01 - Dry,01 - Traffic signal,02 - Intersection related,01 - Daylight,03 - P.D. only,99 - Other,Carlington
10278,SMYTH RD E/LANCASTER RD @ ST. LAURENT BLVD N/R,373364.7294,5029423.105,-75.62418212,45.40138795,2015-03-25,13:15,01 - Clear,01 - Dry,01 - Traffic signal,02 - Intersection related,01 - Daylight,03 - P.D. only,03 - Rear end,Sheffield Glen
10279,OGILVIE RD btwn ELMRIDGE DR & 190 E OF ELMRIDGE DR/JASMINE CRES,375425.2371,5034074.099,-75.59719851,45.44303016,2015-05-22,18:05,01 - Clear,01 - Dry,10 - No control,04 - At/near private drive,01 - Daylight,03 - P.D. only,03 - Rear end,Beacon Hill South - Cardinal Heights
10280,BANK ST @ HUNT CLUB RD,371608.7365,5024097.07,-75.64733051,45.35363604,2015-05-22,23:13,01 - Clear,01 - Dry,01 - Traffic signal,02 - Intersection related,07 - Dark,03 - P.D. only,02 - Angle,South Keys - Heron Gate - Greenboro West
10281,BREWER RD @ BRONSON AVE,368110.1739,5027766.436,-75.69150726,45.38697665,2015-05-28,10:12,02 - Rain,02 - Wet,01 - Traffic signal,02 - Intersection related,01 - Daylight,03 - P.D. only,03 - Rear end,Carleto
10282,CARLING AVE @ WESTGATE SC E,364800.3166,5027658.776,-75.73378446,45.3862993,2015-01-03,19:34,03 - Snow,05 - Packed snow,01 - Traffic signal,03 - At intersection,07 - Dark,03 - P.D. only,04 - Sideswipe,Carlington
10283,OLD MONTREAL RD W @ REGIONAL RD 174,392542.8944,5042743.267,-75.37687309,45.51908554,2015-04-27,16:20,01 - Clear,01 - Dry,02 - Stop sign,02 - Intersection related,01 - Daylight,03 - P.D. only,03 - Rear end,Cumberland - Estates
10284,FRANK ST btwn ELGIN ST & CARTIER ST,368369.2774,5030894.966,-75.6877955,45.41510271,2015-05-03,17:00,01 - Clear,01 - Dry,10 - No control,01 - Non intersection,01 - Daylight,03 - P.D. only,06 - SMV unattended vehicle,Golden Triangle
10285,HUNT CLUB RD btwn LORRY GREENBERG DR & PIKE ST,372856.8919,5024824.442,-75.63130218,45.36006064,2015-05-05,8:00,01 - Clear,01 - Dry,10 - No control,01 - Non intersection,01 - Daylight,03 - P.D. only,04 - Sideswipe,Greenboro East
10286,REGIONAL ROAD 174 btwn OR174 IC109 RAMP54 & OR174 IC109 RAMP55,376417.6224,5034866.187,-75.58439918,45.4500559,2015-06-25,15:43,01 - Clear,01 - Dry,10 - No control,01 - Non intersection,01 - Daylight,03 - P.D. only,03 - Rear end,Greenbelt
10287,BLAIR RD @ REGIONAL RD 174 N/OR174 IC112 RAMP61,374633.2899,5032991.215,-75.60747435,45.43336654,2015-06-29,12:52,02 - Rain,02 - Wet,01 - Traffic signal,02 - Intersection related,01 - Daylight,03 - P.D. only,03 - Rear end,Industrial Park
10288,CHAPEL ST @ LAURIER AVE,369118.2144,5032263.979,-75.67804883,45.42735215,2015-04-27,17:30,01 - Clear,01 - Dry,01 - Traffic signal,02 - Intersection related,01 - Daylight,03 - P.D. only,03 - Rear end,Sandy Hill
10289,CATHERINE ST/HWY 417 O'CONN IC119BR76 @ O'CONN,368243.711,5030392.924,-75.68946428,45.4105969,2015-06-10,21:38,01 - Clear,02 - Wet,01 - Traffic signal,03 - At intersection,07 - Dark,03 - P.D. only,02 - Angle,Centretown
10290,WOODROFFE AVE @ SPORTSPLEX S,363832.1328,5020899.809,-75.74695437,45.32556517,2015-06-12,17:17,02 - Rain,02 - Wet,01 - Traffic signal,02 - Intersection related,01 - Daylight,03 - P.D. only,03 - Rear end,Merivale Gardens - Grenfell Glen - Pineglen - Country Place
10291,CAMBIOR CRES btwn GOLDRIDGE DR & GOLDRIDGE DR,349685.2697,5019655.238,-75.92752168,45.31541342,2015-06-12,17:27,02 - Rain,02 - Wet,10 - No control,04 - At/near private drive,01 - Daylight,03 - P.D. only,06 - SMV unattended vehicle,Kanata Lakes - Marchwood Lakeside - Morgan's Grant - Kanata
10292,BANK ST btwn BLAIS RD & RIDEAU RD,376941.7795,5017878.707,-75.5801802,45.29715765,2015-06-17,16:45,01 - Clear,01 - Dry,10 - No control,04 - At/near private drive,01 - Daylight,03 - P.D. only,02 - Angle,Greenbelt
10293,EDGEWATER ST btwn TERRY FOX DR & HAZELDEAN RD,351839.7978,5017655.374,-75.90023355,45.29727712,2015-06-18,16:15,01 - Clear,01 - Dry,10 - No control,01 - Non intersection,01 - Daylight,03 - P.D. only,03 - Rear end,Katimavik - Hazeldean
10294,INDUSTRIAL AVE btwn NEIGHBORHOOD WAY & TRAINYARDS DR,371587.0824,5030550.443,-75.64673379,45.41170312,2015-05-15,13:41,01 - Clear,01 - Dry,10 - No control,04 - At/near private drive,01 - Daylight,03 - P.D. only,02 - Angle,Industrial Park
10295,MILL HILL RD @ ROBERTSON RD,356240.5294,5019960.03,-75.84388771,45.31770634,2015-05-15,14:17,01 - Clear,01 - Dry,02 - Stop sign,03 - At intersection,01 - Daylight,03 - P.D. only,07 - SMV other,Bells Corners West
10296,REGIONAL ROAD 174 EB btwn HWY417 IC113 RAMP65 & OR174 BLAIR IC112 RAMP51,374718.5867,5032760.732,-75.60641705,45.43128426,2015-05-20,15:04,01 - Clear,01 - Dry,10 - No control,01 - Non intersection,01 - Daylight,03 - P.D. only,03 - Rear end,Pineview
10297,WOODROFFE AVE @ SPORTSPLEX S,363832.1328,5020898.967,-75.74695447,45.32555759,2015-05-21,17:53,01 - Clear,01 - Dry,01 - Traffic signal,02 - Intersection related,01 - Daylight,03 - P.D. only,03 - Rear end,Merivale Gardens - Grenfell Glen - Pineglen - Country Place
10298,PAUL METIVIER DR btwn HAILEYBURY ST/ LEAMINGTON WAY & TEMAGAMI DR,365376.5512,5014434.48,-75.72804448,45.26725895,2015-12-13,11:49,01 - Clear,01 - Dry,10 - No control,01 - Non intersection,01 - Daylight,03 - P.D. only,06 - SMV unattended vehicle,New Barrhaven
10299,CEDARVIEW RD @ WEST HUNT CLUB RD,359718.114,5019556.168,-75.7995799,45.31380896,2015-05-23,6:30,01 - Clear,01 - Dry,01 - Traffic signal,02 - Intersection related,01 - Daylight,03 - P.D. only,04 - Sideswipe,Greenbelt
10300,CENTER ST btwn MONTREAL RD & PAUL AVE,371840.3503,5033898.667,-75.64304267,45.44180469,2015-02-26,10:57,01 - Clear,01 - Dry,10 - No control,04 - At/near private drive,01 - Daylight,03 - P.D. only,02 - Angle,Cummings
10301,HIGHWAY 417 btwn HWY417 IC155 RAMP61 & HWY417 IC145 RAMP56,344413.0722,5015393.096,-75.99510232,45.27737817,2015-08-30,10:46,01 - Clear,01 - Dry,10 - No control,01 - Non intersection,01 - Daylight,03 - P.D. only,04 - Sideswipe,Stittsville - Basswood
10302,TRIM RD @ MILLENNIUM BLVD,386797.0729,5036715.685,-75.45141486,45.46555518,2015-03-30,14:35,01 - Clear,01 - Dry,11 - Roundabout,03 - At intersection,01 - Daylight,03 - P.D. only,04 - Sideswipe,Navan - Vars
10303,BESSERER ST btwn CUMBERLAND ST & KING EDWARD AVE,368530.4642,5032327.57,-75.68555095,45.42797812,2015-04-08,10:06,01 - Clear,01 - Dry,10 - No control,04 - At/near private drive,01 - Daylight,03 - P.D. only,05 - Turning movement,Sand
10304,ARROWWOOD DR btwn BAYWOOD DR & HARTSMERE DR,351217.4724,5011982.891,-75.90869817,45.24627571,2015-05-23,13:04,01 - Clear,01 - Dry,10 - No control,04 - At/near private drive,01 - Daylight,03 - P.D. only,06 - SMV unattended vehicle,Stittsville
10305,CHARLEMAGNE BLVD @ PRINCESS LOUISE DR E,384091.067,5038137.252,-75.48578454,45.47865752,2015-05-25,8:13,01 - Clear,01 - Dry,02 - Stop sign,03 - At intersection,01 - Daylight,03 - P.D. only,02 - Angle,Fallingbrook
10306,PRINCE OF WALES DR btwn FALLOWFIELD RD & AMBERWOOD CRES,367398.7461,5019186.229,-75.7016776,45.30983761,2015-01-16,8:24,03 - Snow,03 - Loose snow,10 - No control,01 - Non intersection,01 - Daylight,03 - P.D. only,07 - SMV other,Greenbelt
10307,BRONSON AVE @ SUNNYSIDE AVE/UNIVERSITY RD - CA,367923.4308,5028092.628,-75.69385007,45.38992849,2015-04-27,16:37,01 - Clear,01 - Dry,01 - Traffic signal,02 - Intersection related,01 - Daylight,03 - P.D. only,03 - Rear end,Carleto
10308,ST. JOSEPH BLVD @ FOREST VALLEY DR/YOUVILLE DR,379164.7411,5036156.23,-75.54908814,45.46137586,2015-04-28,9:45,01 - Clear,01 - Dry,01 - Traffic signal,02 - Intersection related,01 - Daylight,03 - P.D. only,03 - Rear end,Chapel Hill
10309,RIDEAU ST @ NICHOLAS ST,368141.9756,5032185.748,-75.69053342,45.42673734,2015-05-13,17:27,01 - Clear,01 - Dry,02 - Stop sign,02 - Intersection related,01 - Daylight,03 - P.D. only,03 - Rear end,Byward Market - Parliament Hill
10310,RICHMOND RD @ LYNHAR RD/STAFFORD RD,358136.0593,5021087.576,-75.8195909,45.32771065,2015-05-19,13:24,01 - Clear,01 - Dry,01 - Traffic signal,02 - Intersection related,01 - Daylight,03 - P.D. only,04 - Sideswipe,Bells Corners East
10311,REGIONAL RD 174 @ TRIM RD,384352.574,5039990.701,-75.48213981,45.49530332,2015-06-29,14:30,01 - Clear,01 - Dry,01 - Traffic signal,02 - Intersection related,01 - Daylight,03 - P.D. only,03 - Rear end,Cumberland - Estates
10312,REGIONAL ROAD 174 btwn OR174 IC109 RAMP54 & OR174 IC109 RAMP55,376411.8566,5034857.539,-75.58447415,45.44997869,2015-06-29,16:42,01 - Clear,01 - Dry,10 - No control,01 - Non intersection,01 - Daylight,03 - P.D. only,03 - Rear end,Greenbelt
10313,HUNT CLUB RD @ RIVERSIDE DR,368035.9823,5021945.859,-75.69319935,45.33461119,2015-05-12,15:57,01 - Clear,01 - Dry,01 - Traffic signal,02 - Intersection related,01 - Daylight,03 - P.D. only,03 - Rear end,Hunt Club Woods - Quintarra - Revelstoke - Riverside South P
10314,CARLING AVE WB btwn RICHARDSON AVE & WOODLAND AVE,361508.6579,5025585.259,-75.77605422,45.36791621,2015-06-17,9:01,01 - Clear,01 - Dry,10 - No control,01 - Non intersection,01 - Daylight,03 - P.D. only,04 - Sideswipe,Carlingwood West - Glabar Park - McKellar Heights
10315,APPLE ORCHARD RD @ GREELY WEST DR/SPARTAN GROV,375708.745,5012262.343,-75.59670166,45.24674895,2015-06-12,8:40,01 - Clear,01 - Dry,02 - Stop sign,03 - At intersection,01 - Daylight,03 - P.D. only,02 - Angle,Greely
10316,BANK ST btwn GROVE AVE & OSSINGTON AVE,368856.3594,5028361.378,-75.68190196,45.39226191,2015-06-12,8:53,02 - Rain,02 - Wet,10 - No control,04 - At/near private drive,01 - Daylight,03 - P.D. only,99 - Other,Old Ottawa South
10317,BASELINE RD @ 207 E OF CLYDE AVE,364534.76,5024999.894,-75.73749696,45.36239781,2015-06-12,17:49,02 - Rain,02 - Wet,01 - Traffic signal,03 - At intersection,01 - Daylight,03 - P.D. only,02 - Angle,Civic Hospital - Experimental Farm - Central Park
10318,VIEWMOUNT DR @ MERIVALE RD,365192.9764,5022947.414,-75.72934641,45.34387351,2015-06-12,17:37,02 - Rain,02 - Wet,01 - Traffic signal,02 - Intersection related,01 - Daylight,03 - P.D. only,04 - Sideswipe,Tanglewood
10319,WEST HUNT CLUB RD EB btwn CEDARVIEW RD & GREENBANK RD,359916.4883,5019646.81,-75.79703996,45.31460902,2015-06-15,16:30,01 - Clear,01 - Dry,10 - No control,01 - Non intersection,01 - Daylight,03 - P.D. only,03 - Rear end,Greenbelt
10320,INNES RD @ WILDFLOWER DR,382936.0345,5035690.195,-75.50094537,45.45677128,2015-06-19,16:34,01 - Clear,01 - Dry,01 - Traffic signal,03 - At intersection,01 - Daylight,03 - P.D. only,03 - Rear end,Avalon
10321,SECOND AVE btwn LYON ST S & BANK ST,368267.5072,5029603.695,-75.6892619,45.40349351,2015-05-05,14:56,01 - Clear,01 - Dry,10 - No control,04 - At/near private drive,01 - Daylight,03 - P.D. only,06 - SMV unattended vehicle,The Glebe
10322,KING EDWARD AVE @ RIDEAU ST,368512.4279,5032413.229,-75.68577034,45.42875049,2015-05-07,15:22,01 - Clear,01 - Dry,01 - Traffic signal,02 - Intersection related,01 - Daylight,03 - P.D. only,04 - Sideswipe,Lowe
10323,ALTA VISTA DR @ SMYTH RD,370431.0258,5029081.558,-75.66169738,45.39859602,2015-05-15,14:23,01 - Clear,01 - Dry,01 - Traffic signal,03 - At intersection,01 - Daylight,03 - P.D. only,05 - Turning movement,Alta Vista
10324,BRIDGE ST/MAPLE AVE @ MANOTICK MAIN ST,368700.1485,5009932.012,-75.68627316,45.22645197,2015-05-15,14:27,01 - Clear,01 - Dry,01 - Traffic signal,03 - At intersection,01 - Daylight,03 - P.D. only,05 - Turning movement,Manotick
10325,AVIATION PKWY @ MONTREAL RD,372146.9683,5034109.517,-75.63909485,45.44367234,2015-04-04,17:38,01 - Clear,01 - Dry,01 - Traffic signal,02 - Intersection related,01 - Daylight,03 - P.D. only,04 - Sideswipe,Cummings
10326,CONROY RD @ WALKLEY RD,372904.6865,5027462.086,-75.63032851,45.38378846,2015-04-05,15:10,01 - Clear,01 - Dry,01 - Traffic signal,02 - Intersection related,01 - Daylight,03 - P.D. only,03 - Rear end,South Keys - Heron Gate - Greenboro West
10327,MARCH RD btwn MARCHURST RD & SECOND LINE RD,345365.5667,5024651.825,-75.98220428,45.36063718,2015-05-25,12:11,01 - Clear,01 - Dry,10 - No control,01 - Non intersection,01 - Daylight,03 - P.D. only,07 - SMV other,Carp - Hardwood Plains
10328,RED WILLOW DR btwn CRESTDALE ST & MAPLE RUN AVE,380620.6782,5035065.419,-75.53064172,45.45140511,2015-03-21,11:29,03 - Snow,02 - Wet,10 - No control,01 - Non intersection,01 - Daylight,03 - P.D. only,01 - Approaching,Orleans Village - Chateauneuf
10329,ALTA VISTA DR @ SMYTH RD,370431.4079,5029083.428,-75.66169225,45.39861281,2015-04-16,16:18,01 - Clear,01 - Dry,01 - Traffic signal,02 - Intersection related,01 - Daylight,03 - P.D. only,03 - Rear end,Alta Vista
10330,MACDONALD-CARTIER BR RAMP SB-1 btwn MACDONALD-CARTIER BR & CATHCART ST,367553.9049,5033171.052,-75.69792224,45.43565578,2015-04-30,6:57,01 - Clear,01 - Dry,10 - No control,01 - Non intersection,01 - Daylight,03 - P.D. only,04 - Sideswipe,Lower Town
10331,LAURIER AVE   E btwn CUMBERLAND ST & COPERNICUS ST,368609.5332,5031955.606,-75.68458878,45.42462411,2015-02-27,20:00,01 - Clear,01 - Dry,10 - No control,01 - Non intersection,07 - Dark,03 - P.D. only,04 - Sideswipe,Sandy Hill
10332,HIGHWAY 417 btwn HWY417 IC121B RAMP16 & HWY417 IC121A RAMP16,366762.3221,5029587.545,-75.70848939,45.40348305,2015-09-24,13:40,01 - Clear,01 - Dry,10 - No control,01 - Non intersection,01 - Daylight,03 - P.D. only,03 - Rear end,Centretown West
10333,INNES RD @ TENTH LINE RD,383951.7603,5036159.921,-75.48788462,45.46088313,2015-04-28,14:43,01 - Clear,01 - Dry,01 - Traffic signal,02 - Intersection related,01 - Daylight,03 - P.D. only,03 - Rear end,Queenswood Heights
10334,CHAMPLAIN ST @ PLACE D'ORLEANS DR,381597.4655,5038180.157,-75.5176688,45.47932227,2015-04-30,20:30,01 - Clear,01 - Dry,01 - Traffic signal,03 - At intersection,05 - Dusk,03 - P.D. only,02 - Angle,Industrial Park
10335,COLONEL BY DR/SUSSEX DR @ RIDEAU ST,367921.0606,5032045.047,-75.69337431,45.42549133,2015-05-22,17:30,01 - Clear,01 - Dry,01 - Traffic signal,03 - At intersection,01 - Daylight,03 - P.D. only,04 - Sideswipe,Byward Market - Parliament Hill
10336,MERIVALE RD @ CAPILANO DR/WITHROW AVE,364641.7083,5024228.85,-75.73622525,45.35545095,2015-05-08,19:55,01 - Clear,01 - Dry,01 - Traffic signal,02 - Intersection related,01 - Daylight,03 - P.D. only,03 - Rear end,Cityview - Skyline - Fisher Heights
10337,LONGFIELDS DR @ WOODROFFE AVE,365421.6769,5017108.212,-75.72714292,45.2913132,2015-05-27,16:48,01 - Clear,01 - Dry,01 - Traffic signal,02 - Intersection related,01 - Daylight,03 - P.D. only,05 - Turning movement,Greenbelt
10338,INDUSTRIAL AVE/INNES RD @ ST. LAURENT BLVD,373099.7274,5030006.327,-75.62748597,45.40666142,2015-05-25,23:18,02 - Rain,02 - Wet,01 - Traffic signal,03 - At intersection,07 - Dark,03 - P.D. only,05 - Turning movement,Industrial Park
10339,RIVERSIDE DR @ TREMBLAY RD/HWY417 IC117 RAMP52,370801.5711,5031016.161,-75.65670595,45.41596798,2015-05-31,15:30,01 - Clear,01 - Dry,01 - Traffic signal,02 - Intersection related,01 - Daylight,03 - P.D. only,03 - Rear end,Industrial Park
10340,BASELINE RD @ GREENBANK RD,360596.2429,5022583.419,-75.78804003,45.34097898,2015-06-18,21:45,02 - Rain,02 - Wet,01 - Traffic signal,03 - At intersection,07 - Dark,03 - P.D. only,05 - Turning movement,Qualicum - Redwood Park
10341,MERIVALE RD btwn CLYDE AVE & GILBEY DR,364601.409,5024575.237,-75.73669765,45.35857113,2015-06-18,16:11,01 - Clear,01 - Dry,10 - No control,01 - Non intersection,01 - Daylight,03 - P.D. only,05 - Turning movement,Cityview - Skyline - Fisher Heights
10342,EAGLESON RD @ HAZELDEAN RD/ROBERTSON RD,353673.6249,5018423.379,-75.87677756,45.30406262,2015-06-12,18:48,02 - Rain,02 - Wet,01 - Traffic signal,02 - Intersection related,01 - Daylight,03 - P.D. only,03 - Rear end,Greenbelt
10343,CAMERON ST @ REGIONAL RD 174,389860.7736,5042616.483,-75.41122044,45.51827726,2015-06-28,16:41,02 - Rain,02 - Wet,01 - Traffic signal,02 - Intersection related,01 - Daylight,03 - P.D. only,03 - Rear end,Cumberland - Estates
10344,BASELINE RD @ MERIVALE RD,365054.6964,5025325.155,-75.730821,45.36527996,2015-06-19,16:55,01 - Clear,01 - Dry,01 - Traffic signal,02 - Intersection related,01 - Daylight,03 - P.D. only,03 - Rear end,Civic Hospital - Experimental Farm - Central Park
10345,INNES RD btwn PORTOBELLO BLVD & PROVENCE AVE,386078.477,5037073.51,-75.46054362,45.46885852,2015-06-19,21:30,01 - Clear,01 - Dry,10 - No control,01 - Non intersection,07 - Dark,03 - P.D. only,04 - Sideswipe,Notting Hill
10346,LYON ST @ WELLINGTON ST,366935.271,5031426.526,-75.70604853,45.42001433,2015-03-24,19:56,01 - Clear,01 - Dry,01 - Traffic signal,03 - At intersection,07 - Dark,03 - P.D. only,05 - Turning movement,Downtown
10347,BRONSON AVE btwn FLORENCE ST & GLADSTONE AVE,367131.5395,5030089.852,-75.70370994,45.40796988,2015-05-06,19:08,01 - Clear,01 - Dry,10 - No control,01 - Non intersection,01 - Daylight,03 - P.D. only,04 - Sideswipe,Centretown West
10348,SMYTH RD/OTHELLO AVE @ RUSSELL RD W,373255.1727,5029372.982,-75.62558835,45.40094769,2015-05-15,17:44,01 - Clear,01 - Dry,01 - Traffic signal,02 - Intersection related,01 - Daylight,03 - P.D. only,04 - Sideswipe,Elmvale - Eastway - Riverview - Riverview Park West
10349,TERRY FOX DR S @ DIDSBURY RD/CENTRUM KANATA SC,350618.0159,5018920.962,-75.91569371,45.30874597,2015-04-29,16:24,01 - Clear,01 - Dry,01 - Traffic signal,02 - Intersection related,01 - Daylight,03 - P.D. only,04 - Sideswipe,Kanata
10350,JOHNSTON RD btwn BANK PL & SOUTHGATE RD,370942.0348,5024893.444,-75.65573203,45.36086476,2015-05-24,10:38,01 - Clear,01 - Dry,10 - No control,01 - Non intersection,01 - Daylight,03 - P.D. only,03 - Rear end,South Keys - Heron Gate - Greenboro West
10351,DUNROBIN RD btwn KINBURN SIDE RD & VANCES SIDE RD,338158.9718,5035764.683,-76.07343733,45.46101427,2015-05-21,21:30,01 - Clear,02 - Wet,10 - No control,01 - Non intersection,07 - Dark,03 - P.D. only,07 - SMV other,Woodlawn
10352,KING EDWARD AVE @ ST. PATRICK ST,368248.7013,5032823.107,-75.68908755,45.4324624,2015-04-18,20:35,01 - Clear,01 - Dry,01 - Traffic signal,03 - At intersection,07 - Dark,03 - P.D. only,05 - Turning movement,Byward Market
10353,HIGHWAY 417 btwn HWY417 IC129 RAMP25 & HWY417 IC129 RAMP35,360478.8097,5023543.073,-75.78943034,45.34962326,2015-11-13,16:40,02 - Rain,02 - Wet,10 - No control,01 - Non intersection,05 - Dusk,03 - P.D. only,03 - Rear end,Whitehaven - Queensway Terrace North
10354,BANK ST @ WALKLEY RD,370338.8159,5025945.325,-75.66329145,45.37038591,2015-04-11,12:19,01 - Clear,01 - Dry,01 - Traffic signal,02 - Intersection related,01 - Daylight,03 - P.D. only,03 - Rear end,Ledbury - Heron Gate - Ridgemont - Elmwood
10355,BANK ST btwn RIDEAU RD & TURN LANE,377638.9181,5016267.688,-75.57152928,45.28259044,2015-04-11,22:33,01 - Clear,01 - Dry,10 - No control,01 - Non intersection,07 - Dark,03 - P.D. only,07 - SMV other,Osgoode
10356,OGILVIE RD btwn CADBORO RD & BATHGATE DR,373723.6619,5032740.336,-75.61913385,45.4311995,2015-03-12,10:30,01 - Clear,01 - Dry,10 - No control,01 - Non intersection,01 - Daylight,03 - P.D. only,04 - Sideswipe,Industrial Park
10357,REGIONAL ROAD 174 btwn QUIGLEY HILL RD & REGIONAL ROAD 174 DIVIDED,387572.4986,5042422.596,-75.44053803,45.51680829,2015-03-25,16:06,01 - Clear,01 - Dry,10 - No control,01 - Non intersection,01 - Daylight,03 - P.D. only,03 - Rear end,Cumberland - Estates
10358,BANTREE ST btwn OLD INNES RD & EDINBURGH PL,373851.5602,5030085.15,-75.61787157,45.40729687,2015-05-01,11:37,01 - Clear,01 - Dry,10 - No control,04 - At/near private drive,01 - Daylight,03 - P.D. only,02 - Angle,Industrial Park
10359,DONALD ST @ ST. LAURENT BLVD,372092.9922,5032471.504,-75.64000867,45.42893949,2015-05-01,15:15,01 - Clear,01 - Dry,01 - Traffic signal,03 - At intersection,01 - Daylight,03 - P.D. only,05 - Turning movement,Overbrook
10360,PALLADIUM DR btwn SILVER SEVEN RD & TERRY FOX DR,351074.9284,5017903.923,-75.90996206,45.29956442,2015-06-03,15:50,01 - Clear,01 - Dry,10 - No control,01 - Non intersection,01 - Daylight,03 - P.D. only,04 - Sideswipe,Katimavik - Hazeldean
10361,MARCH RD btwn CORKSTOWN RD & HWY417 IC138 RAMP62,352717.417,5020751.752,-75.88874494,45.3250797,2015-06-03,17:41,01 - Clear,01 - Dry,10 - No control,01 - Non intersection,01 - Daylight,03 - P.D. only,03 - Rear end,Greenbelt
10362,JEANNE D'ARC BLVD @ OR174 IC105 RAMP52,379455.4502,5036917.291,-75.54525574,45.46819231,2015-06-22,8:34,01 - Clear,01 - Dry,01 - Traffic signal,02 - Intersection related,01 - Daylight,03 - P.D. only,03 - Rear end,Greenbelt
10363,KINSELLA DR @ OLD MONTREAL RD,392417.3362,5042726.485,-75.37848295,45.51895035,2015-06-23,22:34,01 - Clear,01 - Dry,02 - Stop sign,02 - Intersection related,07 - Dark,03 - P.D. only,07 - SMV other,Cumberland - Estates
10364,SANDALWOOD DR btwn BAYCREST DR & HERON RD,371381.1972,5026733.745,-75.64987895,45.37738158,2015-05-11,18:02,01 - Clear,01 - Dry,10 - No control,01 - Non intersection,01 - Daylight,03 - P.D. only,06 - SMV unattended vehicle,Ledbury - Heron Gate - Ridgemont - Elmwood
10365,HAMILTON SIDE RD btwn JOHN KENNEDY WAY & UPPER DWYER HILL RD,337651.035,5009437.119,-76.08168052,45.22413126,2015-05-14,12:58,01 - Clear,01 - Dry,10 - No control,01 - Non intersection,01 - Daylight,03 - P.D. only,07 - SMV other,Carp - Hardwood Plains
10366,OGILVIE RD btwn CUMMINGS AVE & BEAULIEU PL,372760.2517,5032175.991,-75.63152298,45.42621609,2015-06-29,15:24,01 - Clear,01 - Dry,10 - No control,01 - Non intersection,01 - Daylight,03 - P.D. only,03 - Rear end,Industrial Park
10367,BANK ST @ KILBORN AVE/BELANGER AVE,369653.7199,5027427.187,-75.67184226,45.38378298,2015-06-29,16:22,01 - Clear,01 - Dry,01 - Traffic signal,02 - Intersection related,01 - Daylight,03 - P.D. only,03 - Rear end,Alta Vista
10368,AMBERWOOD CRES btwn LACEWOOD CRT & CHESSWOOD CRT,366781.8207,5020347.094,-75.70939926,45.32033764,2015-06-20,11:30,01 - Clear,01 - Dry,10 - No control,01 - Non intersection,01 - Daylight,03 - P.D. only,06 - SMV unattended vehicle,Merivale Gardens - Grenfell Glen - Pineglen - Country Place
10369,COPE DR btwn Continuation of COPE DR & EAGLESON RD,354581.477,5016011.546,-75.86544367,45.28229669,2015-06-22,13:47,01 - Clear,01 - Dry,10 - No control,01 - Non intersection,01 - Daylight,03 - P.D. only,05 - Turning movement,Glen Cairn - Kanata South Business Park
10370,MERIVALE RD btwn BONGARD AVE & CLEOPATRA DR,365908.4575,5021219.992,-75.72043056,45.32826844,2015-06-22,16:43,01 - Clear,01 - Dry,10 - No control,01 - Non intersection,01 - Daylight,03 - P.D. only,04 - Sideswipe,Merivale Gardens - Grenfell Glen - Pineglen - Country Place
10371,REGIONAL ROAD 174 btwn OR174 IC101 RAMP26 & OR174 IC101 RAMP61,382856.2073,5038978.282,-75.50144357,45.48636349,2015-09-23,15:21,01 - Clear,01 - Dry,10 - No control,01 - Non intersection,01 - Daylight,03 - P.D. only,07 - SMV other,Chatelaine Village
10372,CARMELLA CRES btwn AQUAVIEW DR & SUNMEADOW ST,385044.8823,5035908.437,-75.47395012,45.45849581,2015-09-23,0:00,01 - Clear,01 - Dry,10 - No control,01 - Non intersection,00 - Unknown,03 - P.D. only,06 - SMV unattended vehicle,Avalon
10373,HERON RD WB btwn PRINCE OF WALES DR & HERON RD WB ON RAMP/VINCENT MASS,367242.7907,5026500.383,-75.70274308,45.37566288,2015-06-22,16:48,01 - Clear,01 - Dry,10 - No control,07 - Overpass or bridge,01 - Daylight,03 - P.D. only,03 - Rear end,Civic Hospital - Experimental Farm - Central Park
10374,CARLING AVE @ VISCOUNT AVE,365129.229,5027851.111,-75.72956105,45.38800164,2015-06-22,16:50,01 - Clear,01 - Dry,01 - Traffic signal,02 - Intersection related,01 - Daylight,03 - P.D. only,03 - Rear end,Carlington
10375,CUMBERLAND ST btwn ST. PATRICK ST & MURRAY ST,368156.2825,5032701.567,-75.69028424,45.4313772,2015-09-06,21:13,01 - Clear,01 - Dry,10 - No control,01 - Non intersection,07 - Dark,03 - P.D. only,05 - Turning movement,Byward Market