Record,Location,X,Y,lon,lat,Date,Time,Environment,Road_Surface,Traffic_Control,Collision_Location,Light,Collision_Classification,Impact_type,Neighborhood
10376,QUEEN MARY ST @ VERA ST,370521.9926,5031973.216,-75.66015003,45.42460549,2015-06-16,9:18,02 - Rain,02 - Wet,02 - Stop sign,03 - At intersection,01 - Daylight,03 - P.D. only,02 - Angle,Overbrook
10377,RIVERSIDE DR @ WALKLEY RD,368419.4446,5024853.169,-75.68793343,45.36073584,2015-06-16,12:10,01 - Clear,01 - Dry,01 - Traffic signal,02 - Intersection related,01 - Daylight,03 - P.D. only,03 - Rear end,Riverside Park
10378,EAGLESON RD @ FALLOWFIELD RD,355960.9134,5012595.487,-75.84821323,45.2514592,2015-08-20,16:50,02 - Rain,02 - Wet,01 - Traffic signal,02 - Intersection related,01 - Daylight,03 - P.D. only,03 - Rear end,Stittsville - Basswood
10379,ST. LAURENT BLVD @ WALKLEY RD,373902.0294,5028048.657,-75.6175122,45.38896849,2015-08-20,9:37,01 - Clear,01 - Dry,01 - Traffic signal,02 - Intersection related,01 - Daylight,03 - P.D. only,03 - Rear end,Hawthorne Meadows
10380,BANK ST @ HERON RD,369994.9993,5026850.461,-75.66756087,45.3785621,2015-08-16,13:15,01 - Clear,01 - Dry,01 - Traffic signal,02 - Intersection related,01 - Daylight,03 - P.D. only,03 - Rear end,Alta Vista
10381,RAMSAYVILLE RD @ RIDEAU RD,380354.2209,5019957.116,-75.53636022,45.3154994,2015-09-19,21:24,02 - Rain,02 - Wet,02 - Stop sign,03 - At intersection,07 - Dark,03 - P.D. only,07 - SMV other,Greenbelt
10382,MACKENZIE AVE @ RIDEAU ST,367868.2578,5032007.778,-75.69405378,45.42516076,2015-09-20,14:56,01 - Clear,01 - Dry,01 - Traffic signal,02 - Intersection related,01 - Daylight,03 - P.D. only,04 - Sideswipe,Byward Market - Parliament Hill
10383,HOG'S BACK RD btwn COLONEL BY DR & RIVERSIDE DR,367824.2924,5026031.066,-75.69537921,45.37138803,2015-10-02,15:25,01 - Clear,01 - Dry,10 - No control,04 - At/near private drive,01 - Daylight,03 - P.D. only,03 - Rear end,Riverside Park
10384,FINDLAY AVE @ TORRINGTON PL,367932.9855,5028787.748,-75.69363911,45.39618211,2015-01-14,9:00,01 - Clear,06 - Ice,02 - Stop sign,03 - At intersection,01 - Daylight,03 - P.D. only,02 - Angle,The Glebe
10385,RIVERSIDE DR NB btwn 82 E OF BILLINGS AVE/RIVERSIDE HOSPITAL ENT & TRA,369748.1752,5028708.307,-75.67046762,45.39530131,2015-09-04,9:15,01 - Clear,01 - Dry,10 - No control,04 - At/near private drive,01 - Daylight,03 - P.D. only,04 - Sideswipe,Alta Vista
10386,COLE AVE btwn DOVERCOURT AVE & GREENWOOD AVE,363299.5475,5027248.03,-75.75299659,45.38273042,2015-06-29,8:45,01 - Clear,01 - Dry,10 - No control,01 - Non intersection,01 - Daylight,03 - P.D. only,06 - SMV unattended vehicle,Carlingwood - McKellar Park - Laurentien View
10387,MERIVALE RD/LOTTA AVE @ CLYDE AVE,364521.6983,5024507.166,-75.73772321,45.35796543,2015-06-29,18:06,01 - Clear,01 - Dry,01 - Traffic signal,02 - Intersection related,01 - Daylight,03 - P.D. only,04 - Sideswipe,Cityview - Skyline - Fisher Heights
10388,INDUSTRIAL AVE @ ALTA VISTA DR/SANDFORD FLEMIN,370885.4445,5030556.489,-75.65569606,45.41182412,2015-09-01,11:39,01 - Clear,01 - Dry,01 - Traffic signal,02 - Intersection related,01 - Daylight,03 - P.D. only,03 - Rear end,Industrial Park
10389,BASELINE RD @ NAVAHO DR,363083.5285,5024097.146,-75.75612651,45.35439714,2015-09-01,12:18,01 - Clear,01 - Dry,01 - Traffic signal,02 - Intersection related,01 - Daylight,03 - P.D. only,03 - Rear end,Braemar Park - Bel Air Heights - Copeland Park
10390,MCLEOD ST W @ METCALFE ST,368270.4856,5030684.15,-75.68908475,45.41321483,2015-06-19,18:44,01 - Clear,01 - Dry,01 - Traffic signal,03 - At intersection,01 - Daylight,03 - P.D. only,03 - Rear end,Centretown
10391,KENT ST @ MACLAREN ST,367574.1517,5030741.487,-75.69797311,45.41379354,2015-06-19,18:50,01 - Clear,01 - Dry,02 - Stop sign,02 - Intersection related,01 - Daylight,03 - P.D. only,03 - Rear end,Centretown
10392,DOLAN DR btwn CONWAY ST & SHERWAY DR,363170.0139,5015457.075,-75.75604079,45.27664688,2015-09-08,0:00,,00 - Unknown,10 - No control,01 - Non intersection,00 - Unknown,03 - P.D. only,06 - SMV unattended vehicle,Barrhaven West - Old Barrhaven
10393,FIRESTONE CRES btwn STANTON RD & STANTON RD,360761.2308,5023193.18,-75.78586597,45.34645246,2015-09-08,5:30,01 - Clear,01 - Dry,10 - No control,04 - At/near private drive,07 - Dark,03 - P.D. only,06 - SMV unattended vehicle,Iris
10394,CASTLE HILL CRES btwn GREYROCK CRES & GLENMOUNT AVE,363625.9895,5025360.487,-75.74905331,45.36571923,2015-09-06,15:30,01 - Clear,01 - Dry,10 - No control,01 - Non intersection,01 - Daylight,03 - P.D. only,06 - SMV unattended vehicle,Braemar Park - Bel Air Heights - Copeland Park
10395,REGIONAL ROAD 174 EB btwn HWY417 IC113 RAMP65 & OR174 BLAIR IC112 RAMP51,374623.9205,5032689.233,-75.6076369,45.4306504,2015-09-24,17:30,01 - Clear,01 - Dry,10 - No control,01 - Non intersection,01 - Daylight,03 - P.D. only,03 - Rear end,Pineview
10396,FOURTH AVE btwn LYON ST S & BANK ST,368266.41,5029418.958,-75.68929969,45.40183141,2015-09-26,0:00,01 - Clear,01 - Dry,10 - No control,01 - Non intersection,07 - Dark,03 - P.D. only,06 - SMV unattended vehicle,The Glebe
10397,RIVERSIDE DR @ TREMBLAY RD/HWY417 IC117 RAMP52,370802.7988,5031016.268,-75.65669025,45.41596883,2015-06-23,9:17,01 - Clear,01 - Dry,01 - Traffic signal,02 - Intersection related,01 - Daylight,03 - P.D. only,03 - Rear end,Industrial Park
10398,BESSERER ST @ WALLER ST,368316.654,5032191.617,-75.68830062,45.42677431,2015-06-23,15:19,01 - Clear,01 - Dry,01 - Traffic signal,03 - At intersection,01 - Daylight,03 - P.D. only,04 - Sideswipe,Byward Market - Parliament Hill
10399,PAUL METIVIER DR btwn LEAMINGTON WAY & LONGFIELDS DR,365051.8362,5014192.367,-75.73221148,45.26510831,2015-01-09,22:45,01 - Clear,04 - Slush,10 - No control,01 - Non intersection,07 - Dark,03 - P.D. only,06 - SMV unattended vehicle,New Barrhaven
10400,NELSON ST btwn YORK ST & RIDEAU ST,368629.3595,5032531.744,-75.68426078,45.42980618,2015-09-11,18:33,01 - Clear,01 - Dry,10 - No control,04 - At/near private drive,01 - Daylight,03 - P.D. only,06 - SMV unattended vehicle,Lower Town
10401,INDUSTRIAL AVE @ RIVERSIDE DR,370684.7186,5030592.193,-75.65825547,45.4121643,2015-06-16,12:25,01 - Clear,02 - Wet,01 - Traffic signal,03 - At intersection,01 - Daylight,03 - P.D. only,03 - Rear end,Industrial Park
10402,BANK ST btwn HOPEWELL AVE & GLEN AVE,368787.4067,5028465.186,-75.68276904,45.39320224,2015-06-16,15:22,01 - Clear,01 - Dry,10 - No control,01 - Non intersection,01 - Daylight,03 - P.D. only,04 - Sideswipe,Old Ottawa South
10403,OGILVIE RD @ ELMLEA GT/SHOPPERS CITY EAST SC,374988.7327,5033487.664,-75.60286128,45.43779772,2015-09-19,14:25,01 - Clear,01 - Dry,01 - Traffic signal,03 - At intersection,01 - Daylight,03 - P.D. only,05 - Turning movement,Beacon Hill South - Cardinal Heights
10404,DONALD ST btwn FRANCES ST & BARNABY PRIV,371506.0125,5032406.091,-75.64751818,45.42840716,2015-09-19,0:00,01 - Clear,01 - Dry,10 - No control,01 - Non intersection,00 - Unknown,03 - P.D. only,06 - SMV unattended vehicle,Overbrook
10405,BRONSON AVE @ SUNNYSIDE AVE/UNIVERSITY RD - CA,367921.9894,5028091.907,-75.69386857,45.38992213,2015-09-20,17:45,01 - Clear,01 - Dry,01 - Traffic signal,02 - Intersection related,01 - Daylight,03 - P.D. only,03 - Rear end,Carleto
10406,HWY 417 ST.LAURE IC115R51 @ ST. LAURENT BLVD,372530.5675,5031410.965,-75.63456301,45.41935502,2015-08-20,17:18,01 - Clear,01 - Dry,01 - Traffic signal,02 - Intersection related,01 - Daylight,03 - P.D. only,03 - Rear end,Industrial Park
10407,KENT ST btwn QUEEN ST & ALBERT ST,367187.6223,5031374.688,-75.70283091,45.41952546,2015-08-26,16:33,02 - Rain,02 - Wet,10 - No control,04 - At/near private drive,01 - Daylight,03 - P.D. only,05 - Turning movement,Downtown
10408,MAIN ST @ RIVERDALE AVE,369433.1825,5029532.854,-75.67438231,45.40274945,2015-01-14,9:11,01 - Clear,01 - Dry,01 - Traffic signal,02 - Intersection related,01 - Daylight,03 - P.D. only,04 - Sideswipe,Old Ottawa East
10409,CRAIG ST @ HOLMWOOD AVE,368064.9916,5028948.194,-75.69193267,45.39761384,2015-01-14,14:45,01 - Clear,04 - Slush,02 - Stop sign,03 - At intersection,01 - Daylight,03 - P.D. only,02 - Angle,The Glebe
10410,BRONSON AVE @ MACLAREN ST,366998.9789,5030398.484,-75.70536431,45.41075866,2015-09-12,11:00,02 - Rain,02 - Wet,02 - Stop sign,03 - At intersection,01 - Daylight,03 - P.D. only,02 - Angle,Chinatown
10411,AVIATION PKWY @ MONTREAL RD,372145.9959,5034106.781,-75.63910766,45.44364782,2015-06-29,20:45,01 - Clear,01 - Dry,01 - Traffic signal,02 - Intersection related,05 - Dusk,03 - P.D. only,03 - Rear end,Cummings
10412,BLAIR RD @ INNES RD,375578.7349,5031439.915,-75.59561523,45.41931377,2015-09-01,15:15,01 - Clear,01 - Dry,01 - Traffic signal,02 - Intersection related,01 - Daylight,03 - P.D. only,04 - Sideswipe,Greenbelt
10413,SMYTH RD E/LANCASTER RD @ ST. LAURENT BLVD N/R,373364.513,5029424.067,-75.62418475,45.40139663,2015-09-01,17:06,01 - Clear,01 - Dry,01 - Traffic signal,02 - Intersection related,01 - Daylight,03 - P.D. only,03 - Rear end,Sheffield Glen
10414,PRINCE OF WALES DR btwn MEADOWLANDS DR & NESBITT PL,367380.5676,5025628.252,-75.70109464,45.36780336,2015-06-20,10:30,01 - Clear,01 - Dry,10 - No control,01 - Non intersection,01 - Daylight,03 - P.D. only,04 - Sideswipe,Carleton Heights - Rideauview
10415,EAGLESON RD btwn FAULKNER TR & FALLOWFIELD RD,355899.6521,5012752.604,-75.8489775,45.25287743,2015-09-08,18:09,02 - Rain,02 - Wet,10 - No control,01 - Non intersection,01 - Daylight,03 - P.D. only,03 - Rear end,Greenbelt
10416,PRINCE OF WALES DR @ MERIVALE RD,367449.7113,5017615.38,-75.70122622,45.29569877,2015-09-08,17:30,01 - Clear,01 - Dry,01 - Traffic signal,02 - Intersection related,01 - Daylight,03 - P.D. only,03 - Rear end,Greenbelt
10417,FORESTGLEN CRES btwn FOREST VALLEY DR & FOREST VALLEY DR,379588.5751,5035687.768,-75.54374053,45.45711575,2015-05-30,10:03,01 - Clear,01 - Dry,10 - No control,04 - At/near private drive,01 - Daylight,03 - P.D. only,06 - SMV unattended vehicle,Chapel Hill
10418,BANK ST @ RIVERSIDE DR S,369305.4378,5027892.751,-75.67622839,45.38800413,2015-09-28,10:35,01 - Clear,01 - Dry,01 - Traffic signal,02 - Intersection related,01 - Daylight,03 - P.D. only,03 - Rear end,Alta Vista
10419,PARKDALE AVE @ SIMS AVE,365271.4159,5028996.199,-75.72760507,45.39829263,2015-09-28,16:37,02 - Rain,02 - Wet,02 - Stop sign,03 - At intersection,01 - Daylight,03 - P.D. only,04 - Sideswipe,Civi
10420,FINDLAY CREEK DR btwn DEVONWOOD CIRC & BANK ST,375798.4644,5020429.334,-75.59439041,45.32022366,2015-07-03,16:36,01 - Clear,01 - Dry,10 - No control,04 - At/near private drive,01 - Daylight,03 - P.D. only,02 - Angle,Greenbelt
10421,TRENT ST btwn CHEVRIER ST & BAKERVALE DR,365679.6525,5026866.619,-75.72265389,45.37909576,2015-08-17,0:00,01 - Clear,01 - Dry,10 - No control,01 - Non intersection,00 - Unknown,03 - P.D. only,06 - SMV unattended vehicle,Carlington
10422,RIDGEBROOK DR btwn MEADOWBROOK RD & BROOKMILL LANE,374538.702,5031596.171,-75.60888064,45.42082412,2015-09-10,1:07,01 - Clear,01 - Dry,10 - No control,01 - Non intersection,07 - Dark,03 - P.D. only,06 - SMV unattended vehicle,Pineview
10423,SCALA AVE btwn LICHEN AVE & ST. BRUNO ST,385123.405,5036363.376,-75.47287193,45.4625799,2015-09-10,13:00,01 - Clear,01 - Dry,10 - No control,01 - Non intersection,01 - Daylight,03 - P.D. only,06 - SMV unattended vehicle,Avalon
10424,BESSERER ST @ CHAPEL ST,368930.7135,5032570.793,-75.68040478,45.43012996,2015-09-11,18:48,01 - Clear,01 - Dry,02 - Stop sign,03 - At intersection,01 - Daylight,03 - P.D. only,02 - Angle,Sandy Hill
10425,RIVER RD btwn 700 N OF EARL ARMSTRONG RD & TEWSLEY DR,367960.2564,5015620.372,-75.69497146,45.27770222,2015-09-13,14:13,01 - Clear,02 - Wet,10 - No control,01 - Non intersection,01 - Daylight,03 - P.D. only,03 - Rear end,Gloucester
10426,MONTREAL RD btwn HILLSIDE DR & MONTREAL SQUARE SC,371721.477,5033902.547,-75.6445615,45.44185099,2015-06-16,16:05,01 - Clear,01 - Dry,10 - No control,04 - At/near private drive,01 - Daylight,03 - P.D. only,02 - Angle,Cummings
10427,CARLING AVE @ MAITLAND AVE/SHERBOURNE RD,362943.4186,5026488.887,-75.75763315,45.3759294,2015-07-04,16:11,01 - Clear,01 - Dry,01 - Traffic signal,03 - At intersection,01 - Daylight,03 - P.D. only,05 - Turning movement,Carlingwood - McKellar Park - Laurentien View
10428,MONTREAL RD @ NORTH RIVER RD,369740.4294,5032887.225,-75.67001591,45.43290237,2015-09-19,18:03,01 - Clear,01 - Dry,01 - Traffic signal,02 - Intersection related,01 - Daylight,03 - P.D. only,05 - Turning movement,Vanier South
10429,OLD CARP RD btwn HUNTMAR DR & SECOND LINE RD,347394.9476,5023203.208,-75.95642637,45.34748178,2015-09-19,22:25,01 - Clear,01 - Dry,10 - No control,01 - Non intersection,07 - Dark,03 - P.D. only,07 - SMV other,Carp - Hardwood Plains
10430,PLACE D'ORLEANS @ CENTRUM BLVD/PLACE D'ORLEANS,381961.9887,5038140.049,-75.51301311,45.47892122,2015-09-21,19:43,01 - Clear,01 - Dry,01 - Traffic signal,03 - At intersection,05 - Dusk,03 - P.D. only,05 - Turning movement,Industrial Park
10431,SHEFFIELD RD @ WALKLEY RD,375257.7351,5028784.178,-75.60009586,45.39545126,2015-09-22,11:51,01 - Clear,01 - Dry,01 - Traffic signal,03 - At intersection,01 - Daylight,03 - P.D. only,05 - Turning movement,Industrial Park
10432,RICHMOND RD @ HOLLY ACRES RD/NANAIMO DR,359058.6716,5022748.136,-75.80763991,45.34258171,2015-08-26,19:36,01 - Clear,01 - Dry,01 - Traffic signal,03 - At intersection,05 - Dusk,03 - P.D. only,02 - Angle,Greenbelt
10433,MERIVALE RD @ ANNA AVE/LAPERRIERE AVE,364859.7062,5027164.903,-75.7330862,45.38185043,2015-08-27,17:13,01 - Clear,01 - Dry,01 - Traffic signal,03 - At intersection,01 - Daylight,03 - P.D. only,02 - Angle,Carlington
10434,OGILVIE RD @ ELMLEA GT/SHOPPERS CITY EAST SC,374988.012,5033487.664,-75.60287049,45.43779779,2015-09-21,14:42,01 - Clear,01 - Dry,01 - Traffic signal,02 - Intersection related,01 - Daylight,03 - P.D. only,05 - Turning movement,Beacon Hill South - Cardinal Heights
10435,COLONEL BY DR @ HAWTHORNE AVE/PRETORIA BRIDGE,368767.7102,5030525.927,-75.68275327,45.41174592,2015-09-15,18:08,01 - Clear,01 - Dry,01 - Traffic signal,02 - Intersection related,01 - Daylight,03 - P.D. only,03 - Rear end,Old Ottawa East
10436,BRONSON AVE btwn PLYMOUTH ST & RENFREW AVE,367327.352,5029625.894,-75.7012675,45.40377786,2015-02-03,8:45,03 - Snow,03 - Loose snow,10 - No control,04 - At/near private drive,01 - Daylight,03 - P.D. only,02 - Angle,The Glebe
10437,MCARTHUR AVE @ VANIER PKWY,370217.9843,5032691.667,-75.66393906,45.43109831,2015-02-02,10:30,03 - Snow,05 - Packed snow,01 - Traffic signal,02 - Intersection related,01 - Daylight,03 - P.D. only,03 - Rear end,Vanier South
10438,ST. LAURENT BLVD @ COVENTRY RD/OGILVIE RD,372307.1609,5031950.494,-75.63734336,45.42423105,2015-09-18,17:10,01 - Clear,01 - Dry,01 - Traffic signal,02 - Intersection related,01 - Daylight,03 - P.D. only,03 - Rear end,Overbrook
10439,BELCOURT BLVD btwn JEANNE D'ARC BLVD S & CALLAWAY CRT,381875.4341,5035878.275,-75.51447479,45.45858126,2015-09-23,9:15,01 - Clear,01 - Dry,10 - No control,04 - At/near private drive,01 - Daylight,03 - P.D. only,02 - Angle,Orleans Village - Chateauneuf
10440,DALHOUSIE ST btwn YORK ST & GEORGE ST,368098.7522,5032409.86,-75.69105692,45.42875774,2015-08-13,14:40,01 - Clear,01 - Dry,10 - No control,01 - Non intersection,01 - Daylight,03 - P.D. only,03 - Rear end,Byward Market
10441,HIGHWAY 417 btwn HWY417 IC120A RAMP52 & HWY417 IC119B RAMP57,368107.1079,5030213.577,-75.69123233,45.40899556,2015-09-16,7:30,01 - Clear,01 - Dry,10 - No control,01 - Non intersection,01 - Daylight,03 - P.D. only,03 - Rear end,The Glebe
10442,AIRPORT PKWY @ UPLANDS DR RAMP 62,371296.6177,5021622.971,-75.65164616,45.33140452,2015-09-02,8:45,01 - Clear,01 - Dry,03 - Yield sign,02 - Intersection related,01 - Daylight,03 - P.D. only,05 - Turning movement,Hunt Club - Ottawa Airport
10443,BASELINE RD @ CLYDE AVE,364359.424,5024889.432,-75.7397482,45.36141881,2015-06-20,15:50,01 - Clear,01 - Dry,01 - Traffic signal,03 - At intersection,01 - Daylight,03 - P.D. only,05 - Turning movement,Braemar Park - Bel Air Heights - Copeland Park
10444,PLYMOUTH ST btwn CAMBRIDGE ST S & BRONSON AVE,367305.9559,5029634.984,-75.70153964,45.40386156,2015-06-21,17:49,01 - Clear,01 - Dry,10 - No control,01 - Non intersection,01 - Daylight,03 - P.D. only,99 - Other,Centretown West
10445,CAMBRIAN RD @ RIVER MIST RD,364357.1859,5012611.708,-75.74125207,45.25094465,2015-09-04,7:15,01 - Clear,01 - Dry,02 - Stop sign,02 - Intersection related,01 - Daylight,03 - P.D. only,02 - Angle,New Barrhaven
10446,BASELINE RD @ SOUTHWOOD DR,361229.6787,5022961.578,-75.77991489,45.34433098,2015-09-08,18:40,02 - Rain,02 - Wet,02 - Stop sign,02 - Intersection related,05 - Dusk,03 - P.D. only,03 - Rear end,Iris
10447,MERIVALE RD @ WEST HUNT CLUB RD,365612.6952,5021943.579,-75.7241144,45.33480487,2015-06-12,17:59,02 - Rain,02 - Wet,01 - Traffic signal,02 - Intersection related,01 - Daylight,03 - P.D. only,04 - Sideswipe,Tanglewood
10448,KNOXDALE RD @ WEST HUNT CLUB RD,361863.6857,5020584.117,-75.77209925,45.32288736,2015-06-17,10:52,01 - Clear,01 - Dry,01 - Traffic signal,02 - Intersection related,01 - Daylight,03 - P.D. only,03 - Rear end,Woodvale - Craig Henry - Manordale - Estates of Arlington Wo
10449,INDUSTRIAL AVE @ RIVERSIDE DR,370685.4393,5030592.193,-75.65824626,45.41216423,2015-09-30,11:54,01 - Clear,01 - Dry,01 - Traffic signal,02 - Intersection related,01 - Daylight,03 - P.D. only,04 - Sideswipe,Industrial Park
10450,GLADSTONE AVE @ PRESTON ST,366490.4267,5029712.919,-75.71194658,45.40463514,2015-06-23,16:20,01 - Clear,01 - Dry,01 - Traffic signal,02 - Intersection related,01 - Daylight,03 - P.D. only,03 - Rear end,Little Italy
10451,ELGIN ST btwn MACLAREN ST & GILMOUR ST,368221.6864,5031102.431,-75.68965433,45.4169828,2015-06-23,17:22,01 - Clear,01 - Dry,10 - No control,01 - Non intersection,01 - Daylight,03 - P.D. only,04 - Sideswipe,Centretown
10452,MARCH RD btwn SOLANDT RD & STATION RD,350540.7797,5022651.043,-75.91633405,45.34231518,2015-06-25,9:05,01 - Clear,01 - Dry,10 - No control,01 - Non intersection,01 - Daylight,03 - P.D. only,03 - Rear end,South March
10453,275 E OF HAWTHORNE RD/OC TRANSPO TURNAROUND @ HUNT CLUB RD,375721.2322,5026539.337,-75.59449924,45.37520653,2015-09-10,16:10,01 - Clear,01 - Dry,01 - Traffic signal,03 - At intersection,01 - Daylight,03 - P.D. only,02 - Angle,Greenbelt
10454,WELLINGTON ST btwn BANK ST & O'CONNOR ST,367270.68,5031639.745,-75.70173612,45.42190294,2015-09-16,13:01,01 - Clear,01 - Dry,10 - No control,01 - Non intersection,01 - Daylight,03 - P.D. only,06 - SMV unattended vehicle,Downtown
10455,JAMIE AVE btwn MERIVALE RD & SUNDERLAND ST,365865.7435,5021897.182,-75.72089188,45.33436542,2015-07-28,15:30,01 - Clear,01 - Dry,10 - No control,04 - At/near private drive,01 - Daylight,03 - P.D. only,03 - Rear end,Industrial Park
10456,ALBERT ST @ ELGIN ST/MACKENZIE KING BRIDGE,367849.9909,5031710.5,-75.69432524,45.4224876,2015-09-20,6:45,01 - Clear,01 - Dry,01 - Traffic signal,03 - At intersection,03 - Dawn,03 - P.D. only,07 - SMV other,Downtown
10457,INNES RD/PRESTWICK DR @ LANTHIER DR,383539.3217,5035988.925,-75.49318504,45.45939126,2015-09-22,13:01,01 - Clear,01 - Dry,01 - Traffic signal,02 - Intersection related,01 - Daylight,03 - P.D. only,03 - Rear end,Queenswood Heights
10458,ALTA VISTA DR @ KILBORN AVE,370365.0024,5027750.458,-75.66271748,45.38662544,2015-09-22,12:45,01 - Clear,01 - Dry,01 - Traffic signal,03 - At intersection,01 - Daylight,03 - P.D. only,02 - Angle,Alta Vista
10459,ST. PATRICK ST/ST. ANDREW ST @ BEAUSOLEIL DR,368428.7695,5033070.107,-75.68675449,45.43466845,2015-09-01,10:33,01 - Clear,01 - Dry,01 - Traffic signal,02 - Intersection related,01 - Daylight,03 - P.D. only,03 - Rear end,Lower Town
10460,BANK ST btwn CHAMBERLAIN AVE & ROSEBERY AVE,368116.735,5030082.819,-75.69112615,45.40781817,2015-09-04,13:40,01 - Clear,01 - Dry,10 - No control,01 - Non intersection,01 - Daylight,03 - P.D. only,04 - Sideswipe,The Glebe
10461,BEECHWOOD AVE @ SPRINGFIELD RD,369237.4221,5033653.949,-75.67634366,45.43984758,2015-09-28,15:30,02 - Rain,02 - Wet,01 - Traffic signal,02 - Intersection related,01 - Daylight,03 - P.D. only,04 - Sideswipe,Vanier North
10462,BLAIR RD @ REGIONAL RD 174 N/OR174 IC112 RAMP61,374634.7313,5032990.584,-75.60745602,45.43336072,2015-09-28,18:21,02 - Rain,02 - Wet,01 - Traffic signal,02 - Intersection related,01 - Daylight,03 - P.D. only,03 - Rear end,Industrial Park
10463,BANK ST @ PORTLAND AVE,370105.9969,5026551.442,-75.6661833,45.37586129,2015-02-12,13:36,01 - Clear,02 - Wet,02 - Stop sign,02 - Intersection related,01 - Daylight,03 - P.D. only,03 - Rear end,Ledbury - Heron Gate - Ridgemont - Elmwood
10464,HINCKS LANE @ RIVERSIDE DR,370167.7562,5030206.346,-75.66491065,45.40874108,2015-09-12,20:00,02 - Rain,02 - Wet,01 - Traffic signal,02 - Intersection related,07 - Dark,03 - P.D. only,03 - Rear end,Industrial Park
10465,BANK ST @ RIVERSIDE DR S,369305.4378,5027893.472,-75.67622829,45.38801062,2015-09-28,10:55,01 - Clear,01 - Dry,01 - Traffic signal,02 - Intersection related,01 - Daylight,03 - P.D. only,04 - Sideswipe,Alta Vista
10466,PINECREST RD/HWY 417 PINECRE IC129R63 @ TRANSI,360387.6346,5023677.415,-75.79057872,45.3508393,2015-09-28,15:25,01 - Clear,01 - Dry,01 - Traffic signal,03 - At intersection,01 - Daylight,03 - P.D. only,02 - Angle,Whitehaven - Queensway Terrace North
10467,PETRICHOR CRES btwn GERRY LALONDE DR E & GERRY LALONDE DR W,383577.1929,5034985.977,-75.49286152,45.45036336,2015-11-18,7:55,01 - Clear,01 - Dry,10 - No control,01 - Non intersection,01 - Daylight,03 - P.D. only,06 - SMV unattended vehicle,Avalon
10468,CARLING AVE @ EDGEWORTH AVE,361261.9595,5025424.164,-75.77922174,45.36648661,2015-09-01,14:45,01 - Clear,01 - Dry,01 - Traffic signal,03 - At intersection,01 - Daylight,03 - P.D. only,05 - Turning movement,Woodroffe - Lincoln Heights
10469,CUMMINGS AVE/LABELLE ST @ CYRVILLE RD,372862.1573,5031870.486,-75.63026308,45.42345739,2015-09-03,12:08,01 - Clear,01 - Dry,01 - Traffic signal,03 - At intersection,01 - Daylight,03 - P.D. only,05 - Turning movement,Industrial Park
10470,IMPERIAL AVE btwn BRONSON AVE & CHAMBERLAIN AVE,367348.9736,5029661.93,-75.70098676,45.40410017,2015-06-22,8:30,01 - Clear,01 - Dry,10 - No control,04 - At/near private drive,01 - Daylight,03 - P.D. only,04 - Sideswipe,The Glebe
10471,MONK ST btwn FIFTH AVE & THORNTON AVE,368347.8829,5029355.812,-75.68826722,45.40125585,2015-06-22,13:59,01 - Clear,01 - Dry,10 - No control,01 - Non intersection,01 - Daylight,03 - P.D. only,06 - SMV unattended vehicle,The Glebe
10472,CARLING AVE WB btwn HWY417 IC124 RAMP76 & KIRKWOOD AVE,364226.2951,5027466.918,-75.74113727,45.38462193,2015-09-09,7:19,01 - Clear,01 - Dry,10 - No control,01 - Non intersection,01 - Daylight,03 - P.D. only,04 - Sideswipe,Westboro
10473,COPE @ TERRY FOX,353997.2701,5015345.668,-75.87295601,45.27634609,2015-09-09,7:25,01 - Clear,01 - Dry,01 - Traffic signal,03 - At intersection,01 - Daylight,03 - P.D. only,05 - Turning movement,Glen Cairn - Kanata South Business Park
10474,BRONSON AVE btwn SECOND AVE & THIRD AVE,367535.5769,5029128.279,-75.69867117,45.39928183,2015-06-26,19:20,01 - Clear,01 - Dry,10 - No control,01 - Non intersection,01 - Daylight,03 - P.D. only,03 - Rear end,The Glebe
10475,HUNT CLUB RD @ HWY417 HUNT CLUB IC108 RAMP52,376416.5641,5027444.644,-75.58549128,45.38328129,2015-01-26,16:00,01 - Clear,01 - Dry,02 - Stop sign,02 - Intersection related,01 - Daylight,03 - P.D. only,03 - Rear end,Greenbelt
10476,LEEDS AVE btwn SHEFFIELD RD & END,374994.5217,5029630.136,-75.60333688,45.4030892,2015-10-01,8:27,01 - Clear,01 - Dry,10 - No control,01 - Non intersection,01 - Daylight,03 - P.D. only,06 - SMV unattended vehicle,Industrial Park
10477,NOTRE DAME ST @ ORLEANS BLVD,380690.4605,5036864.777,-75.52947196,45.46758673,2015-10-01,17:34,01 - Clear,01 - Dry,02 - Stop sign,03 - At intersection,01 - Daylight,03 - P.D. only,02 - Angle,Orleans Village - Chateauneuf
10478,FIFTH AVE btwn CRAIG ST & MORRIS ST,368001.6491,5029163.162,-75.6927141,45.39955378,2015-06-21,15:00,01 - Clear,01 - Dry,10 - No control,01 - Non intersection,01 - Daylight,03 - P.D. only,06 - SMV unattended vehicle,The Glebe
10479,LYNDA LANE btwn BILLINGS AVE & SMYTH RD,371582.1729,5029097.764,-75.64699325,45.39863298,2015-07-01,0:00,01 - Clear,02 - Wet,10 - No control,01 - Non intersection,00 - Unknown,03 - P.D. only,06 - SMV unattended vehicle,Alta Vista