Record,Location,X,Y,lon,lat,Date,Time,Environment,Road_Surface,Traffic_Control,Collision_Location,Light,Collision_Classification,Impact_type,Neighborhood
10790,KING EDWARD AVE @ RIDEAU ST,368511.7072,5032412.867,-75.6857796,45.4287473,2015-12-02,7:20,01 - Clear,02 - Wet,01 - Traffic signal,03 - At intersection,03 - Dawn,03 - P.D. only,03 - Rear end,Lowe
10791,BANK ST btwn AYLMER AVE & EUCLID AVE,368698.1898,5028668.529,-75.68388204,45.39504001,2015-12-02,9:53,02 - Rain,02 - Wet,10 - No control,01 - Non intersection,01 - Daylight,03 - P.D. only,03 - Rear end,Old Ottawa South
10792,WALKLEY RD btwn COLLISTON CRES & CEDARWOOD DR,371121.4694,5026409.989,-75.65323832,45.37449317,2015-12-30,11:30,01 - Clear,04 - Slush,10 - No control,01 - Non intersection,01 - Daylight,03 - P.D. only,99 - Other,Ledbury - Heron Gate - Ridgemont - Elmwood
10793,CYRVILLE RD @ INNES RD,375046.4612,5031119.384,-75.60246128,45.41648345,2015-07-17,19:03,01 - Clear,01 - Dry,01 - Traffic signal,02 - Intersection related,01 - Daylight,03 - P.D. only,04 - Sideswipe,Industrial Park
10794,HIGHWAY 417 btwn HWY417 IC155 RAMP26 & HWY417 IC155 RAMP61,339708.6929,5019299.032,-76.0547862,45.312775,2015-04-13,22:30,02 - Rain,02 - Wet,10 - No control,01 - Non intersection,07 - Dark,03 - P.D. only,07 - SMV other,Carp - Hardwood Plains
10795,HIGHWAY 417 btwn HWY417 IC124 RAMP76 & HWY417 IC124 RAMP67,364448.3542,5027562.717,-75.73829029,45.38546504,2015-04-13,17:35,01 - Clear,01 - Dry,10 - No control,01 - Non intersection,01 - Daylight,03 - P.D. only,03 - Rear end,Westboro
10796,HIGHWAY 417 btwn HWY417 IC126 RAMP61 & HWY417 IC124 RAMP76,363672.9726,5026536.174,-75.74831347,45.37629396,2015-04-13,16:45,01 - Clear,01 - Dry,10 - No control,01 - Non intersection,01 - Daylight,03 - P.D. only,04 - Sideswipe,Carlingwood West - Glabar Park - McKellar Heights
10797,HIGHWAY 7 btwn HWY 7 HAZELDEAN RD IC RAMP 52 & HAZELDEAN RD,346336.2376,5012052.801,-75.97087047,45.24720978,2015-04-11,22:25,01 - Clear,01 - Dry,10 - No control,01 - Non intersection,07 - Dark,03 - P.D. only,07 - SMV other,Stittsville - Basswood
10798,HIGHWAY 417 btwn RAMP & HWY417 IC145 RAMP55,345975.5502,5014766.665,-75.97524017,45.27165151,2015-04-10,17:58,01 - Clear,01 - Dry,10 - No control,01 - Non intersection,01 - Daylight,03 - P.D. only,07 - SMV other,Stittsville - Basswood
10799,HIGHWAY 417 btwn HWY417 IC117 RAMP51 & HWY417 IC117 RAMP35,370721.2117,5031173.309,-75.65771155,45.41738951,2015-08-03,1:50,02 - Rain,02 - Wet,10 - No control,01 - Non intersection,07 - Dark,03 - P.D. only,04 - Sideswipe,Industrial Park
10800,HIGHWAY 417 btwn HWY417 IC112 RAMP66 & HWY417 IC112 RAMP56,374421.372,5030892.553,-75.61047911,45.41450502,2015-08-03,23:11,01 - Clear,01 - Dry,10 - No control,01 - Non intersection,07 - Dark,03 - P.D. only,07 - SMV other,Industrial Park
10801,HIGHWAY 417 btwn HIGHWAY 417 & HWY417 IC140 RAMP51,349455.1356,5017670.713,-75.93063552,45.29757075,2015-09-24,16:32,01 - Clear,01 - Dry,10 - No control,01 - Non intersection,01 - Daylight,03 - P.D. only,03 - Rear end,Kanata Lakes - Marchwood Lakeside - Morgan's Grant - Kanata
10802,RICHARDSON SIDE RD @ SPRUCE RIDGE RD,343201.3062,5014397.669,-76.01062358,45.26848808,2015-12-18,9:11,01 - Clear,01 - Dry,02 - Stop sign,03 - At intersection,01 - Daylight,03 - P.D. only,02 - Angle,Stittsville - Basswood
10803,HIGHWAY 417 btwn HWY417 IC104 RAMP16 & HWY417 IC104 RAMP61,380147.8848,5025927.548,-75.53808219,45.36924003,2015-04-02,7:20,04 - Freezing Rain,06 - Ice,10 - No control,01 - Non intersection,01 - Daylight,03 - P.D. only,07 - SMV other,Greenbelt
10804,HIGHWAY 417 btwn HWY417 IC124 RAMP76 & HWY417 IC124 RAMP67,364316.9463,5027387.266,-75.73998938,45.38389754,2015-04-16,15:35,01 - Clear,01 - Dry,10 - No control,01 - Non intersection,01 - Daylight,03 - P.D. only,03 - Rear end,Westboro
10805,HIGHWAY 417 btwn HWY417 IC118 RAMP57 & HWY417 IC118 RAMP35,369446.4788,5031031.646,-75.67401594,45.41623382,2015-04-16,14:45,01 - Clear,01 - Dry,10 - No control,01 - Non intersection,01 - Daylight,03 - P.D. only,03 - Rear end,Old Ottawa East
10806,HIGHWAY 417 btwn HWY417 IC121B RAMP51 & HWY417 IC121A RAMP51,366747.1597,5029566.607,-75.70868569,45.403296,2015-04-16,8:15,01 - Clear,01 - Dry,10 - No control,01 - Non intersection,01 - Daylight,03 - P.D. only,03 - Rear end,Little Italy
10807,RIDEAU ST btwn 88 W OF WILLIAM ST & WILLIAM ST,368059.8052,5032133.622,-75.69159009,45.42627577,2015-07-02,15:47,01 - Clear,01 - Dry,10 - No control,01 - Non intersection,01 - Daylight,03 - P.D. only,04 - Sideswipe,Byward Market - Parliament Hill
10808,BANK ST @ RIVERSIDE DR N,369226.4379,5027982.824,-75.6772254,45.38882185,2015-09-23,13:19,01 - Clear,01 - Dry,01 - Traffic signal,02 - Intersection related,01 - Daylight,03 - P.D. only,04 - Sideswipe,Alta Vista
10809,ALTA VISTA DR @ SMYTH RD,370431.9939,5029081.558,-75.66168501,45.39859593,2015-09-22,20:30,01 - Clear,01 - Dry,01 - Traffic signal,03 - At intersection,07 - Dark,03 - P.D. only,03 - Rear end,Alta Vista
10810,HAWTHORNE RD @ HUNT CLUB RD,375507.7499,5026405.807,-75.5972437,45.37402667,2015-12-02,17:17,01 - Clear,02 - Wet,01 - Traffic signal,02 - Intersection related,07 - Dark,03 - P.D. only,03 - Rear end,Industrial Park
10811,HAIG DR @ PLEASANT PARK RD,372401.2922,5028585.828,-75.636602,45.39394819,2015-12-03,15:37,01 - Clear,02 - Wet,02 - Stop sign,02 - Intersection related,01 - Daylight,03 - P.D. only,03 - Rear end,Elmvale - Eastway - Riverview - Riverview Park West
10812,VANIER PKWY SB btwn MONTREAL RD & MCARTHUR AVE,370087.1502,5033007.83,-75.66556905,45.43395524,2015-12-16,18:10,01 - Clear,01 - Dry,10 - No control,01 - Non intersection,07 - Dark,03 - P.D. only,04 - Sideswipe,Vanier South
10813,INNES RD btwn GREENVALE LANE & VISENEAU DR,381786.4767,5035067.78,-75.51573895,45.4512989,2015-12-21,11:07,04 - Freezing Rain,06 - Ice,10 - No control,01 - Non intersection,01 - Daylight,03 - P.D. only,04 - Sideswipe,Chapel Hill South
10814,HIGHWAY 417 btwn HWY417 IC112 RAMP65 & HWY417 IC112 RAMP55,374469.7475,5030807.355,-75.60987316,45.41373364,2015-04-10,15:43,01 - Clear,02 - Wet,10 - No control,01 - Non intersection,01 - Daylight,03 - P.D. only,03 - Rear end,Industrial Park
10815,HIGHWAY 417 btwn HWY417 IC121B RAMP51 & HWY417 IC121A RAMP51,366749.3258,5029568.051,-75.70865784,45.4033088,2015-04-30,16:30,01 - Clear,01 - Dry,10 - No control,01 - Non intersection,01 - Daylight,03 - P.D. only,03 - Rear end,Little Italy
10816,HIGHWAY 416 btwn HWY416 IC66 RAMP62 & HWY416 IC72 RAMP24,360319.0874,5017950.532,-75.79209559,45.29931411,2015-07-13,22:00,01 - Clear,01 - Dry,10 - No control,01 - Non intersection,07 - Dark,03 - P.D. only,07 - SMV other,Greenbelt
10817,HIGHWAY 417 btwn HWY417 IC96 RAMP61 & HWY417 IC88 RAMP16,392450.7565,5022909.438,-75.38158242,45.34065567,2015-07-14,6:45,01 - Clear,01 - Dry,10 - No control,01 - Non intersection,01 - Daylight,03 - P.D. only,03 - Rear end,Navan - Vars
10818,HIGHWAY 417 btwn HWY417 IC126 RAMP61 & HWY417 IC124 RAMP76,363854.9569,5026776.616,-75.74596135,45.37844211,2015-08-07,12:20,01 - Clear,01 - Dry,10 - No control,01 - Non intersection,01 - Daylight,03 - P.D. only,03 - Rear end,Carlingwood West - Glabar Park - McKellar Heights
10819,HIGHWAY 417 btwn HWY417 IC119B RAMP76 & HWY417 IC119A RAMP67,368286.8913,5030352.205,-75.68891792,45.41022661,2015-08-07,15:25,01 - Clear,01 - Dry,10 - No control,01 - Non intersection,01 - Daylight,03 - P.D. only,03 - Rear end,Centretown
10820,HIGHWAY 417 btwn HWY417 IC163 RAMP61 & HWY417 IC155 RAMP36,336200.159,5020232.59,-76.09947253,45.32134128,2015-04-12,5:45,01 - Clear,01 - Dry,10 - No control,01 - Non intersection,07 - Dark,03 - P.D. only,07 - SMV other,Carp - Hardwood Plains
10821,HIGHWAY 417 btwn HWY417 IC122 RAMP51 & HWY417 IC122 RAMP15,365319.1644,5028863.752,-75.72701149,45.39709678,2015-04-14,9:30,01 - Clear,01 - Dry,10 - No control,01 - Non intersection,01 - Daylight,03 - P.D. only,03 - Rear end,Civi
10822,HIGHWAY 417 btwn HIGHWAY 417 & HWY417 IC115 RAMP25,372626.6715,5031522.137,-75.63331986,45.42034598,2015-04-14,13:30,01 - Clear,01 - Dry,10 - No control,01 - Non intersection,01 - Daylight,03 - P.D. only,04 - Sideswipe,Industrial Park
10823,HIGHWAY 417 btwn HWY417 IC119A RAMP75 & HWY417 IC118 RAMP57,368669.6771,5030551.579,-75.68400228,45.41198568,2015-04-14,17:15,01 - Clear,01 - Dry,10 - No control,01 - Non intersection,01 - Daylight,03 - P.D. only,03 - Rear end,The Glebe
10824,ALBION RD btwn RIDEAU RD & TULLAMORE ST,375321.0809,5016167.286,-75.60108508,45.2819234,2015-11-28,10:36,01 - Clear,01 - Dry,10 - No control,04 - At/near private drive,01 - Daylight,03 - P.D. only,07 - SMV other,Greenbelt
10825,CARSON'S RD btwn MONTREAL RD & SETH PRIV,372836.3739,5034239.524,-75.63026513,45.44477532,2015-10-02,12:10,01 - Clear,01 - Dry,10 - No control,04 - At/near private drive,01 - Daylight,03 - P.D. only,05 - Turning movement,Carson Grove - Carson Meadows
10826,RIDEAU VALLEY DR    S btwn OLD WELLINGTON ST & LOCKHEAD RD E,372034.8751,5000520.939,-75.64508068,45.14146135,2015-09-30,11:30,01 - Clear,01 - Dry,10 - No control,04 - At/near private drive,01 - Daylight,03 - P.D. only,02 - Angle,Kars - Osgoode
10827,WOODROFFE AVE @ FIRESTATION,362495.519,5023912.477,-75.76365221,45.35278413,2015-12-09,9:31,01 - Clear,01 - Dry,01 - Traffic signal,02 - Intersection related,01 - Daylight,03 - P.D. only,04 - Sideswipe,Iris
10828,O'CONNOR ST @ QUEEN ST,367497.7001,5031587.023,-75.6988422,45.42140826,2015-12-09,16:18,01 - Clear,01 - Dry,01 - Traffic signal,02 - Intersection related,05 - Dusk,03 - P.D. only,03 - Rear end,Downtown
10829,KIRKWOOD AVE @ LAPERRIERE AVE,364520.448,5026958.686,-75.73744281,45.38002393,2015-12-21,16:13,01 - Clear,01 - Dry,01 - Traffic signal,02 - Intersection related,05 - Dusk,03 - P.D. only,03 - Rear end,Carlington
10830,RIVERSIDE DR NB btwn RIVERSIDE DR SPLIT & DATA CENTRE RD,368801.2396,5027581.654,-75.68270697,45.38525123,2015-12-22,17:02,02 - Rain,02 - Wet,10 - No control,01 - Non intersection,07 - Dark,03 - P.D. only,03 - Rear end,Alta Vista
10831,HIGHWAY 417 btwn HWY417 IC117 RAMP36 & HWY417 IC117 RAMP26,370723.3777,5031189.915,-75.65768166,45.41753872,2015-04-27,8:10,01 - Clear,01 - Dry,10 - No control,01 - Non intersection,01 - Daylight,03 - P.D. only,03 - Rear end,Industrial Park
10832,HIGHWAY 417 btwn HWY417 IC127 RAMP63 & HWY417 IC127 RAMP67,362155.6111,5024875.258,-75.76787827,45.36147504,2015-04-27,16:15,01 - Clear,01 - Dry,10 - No control,01 - Non intersection,01 - Daylight,03 - P.D. only,03 - Rear end,Carlingwood West - Glabar Park - McKellar Heights
10833,HIGHWAY 417 btwn HWY417 IC121B RAMP51 & HWY417 IC121A RAMP51,366755.1019,5029568.773,-75.70858397,45.40331478,2015-04-28,8:10,01 - Clear,01 - Dry,10 - No control,01 - Non intersection,01 - Daylight,03 - P.D. only,03 - Rear end,Little Italy
10834,HIGHWAY 417 btwn HWY417 IC121A RAMP51 & HWY417 IC120A RAMP52,367107.148,5029672.608,-75.70407424,45.40421781,2015-04-28,8:20,01 - Clear,01 - Dry,10 - No control,01 - Non intersection,01 - Daylight,03 - P.D. only,03 - Rear end,The Glebe Annex
10835,HIGHWAY 417 btwn HWY417 IC96 RAMP61 & HWY417 IC88 RAMP16,392415.1964,5022899.278,-75.38203787,45.3405687,2015-07-14,8:10,01 - Clear,01 - Dry,10 - No control,01 - Non intersection,01 - Daylight,03 - P.D. only,03 - Rear end,Navan - Vars
10836,HIGHWAY 417 btwn HWY417 IC113 RAMP85 & HWY417 IC112 RAMP54,374035.3132,5031604.57,-75.61531098,45.42094969,2015-07-14,12:20,01 - Clear,01 - Dry,10 - No control,01 - Non intersection,01 - Daylight,03 - P.D. only,04 - Sideswipe,Pineview
10837,HIGHWAY 417 btwn HWY417 IC138 RAMP51 & HWY417 IC138 RAMP35,352850.8995,5020152.416,-75.88710043,45.31967763,2015-07-14,22:10,01 - Clear,01 - Dry,10 - No control,01 - Non intersection,07 - Dark,03 - P.D. only,03 - Rear end,Katimavik - Hazeldean
10838,HIGHWAY 417 btwn HWY417 IC118 RAMP76 & HWY417 IC118 RAMP67,369549.5526,5031106.971,-75.67268921,45.41690203,2015-07-13,10:30,01 - Clear,01 - Dry,10 - No control,01 - Non intersection,01 - Daylight,03 - P.D. only,03 - Rear end,Sandy Hill
10839,HIGHWAY 417 btwn HWY417 IC123 RAMP62 & HWY417 IC122 RAMP16,365128.762,5028706.317,-75.72946246,45.39569664,2015-08-07,15:30,01 - Clear,01 - Dry,10 - No control,01 - Non intersection,01 - Daylight,03 - P.D. only,03 - Rear end,Civic Hospital - Experimental Farm - Central Park
10840,HIGHWAY 417 btwn HWY417 IC118 RAMP67 & HWY417 IC117 RAMP36,370269.9481,5031124.933,-75.66348325,45.41699661,2015-08-07,17:00,01 - Clear,01 - Dry,10 - No control,01 - Non intersection,01 - Daylight,03 - P.D. only,03 - Rear end,Ol
10841,HIGHWAY 417 btwn HWY417 IC129 RAMP25 & HWY417 IC129 RAMP35,360746.4715,5023751.483,-75.78599114,45.35147723,2015-08-07,17:15,01 - Clear,01 - Dry,10 - No control,01 - Non intersection,01 - Daylight,03 - P.D. only,03 - Rear end,Iris
10842,HIGHWAY 416 btwn HWY416 IC57 RAMP24 & HWY416 IC49 RAMP42,365760.9154,5006335.945,-75.72413893,45.19435485,2015-08-07,21:00,01 - Clear,01 - Dry,10 - No control,01 - Non intersection,07 - Dark,03 - P.D. only,07 - SMV other,Manotick - North Gower
10843,INNES RD @ JEANNE D'ARC BLVD/MER BLEUE RD,382638.0003,5035568.033,-75.50477482,45.45570543,2015-11-10,16:25,01 - Clear,01 - Dry,01 - Traffic signal,02 - Intersection related,05 - Dusk,03 - P.D. only,03 - Rear end,Chapel Hill South
10844,ST. JOSEPH BLVD @ JEANNE D'ARC BLVD,379861.7564,5036471.834,-75.54012838,45.46414088,2015-05-21,9:51,01 - Clear,01 - Dry,11 - Roundabout,02 - Intersection related,01 - Daylight,03 - P.D. only,02 - Angle,Chapel Hill
10845,HIGHWAY 417 btwn HWY417 IC121B RAMP51 & HWY417 IC121A RAMP51,366770.2644,5029573.105,-75.70838976,45.40335242,2015-04-15,7:00,01 - Clear,01 - Dry,10 - No control,01 - Non intersection,01 - Daylight,03 - P.D. only,03 - Rear end,The Glebe Annex
10846,HIGHWAY 417 btwn HWY417 IC129 RAMP25 & HWY417 IC129 RAMP35,360500.4703,5023558.235,-75.78915222,45.34975797,2015-04-15,8:15,01 - Clear,01 - Dry,10 - No control,01 - Non intersection,01 - Daylight,03 - P.D. only,03 - Rear end,Iris
10847,HIGHWAY 417 btwn HWY417 IC122 RAMP51 & HWY417 IC122 RAMP15,365348.2506,5028882.378,-75.72663773,45.39726185,2015-04-15,8:45,01 - Clear,01 - Dry,10 - No control,01 - Non intersection,01 - Daylight,03 - P.D. only,03 - Rear end,Civi
10848,HIGHWAY 417 btwn HWY417 IC118 RAMP57 & HWY417 IC118 RAMP35,369426.9842,5031021.538,-75.67426632,45.41614467,2015-04-15,15:20,01 - Clear,01 - Dry,10 - No control,01 - Non intersection,01 - Daylight,03 - P.D. only,03 - Rear end,Old Ottawa East
10849,L'ALLEMAND ST @ MONTREAL RD,370570.9864,5033347.867,-75.65934041,45.43696941,2015-09-11,22:27,01 - Clear,01 - Dry,02 - Stop sign,02 - Intersection related,07 - Dark,03 - P.D. only,07 - SMV other,Vanier North
10850,FALLOWFIELD RD @ MERIVALE RD,366891.7126,5018844.469,-75.708186,45.30680751,2015-10-03,4:29,01 - Clear,01 - Dry,01 - Traffic signal,03 - At intersection,07 - Dark,03 - P.D. only,02 - Angle,Greenbelt
10851,KING EDWARD AVE NB btwn CATHCART ST & BRUYERE ST,368118.9738,5033081.603,-75.69071214,45.43480001,2015-10-03,15:31,01 - Clear,01 - Dry,10 - No control,01 - Non intersection,01 - Daylight,03 - P.D. only,03 - Rear end,Lower Town
10852,ALTA VISTA DR @ SMYTH RD,370432.7159,5029082.28,-75.6616757,45.39860236,2015-12-11,7:06,01 - Clear,01 - Dry,01 - Traffic signal,02 - Intersection related,03 - Dawn,03 - P.D. only,05 - Turning movement,Alta Vista
10853,QUEENSDALE AVE @ ALBION RD,372446.741,5022923.957,-75.63679687,45.34300044,2015-12-11,15:39,02 - Rain,02 - Wet,02 - Stop sign,03 - At intersection,01 - Daylight,03 - P.D. only,01 - Approaching,Blossom Park - Blossom Park West - Sawmill Creek/ Timbermill
10854,RIVERSIDE DR @ UPLANDS DR/KIMBERWICK CRES N,368193.994,5022793.5,-75.69107495,45.34222383,2015-12-23,17:39,02 - Rain,02 - Wet,01 - Traffic signal,02 - Intersection related,07 - Dark,03 - P.D. only,05 - Turning movement,Hunt Club Woods - Quintarra - Revelstoke - Riverside South P
10855,MCARTHUR AVE @ VANIER PKWY,370218.705,5032691.308,-75.66392989,45.43109502,2015-12-30,8:06,05 - Drifting Snow,02 - Wet,01 - Traffic signal,02 - Intersection related,03 - Dawn,03 - P.D. only,02 - Angle,Vanier South
10856,HIGHWAY 417 btwn HWY417 IC134 RAMP36 & HWY417 IC134 RAMP26,356346.9868,5022251.263,-75.8422914,45.33831531,2015-04-28,15:55,01 - Clear,01 - Dry,10 - No control,01 - Non intersection,01 - Daylight,03 - P.D. only,03 - Rear end,Greenbelt
10857,HIGHWAY 417 btwn HWY417 IC129 RAMP25 & HWY417 IC129 RAMP35,360478.0876,5023542.351,-75.78943963,45.34961683,2015-04-28,17:50,01 - Clear,01 - Dry,10 - No control,01 - Non intersection,01 - Daylight,03 - P.D. only,03 - Rear end,Whitehaven - Queensway Terrace North
10858,HIGHWAY 417 btwn HWY417 IC130 RAMP35 & HWY417 IC130 RAMP25,359246.3187,5023067.261,-75.80521052,45.34543867,2015-04-29,17:30,01 - Clear,01 - Dry,10 - No control,01 - Non intersection,01 - Daylight,03 - P.D. only,04 - Sideswipe,Qualicum - Redwood Park
10859,HIGHWAY 417 btwn HWY417 IC123 RAMP62 & HWY417 IC122 RAMP16,365022.6336,5028524.33,-75.73084005,45.3940683,2015-04-30,15:45,01 - Clear,01 - Dry,10 - No control,01 - Non intersection,01 - Daylight,03 - P.D. only,04 - Sideswipe,Island Park
10860,HIGHWAY 417 btwn HWY417 IC126 RAMP61 & HWY417 IC124 RAMP76,364087.3434,5027097.013,-75.74295593,45.38130536,2015-07-15,16:00,01 - Clear,01 - Dry,10 - No control,01 - Non intersection,01 - Daylight,03 - P.D. only,04 - Sideswipe,Carlingwood West - Glabar Park - McKellar Heights
10861,HIGHWAY 417 btwn HWY417 IC118 RAMP67 & HWY417 IC117 RAMP36,370264.894,5031122.767,-75.6635481,45.4169776,2015-07-17,16:50,02 - Rain,02 - Wet,10 - No control,01 - Non intersection,01 - Daylight,03 - P.D. only,03 - Rear end,Ol
10862,HIGHWAY 417 btwn HWY417 IC119A RAMP67 & HWY417 IC118 RAMP76,368958.0735,5030715.773,-75.68029674,45.41343666,2015-08-07,21:10,01 - Clear,01 - Dry,10 - No control,01 - Non intersection,07 - Dark,03 - P.D. only,03 - Rear end,Old Ottawa East
10863,HIGHWAY 417 btwn HWY417 IC119A RAMP67 & HWY417 IC118 RAMP76,368683.7452,5030584.159,-75.68381834,45.41227754,2015-08-07,22:15,01 - Clear,01 - Dry,10 - No control,01 - Non intersection,07 - Dark,03 - P.D. only,07 - SMV other,The Glebe
10864,HWY 416 ACRES IC75R24 @ HOLLY ACRES RD,358759.7546,5022869.074,-75.81144073,45.34369297,2015-08-08,15:21,01 - Clear,01 - Dry,01 - Traffic signal,02 - Intersection related,01 - Daylight,03 - P.D. only,03 - Rear end,Greenbelt
10865,BESSERER ST @ DALHOUSIE ST,368252.0431,5032157.794,-75.68913057,45.42647585,2015-10-31,0:47,01 - Clear,01 - Dry,01 - Traffic signal,03 - At intersection,07 - Dark,03 - P.D. only,04 - Sideswipe,Byward Market - Parliament Hill
10866,MAITLAND AVE btwn HWY417 IC126 RAMP63 & HWY417 IC126 RAMP52,363188.6262,5025875.176,-75.75457519,45.37038691,2015-06-03,17:23,01 - Clear,01 - Dry,10 - No control,07 - Overpass or bridge,01 - Daylight,03 - P.D. only,04 - Sideswipe,Carlingwood West - Glabar Park - McKellar Heights
10867,HIGHWAY 417 btwn HWY417 IC115 RAMP35 & HIGHWAY 417,372475.769,5031501.199,-75.63525073,45.42017221,2015-04-15,16:45,01 - Clear,01 - Dry,10 - No control,01 - Non intersection,01 - Daylight,03 - P.D. only,04 - Sideswipe,Industrial Park
10868,HWY417 IC131 RAMP66 btwn HWY417 IC130 RAMP36 & HWY417 IC131 RAMP63,358425.4266,5022886.764,-75.81570473,45.34387779,2015-04-17,13:00,01 - Clear,01 - Dry,10 - No control,01 - Non intersection,01 - Daylight,03 - P.D. only,03 - Rear end,Greenbelt
10869,HIGHWAY 417 btwn HWY417 IC120A RAMP52 & HWY417 IC119B RAMP57,367874.7156,5030053.11,-75.69422145,45.40757271,2015-04-17,15:31,01 - Clear,01 - Dry,10 - No control,01 - Non intersection,01 - Daylight,03 - P.D. only,03 - Rear end,The Glebe
10870,GLEBE AVE @ O'CONNOR ST,368508.4287,5029949.561,-75.68613997,45.40658362,2015-10-01,11:00,01 - Clear,01 - Dry,02 - Stop sign,03 - At intersection,01 - Daylight,03 - P.D. only,02 - Angle,The Glebe
10871,RIDEAU ST btwn CUMBERLAND ST & KING EDWARD AVE,368437.6753,5032369.516,-75.68673122,45.42836398,2015-10-12,15:52,01 - Clear,01 - Dry,10 - No control,04 - At/near private drive,01 - Daylight,03 - P.D. only,04 - Sideswipe,Lowe
10872,ST. JOSEPH BLVD @ JEANNE D'ARC BLVD,379859.2985,5036473.025,-75.54015962,45.46415186,2015-10-17,16:12,01 - Clear,01 - Dry,11 - Roundabout,03 - At intersection,01 - Daylight,03 - P.D. only,04 - Sideswipe,Greenbelt
10873,ALTA VISTA DR @ SMYTH RD,370434.1599,5029081.558,-75.66165735,45.39859573,2015-12-15,12:50,01 - Clear,01 - Dry,01 - Traffic signal,02 - Intersection related,01 - Daylight,03 - P.D. only,03 - Rear end,Alta Vista
10874,PRINCE OF WALES DR @ WEST HUNT CLUB RD,367458.7103,5021891.503,-75.70057067,45.33417389,2015-12-16,17:30,01 - Clear,01 - Dry,01 - Traffic signal,02 - Intersection related,07 - Dark,03 - P.D. only,04 - Sideswipe,Industrial Park
10875,HIGHWAY 416 btwn HWY416 IC66 RAMP24 & HWY416 IC57 RAMP62,362779.7222,5011773.486,-75.76144473,45.243534,2015-02-06,9:40,01 - Clear,06 - Ice,10 - No control,01 - Non intersection,01 - Daylight,03 - P.D. only,07 - SMV other,Munster Hamlet - Richmond
10876,HIGHWAY 417 btwn HWY417 IC123 RAMP62 & HWY417 IC122 RAMP16,364828.4336,5028169.394,-75.73336332,45.39089133,2015-02-06,11:16,01 - Clear,04 - Slush,10 - No control,01 - Non intersection,01 - Daylight,03 - P.D. only,03 - Rear end,Island Park
10877,HIGHWAY 417 btwn HWY417 IC134 RAMP35 & HWY417 IC134 RAMP25,356774.4236,5022442.598,-75.83681783,45.34000542,2015-02-03,7:25,01 - Clear,06 - Ice,10 - No control,01 - Non intersection,01 - Daylight,03 - P.D. only,99 - Other,Greenbelt
10878,HIGHWAY 417 btwn HWY417 IC118 RAMP76 & HWY417 IC118 RAMP67,369510.3814,5031089.554,-75.67319194,45.41674895,2015-07-17,22:15,02 - Rain,02 - Wet,10 - No control,01 - Non intersection,07 - Dark,03 - P.D. only,04 - Sideswipe,Sandy Hill
10879,HIGHWAY 417 btwn HWY417 IC163 RAMP61 & HWY417 IC155 RAMP36,336185.1,5020225.906,-76.09966504,45.32128181,2015-07-19,5:45,01 - Clear,01 - Dry,10 - No control,01 - Non intersection,03 - Dawn,03 - P.D. only,07 - SMV other,Carp - Hardwood Plains
10880,HIGHWAY 7 btwn HAZELDEAN IC RAMP 53 & HIGHWAY 7,345942.8992,5011545.95,-75.97592293,45.24267201,2015-07-19,18:20,01 - Clear,01 - Dry,10 - No control,01 - Non intersection,01 - Daylight,03 - P.D. only,07 - SMV other,Stittsville - Basswood
10881,CLEGG ST @ COLONEL BY DR,368967.6292,5029742.622,-75.68030133,45.4046797,2015-01-14,12:05,01 - Clear,06 - Ice,02 - Stop sign,02 - Intersection related,01 - Daylight,03 - P.D. only,03 - Rear end,Old Ottawa East
10882,CLEGG ST @ COLONEL BY DR,368968.6432,5029742.115,-75.68028844,45.40467505,2015-01-22,11:40,01 - Clear,02 - Wet,02 - Stop sign,02 - Intersection related,01 - Daylight,03 - P.D. only,02 - Angle,Old Ottawa East
10883,CLEGG ST @ COLONEL BY DR,368966.6153,5029743.129,-75.68031421,45.40468436,2015-02-10,16:56,01 - Clear,02 - Wet,02 - Stop sign,02 - Intersection related,01 - Daylight,03 - P.D. only,03 - Rear end,Old Ottawa East
10884,CLEGG ST @ COLONEL BY DR,368967.6292,5029742.622,-75.68030133,45.4046797,2015-08-29,21:01,02 - Rain,02 - Wet,01 - Traffic signal,03 - At intersection,07 - Dark,03 - P.D. only,03 - Rear end,Old Ottawa East
10885,WOODROFFE AVE btwn TO BE DETERMINED & END,366693.1102,5013959.985,-75.71132766,45.26287484,2015-12-30,14:18,01 - Clear,01 - Dry,10 - No control,04 - At/near private drive,01 - Daylight,03 - P.D. only,02 - Angle,New Barrhaven
10886,HIGHWAY 417 btwn HWY417 IC118 RAMP76 & HWY417 IC118 RAMP67,369494.8543,5031077.134,-75.67339194,45.41663863,2015-04-19,10:55,01 - Clear,01 - Dry,10 - No control,01 - Non intersection,01 - Daylight,03 - P.D. only,04 - Sideswipe,Sandy Hill
10887,HIGHWAY 417 btwn HWY417 IC138 RAMP61 & HWY417 IC134 RAMP36,355528.2142,5021767.508,-75.85278736,45.3340221,2015-04-20,13:30,02 - Rain,02 - Wet,10 - No control,01 - Non intersection,01 - Daylight,03 - P.D. only,99 - Other,Greenbelt
10888,HWY 417 MAITLAND IC126R36 @ MAITLAND AVE,363123.5141,5026034.369,-75.75538758,45.37182473,2015-04-20,16:05,01 - Clear,02 - Wet,10 - No control,02 - Intersection related,01 - Daylight,03 - P.D. only,03 - Rear end,Carlingwood West - Glabar Park - McKellar Heights
10889,ASHTON STATION RD btwn COPELAND RD & FRANKTOWN RD,345264.7658,4997670.126,-75.98568602,45.11784865,2015-04-21,16:15,01 - Clear,00 - Unknown,10 - No control,01 - Non intersection,01 - Daylight,03 - P.D. only,07 - SMV other,Beckwith
10890,FISHER AVE btwn BASELINE RD & MALIBU TER,366206.4048,5025933.226,-75.71604471,45.37065131,2015-12-17,16:15,02 - Rain,02 - Wet,10 - No control,01 - Non intersection,05 - Dusk,03 - P.D. only,05 - Turning movement,Civic Hospital - Experimental Farm - Central Park