Record,Location,X,Y,lon,lat,Date,Time,Environment,Road_Surface,Traffic_Control,Collision_Location,Light,Collision_Classification,Impact_type,Neighborhood
11092,HIGHWAY 417 btwn HWY417 IC126 RAMP61 & HWY417 IC124 RAMP76,363246.2578,5025979.495,-75.75382715,45.37132076,2015-03-19,17:15,01 - Clear,01 - Dry,10 - No control,01 - Non intersection,01 - Daylight,03 - P.D. only,04 - Sideswipe,Carlingwood West - Glabar Park - McKellar Heights
11093,MONTREAL RD @ SHEFFORD RD,376125.7305,5034853.575,-75.58813225,45.44997228,2015-12-07,7:01,01 - Clear,01 - Dry,01 - Traffic signal,03 - At intersection,03 - Dawn,03 - P.D. only,05 - Turning movement,Beacon Hill South - Cardinal Heights
11094,INNES RD btwn STAR TOP RD & HWY417 IC112 RAMP55,374162.1662,5030678.113,-75.61382065,45.41260134,2015-06-11,13:35,01 - Clear,01 - Dry,10 - No control,01 - Non intersection,01 - Daylight,03 - P.D. only,03 - Rear end,Industrial Park
11095,VIEWMOUNT DR @ MERIVALE RD,365194.4191,5022950.661,-75.72932761,45.3439026,2015-06-30,22:02,01 - Clear,01 - Dry,01 - Traffic signal,02 - Intersection related,07 - Dark,03 - P.D. only,04 - Sideswipe,Borden Farm - Stewart Farm - Parkwood Hills - Fisher Glen
11096,CHAPEL ST @ STEWART ST,369013.7081,5032439.314,-75.67936136,45.42893935,2015-11-24,9:24,03 - Snow,03 - Loose snow,02 - Stop sign,02 - Intersection related,01 - Daylight,03 - P.D. only,03 - Rear end,Sandy Hill
11097,MARIPOSA AVE @ SPRINGFIELD RD,369060.6988,5034593.332,-75.67847968,45.44831604,2015-11-24,18:46,01 - Clear,02 - Wet,02 - Stop sign,03 - At intersection,07 - Dark,03 - P.D. only,02 - Angle,Rockcliffe - Manor Park
11098,KING EDWARD AVE @ RIDEAU ST,368510.9852,5032412.145,-75.68578892,45.42874087,2015-12-31,11:36,01 - Clear,02 - Wet,01 - Traffic signal,02 - Intersection related,01 - Daylight,03 - P.D. only,04 - Sideswipe,Lowe
11099,MONTREAL RD btwn HOCHELAGA ST & BURMA RD,373068.7614,5034502.477,-75.6272583,45.44711858,2015-12-16,16:49,01 - Clear,01 - Dry,10 - No control,01 - Non intersection,05 - Dusk,03 - P.D. only,03 - Rear end,Gloucester
11100,HIGHWAY 417 btwn HWY417 IC130 RAMP26 & HIGHWAY 417,359459.3936,5023111.673,-75.80248676,45.34582172,2015-04-02,18:57,01 - Clear,01 - Dry,10 - No control,01 - Non intersection,01 - Daylight,03 - P.D. only,99 - Other,Bayshore
11101,HIGHWAY 7 btwn ASHTON STATION RD & OVERPASS RD,340019.7926,5003808.662,-76.05191577,45.17336836,2015-04-05,1:38,01 - Clear,01 - Dry,10 - No control,01 - Non intersection,07 - Dark,03 - P.D. only,07 - SMV other,Munster Hamlet - Richmond
11102,HWY417 IC118 RAMP52 btwn HWY417 IC118 RAMP57 & HWY417 IC118 RAMP62,369312.9048,5030891.574,-75.67574076,45.41498583,2015-04-05,23:32,01 - Clear,01 - Dry,10 - No control,01 - Non intersection,07 - Dark,03 - P.D. only,07 - SMV other,Old Ottawa East
11103,HIGHWAY 417 btwn HWY417 IC118 RAMP57 & HWY417 IC118 RAMP35,369403.1575,5030999.877,-75.67457356,45.41595197,2015-07-29,16:50,01 - Clear,01 - Dry,10 - No control,01 - Non intersection,01 - Daylight,03 - P.D. only,03 - Rear end,Old Ottawa East
11104,HWY417 IC117 RAMP26 btwn HIGHWAY 417 & VANIER PKWY,370806.0456,5031370.275,-75.65660135,45.41915373,2015-07-30,11:40,01 - Clear,01 - Dry,10 - No control,01 - Non intersection,01 - Daylight,03 - P.D. only,03 - Rear end,Overbrook
11105,HIGHWAY 417 btwn HWY417 IC110 RAMP55 & HWY417 IC104 RAMP51,377847.2847,5026386.79,-75.56738058,45.37361559,2015-07-30,16:35,01 - Clear,01 - Dry,10 - No control,01 - Non intersection,01 - Daylight,03 - P.D. only,04 - Sideswipe,Greenbelt
11106,HIGHWAY 417 btwn HWY417 IC134 RAMP61 & HWY417 IC131 RAMP66,357305.0626,5022659.287,-75.83002446,45.34191569,2015-07-30,16:47,01 - Clear,01 - Dry,10 - No control,01 - Non intersection,01 - Daylight,03 - P.D. only,03 - Rear end,Greenbelt
11107,HIGHWAY 417 btwn HWY417 IC96 RAMP61 & HWY417 IC88 RAMP16,392438.5487,5022909.764,-75.3817381,45.34066013,2015-09-21,0:01,02 - Rain,02 - Wet,10 - No control,01 - Non intersection,07 - Dark,03 - P.D. only,07 - SMV other,Navan - Vars
11108,HIGHWAY 417 btwn HWY417 IC122 RAMP15 & HWY417 IC121B RAMP51,366456.7838,5029479.253,-75.71240553,45.40253564,2015-09-22,9:00,01 - Clear,01 - Dry,10 - No control,01 - Non intersection,01 - Daylight,03 - P.D. only,04 - Sideswipe,Little Italy
11109,HIGHWAY 417 btwn HWY417 IC121A RAMP61 & HWY417 IC120B RAMP36,367540.801,5029885.575,-75.6985081,45.40609529,2015-09-22,9:20,01 - Clear,01 - Dry,10 - No control,01 - Non intersection,01 - Daylight,03 - P.D. only,03 - Rear end,The Glebe
11110,HIGHWAY 416 btwn HWY416 IC66 RAMP62 & HWY416 IC66 RAMP52,360019.9081,5014866.756,-75.79625322,45.27158958,2015-11-18,12:10,01 - Clear,01 - Dry,10 - No control,01 - Non intersection,01 - Daylight,03 - P.D. only,07 - SMV other,Munster Hamlet - Richmond
11111,HIGHWAY 416 btwn HWY416 IC42 RAMP43 & END,372549.7697,4994022.882,-75.63941355,45.08294244,2015-11-20,0:07,01 - Clear,01 - Dry,10 - No control,01 - Non intersection,07 - Dark,03 - P.D. only,07 - SMV other,Manotic
11112,HIGHWAY 417 btwn HWY417 IC117 RAMP25 & HWY417 IC115 RAMP51,371855.5524,5031435.495,-75.64318379,45.41964075,2015-11-20,14:07,01 - Clear,01 - Dry,10 - No control,01 - Non intersection,01 - Daylight,03 - P.D. only,04 - Sideswipe,Industrial Park
11113,HWY417 IC131 RAMP66 btwn HWY417 IC130 RAMP36 & HWY417 IC131 RAMP63,358554.9039,5022928.413,-75.81404811,45.34424264,2015-11-20,17:20,01 - Clear,01 - Dry,10 - No control,01 - Non intersection,07 - Dark,03 - P.D. only,03 - Rear end,Greenbelt
11114,ENFIELD AVE @ MCARTHUR AVE,370340.7142,5032704.827,-75.66236895,45.43120523,2015-11-27,9:03,02 - Rain,02 - Wet,02 - Stop sign,02 - Intersection related,01 - Daylight,03 - P.D. only,04 - Sideswipe,Vanier South
11115,BELFAST RD btwn TRIOLE ST & MICHAEL ST,373123.6034,5030675.773,-75.62708821,45.41268245,2015-12-02,19:15,01 - Clear,01 - Dry,10 - No control,01 - Non intersection,07 - Dark,03 - P.D. only,06 - SMV unattended vehicle,Industrial Park
11116,HIGHWAY 417 btwn HWY417 IC127 RAMP25 & HWY417 IC126 RAMP51,362955.5237,5025533.767,-75.75759105,45.36733434,2015-03-30,7:55,03 - Snow,02 - Wet,10 - No control,01 - Non intersection,01 - Daylight,03 - P.D. only,04 - Sideswipe,Braemar Park - Bel Air Heights - Copeland Park
11117,HIGHWAY 417 btwn HWY417 IC121A RAMP16 & HWY417 IC121A RAMP61,367261.2756,5029758.212,-75.70209473,45.40497432,2015-03-21,3:00,01 - Clear,01 - Dry,10 - No control,01 - Non intersection,07 - Dark,03 - P.D. only,03 - Rear end,Centretown West
11118,HIGHWAY 417 btwn HWY417 IC118 RAMP35 & HWY417 IC117 RAMP51,370244.3128,5031107.459,-75.66381308,45.41684179,2015-04-01,0:04,01 - Clear,01 - Dry,10 - No control,01 - Non intersection,07 - Dark,03 - P.D. only,04 - Sideswipe,Old Ottawa East
11119,PLACE D'ORLEANS DR @ OR174 IC102 RAMP51/TRANSI,381391.7378,5038030.592,-75.52032323,45.47799921,2015-10-08,5:48,01 - Clear,01 - Dry,01 - Traffic signal,03 - At intersection,07 - Dark,03 - P.D. only,02 - Angle,Industrial Park
11120,DEBRA AVE btwn BELLAMY ST & END,366949.0922,5025499.596,-75.70661852,45.36668414,2015-07-31,13:35,01 - Clear,01 - Dry,10 - No control,01 - Non intersection,01 - Daylight,03 - P.D. only,06 - SMV unattended vehicle,Carleton Heights - Rideauview
11121,BRONSON AVE @ CATHERINE ST/RAYMOND ST,367252.7085,5029797.289,-75.70219921,45.40532669,2015-08-22,10:04,01 - Clear,01 - Dry,01 - Traffic signal,02 - Intersection related,01 - Daylight,03 - P.D. only,03 - Rear end,Centretown West
11122,CUBA AVE @ SMYTH RD,373006.2899,5029347.553,-75.6287706,45.40074318,2015-11-27,8:30,01 - Clear,01 - Dry,02 - Stop sign,02 - Intersection related,01 - Daylight,03 - P.D. only,04 - Sideswipe,Elmvale - Eastway - Riverview - Riverview Park West
11123,HERON RD @ FINN CRT,370830.6773,5026945.686,-75.65687898,45.37934065,2015-11-27,18:16,02 - Rain,02 - Wet,01 - Traffic signal,02 - Intersection related,07 - Dark,03 - P.D. only,03 - Rear end,Ledbury - Heron Gate - Ridgemont - Elmwood
11124,O'CONNOR ST @ WELLINGTON ST,367413.6992,5031724.027,-75.69989806,45.4226485,2015-12-19,20:52,03 - Snow,03 - Loose snow,01 - Traffic signal,02 - Intersection related,07 - Dark,03 - P.D. only,04 - Sideswipe,Downtown
11125,KIRKWOOD AVE N @ CARLING AVE,364275.1662,5027494.228,-75.74050996,45.38486351,2015-12-21,11:24,04 - Freezing Rain,04 - Slush,01 - Traffic signal,02 - Intersection related,01 - Daylight,03 - P.D. only,04 - Sideswipe,Westboro
11126,HIGHWAY 417 btwn HWY417 IC163 RAMP15 & HWY417 IC155 RAMP51,332666.3174,5021097.96,-76.14449913,45.32927752,2015-04-07,13:30,01 - Clear,01 - Dry,10 - No control,01 - Non intersection,01 - Daylight,03 - P.D. only,07 - SMV other,Carp - Hardwood Plains
11127,HIGHWAY 417 btwn HWY417 IC115 RAMP36 & HWY417 IC115 RAMP26,372388.4043,5031513.473,-75.63636525,45.42029109,2015-04-08,15:25,01 - Clear,01 - Dry,10 - No control,01 - Non intersection,01 - Daylight,03 - P.D. only,03 - Rear end,Overbrook
11128,HIGHWAY 417 btwn HWY417 IC120A RAMP52 & HWY417 IC119B RAMP57,367923.8131,5030087.045,-75.69358995,45.40787362,2015-04-08,15:50,01 - Clear,01 - Dry,10 - No control,01 - Non intersection,01 - Daylight,03 - P.D. only,03 - Rear end,The Glebe
11129,HIGHWAY 417 btwn HWY417 IC112 RAMP66 & HWY417 IC112 RAMP56,374411.9857,5030896.163,-75.61059851,45.41453844,2015-07-31,9:15,01 - Clear,01 - Dry,10 - No control,01 - Non intersection,01 - Daylight,03 - P.D. only,04 - Sideswipe,Industrial Park
11130,HIGHWAY 417 btwn HWY417 IC124 RAMP76 & HWY417 IC124 RAMP67,364449.7983,5027564.883,-75.73827159,45.3854844,2015-07-31,14:25,01 - Clear,01 - Dry,10 - No control,01 - Non intersection,01 - Daylight,03 - P.D. only,03 - Rear end,Westboro
11131,HIGHWAY 417 btwn HWY417 IC126 RAMP25 & HWY417 IC124 RAMP57,363667.9184,5026503.683,-75.74838187,45.37600203,2015-07-31,15:43,01 - Clear,01 - Dry,10 - No control,01 - Non intersection,01 - Daylight,03 - P.D. only,03 - Rear end,Carlington
11132,HIGHWAY 417 btwn HWY417 IC117 RAMP26 & HWY417 IC117 RAMP61,370889.4427,5031246.955,-75.65555239,45.41803628,2015-09-23,8:25,01 - Clear,01 - Dry,10 - No control,01 - Non intersection,01 - Daylight,03 - P.D. only,04 - Sideswipe,Industrial Park
11133,HIGHWAY 417 btwn HWY417 IC126 RAMP25 & HWY417 IC124 RAMP57,363684.0114,5026519.711,-75.7481745,45.3761449,2015-09-23,9:10,01 - Clear,01 - Dry,10 - No control,01 - Non intersection,01 - Daylight,03 - P.D. only,03 - Rear end,Carlington
11134,HIGHWAY 417 btwn HWY417 IC127 RAMP63 & HWY417 IC127 RAMP67,362157.0551,5024875.98,-75.76785975,45.36148142,2015-09-23,15:40,01 - Clear,01 - Dry,10 - No control,01 - Non intersection,01 - Daylight,03 - P.D. only,03 - Rear end,Carlingwood West - Glabar Park - McKellar Heights
11135,HIGHWAY 417 btwn HWY417 IC119B RAMP57 & HWY417 IC119A RAMP75,368447.2239,5030440.15,-75.68685843,45.41100334,2015-11-21,7:30,01 - Clear,01 - Dry,10 - No control,01 - Non intersection,01 - Daylight,03 - P.D. only,03 - Rear end,The Glebe
11136,HWY417 IC117 RAMP51 btwn HIGHWAY 417 & HWY417 IC117 RAMP53,370536.3741,5031127.821,-75.66007907,45.41699762,2015-11-21,14:05,01 - Clear,01 - Dry,10 - No control,01 - Non intersection,01 - Daylight,03 - P.D. only,07 - SMV other,Industrial Park
11137,MEADOWLANDS DR/TALLWOOD DR @ WOODROFFE AVE,363057.2596,5022730.668,-75.75662272,45.34210387,2015-12-04,17:22,01 - Clear,02 - Wet,01 - Traffic signal,02 - Intersection related,07 - Dark,03 - P.D. only,03 - Rear end,Crestview - Meadowlands
11138,AVIATION PKWY @ OGILVIE RD,373110.2072,5032377.346,-75.62702343,45.42799369,2015-12-08,9:40,01 - Clear,01 - Dry,01 - Traffic signal,02 - Intersection related,01 - Daylight,03 - P.D. only,03 - Rear end,Industrial Park
11139,HIGHWAY 416 btwn HWY416 IC49 RAMP24 & HWY416 IC42 RAMP42,369538.6152,5000046.402,-75.67687976,45.13742461,2015-01-19,5:52,03 - Snow,03 - Loose snow,10 - No control,01 - Non intersection,07 - Dark,03 - P.D. only,07 - SMV other,Kars - Osgoode
11140,HWY417 IC131 RAMP66 btwn HWY417 IC130 RAMP36 & HWY417 IC131 RAMP63,358556.6029,5022929.416,-75.81402633,45.34425153,2015-02-02,14:20,01 - Clear,03 - Loose snow,10 - No control,01 - Non intersection,01 - Daylight,03 - P.D. only,07 - SMV other,Greenbelt
11141,HWY417 IC131 RAMP66 btwn TRANSIT & HWY417 IC130 RAMP36,358128.2034,5022833.949,-75.81950292,45.34342522,2015-02-02,9:19,03 - Snow,06 - Ice,10 - No control,01 - Non intersection,01 - Daylight,03 - P.D. only,99 - Other,Greenbelt
11142,HIGHWAY 417 btwn HWY417 IC104 RAMP15 & HWY417 IC96 RAMP51,381390.3039,5025602.932,-75.52227365,45.36618468,2015-02-12,20:15,01 - Clear,01 - Dry,10 - No control,01 - Non intersection,07 - Dark,03 - P.D. only,99 - Other,Greenbelt
11143,HAWTHORNE RD @ HUNT CLUB RD,375508.4719,5026405.807,-75.59723448,45.3740266,2015-08-25,22:05,01 - Clear,01 - Dry,01 - Traffic signal,02 - Intersection related,07 - Dark,03 - P.D. only,03 - Rear end,Industrial Park
11144,BANK ST btwn BELMONT AVE & GROVE AVE,368841.2125,5028380.491,-75.6820929,45.39243527,2015-08-26,17:48,02 - Rain,02 - Wet,10 - No control,04 - At/near private drive,01 - Daylight,03 - P.D. only,02 - Angle,Old Ottawa South
11145,BRONSON AVE @ IMPERIAL AVE/PLYMOUTH ST,367317.2593,5029644.274,-75.70139409,45.40394414,2015-11-30,21:10,01 - Clear,01 - Dry,10 - No control,03 - At intersection,07 - Dark,03 - P.D. only,05 - Turning movement,Centretown West
11146,ARTHUR ST @ SOMERSET ST,366829.7017,5030390.842,-75.7075277,45.41070492,2015-12-01,18:53,04 - Freezing Rain,04 - Slush,01 - Traffic signal,02 - Intersection related,07 - Dark,03 - P.D. only,04 - Sideswipe,Centretown West
11147,VANIER PKWY/CRICHTON ST @ BEECHWOOD AVE/ST. PA,369127.7165,5033487.12,-75.6777676,45.43835662,2015-12-21,16:10,02 - Rain,02 - Wet,01 - Traffic signal,02 - Intersection related,05 - Dusk,03 - P.D. only,04 - Sideswipe,Vanier North
11148,HUNT CLUB RD @ UPLANDS DR,370155.2832,5023120.77,-75.66600774,45.34498854,2015-12-22,16:00,01 - Clear,01 - Dry,01 - Traffic signal,03 - At intersection,05 - Dusk,03 - P.D. only,04 - Sideswipe,Hunt Club East - Western Community
11149,HIGHWAY 417 btwn HWY417 IC117 RAMP51 & HWY417 IC117 RAMP35,370695.2189,5031170.421,-75.65804402,45.41736597,2015-04-09,9:30,01 - Clear,01 - Dry,10 - No control,01 - Non intersection,01 - Daylight,03 - P.D. only,03 - Rear end,Industrial Park
11150,HWY417 IC127 RAMP67 btwn HWY417 IC127 RAMP62 & HIGHWAY 417,362236.4775,5024961.178,-75.76683614,45.36224152,2015-04-09,9:20,01 - Clear,01 - Dry,10 - No control,01 - Non intersection,01 - Daylight,03 - P.D. only,03 - Rear end,Carlingwood West - Glabar Park - McKellar Heights
11151,HIGHWAY 417 btwn HWY417 IC163 RAMP16 & HWY417 IC163 RAMP61,331529.3084,5021442.388,-76.15898551,45.3324211,2015-04-12,19:05,01 - Clear,01 - Dry,10 - No control,01 - Non intersection,05 - Dusk,03 - P.D. only,07 - SMV other,Carp - Hardwood Plains
11152,HIGHWAY 417 btwn HWY417 IC118 RAMP67 & HWY417 IC117 RAMP36,370215.0745,5031119.879,-75.66418497,45.41695627,2015-01-12,15:20,01 - Clear,02 - Wet,10 - No control,01 - Non intersection,01 - Daylight,03 - P.D. only,99 - Other,Sandy Hill
11153,HIGHWAY 7 btwn HAZELDEAN IC RAMP 53 & HIGHWAY 7,342349.9826,5008430.37,-76.02192281,45.21483714,2015-08-01,1:30,01 - Clear,01 - Dry,10 - No control,01 - Non intersection,07 - Dark,03 - P.D. only,07 - SMV other,Munster Hamlet - Richmond
11154,HIGHWAY 417 btwn HWY417 IC127 RAMP25 & HWY417 IC126 RAMP51,362894.4344,5025448.19,-75.75838091,45.36656939,2015-08-01,7:23,01 - Clear,01 - Dry,10 - No control,01 - Non intersection,01 - Daylight,03 - P.D. only,07 - SMV other,Braemar Park - Bel Air Heights - Copeland Park
11155,HIGHWAY 416 btwn HWY416 IC49 RAMP43 & HWY416 IC42 RAMP34,369259.4267,5000850.256,-75.6803255,45.14468328,2015-08-01,21:30,01 - Clear,01 - Dry,10 - No control,01 - Non intersection,07 - Dark,03 - P.D. only,07 - SMV other,Kars - Osgoode
11156,HWY417 IC118 RAMP76 btwn HIGHWAY 417 & HWY417 IC118 RAMP43,369387.273,5031061.971,-75.67476835,45.41651214,2015-08-02,3:40,01 - Clear,01 - Dry,10 - No control,01 - Non intersection,07 - Dark,03 - P.D. only,07 - SMV other,Old Ottawa East
11157,HIGHWAY 417 btwn HWY417 IC117 RAMP51 & HWY417 IC117 RAMP35,370724.0998,5031174.031,-75.65767456,45.41739574,2015-09-23,16:20,01 - Clear,01 - Dry,10 - No control,01 - Non intersection,01 - Daylight,03 - P.D. only,03 - Rear end,Industrial Park
11158,HIGHWAY 417 btwn HWY417 IC138 RAMP61 & HWY417 IC134 RAMP36,355631.4633,5021829.602,-75.85146377,45.33457336,2015-09-24,1:00,01 - Clear,01 - Dry,10 - No control,01 - Non intersection,07 - Dark,03 - P.D. only,07 - SMV other,Greenbelt
11159,HIGHWAY 417 btwn HWY417 IC129 RAMP26 & HWY417 IC129 RAMP61,360549.5678,5023629.715,-75.78851763,45.35039725,2015-09-24,14:09,01 - Clear,01 - Dry,10 - No control,01 - Non intersection,01 - Daylight,03 - P.D. only,07 - SMV other,Whitehaven - Queensway Terrace North
11160,FAIRLAWN AVE btwn WOODROFFE AVE & FOX CRES,361972.0773,5025734.009,-75.77012145,45.369217,2015-12-24,11:50,01 - Clear,01 - Dry,10 - No control,04 - At/near private drive,01 - Daylight,03 - P.D. only,02 - Angle,Glabar Park
11161,HIGHWAY 417 btwn HWY417 IC129 RAMP26 & HWY417 IC129 RAMP61,360564.7302,5023636.214,-75.78832341,45.35045452,2015-02-19,8:44,01 - Clear,01 - Dry,10 - No control,01 - Non intersection,01 - Daylight,03 - P.D. only,03 - Rear end,Whitehaven - Queensway Terrace North
11162,HIGHWAY 417 btwn HWY417 IC140 RAMP35 & HWY417 IC140 RAMP25,350994.6278,5018594.05,-75.91092159,45.30577966,2015-03-03,17:30,03 - Snow,03 - Loose snow,10 - No control,01 - Non intersection,05 - Dusk,03 - P.D. only,07 - SMV other,Katimavik - Hazeldean
11163,HIGHWAY 417 btwn HWY417 IC118 RAMP57 & HWY417 IC118 RAMP35,369428.4283,5031020.094,-75.67424806,45.41613155,2015-04-02,18:35,01 - Clear,01 - Dry,10 - No control,01 - Non intersection,01 - Daylight,03 - P.D. only,03 - Rear end,Old Ottawa East
11164,HIGHWAY 417 btwn HWY417 IC129 RAMP76 & HWY417 IC129 RAMP26,360396.4992,5023504.084,-75.79048508,45.34927897,2015-04-02,18:00,01 - Clear,01 - Dry,10 - No control,01 - Non intersection,01 - Daylight,03 - P.D. only,04 - Sideswipe,Whitehaven - Queensway Terrace North
11165,HIGHWAY 417 btwn HWY417 IC126 RAMP25 & HWY417 IC124 RAMP57,363664.8003,5026497.575,-75.7484224,45.37594734,2015-01-08,6:20,01 - Clear,06 - Ice,10 - No control,01 - Non intersection,07 - Dark,03 - P.D. only,07 - SMV other,Carlington
11166,HIGHWAY 417 btwn HWY417 IC124 RAMP57 & HWY417 IC124 RAMP55,364302.7465,5027342.18,-75.74017612,45.38349307,2015-01-08,7:01,01 - Clear,06 - Ice,10 - No control,01 - Non intersection,03 - Dawn,03 - P.D. only,04 - Sideswipe,Carlington
11167,HIGHWAY 416 btwn HWY416 IC66 RAMP53 & HWY416 IC57 RAMP34,363980.3255,5009408.472,-75.74643386,45.2221535,2015-08-27,10:39,01 - Clear,01 - Dry,10 - No control,01 - Non intersection,01 - Daylight,03 - P.D. only,07 - SMV other,New Barrhaven
11168,HWY417 IC112 RAMP65 btwn HIGHWAY 417 & INNES RD,374323.1771,5030892.553,-75.61173355,45.41451478,2015-01-08,6:20,01 - Clear,06 - Ice,10 - No control,01 - Non intersection,07 - Dark,03 - P.D. only,07 - SMV other,Industrial Park
11169,HIGHWAY 417 btwn HWY417 IC96 RAMP61 & HWY417 IC88 RAMP16,395210.2997,5022483.356,-75.34645575,45.33647208,2015-01-08,7:20,01 - Clear,06 - Ice,10 - No control,01 - Non intersection,03 - Dawn,03 - P.D. only,04 - Sideswipe,Navan - Vars
11170,HIGHWAY 417 btwn HWY417 IC118 RAMP57 & HWY417 IC118 RAMP35,369432.0384,5031022.26,-75.67420165,45.4161507,2015-06-08,15:20,01 - Clear,01 - Dry,10 - No control,01 - Non intersection,01 - Daylight,03 - P.D. only,03 - Rear end,Old Ottawa East
11171,GREGOIRE RD @ MARVELVILLE RD,393263.3229,5008936.702,-75.3737062,45.2148404,2015-06-08,18:20,01 - Clear,01 - Dry,02 - Stop sign,03 - At intersection,01 - Daylight,03 - P.D. only,02 - Angle,Metcalfe
11172,HIGHWAY 417 btwn HWY417 IC129 RAMP76 & HWY417 IC129 RAMP26,360384.2248,5023498.307,-75.79064236,45.34922796,2015-06-09,7:00,01 - Clear,01 - Dry,10 - No control,01 - Non intersection,01 - Daylight,03 - P.D. only,07 - SMV other,Whitehaven - Queensway Terrace North
11173,HIGHWAY 417 btwn HWY417 IC127 RAMP25 & HWY417 IC126 RAMP51,363132.9004,5025784.549,-75.75529726,45.3695761,2015-01-09,9:06,03 - Snow,03 - Loose snow,10 - No control,01 - Non intersection,01 - Daylight,03 - P.D. only,03 - Rear end,Braemar Park - Bel Air Heights - Copeland Park
11174,HIGHWAY 417 btwn HWY417 IC134 RAMP51 & HWY417 IC134 RAMP35,356248.7918,5022142.959,-75.84355549,45.33734798,2015-01-08,7:00,01 - Clear,99 - Other,10 - No control,01 - Non intersection,03 - Dawn,03 - P.D. only,07 - SMV other,Greenbelt
11175,HIGHWAY 417 btwn HWY417 IC134 RAMP51 & HWY417 IC134 RAMP35,356339.7665,5022195.667,-75.84238931,45.33781558,2015-01-08,7:00,01 - Clear,99 - Other,10 - No control,01 - Non intersection,03 - Dawn,03 - P.D. only,03 - Rear end,Greenbelt
11176,HIGHWAY 417 btwn HWY417 IC126 RAMP25 & HWY417 IC124 RAMP57,363485.247,5026256.029,-75.75074342,45.373789,2015-02-21,16:40,03 - Snow,03 - Loose snow,10 - No control,01 - Non intersection,01 - Daylight,03 - P.D. only,07 - SMV other,Carlington
11177,HIGHWAY 417 btwn HWY417 IC121B RAMP51 & HWY417 IC121A RAMP51,366749.3258,5029567.329,-75.70865793,45.4033023,2015-06-09,7:55,01 - Clear,01 - Dry,10 - No control,01 - Non intersection,01 - Daylight,03 - P.D. only,03 - Rear end,Little Italy
11178,HIGHWAY 417 btwn HWY417 IC145 RAMP56 & Continuation of HIGHWAY 417,346513.733,5015056.569,-75.96835726,45.27422847,2015-06-10,13:30,01 - Clear,01 - Dry,10 - No control,01 - Non intersection,01 - Daylight,03 - P.D. only,07 - SMV other,Stittsville - Basswood
11179,HIGHWAY 417 btwn HWY417 IC142 RAMP35 & HWY417 IC142 RAMP25,349089.4538,5017345.579,-75.93532687,45.29466824,2015-06-10,17:19,02 - Rain,02 - Wet,10 - No control,01 - Non intersection,01 - Daylight,03 - P.D. only,07 - SMV other,Stittsville - Basswood
11180,HIGHWAY 417 btwn HWY417 IC121A RAMP51 & HWY417 IC120A RAMP52,367287.2684,5029744.493,-75.70176446,45.40484856,2015-06-10,19:00,01 - Clear,02 - Wet,10 - No control,01 - Non intersection,01 - Daylight,03 - P.D. only,03 - Rear end,The Glebe
11181,OTTAWA RIVER PKWY @ VIMY PLACE PRIV,365971.9672,5030801.689,-75.71843383,45.41447711,2015-01-15,11:15,01 - Clear,01 - Dry,01 - Traffic signal,02 - Intersection related,01 - Daylight,03 - P.D. only,99 - Other,LeBreton Flats
11182,COLONEL BY DR @ HAWTHORNE AVE/PRETORIA BRIDGE,368766.9265,5030526.921,-75.68276315,45.41175493,2015-01-25,16:50,01 - Clear,01 - Dry,01 - Traffic signal,03 - At intersection,05 - Dusk,03 - P.D. only,05 - Turning movement,Old Ottawa East
11183,CHAMPLAIN BRIDGE/ISLAND PARK DR btwn BATE ISLAND & PROVINCIAL BOUNDARY,362758.3656,5030244.056,-75.75955457,45.40973318,2015-02-04,7:14,03 - Snow,05 - Packed snow,10 - No control,07 - Overpass or bridge,01 - Daylight,03 - P.D. only,03 - Rear end,Gatineau
11184,OTTAWA RIVER PKWY btwn TRANSITWAY - TIME POINT & VIMY PLACE PRIV,365907.0801,5030729.397,-75.71927175,45.41383232,2015-02-14,9:15,03 - Snow,03 - Loose snow,10 - No control,01 - Non intersection,01 - Daylight,03 - P.D. only,99 - Other,LeBreto
11185,ST. JOSEPH BLVD @ JEANNE D'ARC BLVD,379861.2809,5036470.773,-75.54013462,45.46413139,2015-11-27,18:10,02 - Rain,02 - Wet,11 - Roundabout,03 - At intersection,07 - Dark,03 - P.D. only,04 - Sideswipe,Chapel Hill
11186,COLONEL BY DR btwn N.D.H.Q. & OTTAWA UNIV. PED. XING,368436.6845,5031674.354,-75.68683369,45.42210925,2015-02-20,8:30,03 - Snow,03 - Loose snow,10 - No control,01 - Non intersection,01 - Daylight,03 - P.D. only,07 - SMV other,Sandy Hill
11187,MACDONALD-CARTIER BR btwn RAMP & END (1),367215.6144,5033300.161,-75.70222925,45.43684774,2015-02-20,17:00,01 - Clear,06 - Ice,10 - No control,07 - Overpass or bridge,07 - Dark,03 - P.D. only,03 - Rear end,Gatineau
11188,PRESLAND RD @ VANIER PKWY,370431.2133,5031753.243,-75.66133927,45.42263479,2015-02-21,9:35,03 - Snow,03 - Loose snow,01 - Traffic signal,02 - Intersection related,01 - Daylight,03 - P.D. only,03 - Rear end,Overbrook
11189,HWY417 IC130 RAMP61 btwn HWY417 IC130 RAMP66 & RAMP,359607.6366,5023145.125,-75.80059146,45.34611115,2015-01-09,8:15,01 - Clear,03 - Loose snow,10 - No control,01 - Non intersection,01 - Daylight,03 - P.D. only,07 - SMV other,Bayshore
11190,HIGHWAY 417 btwn HWY417 IC118 RAMP57 & HWY417 IC118 RAMP35,369502.0745,5031065.581,-75.67330121,45.41653401,2015-01-09,11:40,01 - Clear,04 - Slush,10 - No control,01 - Non intersection,01 - Daylight,03 - P.D. only,99 - Other,Old Ottawa East
11191,HIGHWAY 416 btwn HWY416 IC75A RAMP43 & HWY416 IC72 RAMP34,358736.6499,5021874.85,-75.81184392,45.33474869,2015-01-09,18:15,03 - Snow,03 - Loose snow,10 - No control,01 - Non intersection,07 - Dark,03 - P.D. only,04 - Sideswipe,Nepean