Record,Location,X,Y,lon,lat,Date,Time,Environment,Road_Surface,Traffic_Control,Collision_Location,Light,Collision_Classification,Impact_type,Neighborhood
12088,KENT ST @ SLATER ST,367262.4281,5031251.506,-75.70189078,45.41841043,2015-09-11,14:40,01 - Clear,01 - Dry,01 - Traffic signal,02 - Intersection related,01 - Daylight,03 - P.D. only,04 - Sideswipe,Downtown
12089,CARLING AVE WB btwn FOREST ST & CROYDON AVE,360642.0047,5025033.776,-75.78717942,45.36302358,2015-09-11,18:49,02 - Rain,02 - Wet,10 - No control,01 - Non intersection,01 - Daylight,03 - P.D. only,04 - Sideswipe,Whitehaven - Queensway Terrace North
12090,OTTAWA RIVER PKWY @ VIMY PLACE PRIV,365974.8394,5030797.607,-75.71839764,45.41444013,2015-10-28,7:00,01 - Clear,01 - Dry,01 - Traffic signal,02 - Intersection related,03 - Dawn,03 - P.D. only,04 - Sideswipe,LeBreton Flats
12091,KANATA AVE @ TERRY FOX DR,349306.5882,5019210.504,-75.93239119,45.31143568,2015-10-28,13:54,02 - Rain,02 - Wet,01 - Traffic signal,02 - Intersection related,01 - Daylight,03 - P.D. only,03 - Rear end,Kanata Lakes - Marchwood Lakeside - Morgan's Grant - Kanata
12092,ARMSTRONG ST @ PARKDALE AVE,365090.6921,5029404.198,-75.72986335,45.4019793,2015-11-11,8:00,01 - Clear,01 - Dry,01 - Traffic signal,02 - Intersection related,01 - Daylight,03 - P.D. only,03 - Rear end,Islan
12093,BANK ST btwn SCRIVENS DR & JOHN QUINN RD,383320.4451,5010785.656,-75.49998432,45.23265451,2015-09-12,16:29,02 - Rain,02 - Wet,10 - No control,01 - Non intersection,01 - Daylight,03 - P.D. only,07 - SMV other,Osgoode
12094,INDUSTRIAL AVE/INNES RD @ ST. LAURENT BLVD,373099.0067,5030003.765,-75.62749553,45.40663844,2015-08-10,11:28,01 - Clear,01 - Dry,01 - Traffic signal,02 - Intersection related,01 - Daylight,03 - P.D. only,03 - Rear end,Industrial Park
12095,KING EDWARD AVE @ RIDEAU ST,368512.4279,5032412.508,-75.68577044,45.428744,2015-10-28,8:45,01 - Clear,01 - Dry,01 - Traffic signal,03 - At intersection,01 - Daylight,03 - P.D. only,04 - Sideswipe,Lowe
12096,BASELINE RD btwn NAVAHO DR & COLLEGE SQUARE SC,362914.1592,5023993.362,-75.75830019,45.35347736,2015-09-21,11:55,01 - Clear,01 - Dry,10 - No control,04 - At/near private drive,01 - Daylight,03 - P.D. only,02 - Angle,Braemar Park - Bel Air Heights - Copeland Park
12097,RIVERSIDE DR btwn RIVERGATE WAY & MALHOTRA CRT,368120.3153,5023227.018,-75.69195952,45.34613119,2015-10-07,17:21,01 - Clear,01 - Dry,10 - No control,01 - Non intersection,01 - Daylight,03 - P.D. only,04 - Sideswipe,Hunt Club Woods - Quintarra - Revelstoke - Riverside South P
12098,COLONEL MURRAY ST @ PERTH ST,356852.6597,5006353.653,-75.83750588,45.1952281,2015-10-09,17:07,01 - Clear,01 - Dry,02 - Stop sign,03 - At intersection,01 - Daylight,03 - P.D. only,02 - Angle,Richmond
12099,MERIVALE RD btwn WOODFIELD DR & 170 N OF WEST HUNT CLUB RD/COSTCO SC,365531.9499,5022137.211,-75.72512074,45.33655414,2015-11-04,13:41,01 - Clear,01 - Dry,10 - No control,01 - Non intersection,01 - Daylight,03 - P.D. only,03 - Rear end,Tanglewood
12100,HUNT CLUB RD @ DOWNPATRICK RD/MCCARTHY RD,370506.293,5023398.707,-75.66149209,45.34745654,2015-08-28,11:37,01 - Clear,01 - Dry,01 - Traffic signal,02 - Intersection related,01 - Daylight,03 - P.D. only,03 - Rear end,Hunt Club East - Western Community
12101,BANK ST @ RIVERSIDE DR S,369305.4378,5027893.472,-75.67622829,45.38801062,2015-08-30,1:20,01 - Clear,02 - Wet,01 - Traffic signal,02 - Intersection related,07 - Dark,03 - P.D. only,07 - SMV other,Alta Vista
12102,TAWNEY RD @ WALKLEY RD,374125.3733,5028179.481,-75.61464189,45.39012351,2015-11-06,8:28,02 - Rain,02 - Wet,02 - Stop sign,03 - At intersection,01 - Daylight,03 - P.D. only,02 - Angle,Hawthorne Meadows
12103,MONTREAL RD @ THOMSON ST,372044.4645,5034058.965,-75.64041193,45.44322737,2015-11-06,11:18,02 - Rain,02 - Wet,02 - Stop sign,03 - At intersection,01 - Daylight,03 - P.D. only,02 - Angle,Cummings
12104,MARCH RD @ TERRY FOX DR,349865.3293,5023399.869,-75.92488433,45.349097,2015-10-29,9:39,02 - Rain,02 - Wet,01 - Traffic signal,02 - Intersection related,01 - Daylight,03 - P.D. only,03 - Rear end,South March
12105,ST. JOSEPH BLVD/OLD MONTREAL RD @ TRIM RD,384682.4691,5039288.652,-75.47803379,45.48894928,2015-10-30,13:45,01 - Clear,01 - Dry,11 - Roundabout,03 - At intersection,01 - Daylight,03 - P.D. only,04 - Sideswipe,Cardinal Creek
12106,OLD TENTH LINE RD @ TENTH LINE RD,383041.2944,5038358.619,-75.49917488,45.4807676,2015-11-03,16:45,01 - Clear,01 - Dry,01 - Traffic signal,03 - At intersection,05 - Dusk,03 - P.D. only,02 - Angle,Queenswood Heights
12107,RUSSELL RD S @ ST. LAURENT BLVD,373569.1922,5029260.793,-75.62159334,45.39990749,2015-11-03,18:34,01 - Clear,01 - Dry,01 - Traffic signal,03 - At intersection,07 - Dark,03 - P.D. only,02 - Angle,Hawthorne Meadows - Sheffield Glen
12108,BANK ST @ HERON RD,369996.4407,5026851.182,-75.66754237,45.37856846,2015-09-12,14:18,02 - Rain,02 - Wet,01 - Traffic signal,02 - Intersection related,01 - Daylight,03 - P.D. only,04 - Sideswipe,Alta Vista
12109,CUMBERLAND ST @ MURRAY ST,368171.4176,5032679.945,-75.69009361,45.43118129,2015-09-12,14:21,02 - Rain,02 - Wet,01 - Traffic signal,02 - Intersection related,01 - Daylight,03 - P.D. only,03 - Rear end,Byward Market
12110,THIRSK ST btwn PULLEN AVE & RUSSELL RD,372535.246,5029950.988,-75.63470387,45.40621836,2015-10-28,14:55,02 - Rain,02 - Wet,10 - No control,01 - Non intersection,01 - Daylight,03 - P.D. only,04 - Sideswipe,Elmvale - Eastway - Riverview - Riverview Park West
12111,HWY 417 WOODROFF IC127R63 @ WOODROFFE AVE,362110.0743,5024872.851,-75.76845976,45.36145711,2015-11-11,9:04,01 - Clear,01 - Dry,10 - No control,02 - Intersection related,01 - Daylight,03 - P.D. only,03 - Rear end,Whitehaven - Queensway Terrace North
12112,ALBION RD btwn BANK ST & DES MESANGES DR,371951.7151,5024115.212,-75.64295116,45.35376652,2015-11-11,14:10,01 - Clear,01 - Dry,10 - No control,04 - At/near private drive,01 - Daylight,03 - P.D. only,02 - Angle,Emerald Woods - Sawmill Creek
12113,PLEASANT PARK RD @ ALTA VISTA DR,370366.4438,5028467.188,-75.66260385,45.39307419,2015-09-15,19:17,01 - Clear,01 - Dry,01 - Traffic signal,03 - At intersection,07 - Dark,03 - P.D. only,05 - Turning movement,Alta Vista
12114,BESSERER ST @ WALLER ST,368315.9333,5032190.897,-75.68830992,45.4267679,2015-09-18,16:06,01 - Clear,01 - Dry,01 - Traffic signal,02 - Intersection related,01 - Daylight,03 - P.D. only,04 - Sideswipe,Byward Market - Parliament Hill
12115,ELMA ST btwn DORIS AVE & MELVA AVE,374938.4388,5021957.233,-75.60514253,45.33405755,2015-11-04,15:50,01 - Clear,01 - Dry,10 - No control,04 - At/near private drive,01 - Daylight,03 - P.D. only,02 - Angle,Greenbelt
12116,BRONSON AVE @ CATHERINE ST/RAYMOND ST,367252.7085,5029797.648,-75.70219916,45.40532992,2015-10-24,3:20,01 - Clear,01 - Dry,01 - Traffic signal,03 - At intersection,07 - Dark,03 - P.D. only,02 - Angle,Centretown West
12117,210 W OF MERIVALE RD @ WEST HUNT CLUB RD,365431.0153,5021830.152,-75.72644606,45.33379999,2015-10-30,11:15,01 - Clear,01 - Dry,01 - Traffic signal,03 - At intersection,01 - Daylight,03 - P.D. only,02 - Angle,Tanglewood
12118,HUNT CLUB RD btwn DAZE ST & TURN LANE,371548.196,5024013.984,-75.64811431,45.35289423,2015-10-10,14:04,01 - Clear,01 - Dry,10 - No control,04 - At/near private drive,01 - Daylight,03 - P.D. only,03 - Rear end,South Keys - Heron Gate - Greenboro West
12119,BANK ST btwn WALKLEY RD & SURREY AVE,370350.825,5025908.456,-75.66314304,45.37005305,2015-08-30,13:33,01 - Clear,01 - Dry,10 - No control,04 - At/near private drive,01 - Daylight,03 - P.D. only,03 - Rear end,Ledbury - Heron Gate - Ridgemont - Elmwood
12120,INDUSTRIAL AVE @ RIVERSIDE DR,370684.7186,5030592.193,-75.65825547,45.4121643,2015-08-31,18:00,01 - Clear,01 - Dry,01 - Traffic signal,02 - Intersection related,01 - Daylight,03 - P.D. only,03 - Rear end,Industrial Park
12121,VANIER PKWY/CRICHTON ST @ BEECHWOOD AVE/ST. PA,369127.7217,5033486.931,-75.67776756,45.43835492,2015-11-06,13:06,02 - Rain,02 - Wet,01 - Traffic signal,02 - Intersection related,01 - Daylight,03 - P.D. only,03 - Rear end,Vanier North
12122,MONTREAL RD @ SHEFFORD RD,376125.7305,5034853.935,-75.5881322,45.44997552,2015-11-06,15:29,01 - Clear,01 - Dry,01 - Traffic signal,02 - Intersection related,01 - Daylight,03 - P.D. only,04 - Sideswipe,Beacon Hill South - Cardinal Heights
12123,INDUSTRIAL AVE @ RIVERSIDE DR,370683.9979,5030591.472,-75.65826477,45.41215788,2015-10-29,19:19,01 - Clear,01 - Dry,01 - Traffic signal,02 - Intersection related,07 - Dark,03 - P.D. only,04 - Sideswipe,Industrial Park
12124,WEST HUNT CLUB RD EB btwn ANTARES DR/LASER ST & PRINCE OF WALES DR,367125.7293,5022025.646,-75.70480169,45.33541054,2015-10-29,20:45,01 - Clear,01 - Dry,10 - No control,01 - Non intersection,07 - Dark,03 - P.D. only,07 - SMV other,Industrial Park
12125,REGIONAL ROAD 174 btwn OR174 IC112 RAMP51 & OR174 IC112 RAMP15,374875.5225,5032878.351,-75.60439486,45.43232682,2015-10-30,15:55,01 - Clear,01 - Dry,10 - No control,01 - Non intersection,01 - Daylight,03 - P.D. only,03 - Rear end,Greenbelt
12126,BESSERER ST @ KING EDWARD AVE,368551.4259,5032339.501,-75.68528155,45.42808356,2015-10-30,16:21,01 - Clear,01 - Dry,01 - Traffic signal,02 - Intersection related,01 - Daylight,03 - P.D. only,04 - Sideswipe,Sand
12127,RIVERSIDE DR SB btwn BILLINGS BRIDGESC RAMP SB & BILLINGS BRIDGE SC RA,369086.903,5027858.683,-75.67902335,45.38771769,2015-11-03,11:40,01 - Clear,01 - Dry,10 - No control,01 - Non intersection,01 - Daylight,03 - P.D. only,04 - Sideswipe,Alta Vista
12128,BANK ST @ CHAMBERLAIN AVE N/ISABELLA ST,368083.4328,5030166.923,-75.69154075,45.40857793,2015-09-12,16:42,02 - Rain,02 - Wet,01 - Traffic signal,03 - At intersection,01 - Daylight,03 - P.D. only,05 - Turning movement,The Glebe
12129,KIMITO PRIV @ LORRY GREENBERG DR,372902.0734,5025387.002,-75.63064802,45.36511795,2015-09-12,11:00,02 - Rain,02 - Wet,10 - No control,02 - Intersection related,01 - Daylight,03 - P.D. only,02 - Angle,Greenboro East
12130,PRINCE OF WALES DR @ MEADOWLANDS DR/HOG'S BACK,367371.9189,5025693.117,-75.70119683,45.36838778,2015-10-29,10:30,02 - Rain,02 - Wet,01 - Traffic signal,02 - Intersection related,01 - Daylight,03 - P.D. only,03 - Rear end,Carleton Heights - Rideauview
12131,HAZELDEAN RD @ TERRY FOX DR,352206.1696,5017242.811,-75.89560194,45.29354014,2015-10-30,15:45,01 - Clear,01 - Dry,01 - Traffic signal,02 - Intersection related,01 - Daylight,03 - P.D. only,05 - Turning movement,Glen Cairn - Kanata South Business Park
12132,HIGHWAY 417 btwn HWY417 IC119A RAMP75 & HWY417 IC118 RAMP57,368955.1467,5030699.662,-75.68033622,45.41329196,2015-11-04,16:35,01 - Clear,01 - Dry,10 - No control,01 - Non intersection,05 - Dusk,03 - P.D. only,03 - Rear end,Old Ottawa East
12133,BASELINE RD @ FISHER AVE,366166.6936,5026027.452,-75.71653993,45.37150262,2015-09-18,17:51,01 - Clear,01 - Dry,01 - Traffic signal,02 - Intersection related,01 - Daylight,03 - P.D. only,03 - Rear end,Civic Hospital - Experimental Farm - Central Park
12134,CARLING AVE btwn GRANDVIEW RD & TURN LANE,355739.3433,5024045.665,-75.84985925,45.35450589,2015-11-08,18:51,01 - Clear,01 - Dry,10 - No control,01 - Non intersection,07 - Dark,03 - P.D. only,07 - SMV other,Greenbelt
12135,MANSFIELD AVE btwn BYRON AVE & CROSSFIELD AVE,362477.0641,5027514.996,-75.76346712,45.38520074,2015-08-26,4:30,01 - Clear,01 - Dry,10 - No control,01 - Non intersection,07 - Dark,03 - P.D. only,06 - SMV unattended vehicle,Carlingwood - McKellar Park - Laurentien View
12136,ROGER STEVENS DR @ MALAKOFF RD,362223.7517,4996139.335,-75.77032494,45.10290005,2015-08-26,12:57,01 - Clear,01 - Dry,02 - Stop sign,03 - At intersection,01 - Daylight,03 - P.D. only,02 - Angle,Munster Hamlet - Richmond
12137,RIDGE RD btwn RAMSAYVILLE RD & ANDERSON RD,376723.3854,5028868.221,-75.58136635,45.39605842,2015-10-29,5:16,"07 - Fog, mist, smoke, dust",02 - Wet,10 - No control,01 - Non intersection,07 - Dark,03 - P.D. only,01 - Approaching,Greenbelt
12138,INNES RD btwn HWY417 IC112 RAMP57 & HWY417 IC112 RAMP65,374310.6871,5030761.48,-75.6119116,45.4133367,2015-10-30,15:48,01 - Clear,01 - Dry,10 - No control,01 - Non intersection,01 - Daylight,03 - P.D. only,03 - Rear end,Industrial Park
12139,HAZELDEAN RD btwn EDGEWATER ST & YOUNG RD,352397.8399,5017422.436,-75.89314116,45.2951435,2015-10-23,16:32,01 - Clear,01 - Dry,10 - No control,04 - At/near private drive,01 - Daylight,03 - P.D. only,03 - Rear end,Katimavik - Hazeldean
12140,FISHER AVE btwn MCCOOEY LANE & BASELINE RD,366120.5675,5026144.208,-75.71711427,45.3725572,2015-10-13,9:20,02 - Rain,02 - Wet,10 - No control,01 - Non intersection,01 - Daylight,03 - P.D. only,03 - Rear end,Civic Hospital - Experimental Farm - Central Park
12141,BANK ST @ WALKLEY RD,370337.1313,5025947.375,-75.66331268,45.37040451,2015-10-15,16:18,02 - Rain,02 - Wet,01 - Traffic signal,02 - Intersection related,01 - Daylight,03 - P.D. only,03 - Rear end,Ledbury - Heron Gate - Ridgemont - Elmwood
12142,ST. LAURENT BLVD btwn TREMBLAY RD & SHORE ST,372613.0112,5031198.693,-75.6335389,45.41743711,2015-09-04,13:30,01 - Clear,01 - Dry,10 - No control,01 - Non intersection,01 - Daylight,03 - P.D. only,04 - Sideswipe,Industrial Park
12143,LIMEBANK RD/RIVERSIDE DR @ RIVER RD,368404.7177,5020477.672,-75.68868391,45.3213674,2015-09-04,15:38,01 - Clear,01 - Dry,01 - Traffic signal,02 - Intersection related,01 - Daylight,03 - P.D. only,03 - Rear end,Greenbelt
12144,PRINCE OF WALES DR @ WEST HUNT CLUB RD,367458.7103,5021891.143,-75.70057072,45.33417065,2015-11-06,17:26,01 - Clear,01 - Dry,01 - Traffic signal,02 - Intersection related,07 - Dark,03 - P.D. only,04 - Sideswipe,Industrial Park
12145,BRONSON AVE btwn SECOND AVE & THIRD AVE,367528.7205,5029139.043,-75.69875737,45.3993793,2015-03-20,8:00,01 - Clear,01 - Dry,10 - No control,01 - Non intersection,01 - Daylight,03 - P.D. only,04 - Sideswipe,The Glebe
12146,HAWTHORNE RD btwn DAVIDSON RD & LEITRIM RD,377027.9509,5022732.926,-75.5783738,45.3408249,2015-11-02,12:47,01 - Clear,01 - Dry,10 - No control,01 - Non intersection,01 - Daylight,03 - P.D. only,03 - Rear end,Greenbelt
12147,BLAIR RD @ REGIONAL RD 174 S/OR174 IC112 RAMP15,374907.89,5032661.18,-75.60401216,45.43036959,2015-10-30,14:40,01 - Clear,01 - Dry,01 - Traffic signal,03 - At intersection,01 - Daylight,03 - P.D. only,05 - Turning movement,Pineview
12148,HUNTMAR DR btwn OLD CARP RD & BRADLEY SIDE RD,345878.7433,5021629.305,-75.9759052,45.33340976,2015-11-05,23:10,01 - Clear,01 - Dry,10 - No control,01 - Non intersection,07 - Dark,03 - P.D. only,07 - SMV other,Stittsville - Basswood
12149,REGIONAL ROAD 174 btwn EAST ST & EAST SHORE RD,390432.6124,5042705.355,-75.40388671,45.51900683,2015-11-06,2:41,01 - Clear,01 - Dry,10 - No control,01 - Non intersection,07 - Dark,03 - P.D. only,07 - SMV other,Cumberland - Estates
12150,ALFRED ST @ MONTREAL RD,370944.7056,5033530.957,-75.65453959,45.43858152,2015-11-06,12:40,01 - Clear,01 - Dry,02 - Stop sign,02 - Intersection related,01 - Daylight,03 - P.D. only,03 - Rear end,Vanier South
12151,DONALD ST @ ST. LAURENT BLVD,372093.7129,5032472.225,-75.63999936,45.42894591,2015-09-13,14:27,02 - Rain,02 - Wet,01 - Traffic signal,03 - At intersection,01 - Daylight,03 - P.D. only,02 - Angle,Overbrook
12152,CARLING AVE @ HOLLAND AVE,365416.6987,5028038.186,-75.72586726,45.38966008,2015-09-14,14:19,01 - Clear,01 - Dry,01 - Traffic signal,03 - At intersection,01 - Daylight,03 - P.D. only,04 - Sideswipe,Civic Hospital - Experimental Farm - Central Park
12153,ALBION RD @ MITCH OWENS RD,375907.4748,5014804.089,-75.59380665,45.26959875,2015-11-01,14:05,01 - Clear,01 - Dry,01 - Traffic signal,02 - Intersection related,01 - Daylight,03 - P.D. only,03 - Rear end,Greely
12154,KATHLEEN CRES btwn RANDALL JAMES DR & AMY ST,351159.1745,5014518.715,-75.90920419,45.26909776,2015-10-30,19:15,01 - Clear,01 - Dry,10 - No control,04 - At/near private drive,07 - Dark,03 - P.D. only,06 - SMV unattended vehicle,Stittsville
12155,CONROY RD @ HUNT CLUB RD,373763.0193,5025404.162,-75.61965658,45.36518817,2015-09-20,17:50,01 - Clear,01 - Dry,01 - Traffic signal,02 - Intersection related,01 - Daylight,03 - P.D. only,03 - Rear end,Greenboro East
12156,HWY 417 VANIER IC117R63 @ VANIER PKWY,370799.309,5031398.47,-75.65668364,45.41940805,2015-09-25,6:20,01 - Clear,01 - Dry,01 - Traffic signal,02 - Intersection related,03 - Dawn,03 - P.D. only,03 - Rear end,Overbrook
12157,PARKDALE AVE @ WESTMOUNT AVE/HWY 417 PARKDAL I,365302.5566,5028924.042,-75.7272162,45.39764069,2015-09-21,12:59,01 - Clear,01 - Dry,01 - Traffic signal,03 - At intersection,01 - Daylight,03 - P.D. only,03 - Rear end,Civi
12158,EARL ARMSTRONG RD @ RIVER RD,367572.7185,5014684.037,-75.70002884,45.26931186,2015-09-08,12:00,01 - Clear,01 - Dry,01 - Traffic signal,02 - Intersection related,01 - Daylight,03 - P.D. only,03 - Rear end,Gloucester
12159,BESSERER ST @ WALLER ST,368315.9333,5032191.617,-75.68830983,45.42677437,2015-10-02,18:16,01 - Clear,01 - Dry,01 - Traffic signal,02 - Intersection related,05 - Dusk,03 - P.D. only,05 - Turning movement,Byward Market - Parliament Hill
12160,FOREST VALLEY DR @ ORLEANS BLVD,380258.028,5034818.49,-75.53531537,45.44922268,2015-10-29,13:38,01 - Clear,01 - Dry,01 - Traffic signal,02 - Intersection related,01 - Daylight,03 - P.D. only,02 - Angle,Chapel Hill
12161,HWY 417 MAITLAND IC126R26/62 @ MAITLAND AVE,363145.6839,5025984.09,-75.7551105,45.37137048,2015-10-30,19:44,01 - Clear,01 - Dry,01 - Traffic signal,03 - At intersection,07 - Dark,03 - P.D. only,05 - Turning movement,Carlingwood West - Glabar Park - McKellar Heights
12162,PEACOCK CRES btwn FLANDERS ST & FLANDERS ST,362036.9166,5014471.048,-75.77059524,45.2678677,2015-10-25,17:40,01 - Clear,01 - Dry,10 - No control,01 - Non intersection,01 - Daylight,03 - P.D. only,06 - SMV unattended vehicle,Barrhaven West - Old Barrhaven
12163,ALTA VISTA DR btwn AYERS AVE & RIDGEMONT AVE,370520.0556,5026499.911,-75.66090409,45.37535892,2015-10-15,17:44,02 - Rain,02 - Wet,10 - No control,04 - At/near private drive,05 - Dusk,03 - P.D. only,03 - Rear end,Ledbury - Heron Gate - Ridgemont - Elmwood
12164,FRIEL ST @ RIDEAU ST,368771.7024,5032570.224,-75.68243682,45.43013941,2015-10-16,7:33,01 - Clear,02 - Wet,01 - Traffic signal,03 - At intersection,03 - Dawn,03 - P.D. only,05 - Turning movement,Lowe
12165,LYON ST @ FLORENCE ST,367541.8218,5030428.617,-75.69842595,45.41098133,2015-11-04,15:11,01 - Clear,01 - Dry,02 - Stop sign,02 - Intersection related,01 - Daylight,03 - P.D. only,02 - Angle,Centretown
12166,GOULBOURN FORCED RD btwn TERRY FOX DR & KANATA ROCKERIES PRIV,349288.1664,5021651.552,-75.93240683,45.33340207,2015-11-04,15:15,01 - Clear,01 - Dry,10 - No control,01 - Non intersection,01 - Daylight,03 - P.D. only,01 - Approaching,Kanata Lakes - Marchwood Lakeside - Morgan's Grant - Kanata
12167,ALBION RD    S btwn TURN LANE & ALBION RD,371921.9143,5024189.298,-75.6433214,45.35443597,2015-09-06,12:17,01 - Clear,01 - Dry,10 - No control,04 - At/near private drive,01 - Daylight,03 - P.D. only,02 - Angle,Emerald Woods - Sawmill Creek
12168,BASELINE RD @ MERIVALE RD,365053.9757,5025325.875,-75.73083011,45.3652865,2015-09-06,18:13,01 - Clear,01 - Dry,01 - Traffic signal,02 - Intersection related,01 - Daylight,03 - P.D. only,04 - Sideswipe,Civic Hospital - Experimental Farm - Central Park
12169,INDUSTRIAL AVE @ RIVERSIDE DR,370685.4393,5030591.472,-75.65824636,45.41215775,2015-06-25,15:35,01 - Clear,01 - Dry,01 - Traffic signal,02 - Intersection related,01 - Daylight,03 - P.D. only,02 - Angle,Industrial Park
12170,BRONSON AVE @ FIFTH AVE/MADAWASKA DR,367614.4334,5028938.193,-75.69768824,45.39756442,2015-09-01,18:26,01 - Clear,01 - Dry,01 - Traffic signal,02 - Intersection related,01 - Daylight,03 - P.D. only,04 - Sideswipe,The Glebe
12171,RICHMOND RD @ 140 E OF POULIN AVE ,360397.8836,5025019.013,-75.79029704,45.36291015,2015-11-07,13:30,01 - Clear,01 - Dry,01 - Traffic signal,03 - At intersection,01 - Daylight,03 - P.D. only,05 - Turning movement,Woodroffe - Lincoln Heights
12172,ABBEY RD @ ALTA VISTA DR,370640.4364,5030054.912,-75.65889292,45.40733423,2015-09-14,17:03,01 - Clear,01 - Dry,02 - Stop sign,02 - Intersection related,01 - Daylight,03 - P.D. only,99 - Other,Elmvale - Eastway - Riverview - Riverview Park West
12173,ONTARIO ST @ NORTH RIVER RD,369939.3028,5032316.479,-75.66754993,45.42774854,2015-09-15,17:01,01 - Clear,01 - Dry,02 - Stop sign,02 - Intersection related,01 - Daylight,03 - P.D. only,03 - Rear end,Vanier South
12174,JOHN SUTHERLAND DR @ RICHMOND RD,358787.3856,5022150.854,-75.81116654,45.33722828,2015-11-01,14:56,01 - Clear,02 - Wet,01 - Traffic signal,02 - Intersection related,01 - Daylight,03 - P.D. only,03 - Rear end,Greenbelt
12175,GOUGH RD @ KNIGHTS DR,372996.0086,5010443.14,-75.63150425,45.23064817,2015-11-02,11:09,01 - Clear,01 - Dry,02 - Stop sign,02 - Intersection related,01 - Daylight,03 - P.D. only,03 - Rear end,Manotick
12176,PARKDALE AVE @ RUSKIN ST,365508.4231,5028450.476,-75.72464523,45.39336183,2015-10-01,7:50,01 - Clear,01 - Dry,01 - Traffic signal,02 - Intersection related,01 - Daylight,03 - P.D. only,03 - Rear end,Civic Hospital - Experimental Farm - Central Park
12177,STRANDHERD DR btwn GREENBANK RD & Continuation of STRANDHERD DR,364002.1524,5014828.021,-75.74551064,45.27091707,2015-10-01,12:45,01 - Clear,01 - Dry,10 - No control,01 - Non intersection,01 - Daylight,03 - P.D. only,03 - Rear end,New Barrhaven
12178,NICHOLAS ST NB btwn HWY417 IC118 RAMP52 & WALLER ST,368618.6821,5031617.009,-75.68451574,45.4215767,2015-09-21,15:39,01 - Clear,01 - Dry,10 - No control,01 - Non intersection,01 - Daylight,03 - P.D. only,03 - Rear end,Sandy Hill
12179,MONTREAL RD btwn ALFRED ST & CANTIN ST,371009.5803,5033562.297,-75.65370624,45.43885736,2015-09-22,8:32,01 - Clear,01 - Dry,10 - No control,04 - At/near private drive,01 - Daylight,03 - P.D. only,99 - Other,Vanier South
12180,KIRKWOOD AVE N @ CARLING AVE,364275.3041,5027495.027,-75.7405081,45.38487069,2015-11-13,20:03,02 - Rain,02 - Wet,01 - Traffic signal,03 - At intersection,07 - Dark,03 - P.D. only,05 - Turning movement,Westboro
12181,RESEARCH RD @ UPLANDS DR,370831.2033,5021556.678,-75.65759204,45.33085198,2015-10-04,16:42,01 - Clear,01 - Dry,01 - Traffic signal,03 - At intersection,01 - Daylight,03 - P.D. only,02 - Angle,Greenbelt
12182,PRINCE OF WALES DR @ WEST HUNT CLUB RD,367458.7103,5021890.422,-75.70057081,45.33416416,2015-10-08,20:58,01 - Clear,01 - Dry,01 - Traffic signal,03 - At intersection,07 - Dark,03 - P.D. only,04 - Sideswipe,Industrial Park
12183,WOODROFFE AVE btwn MIRAMICHI ST & TECUMSEH ST,362344.6601,5024285.715,-75.76553397,45.35615489,2015-10-29,18:39,01 - Clear,01 - Dry,10 - No control,01 - Non intersection,07 - Dark,03 - P.D. only,03 - Rear end,Iris
12184,EDGECLIFFE AVE @ CALDWELL AVE,364345.0608,5026251.181,-75.7397674,45.37367285,2015-10-30,8:08,01 - Clear,01 - Dry,10 - No control,03 - At intersection,01 - Daylight,03 - P.D. only,02 - Angle,Carlington
12185,CEDARVIEW RD @ FALLOWFIELD RD,361293.9465,5015664.082,-75.77992686,45.27866279,2015-10-31,1:40,01 - Clear,01 - Dry,01 - Traffic signal,03 - At intersection,07 - Dark,03 - P.D. only,05 - Turning movement,Munster Hamlet - Richmond
12186,PERTH ST @ SHEA RD,357526.6124,5006971.983,-75.82886341,45.20074193,2015-10-31,21:38,01 - Clear,01 - Dry,02 - Stop sign,03 - At intersection,07 - Dark,03 - P.D. only,07 - SMV other,Munster Hamlet - Richmond
12187,WEST HUNT CLUB RD @ ROYDON PL/SUNDERLAND ST,365973.7076,5022169.851,-75.71948084,45.33680946,2015-10-25,14:27,01 - Clear,01 - Dry,01 - Traffic signal,02 - Intersection related,01 - Daylight,03 - P.D. only,04 - Sideswipe,Industrial Park
12188,HUNT CLUB RD @ RIVERSIDE DR,368035.9823,5021944.417,-75.69319953,45.33459821,2015-09-12,9:20,02 - Rain,02 - Wet,01 - Traffic signal,02 - Intersection related,01 - Daylight,03 - P.D. only,03 - Rear end,Hunt Club Woods - Quintarra - Revelstoke - Riverside South P
12189,FISHER AVE btwn NORMANDY CRES & FALAISE RD,366754.407,5024615.448,-75.70921443,45.35874599,2015-09-12,14:40,02 - Rain,02 - Wet,10 - No control,01 - Non intersection,01 - Daylight,03 - P.D. only,05 - Turning movement,Carleton Heights - Rideauview
12190,MARIER AVE @ MONTREAL RD,370421.1497,5033261.951,-75.66126681,45.43621045,2015-07-03,16:52,01 - Clear,01 - Dry,01 - Traffic signal,03 - At intersection,01 - Daylight,03 - P.D. only,05 - Turning movement,Vanier South
12191,THURSTON DR btwn CONROY RD & THOMAS SPRATT PL,373245.6116,5026808.75,-75.62606611,45.37787679,2015-07-27,7:10,01 - Clear,01 - Dry,10 - No control,04 - At/near private drive,01 - Daylight,03 - P.D. only,05 - Turning movement,Industrial Park