Record,Location,X,Y,lon,lat,Date,Time,Environment,Road_Surface,Traffic_Control,Collision_Location,Light,Collision_Classification,Impact_type,Neighborhood
12602,CHURCHILL AVE   N btwn DANFORTH AVE & BYRON AVE,363266.0441,5028201.812,-75.75331138,45.3913152,2015-11-17,19:50,01 - Clear,01 - Dry,10 - No control,01 - Non intersection,07 - Dark,03 - P.D. only,06 - SMV unattended vehicle,Westboro
12603,BASLAW DR btwn JOHNSTON RD & JOHNSTON RD,374150.8796,5026525.896,-75.61454848,45.37524278,2015-09-06,12:17,01 - Clear,01 - Dry,10 - No control,04 - At/near private drive,01 - Daylight,03 - P.D. only,06 - SMV unattended vehicle,Hunt Club
12604,POULIN AVE @ RICHMOND RD,360325.6794,5024900.874,-75.79123192,45.36185286,2015-11-20,10:07,01 - Clear,01 - Dry,01 - Traffic signal,03 - At intersection,01 - Daylight,03 - P.D. only,02 - Angle,Woodroffe - Lincoln Heights
12605,WEST HUNT CLUB RD @ WOODROFFE AVE,363669.9703,5021247.57,-75.74898147,45.32870792,2015-11-19,16:45,02 - Rain,02 - Wet,01 - Traffic signal,02 - Intersection related,05 - Dusk,03 - P.D. only,03 - Rear end,Woodvale - Craig Henry - Manordale - Estates of Arlington Wo
12606,BROOKFIELD RD btwn RIVERSIDE DR/HOG'S BACK RD & 200 W OF FLANNERY DR,368205.9092,5026224.323,-75.69048285,45.37309248,2015-11-26,13:03,01 - Clear,01 - Dry,10 - No control,01 - Non intersection,01 - Daylight,03 - P.D. only,04 - Sideswipe,Riverside Park
12607,BANK ST btwn AYLMER AVE & EUCLID AVE,368678.0367,5028717.652,-75.68413305,45.39548384,2015-06-17,15:51,01 - Clear,01 - Dry,10 - No control,01 - Non intersection,01 - Daylight,03 - P.D. only,99 - Other,Old Ottawa South
12608,MAITLAND AVE btwn DUNCAN PL & LENESTER AVE,363032.3285,5026267.07,-75.75652421,45.37392613,2015-11-05,9:59,01 - Clear,01 - Dry,10 - No control,04 - At/near private drive,01 - Daylight,03 - P.D. only,99 - Other,Carlingwood West - Glabar Park - McKellar Heights
12609,BEECHWOOD AVE @ DOUGLAS AVE,369306.6771,5033692.743,-75.67545343,45.44019025,2015-11-05,18:19,01 - Clear,01 - Dry,02 - Stop sign,02 - Intersection related,07 - Dark,03 - P.D. only,99 - Other,Lindenlea
12610,WALKLEY RD btwn DON REID DR/RYDER ST & 160 W OF CONROY RD,372612.331,5027291.337,-75.63408481,45.38228049,2015-11-17,15:18,01 - Clear,01 - Dry,10 - No control,01 - Non intersection,01 - Daylight,03 - P.D. only,03 - Rear end,Playfair Park - Lynda Park - Guildwood Estates
12611,DONALD B. MUNRO DR @ ROBERTLEE DR,341904.5518,5022892.199,-76.02651257,45.34499516,2015-11-17,15:39,04 - Freezing Rain,02 - Wet,02 - Stop sign,03 - At intersection,01 - Daylight,03 - P.D. only,02 - Angle,Carp
12612,ELGIN ST btwn WAVERLEY ST & FRANK ST,368333.4268,5030926.993,-75.68824938,45.41539414,2015-10-19,0:00,01 - Clear,01 - Dry,10 - No control,01 - Non intersection,00 - Unknown,03 - P.D. only,06 - SMV unattended vehicle,Centretown
12613,MERIVALE RD/LOTTA AVE @ CLYDE AVE,364521.5075,5024508.328,-75.73772551,45.3579759,2015-11-09,18:55,01 - Clear,01 - Dry,01 - Traffic signal,02 - Intersection related,07 - Dark,03 - P.D. only,03 - Rear end,Cityview - Skyline - Fisher Heights
12614,ALTA VISTA DR btwn DALE AVE & 75 S OF CALEDON ST,370732.285,5030285.207,-75.65768889,45.40939768,2015-11-10,8:57,01 - Clear,01 - Dry,10 - No control,04 - At/near private drive,01 - Daylight,03 - P.D. only,02 - Angle,Industrial Park
12615,DEER PARK RD @ MEADOWLANDS DR,365978.2114,5024861.06,-75.71909046,45.36102413,2015-11-16,8:34,01 - Clear,01 - Dry,01 - Traffic signal,02 - Intersection related,01 - Daylight,03 - P.D. only,04 - Sideswipe,Borden Farm - Stewart Farm - Parkwood Hills - Fisher Glen
12616,FERNBANK RD @ LIARD ST,351493.4917,5012637.547,-75.90512072,45.25214828,2015-11-03,19:33,01 - Clear,01 - Dry,02 - Stop sign,03 - At intersection,07 - Dark,03 - P.D. only,05 - Turning movement,Stittsville
12617,HWY 417 WOODROFF IC127R53 @ WOODROFFE AVE,362208.3187,5024625.438,-75.76723455,45.35922287,2015-10-17,12:11,01 - Clear,01 - Dry,03 - Yield sign,02 - Intersection related,01 - Daylight,03 - P.D. only,03 - Rear end,Iris
12618,HIGHWAY 417 btwn HWY 417 ANDERSON IC104R61 & HWY 417 BOUNDARY IC96R16,381548.3327,5025624.922,-75.52025319,45.36636525,2015-10-18,12:30,01 - Clear,01 - Dry,10 - No control,01 - Non intersection,01 - Daylight,03 - P.D. only,07 - SMV other,Greenbelt
12619,HOLLAND AVE @ WELLINGTON ST,364929.7014,5029153.915,-75.73195013,45.39974116,2015-05-28,9:02,02 - Rain,02 - Wet,01 - Traffic signal,02 - Intersection related,01 - Daylight,03 - P.D. only,03 - Rear end,Island Park
12620,KIRKWOOD AVE @ GEOFFREY ST,363929.9691,5028282.19,-75.74482329,45.39198268,2015-05-30,12:59,01 - Clear,01 - Dry,02 - Stop sign,02 - Intersection related,01 - Daylight,03 - P.D. only,03 - Rear end,Westboro
12621,COOPER ST @ METCALFE ST,367961.9866,5031177.489,-75.69296259,45.41768164,2015-11-19,21:25,01 - Clear,02 - Wet,02 - Stop sign,03 - At intersection,07 - Dark,03 - P.D. only,02 - Angle,Centretown
12622,ST. BERNARD ST btwn BLOOMINGTON ST & SIXTH ST,373322.1151,5023899.182,-75.62549288,45.35169019,2015-11-22,11:03,01 - Clear,01 - Dry,10 - No control,01 - Non intersection,01 - Daylight,03 - P.D. only,06 - SMV unattended vehicle,Blossom Park - Blossom Park West - Sawmill Creek/ Timbermill
12623,PRESTON ST btwn GEORGE ST W & ABERDEEN ST,366647.3704,5029351.292,-75.70998728,45.40136747,2015-08-17,17:00,01 - Clear,01 - Dry,10 - No control,01 - Non intersection,01 - Daylight,03 - P.D. only,04 - Sideswipe,Little Italy
12624,BLAIR RD @ REGIONAL RD 174 N/OR174 IC112 RAMP61,374635.452,5032990.494,-75.60744682,45.43335983,2015-11-10,18:00,01 - Clear,01 - Dry,01 - Traffic signal,03 - At intersection,07 - Dark,03 - P.D. only,05 - Turning movement,Industrial Park
12625,TENTH LINE RD btwn TOMPKINS AVE & CANOTIA PL,383286.1051,5037720.089,-75.49614589,45.47499522,2015-11-11,21:02,02 - Rain,02 - Wet,10 - No control,01 - Non intersection,07 - Dark,03 - P.D. only,03 - Rear end,Queenswood Heights
12626,FERNBANK RD btwn SHEA RD & FERNBANK RD,352196.8719,5013248.542,-75.89610182,45.25759918,2015-11-17,22:05,01 - Clear,01 - Dry,10 - No control,01 - Non intersection,07 - Dark,03 - P.D. only,07 - SMV other,Stittsville - Basswood
12627,FALLOWFIELD RD @ HOLITMAN DR,363743.3796,5017134.772,-75.74853426,45.29169496,2015-11-18,7:54,01 - Clear,01 - Dry,02 - Stop sign,02 - Intersection related,01 - Daylight,03 - P.D. only,03 - Rear end,New Barrhaven
12628,HAZELDEAN RD btwn EDGEWATER ST & YOUNG RD,352394.8104,5017414.209,-75.89318058,45.29506967,2015-09-17,16:00,01 - Clear,01 - Dry,10 - No control,04 - At/near private drive,01 - Daylight,03 - P.D. only,02 - Angle,Glen Cairn - Kanata South Business Park
12629,CEDARVIEW RD btwn WEST HUNT CLUB RD & LYTLE AVE,359735.9747,5019523.126,-75.79935579,45.31351025,2015-11-20,13:11,01 - Clear,01 - Dry,10 - No control,01 - Non intersection,01 - Daylight,03 - P.D. only,05 - Turning movement,Greenbelt
12630,MERIVALE RD @ FAMILY BROWN LANE,365004.9591,5023386.028,-75.73169203,45.34783626,2015-11-20,14:46,01 - Clear,01 - Dry,01 - Traffic signal,02 - Intersection related,01 - Daylight,03 - P.D. only,03 - Rear end,Borden Farm - Stewart Farm - Parkwood Hills - Fisher Glen
12631,KIRKWOOD AVE @ RICHMOND RD,363777.969,5028640.474,-75.74672155,45.39521928,2015-06-18,15:29,01 - Clear,01 - Dry,01 - Traffic signal,02 - Intersection related,01 - Daylight,03 - P.D. only,04 - Sideswipe,Westboro
12632,LANCASTER RD @ WALKLEY RD,374908.0198,5028602.181,-75.60458783,45.39384884,2015-06-26,15:45,01 - Clear,01 - Dry,01 - Traffic signal,02 - Intersection related,01 - Daylight,03 - P.D. only,03 - Rear end,Industrial Park
12633,BRONSON AVE btwn PRIMROSE AVE & LISGAR ST,366890.1963,5030656.009,-75.70672151,45.41308545,2015-11-05,18:52,01 - Clear,01 - Dry,10 - No control,04 - At/near private drive,07 - Dark,03 - P.D. only,02 - Angle,Centretown West
12634,ELGIN ST @ LAURIER AVE,367948.7099,5031549.576,-75.69308453,45.42103076,2015-11-05,11:30,01 - Clear,01 - Dry,01 - Traffic signal,03 - At intersection,01 - Daylight,03 - P.D. only,02 - Angle,Downtown
12635,HAWTHORNE RD @ LOUISEIZE RD,377825.775,5020844.853,-75.56847349,45.32375436,2015-11-17,20:18,01 - Clear,01 - Dry,02 - Stop sign,02 - Intersection related,07 - Dark,03 - P.D. only,03 - Rear end,Greenbelt
12636,HUNT CLUB RD btwn MCCARTHY RD & RAMP,370746.2217,5023542.132,-75.65841146,45.34872452,2015-11-18,8:10,01 - Clear,01 - Dry,10 - No control,01 - Non intersection,01 - Daylight,03 - P.D. only,03 - Rear end,Hunt Club East - Western Community
12637,MERIVALE RD @ CLEOPATRA DR,365951.5818,5021122.97,-75.71989245,45.32739169,2015-11-10,10:20,01 - Clear,01 - Dry,01 - Traffic signal,03 - At intersection,01 - Daylight,03 - P.D. only,02 - Angle,Merivale Gardens - Grenfell Glen - Pineglen - Country Place
12638,CLIFTON RD @ RICHMOND RD,363708.6862,5028597.47,-75.74761151,45.39483817,2015-11-12,10:08,02 - Rain,02 - Wet,02 - Stop sign,03 - At intersection,01 - Daylight,03 - P.D. only,02 - Angle,Westboro
12639,STRANDHERD DR @ CEDARVIEW RD/TARTAN DR,362291.4495,5013546.426,-75.76745885,45.25952712,2015-11-12,11:26,02 - Rain,02 - Wet,01 - Traffic signal,02 - Intersection related,01 - Daylight,03 - P.D. only,03 - Rear end,New Barrhaven
12640,ISABELLA ST/HWY417 IC119AR75 @ METCALFE ST,368448.7065,5030399.204,-75.68684478,45.41063479,2015-08-15,16:45,01 - Clear,01 - Dry,01 - Traffic signal,02 - Intersection related,01 - Daylight,03 - P.D. only,04 - Sideswipe,The Glebe
12641,PARKDALE AVE @ WELLINGTON ST,365150.4213,5029269.475,-75.72911694,45.40076195,2015-08-16,0:14,01 - Clear,01 - Dry,01 - Traffic signal,03 - At intersection,07 - Dark,03 - P.D. only,02 - Angle,Islan
12642,RAMSAYVILLE RD @ MITCH OWENS RD,381145.094,5018038.468,-75.52657019,45.29815094,2015-09-30,20:29,01 - Clear,01 - Dry,02 - Stop sign,03 - At intersection,07 - Dark,03 - P.D. only,05 - Turning movement,Metcalfe
12643,MER BLEUE RD btwn 210 S OF INNES RD & INNES RD,382645.1015,5035556.532,-75.50468586,45.45560117,2015-10-19,14:43,01 - Clear,01 - Dry,10 - No control,04 - At/near private drive,01 - Daylight,03 - P.D. only,02 - Angle,Chapel Hill South
12644,ROCKDALE RD @ RUSSELL RD,393758.4198,5026972.114,-75.36416884,45.37704252,2015-07-24,16:30,01 - Clear,01 - Dry,02 - Stop sign,03 - At intersection,01 - Daylight,03 - P.D. only,02 - Angle,Navan - Vars
12645,COLONNADE RD @ MERIVALE RD,365364.4157,5022543.415,-75.72720839,45.3402236,2015-07-29,14:05,01 - Clear,01 - Dry,01 - Traffic signal,02 - Intersection related,01 - Daylight,03 - P.D. only,03 - Rear end,Tanglewood
12646,BRIDGESTONE DR/STEEPLE CHASE DR @ STONEHAVEN D,355104.9114,5016984.087,-75.85867335,45.29101055,2015-09-25,0:00,01 - Clear,01 - Dry,11 - Roundabout,02 - Intersection related,00 - Unknown,03 - P.D. only,07 - SMV other,Bridlewood - Emerald Meadows
12647,FISHER AVE @ TRENT ST,365784.4201,5026928.179,-75.72130868,45.37964055,2015-09-26,13:46,01 - Clear,01 - Dry,01 - Traffic signal,02 - Intersection related,01 - Daylight,03 - P.D. only,03 - Rear end,Civic Hospital - Experimental Farm - Central Park
12648,TORBOLTON RIDGE RD btwn KILMAURS SIDE RD & KINBURN SIDE RD,334657.4335,5035192.735,-76.11824533,45.45602613,2015-10-07,12:36,01 - Clear,08 - Loose sand or gravel,10 - No control,01 - Non intersection,01 - Daylight,03 - P.D. only,07 - SMV other,Kilmaurs
12649,NELSON ST btwn YORK ST & RIDEAU ST,368630.0802,5032527.419,-75.68425213,45.4297672,2015-08-02,11:49,01 - Clear,01 - Dry,10 - No control,04 - At/near private drive,01 - Daylight,03 - P.D. only,06 - SMV unattended vehicle,Lower Town
12650,BRONSON AVE btwn FLORA ST & ARLINGTON AVE,367209.0157,5029899.635,-75.70274435,45.40625146,2015-08-02,12:28,01 - Clear,01 - Dry,10 - No control,01 - Non intersection,01 - Daylight,03 - P.D. only,04 - Sideswipe,Centretown West
12651,MCGIBBON DR btwn ROBARTS CRES & KATIMAVIK RD,351703.2685,5018764.765,-75.90186927,45.30726883,2015-10-01,8:34,01 - Clear,01 - Dry,10 - No control,04 - At/near private drive,01 - Daylight,03 - P.D. only,04 - Sideswipe,Katimavik - Hazeldean
12652,EAGLESON RD @ MICHAEL COWPLAND DR/STONEHAVEN D,354380.4638,5016623.804,-75.86794462,45.28782013,2015-10-01,8:20,01 - Clear,01 - Dry,01 - Traffic signal,02 - Intersection related,01 - Daylight,03 - P.D. only,05 - Turning movement,Glen Cairn - Kanata South Business Park
12653,BANK ST btwn ARENA PL & WHITE ALDER AVE,375560.7018,5021145.503,-75.59732044,45.32669146,2015-10-10,15:55,01 - Clear,01 - Dry,10 - No control,01 - Non intersection,01 - Daylight,03 - P.D. only,03 - Rear end,Greenbelt
12654,CARLING AVE EB btwn MERIVALE RD EXTENSION & VISCOUNT AVE,365029.1768,5027785.784,-75.73084663,45.38742245,2015-10-13,9:30,01 - Clear,01 - Dry,10 - No control,01 - Non intersection,01 - Daylight,03 - P.D. only,04 - Sideswipe,Carlington
12655,BLAIR RD @ REGIONAL RD 174 N/OR174 IC112 RAMP61,374635.3416,5032991.388,-75.6074481,45.43336789,2015-10-23,15:41,01 - Clear,01 - Dry,01 - Traffic signal,03 - At intersection,01 - Daylight,03 - P.D. only,03 - Rear end,Industrial Park
12656,VANIER PKWY/CRICHTON ST @ BEECHWOOD AVE/ST. PA,369123.1132,5033491.157,-75.67782591,45.43839337,2015-10-24,18:00,02 - Rain,02 - Wet,01 - Traffic signal,03 - At intersection,07 - Dark,03 - P.D. only,05 - Turning movement,New Edinburgh
12657,PARKDALE AVE btwn RUSKIN ST & INGLEWOOD PL,365518.5132,5028427.413,-75.72451921,45.39315344,2015-05-15,9:38,01 - Clear,01 - Dry,10 - No control,01 - Non intersection,01 - Daylight,03 - P.D. only,06 - SMV unattended vehicle,Civic Hospital - Experimental Farm - Central Park
12658,MONTGOMERY ST @ MONTREAL RD,369814.4333,5032920.228,-75.66906583,45.43319244,2015-08-19,15:37,01 - Clear,01 - Dry,01 - Traffic signal,03 - At intersection,01 - Daylight,03 - P.D. only,02 - Angle,Vanier South
12659,PICCADILLY AVE @ RICHMOND RD,364217.2624,5028918.556,-75.74107781,45.39768427,2015-08-19,16:49,01 - Clear,01 - Dry,02 - Stop sign,02 - Intersection related,01 - Daylight,03 - P.D. only,03 - Rear end,Island Park
12660,HERON RD btwn EVANS BLVD & ALTA VISTA DR,370427.8575,5026897.132,-75.66202833,45.37894162,2015-07-15,17:58,01 - Clear,01 - Dry,10 - No control,01 - Non intersection,01 - Daylight,03 - P.D. only,05 - Turning movement,Alta Vista
12661,RIDEAU ST btwn CUMBERLAND ST & KING EDWARD AVE,368471.3468,5032387.283,-75.68629865,45.42852078,2015-07-15,17:50,01 - Clear,01 - Dry,10 - No control,01 - Non intersection,01 - Daylight,03 - P.D. only,04 - Sideswipe,Lowe
12662,CHARLEMAGNE BLVD btwn CANTEVAL TER & TENTH LINE RD,383687.822,5036921.717,-75.49113682,45.46776693,2015-09-12,15:26,02 - Rain,02 - Wet,10 - No control,04 - At/near private drive,01 - Daylight,03 - P.D. only,03 - Rear end,Fallingbrook
12663,RIVERSIDE DR NB btwn TREMBLAY RD & HWY417 IC117 RAMP25,370817.2132,5031025.638,-75.65650484,45.41605178,2015-09-15,17:55,01 - Clear,01 - Dry,10 - No control,01 - Non intersection,01 - Daylight,03 - P.D. only,03 - Rear end,Industrial Park
12664,CARLING AVE @ KIRKWOOD AVE S,364350.9798,5027337.189,-75.73956086,45.38344406,2015-10-14,18:13,01 - Clear,01 - Dry,01 - Traffic signal,02 - Intersection related,01 - Daylight,03 - P.D. only,03 - Rear end,Carlington
12665,NORTH SERVICE RD btwn ROSSIGNOL CRES & TRIM RD,384094.0634,5040133.898,-75.48542374,45.49662109,2015-10-15,6:15,01 - Clear,01 - Dry,10 - No control,01 - Non intersection,03 - Dawn,03 - P.D. only,03 - Rear end,Chatelaine Village
12666,HOLLAND AVE @ ISLAND PARK DR/N.C.C. DRIVEWAY,365425.6995,5027917.869,-75.7257671,45.38857671,2015-08-24,16:42,01 - Clear,02 - Wet,01 - Traffic signal,03 - At intersection,01 - Daylight,03 - P.D. only,05 - Turning movement,Civic Hospital - Experimental Farm - Central Park
12667,BRONSON AVE btwn UNIVERSITY RD & BREWER WAY,368059.3174,5027854.724,-75.69214533,45.38777563,2015-09-02,17:40,01 - Clear,01 - Dry,10 - No control,01 - Non intersection,01 - Daylight,03 - P.D. only,03 - Rear end,Carleto
12668,YOUVILLE DR btwn ST. JOSEPH BLVD & JEANNE D'ARC BLVD S,379291.6637,5036594.729,-75.54739894,45.46530762,2015-10-19,17:06,01 - Clear,01 - Dry,10 - No control,04 - At/near private drive,01 - Daylight,03 - P.D. only,02 - Angle,Greenbelt
12669,ST. LAURENT BLVD btwn MONTREAL RD & CAMIL ST,371561.5588,5033782.64,-75.64662173,45.44078741,2015-10-19,17:57,01 - Clear,01 - Dry,10 - No control,04 - At/near private drive,01 - Daylight,03 - P.D. only,02 - Angle,Cummings
12670,METCALFE ST btwn SPARKS ST & QUEEN ST,367616.8704,5031731.455,-75.69730117,45.42269712,2015-07-30,11:03,01 - Clear,01 - Dry,10 - No control,01 - Non intersection,01 - Daylight,03 - P.D. only,99 - Other,Downtown
12671,COBOURG ST @ ST. PATRICK ST,368801.7412,5033232.459,-75.68196688,45.4360952,2015-07-30,17:15,01 - Clear,01 - Dry,01 - Traffic signal,03 - At intersection,01 - Daylight,03 - P.D. only,03 - Rear end,Lower Town
12672,GREENBANK RD @ WEST HUNT CLUB RD,361478.9563,5020502.84,-75.77701574,45.3221872,2015-09-26,14:23,01 - Clear,01 - Dry,01 - Traffic signal,02 - Intersection related,01 - Daylight,03 - P.D. only,03 - Rear end,Greenbelt
12673,CAMBRIAN RD btwn GREENBANK RD & KILBIRNIE DR,364868.1806,5012931.766,-75.73470399,45.25378111,2015-08-01,15:00,01 - Clear,01 - Dry,10 - No control,01 - Non intersection,01 - Daylight,03 - P.D. only,07 - SMV other,New Barrhaven
12674,JOCKVALE RD @ CAMBRIAN RD/GOLFLINKS DR W,365383.8014,5013224.274,-75.72809968,45.2563689,2015-08-02,17:15,01 - Clear,01 - Dry,11 - Roundabout,03 - At intersection,01 - Daylight,03 - P.D. only,02 - Angle,New Barrhaven
12675,SAVILLE ROW @ WOODROFFE AVE,361780.3973,5026184.447,-75.77251634,45.37328562,2015-10-01,8:55,01 - Clear,01 - Dry,01 - Traffic signal,02 - Intersection related,01 - Daylight,03 - P.D. only,04 - Sideswipe,Carlingwood West - Glabar Park - McKellar Heights
12676,GREENBANK RD @ CANFIELD RD/CRAIG HENRY DR,361106.6798,5021364.132,-75.7816661,45.32996707,2015-10-01,15:16,01 - Clear,01 - Dry,01 - Traffic signal,02 - Intersection related,01 - Daylight,03 - P.D. only,03 - Rear end,Woodvale - Craig Henry - Manordale - Estates of Arlington Wo
12677,ELGIN ST @ QUEEN ST,367805.4232,5031778.497,-75.69488599,45.42310343,2015-10-11,2:44,01 - Clear,01 - Dry,01 - Traffic signal,02 - Intersection related,07 - Dark,03 - P.D. only,04 - Sideswipe,Downtown
12678,BRONSON AVE @ FIRST AVE,367488.9867,5029235.481,-75.69925259,45.40025058,2015-08-13,18:18,01 - Clear,01 - Dry,02 - Stop sign,03 - At intersection,01 - Daylight,03 - P.D. only,02 - Angle,The Glebe
12679,TERRY FOX DR btwn HWY417 IC140 RAMP36 & HWY417 IC140 RAMP61,350732.3575,5018799.644,-75.91424686,45.30764685,2015-07-03,11:46,01 - Clear,01 - Dry,10 - No control,01 - Non intersection,01 - Daylight,03 - P.D. only,03 - Rear end,Kanata Lakes - Marchwood Lakeside - Morgan's Grant - Kanata
12680,ST. LAURENT BLVD btwn BOURASSA ST & SMYTH RD,373243.9392,5029671.575,-75.62569038,45.40363539,2015-07-24,16:41,01 - Clear,01 - Dry,10 - No control,01 - Non intersection,01 - Daylight,03 - P.D. only,03 - Rear end,Industrial Park
12681,INNES RD @ STONEHENGE CRES E,375363.7425,5031311.751,-75.59838033,45.41818234,2015-08-19,17:10,01 - Clear,01 - Dry,01 - Traffic signal,02 - Intersection related,01 - Daylight,03 - P.D. only,03 - Rear end,Greenbelt
12682,INDUSTRIAL AVE @ RIVERSIDE DR,370684.7186,5030592.914,-75.65825537,45.41217079,2015-08-19,17:00,01 - Clear,01 - Dry,01 - Traffic signal,02 - Intersection related,01 - Daylight,03 - P.D. only,04 - Sideswipe,Industrial Park
12683,CARLING AVE/STATION RD @ MARCH RD,350907.6168,5022245.427,-75.91169114,45.33864134,2015-07-16,12:51,01 - Clear,01 - Dry,01 - Traffic signal,02 - Intersection related,01 - Daylight,03 - P.D. only,03 - Rear end,South March
12684,LEMIEUX ST @ ST. LAURENT BLVD,372391.7247,5031742.925,-75.63629134,45.42235527,2015-09-17,17:04,01 - Clear,01 - Dry,01 - Traffic signal,02 - Intersection related,01 - Daylight,03 - P.D. only,03 - Rear end,Overbrook
12685,ANDERSON RD/WEIR RD @ RENAUD RD,377767.7481,5031503.201,-75.56763912,45.41965831,2015-10-15,8:26,02 - Rain,02 - Wet,11 - Roundabout,02 - Intersection related,01 - Daylight,03 - P.D. only,03 - Rear end,Greenbelt
12686,RIVERSIDE DR @ SMYTH RD NORTH SIDE RAMP,369937.566,5029315.664,-75.66796873,45.4007485,2015-10-15,15:07,01 - Clear,01 - Dry,01 - Traffic signal,02 - Intersection related,01 - Daylight,03 - P.D. only,03 - Rear end,Industrial Park
12687,ALBERT ST @ ELGIN ST/MACKENZIE KING BRIDGE,367850.7116,5031710.5,-75.69431603,45.42248754,2015-10-01,17:47,01 - Clear,01 - Dry,01 - Traffic signal,03 - At intersection,01 - Daylight,03 - P.D. only,07 - SMV other,Downtown
12688,KING EDWARD AVE NB btwn RAMP & CATHCART ST,368073.8088,5033165.17,-75.6912786,45.43555601,2015-10-01,22:59,01 - Clear,01 - Dry,10 - No control,01 - Non intersection,07 - Dark,03 - P.D. only,04 - Sideswipe,Lower Town
12689,BLAIR RD @ REGIONAL RD 174 N/OR174 IC112 RAMP61,374634.0106,5032989.773,-75.60746534,45.43335349,2015-10-19,18:59,01 - Clear,01 - Dry,01 - Traffic signal,02 - Intersection related,05 - Dusk,03 - P.D. only,02 - Angle,Industrial Park
12690,INNES RD btwn STONEHENGE CRES & BLAIR RD,375450.4466,5031368.564,-75.59726448,45.41868476,2015-07-15,15:30,01 - Clear,01 - Dry,10 - No control,01 - Non intersection,01 - Daylight,03 - P.D. only,03 - Rear end,Greenbelt
12691,CONSTELLATION CRES @ BASELINE RD,362273.388,5023594.516,-75.76652391,45.34994138,2015-07-30,15:15,01 - Clear,01 - Dry,01 - Traffic signal,02 - Intersection related,01 - Daylight,03 - P.D. only,03 - Rear end,Iris
12692,CLARENCE ST @ SUSSEX DR,367752.2875,5032322.381,-75.6954954,45.4280019,2015-07-31,12:28,01 - Clear,01 - Dry,02 - Stop sign,02 - Intersection related,01 - Daylight,03 - P.D. only,04 - Sideswipe,Byward Market - Parliament Hill
12693,KING EDWARD AVE @ LAURIER AVE,368739.7072,5032036.384,-75.68291499,45.42533903,2015-09-26,19:07,01 - Clear,01 - Dry,01 - Traffic signal,02 - Intersection related,01 - Daylight,03 - P.D. only,03 - Rear end,Sandy Hill
12694,STONEHAVEN DR btwn FURLONG CRES & STONEMEADOW DR,355851.5247,5016761.301,-75.84917848,45.28895204,2015-09-26,19:40,01 - Clear,01 - Dry,10 - No control,01 - Non intersection,07 - Dark,03 - P.D. only,07 - SMV other,Bridlewood - Emerald Meadows
12695,HUNTMAR DR btwn OLD CARP RD & BRADLEY SIDE RD,345474.9795,5022090.076,-75.98101845,45.33757944,2015-10-07,19:30,01 - Clear,01 - Dry,10 - No control,01 - Non intersection,07 - Dark,03 - P.D. only,07 - SMV other,Carp - Hardwood Plains
12696,BRUYERE ST @ SUSSEX DR,367538.6551,5032667.345,-75.69818132,45.43112497,2015-10-08,8:25,01 - Clear,01 - Dry,01 - Traffic signal,02 - Intersection related,01 - Daylight,03 - P.D. only,07 - SMV other,Byward Market - Parliament Hill
12697,BANK ST @ CAHILL DR/DAZE ST,371307.5357,5024316.367,-75.65114477,45.35563784,2015-08-03,13:33,01 - Clear,01 - Dry,01 - Traffic signal,02 - Intersection related,01 - Daylight,03 - P.D. only,04 - Sideswipe,South Keys - Heron Gate - Greenboro West
12698,ROYAL FIELD CRES btwn WOODGATE WAY & BENCHLAND ST,365149.6824,5017564.431,-75.73055471,45.29544165,2015-10-01,16:00,01 - Clear,01 - Dry,10 - No control,04 - At/near private drive,01 - Daylight,03 - P.D. only,06 - SMV unattended vehicle,Greenbelt
12699,CAMPEAU DR/HWY 417 MARCH IC138R63 @ MARCH RD,352840.7321,5020476.971,-75.88719863,45.32259874,2015-10-01,17:30,01 - Clear,01 - Dry,01 - Traffic signal,02 - Intersection related,01 - Daylight,03 - P.D. only,04 - Sideswipe,Greenbelt
12700,CARP RD @ REIS RD,345277.2843,5018222.388,-75.98385688,45.30278805,2015-10-11,14:53,01 - Clear,01 - Dry,02 - Stop sign,02 - Intersection related,01 - Daylight,03 - P.D. only,07 - SMV other,Stittsville - Basswood
12701,MERIVALE RD btwn BURRIS LANE & OT/NE BOUNDARY,364928.9521,5025146.077,-75.73244783,45.36367944,2015-08-13,19:40,01 - Clear,01 - Dry,10 - No control,01 - Non intersection,05 - Dusk,03 - P.D. only,03 - Rear end,Cityview - Skyline - Fisher Heights
12702,KING EDWARD AVE @ RIDEAU ST,368511.7072,5032412.508,-75.68577965,45.42874407,2015-08-16,11:27,01 - Clear,01 - Dry,01 - Traffic signal,02 - Intersection related,01 - Daylight,03 - P.D. only,99 - Other,Lowe
12703,JEANNE D'ARC BLVD btwn WILLOW AVE & VINETTE CRES,381723.6584,5038904.252,-75.51594146,45.48582316,2015-09-14,2:59,02 - Rain,02 - Wet,10 - No control,01 - Non intersection,07 - Dark,03 - P.D. only,07 - SMV other,Chatelaine Village
12704,MERIVALE RD @ CAPILANO DR/WITHROW AVE,364643.8704,5024227.409,-75.73619783,45.3554378,2015-06-27,12:50,01 - Clear,01 - Dry,01 - Traffic signal,02 - Intersection related,01 - Daylight,03 - P.D. only,04 - Sideswipe,Cityview - Skyline - Fisher Heights
12705,LAURIER AVE   W btwn O'CONNOR ST & METCALFE ST,367724.256,5031411.36,-75.69596997,45.41980736,2015-07-01,18:06,01 - Clear,02 - Wet,10 - No control,01 - Non intersection,01 - Daylight,03 - P.D. only,99 - Other,Downtown