Record,Location,X,Y,lon,lat,Date,Time,Environment,Road_Surface,Traffic_Control,Collision_Location,Light,Collision_Classification,Impact_type,Neighborhood
12911,PRESTON ST @ SOMERSET ST,366305.5364,5030127.208,-75.71425653,45.40837908,2015-07-28,8:30,01 - Clear,01 - Dry,01 - Traffic signal,02 - Intersection related,01 - Daylight,03 - P.D. only,03 - Rear end,Little Italy
12912,FALLOWFIELD RD @ RICHMOND RD,357720.9149,5013528.335,-75.82569312,45.25972299,2015-09-29,15:15,02 - Rain,02 - Wet,01 - Traffic signal,02 - Intersection related,01 - Daylight,03 - P.D. only,03 - Rear end,Munster Hamlet - Richmond
12913,CONROY RD @ HUNT CLUB RD,373761.5778,5025405.604,-75.61967477,45.36520129,2015-09-29,17:12,02 - Rain,02 - Wet,01 - Traffic signal,02 - Intersection related,01 - Daylight,03 - P.D. only,03 - Rear end,Greenboro East
12914,BRONSON AVE btwn OLD SUNSET BLVD & LAKESIDE AVE,367638.7982,5028879.406,-75.69738455,45.39703329,2015-10-08,9:56,01 - Clear,01 - Dry,10 - No control,01 - Non intersection,01 - Daylight,03 - P.D. only,01 - Approaching,The Glebe
12915,OKANAGAN DR @ SIOUX CRES W,359360.5444,5021987.281,-75.80387209,45.33571211,2015-10-15,7:43,01 - Clear,02 - Wet,03 - Yield sign,03 - At intersection,01 - Daylight,03 - P.D. only,02 - Angle,Qualicum - Redwood Park
12916,WEST HUNT CLUB RD @ CLEOPATRA DR/LANCELOT DR,365236.9613,5021732.764,-75.72893355,45.33294045,2015-10-09,13:54,02 - Rain,02 - Wet,01 - Traffic signal,02 - Intersection related,01 - Daylight,03 - P.D. only,03 - Rear end,Tanglewood
12917,KIRKWOOD AVE N @ CARLING AVE,364276.0248,5027495.027,-75.7404989,45.38487063,2015-10-09,14:38,01 - Clear,02 - Wet,01 - Traffic signal,02 - Intersection related,01 - Daylight,03 - P.D. only,03 - Rear end,Westboro
12918,PRINCE OF WALES DR @ FALLOWFIELD RD,367399.71,5019166.11,-75.70166785,45.3096565,2015-10-16,8:35,01 - Clear,01 - Dry,01 - Traffic signal,02 - Intersection related,01 - Daylight,03 - P.D. only,03 - Rear end,Greenbelt
12919,ST. CHARLES ST @ ALICE ST,369637.6071,5033567.194,-75.67124035,45.43903,2015-08-06,18:00,01 - Clear,01 - Dry,02 - Stop sign,03 - At intersection,01 - Daylight,03 - P.D. only,02 - Angle,Vanier North
12920,TERRY FOX DR @ WESTPHALIAN AVE,353455.2261,5015759.789,-75.87982363,45.28011017,2015-06-14,12:02,01 - Clear,01 - Dry,01 - Traffic signal,02 - Intersection related,01 - Daylight,03 - P.D. only,03 - Rear end,Glen Cairn - Kanata South Business Park
12921,BILLINGS BRIDGESC RAMP NB @ RIVERSIDE DR WB,369022.7222,5027794.339,-75.67985126,45.38714463,2015-07-25,12:29,01 - Clear,01 - Dry,03 - Yield sign,02 - Intersection related,01 - Daylight,03 - P.D. only,02 - Angle,Alta Vista
12922,CARLING AVE @ KIRKWOOD AVE S,364353.1419,5027337.189,-75.73953326,45.38344388,2015-07-25,12:32,01 - Clear,01 - Dry,01 - Traffic signal,02 - Intersection related,01 - Daylight,03 - P.D. only,04 - Sideswipe,Carlington
12923,SHEA RD btwn MOORE ST & PERTH ST,357480.6251,5007025.517,-75.82944306,45.20122709,2015-09-26,15:43,01 - Clear,01 - Dry,10 - No control,04 - At/near private drive,01 - Daylight,03 - P.D. only,02 - Angle,Munster Hamlet - Richmond
12924,HOPE SIDE RD @ RICHMOND RD,356952.0961,5015485.705,-75.83528303,45.2773932,2015-09-26,20:00,01 - Clear,01 - Dry,02 - Stop sign,02 - Intersection related,07 - Dark,03 - P.D. only,07 - SMV other,Bridlewood - Emerald Meadows
12925,BANK ST @ EXHIBITION WAY,368530.717,5029087.649,-75.68596666,45.39882638,2015-07-17,23:22,01 - Clear,02 - Wet,01 - Traffic signal,03 - At intersection,07 - Dark,03 - P.D. only,05 - Turning movement,The Glebe
12926,KENT ST btwn ARLINGTON AVE & CATHERINE ST,367893.2931,5030217.754,-75.69396308,45.40905245,2015-07-18,14:10,01 - Clear,01 - Dry,10 - No control,01 - Non intersection,01 - Daylight,03 - P.D. only,04 - Sideswipe,Centretown
12927,INDUSTRIAL AVE @ RIVERSIDE DR,370685.4393,5030593.634,-75.65824607,45.4121772,2015-09-28,19:47,02 - Rain,02 - Wet,01 - Traffic signal,02 - Intersection related,05 - Dusk,03 - P.D. only,04 - Sideswipe,Industrial Park
12928,BLACKBURN BYPASS @ INNES RD E,379791.7479,5033781.925,-75.54143361,45.43994662,2015-09-15,14:00,01 - Clear,01 - Dry,01 - Traffic signal,02 - Intersection related,01 - Daylight,03 - P.D. only,03 - Rear end,Greenbelt
12929,BANK ST @ CHAMBERLAIN AVE N/ISABELLA ST,368081.9914,5030166.652,-75.6915592,45.40857562,2015-10-14,17:01,01 - Clear,01 - Dry,01 - Traffic signal,03 - At intersection,01 - Daylight,03 - P.D. only,05 - Turning movement,The Glebe
12930,COVENTRY RD @ VANIER PKWY,370677.1056,5031609.901,-75.65821667,45.42132194,2015-10-16,11:10,01 - Clear,01 - Dry,01 - Traffic signal,02 - Intersection related,01 - Daylight,03 - P.D. only,04 - Sideswipe,Overbrook
12931,RIVERSIDE DR @ UPLANDS DR/KIMBERWICK CRES N,368194.716,5022793.861,-75.69106569,45.34222701,2015-09-05,1:28,01 - Clear,01 - Dry,01 - Traffic signal,02 - Intersection related,07 - Dark,03 - P.D. only,02 - Angle,Hunt Club Woods - Quintarra - Revelstoke - Riverside South P
12932,TIVERTON DR btwn KILMORY CRES & BELIVEAU ST,365606.5942,5024431.473,-75.72388638,45.35719111,2015-07-26,0:00,01 - Clear,99 - Other,10 - No control,01 - Non intersection,00 - Unknown,03 - P.D. only,06 - SMV unattended vehicle,Borden Farm - Stewart Farm - Parkwood Hills - Fisher Glen
12933,ARGYLE AVE E @ METCALFE ST,368442.9922,5030642.25,-75.6868864,45.41282216,2015-07-29,9:05,01 - Clear,01 - Dry,10 - No control,03 - At intersection,01 - Daylight,03 - P.D. only,04 - Sideswipe,Centretown
12934,BREWER RD @ BRONSON AVE,368108.3264,5027766.076,-75.69153089,45.38697357,2015-09-29,17:30,02 - Rain,02 - Wet,01 - Traffic signal,02 - Intersection related,01 - Daylight,03 - P.D. only,03 - Rear end,Carleto
12935,CARLING AVE @ ROSEVIEW AVE,359359.392,5024197.704,-75.80364297,45.35560161,2015-09-29,20:30,01 - Clear,01 - Dry,02 - Stop sign,02 - Intersection related,07 - Dark,03 - P.D. only,99 - Other,Whitehaven - Queensway Terrace North
12936,CARLING AVE WB btwn HOLLY ACRES RD & MAPLEHURST AVE,358579.6458,5023728.63,-75.81364539,45.35144112,2015-10-08,17:30,01 - Clear,01 - Dry,10 - No control,01 - Non intersection,01 - Daylight,03 - P.D. only,07 - SMV other,Bayshore
12937,MARCH RD btwn DIAMONDVIEW RD & THOMAS ARGUE RD,340846.0151,5020539.536,-76.04019136,45.32388013,2015-10-09,3:24,02 - Rain,02 - Wet,10 - No control,01 - Non intersection,07 - Dark,03 - P.D. only,07 - SMV other,Carp - Hardwood Plains
12938,KING EDWARD AVE @ WILBROD ST,368675.7085,5032138.502,-75.6837195,45.4262637,2015-10-09,14:52,01 - Clear,02 - Wet,01 - Traffic signal,02 - Intersection related,01 - Daylight,03 - P.D. only,04 - Sideswipe,Sandy Hill
12939,BASELINE RD @ CENTREPOINTE DR W/COBDEN RD,361634.4021,5023208.591,-75.77472235,45.34652092,2015-10-09,14:54,02 - Rain,02 - Wet,01 - Traffic signal,03 - At intersection,01 - Daylight,03 - P.D. only,01 - Approaching,Iris
12940,REGIONAL ROAD 174 btwn OR174 IC109 RAMP86 & OR174 IC109 RAMP64,376550.9557,5035202.764,-75.5826457,45.45307053,2015-08-11,6:20,02 - Rain,02 - Wet,10 - No control,01 - Non intersection,03 - Dawn,03 - P.D. only,03 - Rear end,Greenbelt
12941,ST. JOSEPH BLVD btwn ST. JOSEPH BLVD & PLACE D'ORLEANS DR,381919.3805,5037933.409,-75.51359047,45.47706676,2015-08-02,12:00,01 - Clear,01 - Dry,10 - No control,04 - At/near private drive,01 - Daylight,03 - P.D. only,05 - Turning movement,Queenswood Heights
12942,SHERWAY DR btwn CONWAY ST & TEDWYN DR,363087.8054,5015339.338,-75.75710232,45.2755943,2015-06-16,10:56,01 - Clear,01 - Dry,10 - No control,01 - Non intersection,01 - Daylight,03 - P.D. only,07 - SMV other,Barrhaven West - Old Barrhaven
12943,REMNOR AVE btwn KEYROCK DR & BADGELEY AVE,349672.0118,5020290.581,-75.92763321,45.32113126,2015-06-29,21:27,01 - Clear,01 - Dry,10 - No control,01 - Non intersection,07 - Dark,03 - P.D. only,06 - SMV unattended vehicle,Kanata Lakes - Marchwood Lakeside - Morgan's Grant - Kanata
12944,MOODIE DR btwn WEST HUNT CLUB RD & ALTI PL,358592.6011,5016747.959,-75.81423823,45.28862753,2015-06-30,22:23,01 - Clear,01 - Dry,10 - No control,01 - Non intersection,07 - Dark,03 - P.D. only,07 - SMV other,Greenbelt
12945,MERIVALE RD btwn CENTRAL PARK DR S & MERIVALE RD,365019.3811,5025421.731,-75.73126001,45.36615197,2015-07-25,13:35,01 - Clear,01 - Dry,10 - No control,01 - Non intersection,01 - Daylight,03 - P.D. only,04 - Sideswipe,Civic Hospital - Experimental Farm - Central Park
12946,COLDREY AVE @ KIRKWOOD AVE,364439.4162,5027135.459,-75.73845604,45.38162141,2015-08-05,17:06,01 - Clear,01 - Dry,01 - Traffic signal,02 - Intersection related,01 - Daylight,03 - P.D. only,03 - Rear end,Carlington
12947,COLONIAL RD @ DUNNING RD,393998.5542,5033694.873,-75.35988714,45.43749531,2015-10-08,6:32,01 - Clear,01 - Dry,02 - Stop sign,03 - At intersection,07 - Dark,03 - P.D. only,02 - Angle,Navan - Vars
12948,INDUSTRIAL AVE/INNES RD @ ST. LAURENT BLVD,373099.7274,5030006.648,-75.62748593,45.40666431,2015-07-30,11:16,01 - Clear,01 - Dry,01 - Traffic signal,02 - Intersection related,01 - Daylight,03 - P.D. only,03 - Rear end,Industrial Park
12949,ORLEANS BLVD @ ST. JOSEPH BLVD,380630.2963,5036980.95,-75.53022334,45.4686385,2015-08-01,17:37,01 - Clear,01 - Dry,01 - Traffic signal,03 - At intersection,01 - Daylight,03 - P.D. only,05 - Turning movement,Industrial Park
12950,SWEETFLAG ST btwn CORALROOT AVE & TWAYBLADE AVE,365104.4502,5016817.781,-75.73122214,45.28872721,2015-06-02,0:00,01 - Clear,01 - Dry,10 - No control,01 - Non intersection,00 - Unknown,03 - P.D. only,06 - SMV unattended vehicle,Greenbelt
12951,MERIVALE RD/LOTTA AVE @ CLYDE AVE,364521.6983,5024506.445,-75.7377233,45.35795894,2015-10-16,9:07,01 - Clear,01 - Dry,01 - Traffic signal,02 - Intersection related,01 - Daylight,03 - P.D. only,03 - Rear end,Cityview - Skyline - Fisher Heights
12952,ANDERSON RD btwn DOLMAN RIDGE RD & RIDGE RD,378995.1628,5028612.676,-75.55239268,45.39352216,2015-10-16,19:31,02 - Rain,02 - Wet,10 - No control,01 - Non intersection,07 - Dark,03 - P.D. only,07 - SMV other,Greenbelt
12953,BANK ST @ KILBORN AVE/BELANGER AVE,369652.9992,5027427.187,-75.67185146,45.38378304,2015-09-12,10:45,02 - Rain,02 - Wet,01 - Traffic signal,03 - At intersection,01 - Daylight,03 - P.D. only,05 - Turning movement,Alta Vista
12954,INNES RD btwn BANTREE ST & STAR TOP RD,373730.9484,5030419.889,-75.61936539,45.41032057,2015-10-06,14:58,01 - Clear,01 - Dry,10 - No control,01 - Non intersection,01 - Daylight,03 - P.D. only,04 - Sideswipe,Industrial Park
12955,HAWTHORNE RD @ HUNT CLUB RD,375508.4706,5026407.61,-75.59723424,45.37404282,2015-07-28,15:00,01 - Clear,01 - Dry,01 - Traffic signal,02 - Intersection related,01 - Daylight,03 - P.D. only,03 - Rear end,Industrial Park
12956,MCCARTHY RD btwn SOUTHMORE DR W & PLANTE DR,369621.5706,5024273.866,-75.67266652,45.35541331,2015-07-29,13:28,01 - Clear,01 - Dry,10 - No control,01 - Non intersection,01 - Daylight,03 - P.D. only,03 - Rear end,Hunt Club East - Western Community
12957,CORDOVA ST @ WITHROW AVE,363963.1283,5023806.427,-75.74493593,45.35170762,2015-09-30,8:23,01 - Clear,01 - Dry,02 - Stop sign,03 - At intersection,01 - Daylight,03 - P.D. only,02 - Angle,Crestview - Meadowlands
12958,BRONSON AVE @ FIFTH AVE/MADAWASKA DR,367612.992,5028937.473,-75.69770674,45.39755808,2015-09-30,15:42,01 - Clear,01 - Dry,01 - Traffic signal,02 - Intersection related,01 - Daylight,03 - P.D. only,04 - Sideswipe,The Glebe
12959,TRIM RD @ DAIRY DR/TAYLOR CREEK DR,384535.5265,5039595.075,-75.47986361,45.49172298,2015-10-09,5:42,02 - Rain,02 - Wet,11 - Roundabout,03 - At intersection,07 - Dark,03 - P.D. only,04 - Sideswipe,Industrial Park
12960,INDUSTRIAL AVE/INNES RD @ ST. LAURENT BLVD,373098.286,5030005.206,-75.62750454,45.40665148,2015-10-09,6:00,02 - Rain,02 - Wet,01 - Traffic signal,02 - Intersection related,07 - Dark,03 - P.D. only,02 - Angle,Industrial Park
12961,COLONEL BY DR @ HOG'S BACK RD,367604.1508,5025872.457,-75.69820961,45.36998066,2015-10-15,17:42,02 - Rain,02 - Wet,01 - Traffic signal,02 - Intersection related,05 - Dusk,03 - P.D. only,99 - Other,Carleto
12962,PRESLAND RD @ VANIER PKWY,370435.1458,5031750.187,-75.66128943,45.42260692,2015-10-15,18:36,01 - Clear,01 - Dry,01 - Traffic signal,02 - Intersection related,07 - Dark,03 - P.D. only,03 - Rear end,Overbrook
12963,EAGLESON RD @ HAZELDEAN RD/ROBERTSON RD,353673.6249,5018424.1,-75.87677749,45.30406911,2015-10-09,20:58,01 - Clear,01 - Dry,01 - Traffic signal,03 - At intersection,07 - Dark,03 - P.D. only,05 - Turning movement,Greenbelt
12964,FALLOWFIELD RD btwn ORR ST & GREENBANK RD,363016.5316,5016681.644,-75.7578532,45.2876783,2015-10-09,23:10,01 - Clear,01 - Dry,10 - No control,01 - Non intersection,07 - Dark,03 - P.D. only,05 - Turning movement,Barrhaven West - Old Barrhaven
12965,BRONSON AVE btwn LAKEVIEW TER & HOLMWOOD AVE,367691.7491,5028747.373,-75.69672513,45.39584054,2015-10-16,18:40,01 - Clear,01 - Dry,10 - No control,01 - Non intersection,05 - Dusk,03 - P.D. only,03 - Rear end,The Glebe
12966,REGIONAL ROAD 174 btwn OR174 IC109 RAMP54 & OR174 IC109 RAMP55,376433.4783,5034902.223,-75.58419125,45.45037851,2015-08-12,11:30,01 - Clear,01 - Dry,10 - No control,01 - Non intersection,01 - Daylight,03 - P.D. only,99 - Other,Greenbelt
12967,BEARBROOK RD/ROCKCLIFFE PKWY @ ST. JOSEPH BLVD,377129.455,5035237.79,-75.57524525,45.45332604,2015-08-13,8:40,01 - Clear,01 - Dry,01 - Traffic signal,03 - At intersection,01 - Daylight,03 - P.D. only,05 - Turning movement,Greenbelt
12968,BANKFIELD RD @ PRINCE OF WALES DR,366379.6899,5008974.305,-75.71593833,45.21804119,2015-08-11,10:32,02 - Rain,02 - Wet,01 - Traffic signal,02 - Intersection related,01 - Daylight,03 - P.D. only,03 - Rear end,Manotick
12969,BOUNDARY RD @ MITCH OWENS RD,388066.5528,5022162.109,-75.43764038,45.3344659,2015-10-13,11:34,02 - Rain,02 - Wet,02 - Stop sign,02 - Intersection related,01 - Daylight,03 - P.D. only,07 - SMV other,Metcalfe
12970,BANK ST @ HERON RD,369995.72,5026850.461,-75.66755167,45.37856204,2015-08-04,10:20,01 - Clear,01 - Dry,01 - Traffic signal,02 - Intersection related,01 - Daylight,03 - P.D. only,03 - Rear end,Alta Vista
12971,DYNES RD btwn CLAYMOR AVE & MORLEY BLVD,366940.9783,5025793.772,-75.70668509,45.36933179,2015-08-04,12:00,01 - Clear,01 - Dry,10 - No control,01 - Non intersection,01 - Daylight,03 - P.D. only,06 - SMV unattended vehicle,Carleton Heights - Rideauview
12972,BRONSON AVE @ RENFREW AVE,367358.153,5029551.923,-75.70088347,45.40310954,2015-09-29,20:05,02 - Rain,02 - Wet,02 - Stop sign,02 - Intersection related,07 - Dark,03 - P.D. only,03 - Rear end,The Glebe
12973,LANCASTER RD @ WALKLEY RD,374908.7405,5028602.902,-75.60457852,45.39385526,2015-10-16,9:48,01 - Clear,01 - Dry,01 - Traffic signal,03 - At intersection,01 - Daylight,03 - P.D. only,02 - Angle,Industrial Park
12974,MEADOWLANDS DR @ MERIVALE RD,364858.6999,5023723.709,-75.73351734,45.35088721,2015-10-17,0:33,02 - Rain,02 - Wet,01 - Traffic signal,03 - At intersection,07 - Dark,03 - P.D. only,05 - Turning movement,Cityview - Skyline - Fisher Heights
12975,STRANDHERD DR @ LONGFIELDS DR,364549.5312,5015172.964,-75.73849379,45.27397457,2015-09-15,18:20,01 - Clear,01 - Dry,01 - Traffic signal,02 - Intersection related,01 - Daylight,03 - P.D. only,03 - Rear end,New Barrhaven
12976,WOODROFFE AVE @ KNOXDALE RD/MEDHURST DR,363419.6899,5021826.847,-75.75210549,45.33394116,2015-09-16,16:10,01 - Clear,01 - Dry,01 - Traffic signal,02 - Intersection related,01 - Daylight,03 - P.D. only,04 - Sideswipe,Woodvale - Craig Henry - Manordale - Estates of Arlington Wo
12977,WEST HUNT CLUB RD btwn MOODIE DR & RICHMOND RD,357775.7598,5018424.582,-75.82447169,45.30377605,2015-10-06,22:13,01 - Clear,01 - Dry,10 - No control,01 - Non intersection,07 - Dark,03 - P.D. only,07 - SMV other,Greenbelt
12978,BASELINE RD @ GREENBANK RD,360597.6843,5022583.419,-75.78802164,45.34097887,2015-07-29,21:01,01 - Clear,01 - Dry,01 - Traffic signal,02 - Intersection related,05 - Dusk,03 - P.D. only,03 - Rear end,Qualicum - Redwood Park
12979,CARLING AVE @ MAITLAND AVE/SHERBOURNE RD,362942.6979,5026486.725,-75.7576426,45.37591,2015-09-30,16:19,01 - Clear,01 - Dry,01 - Traffic signal,02 - Intersection related,01 - Daylight,03 - P.D. only,03 - Rear end,Carlingwood - McKellar Park - Laurentien View
12980,VIEWMOUNT DR btwn HILLMOUNT CRES & GLENMANOR DR,364732.0719,5022693.764,-75.73525805,45.34163072,2015-09-30,17:43,01 - Clear,01 - Dry,10 - No control,04 - At/near private drive,01 - Daylight,03 - P.D. only,02 - Angle,Crestview - Meadowlands
12981,MERIVALE RD @ COLDREY AVE/CRERAR AVE,364894.7038,5027392.184,-75.73261168,45.38389246,2015-10-09,17:35,01 - Clear,01 - Dry,01 - Traffic signal,03 - At intersection,05 - Dusk,03 - P.D. only,02 - Angle,Carlington
12982,WOODFIELD DR btwn DOWNSVIEW CRES & MERIVALE RD,365327.9444,5022255.032,-75.727709,45.33763191,2015-10-15,19:51,02 - Rain,02 - Wet,10 - No control,04 - At/near private drive,07 - Dark,03 - P.D. only,01 - Approaching,Tanglewood
12983,WOODROFFE AVE btwn HWY417 IC127 RAMP53 & IRIS ST,362218.1824,5024604.743,-75.76711106,45.35903585,2015-10-16,12:45,01 - Clear,01 - Dry,10 - No control,01 - Non intersection,01 - Daylight,03 - P.D. only,03 - Rear end,Iris
12984,BANK ST btwn WALKLEY RD & SURREY AVE,370342.8971,5025932.239,-75.66324109,45.37026779,2015-10-10,19:51,01 - Clear,01 - Dry,10 - No control,04 - At/near private drive,07 - Dark,03 - P.D. only,02 - Angle,Ledbury - Heron Gate - Ridgemont - Elmwood
12985,WOODROFFE AVE @ DEERFOX DR/STONEWAY DR,365886.4188,5015939.358,-75.72136244,45.28075568,2015-10-16,21:04,02 - Rain,02 - Wet,01 - Traffic signal,03 - At intersection,07 - Dark,03 - P.D. only,02 - Angle,Chapman Mills - Rideau Crest - Davidson Heights
12986,INNES RD @ ORCHARDVIEW AVE/ESPRIT DR,384845.4853,5036560.199,-75.47639318,45.46438263,2015-08-17,19:00,01 - Clear,01 - Dry,01 - Traffic signal,02 - Intersection related,01 - Daylight,03 - P.D. only,04 - Sideswipe,Fallingbrook
12987,ALTA VISTA DR btwn DALE AVE & 75 S OF CALEDON ST,370711.6362,5030229.334,-75.65796013,45.4088969,2015-08-18,9:50,01 - Clear,01 - Dry,10 - No control,01 - Non intersection,01 - Daylight,03 - P.D. only,03 - Rear end,Industrial Park
12988,ST. LAURENT BLVD btwn FOLEY AVE & WALKLEY RD,373886.8942,5028082.531,-75.61770073,45.38927476,2015-07-10,13:40,01 - Clear,01 - Dry,10 - No control,01 - Non intersection,01 - Daylight,03 - P.D. only,04 - Sideswipe,Hawthorne Meadows
12989,RIDLEY BLVD btwn LENESTER AVE & STRATHMORE BLVD,362212.5639,5025512.709,-75.76707728,45.36720611,2015-07-11,16:17,01 - Clear,01 - Dry,10 - No control,04 - At/near private drive,01 - Daylight,03 - P.D. only,06 - SMV unattended vehicle,Glabar Park
12990,MORESBY DR btwn SPRINGWATER DR & NIPIGON WAY (2),355025.9702,5018174.939,-75.85955908,45.30173172,2015-09-03,18:16,01 - Clear,01 - Dry,10 - No control,04 - At/near private drive,01 - Daylight,03 - P.D. only,99 - Other,Bridlewood - Emerald Meadows
12991,BANK ST @ HERON RD,369994.9993,5026850.461,-75.66756087,45.3785621,2015-08-06,8:32,01 - Clear,01 - Dry,01 - Traffic signal,02 - Intersection related,01 - Daylight,03 - P.D. only,04 - Sideswipe,Alta Vista
12992,CATHERINE ST btwn BRONSON AVE & HWY417 IC121A RAMP61,367298.1139,5029820.711,-75.70161627,45.40553338,2015-08-09,14:29,01 - Clear,01 - Dry,10 - No control,01 - Non intersection,01 - Daylight,03 - P.D. only,04 - Sideswipe,Centretown
12993,COOPER ST @ ELGIN ST,368120.4347,5031271.949,-75.69092612,45.41851724,2015-09-30,9:02,01 - Clear,01 - Dry,01 - Traffic signal,02 - Intersection related,01 - Daylight,03 - P.D. only,05 - Turning movement,Centretown
12994,DWYER HILL RD @ ROGER STEVENS DR,354336.542,4989349.47,-75.87121036,45.04239732,2015-10-18,21:45,01 - Clear,01 - Dry,02 - Stop sign,03 - At intersection,07 - Dark,03 - P.D. only,02 - Angle,Munster Hamlet - Richmond
12995,BOUNDARY RD @ MITCH OWENS RD,388065.8321,5022161.388,-75.4376497,45.33445949,2015-10-19,7:35,01 - Clear,01 - Dry,02 - Stop sign,02 - Intersection related,01 - Daylight,03 - P.D. only,02 - Angle,Metcalfe
12996,RIDEAU ST @ WURTEMBURG ST,369356.7062,5032925.228,-75.67491466,45.43327984,2015-06-13,23:30,01 - Clear,01 - Dry,01 - Traffic signal,02 - Intersection related,07 - Dark,03 - P.D. only,03 - Rear end,Sandy Hill
12997,HIGHWAY 417 btwn HIGHWAY 417 & HIGHWAY 417 (1),375256.8614,5030446.427,-75.59986953,45.4104074,2015-11-24,6:00,03 - Snow,03 - Loose snow,10 - No control,01 - Non intersection,07 - Dark,03 - P.D. only,07 - SMV other,Industrial Park
12998,HUNT CLUB RD btwn MOUNTAIN CRES & TURN LANE,371456.0516,5023962.935,-75.64929707,45.35244367,2015-09-24,8:41,01 - Clear,01 - Dry,10 - No control,01 - Non intersection,01 - Daylight,03 - P.D. only,03 - Rear end,South Keys - Heron Gate - Greenboro West
12999,COLONEL BY DR @ HAWTHORNE AVE/PRETORIA BRIDGE,368767.7102,5030525.207,-75.68275336,45.41173944,2015-09-24,11:33,01 - Clear,01 - Dry,01 - Traffic signal,02 - Intersection related,01 - Daylight,03 - P.D. only,04 - Sideswipe,Old Ottawa East
13000,BANK ST @ GLADSTONE AVE,367918.1478,5030563.652,-75.69360129,45.41216249,2015-10-07,7:30,01 - Clear,01 - Dry,01 - Traffic signal,02 - Intersection related,01 - Daylight,03 - P.D. only,02 - Angle,Centretown
13001,BANK ST @ SURREY AVE,370383.9962,5025810.682,-75.66273259,45.36917021,2015-08-01,12:23,01 - Clear,01 - Dry,02 - Stop sign,03 - At intersection,01 - Daylight,03 - P.D. only,01 - Approaching,Ledbury - Heron Gate - Ridgemont - Elmwood
13002,GOLDEN LINE RD btwn Continuation of GOLDEN LINE RD & MCARTON RD,337672.7169,5006432.776,-76.0816027,45.19709521,2015-09-30,23:45,01 - Clear,01 - Dry,10 - No control,01 - Non intersection,07 - Dark,03 - P.D. only,07 - SMV other,Stittsville - Basswood
13003,NINTH LINE RD btwn ANDERSON RD & FARMERS WAY,382862.311,5021584.943,-75.50411952,45.32987119,2015-09-30,23:00,"07 - Fog, mist, smoke, dust",02 - Wet,10 - No control,01 - Non intersection,07 - Dark,03 - P.D. only,07 - SMV other,Greenbelt
13004,CONROY RD @ HUNT CLUB RD,373762.2986,5025403.442,-75.61966588,45.36518176,2015-10-17,10:43,01 - Clear,01 - Dry,01 - Traffic signal,03 - At intersection,01 - Daylight,03 - P.D. only,02 - Angle,Greenboro East
13005,HAWTHORNE RD btwn HUNT CLUB RD & HAWTHORNE RD,375517.84,5026387.43,-75.59711752,45.3738603,2015-10-17,12:54,01 - Clear,01 - Dry,10 - No control,01 - Non intersection,01 - Daylight,03 - P.D. only,05 - Turning movement,Industrial Park
13006,CALAVERAS AVE @ LONGFIELDS DR,364359.1861,5015493.412,-75.74088108,45.27687411,2015-10-14,8:50,01 - Clear,01 - Dry,02 - Stop sign,03 - At intersection,01 - Daylight,03 - P.D. only,02 - Angle,New Barrhaven
13007,WOODROFFE AVE @ KNOXDALE RD/MEDHURST DR,363420.1969,5021827.754,-75.75209891,45.33394928,2015-10-24,0:22,01 - Clear,01 - Dry,01 - Traffic signal,03 - At intersection,07 - Dark,03 - P.D. only,05 - Turning movement,Woodvale - Craig Henry - Manordale - Estates of Arlington Wo
13008,PRINCE OF WALES DR btwn FISHER AVE & NE/OT BOUNDARY,367160.9841,5023965.935,-75.70410732,45.35286576,2015-10-16,22:32,02 - Rain,02 - Wet,10 - No control,01 - Non intersection,07 - Dark,03 - P.D. only,99 - Other,Borden Farm - Stewart Farm - Parkwood Hills - Fisher Glen
13009,RAINBOW CRES btwn BATHGATE DR & BATHGATE DR,373575.9611,5033162.506,-75.62096232,45.43501251,2015-10-19,15:43,01 - Clear,02 - Wet,10 - No control,01 - Non intersection,01 - Daylight,03 - P.D. only,07 - SMV other,Carson Grove - Carson Meadows
13010,ELMSMERE RD btwn ELMRIDGE DR E & ELMSMERE RD N,375073.7066,5034234.364,-75.60166867,45.44450756,2015-08-18,17:24,01 - Clear,01 - Dry,10 - No control,04 - At/near private drive,01 - Daylight,03 - P.D. only,02 - Angle,Beacon Hill South - Cardinal Heights
13011,PRINCE OF WALES DR @ WEST HUNT CLUB RD,367458.7103,5021891.864,-75.70057062,45.33417714,2015-08-18,17:45,01 - Clear,01 - Dry,01 - Traffic signal,02 - Intersection related,01 - Daylight,03 - P.D. only,03 - Rear end,Industrial Park
13012,CONROY RD @ QUEENSDALE AVE,374352.4605,5024041.709,-75.61232472,45.35287116,2015-07-15,10:29,01 - Clear,01 - Dry,02 - Stop sign,03 - At intersection,01 - Daylight,03 - P.D. only,03 - Rear end,Blossom Park - Blossom Park West - Sawmill Creek/ Timbermill
13013,LEMIEUX ST @ ST. LAURENT BLVD,372391.004,5031742.925,-75.63630055,45.42235534,2015-07-15,17:35,01 - Clear,01 - Dry,01 - Traffic signal,02 - Intersection related,01 - Daylight,03 - P.D. only,03 - Rear end,Overbrook
13014,DWYER HILL RD @ GOLF CLUB WAY,341462.889,5006731.92,-76.03334167,45.19960018,2015-09-11,11:52,"07 - Fog, mist, smoke, dust",01 - Dry,02 - Stop sign,02 - Intersection related,01 - Daylight,03 - P.D. only,03 - Rear end,Munster Hamlet - Richmond