Record,Location,X,Y,lon,lat,Date,Time,Environment,Road_Surface,Traffic_Control,Collision_Location,Light,Collision_Classification,Impact_type,Neighborhood
13118,ST. PATRICK ST/ST. ANDREW ST @ BEAUSOLEIL DR,368427.4365,5033070.034,-75.68677153,45.43466792,2015-08-21,17:20,01 - Clear,01 - Dry,01 - Traffic signal,02 - Intersection related,01 - Daylight,03 - P.D. only,03 - Rear end,Lower Town
13119,"MONTREAL RD btwn MONTREAL RD & EGLISE, RUE DE L",371050.8194,5033581.32,-75.65317662,45.43902461,2015-08-26,12:59,01 - Clear,01 - Dry,10 - No control,01 - Non intersection,01 - Daylight,03 - P.D. only,04 - Sideswipe,Vanier South
13120,BRIDGE ST btwn MANOTICK MAIN ST & DICKINSON CIRC,368743.5635,5009977.974,-75.68571445,45.22686159,2015-10-08,16:12,01 - Clear,01 - Dry,10 - No control,04 - At/near private drive,01 - Daylight,03 - P.D. only,02 - Angle,Manotick
13121,LEIKIN DR btwn HOLITZNER WAY & CRESTWAY DR,366764.3639,5017287.852,-75.71000437,45.29281248,2015-10-19,19:38,02 - Rain,02 - Wet,10 - No control,01 - Non intersection,07 - Dark,03 - P.D. only,07 - SMV other,Greenbelt
13122,WOODROFFE AVE btwn EARL MULLIGAN DR & LONGFIELDS DR,365341.0685,5017291.736,-75.72814809,45.29297149,2015-10-26,16:20,01 - Clear,01 - Dry,10 - No control,01 - Non intersection,01 - Daylight,03 - P.D. only,03 - Rear end,Greenbelt
13123,BANK ST btwn CAHILL DR & TURN LANE (2),371361.5898,5024273.124,-75.65046076,45.35524362,2015-09-26,16:03,01 - Clear,01 - Dry,10 - No control,04 - At/near private drive,01 - Daylight,03 - P.D. only,05 - Turning movement,South Keys - Heron Gate - Greenboro West
13124,RIVER RD btwn CABIN RD & OSGOODE MAIN ST,372977.8995,5000090.95,-75.63314973,45.13750194,2015-10-19,8:56,01 - Clear,01 - Dry,10 - No control,01 - Non intersection,01 - Daylight,03 - P.D. only,07 - SMV other,Kars - Osgoode
13125,MCCORDICK RD btwn MCCORDICK RD & CENTURY RD W,360335.2683,5003274.622,-75.79352741,45.16725649,2015-10-18,21:00,01 - Clear,01 - Dry,10 - No control,01 - Non intersection,07 - Dark,03 - P.D. only,07 - SMV other,Munster Hamlet - Richmond
13126,WALLER ST btwn BESSERER ST & DALY AVE,368325.3196,5032160.209,-75.68819394,45.42649092,2015-12-03,14:18,01 - Clear,01 - Dry,10 - No control,01 - Non intersection,01 - Daylight,03 - P.D. only,06 - SMV unattended vehicle,Byward Market - Parliament Hill
13127,COOPER ST btwn METCALFE ST & ELGIN ST,368010.2749,5031207.038,-75.69234187,45.41794315,2015-08-28,17:57,01 - Clear,01 - Dry,10 - No control,01 - Non intersection,01 - Daylight,03 - P.D. only,06 - SMV unattended vehicle,Centretown
13128,CLARENCE ST btwn WILLIAM ST & DALHOUSIE ST,367989.5699,5032470.444,-75.69244433,45.42931272,2015-12-07,15:19,01 - Clear,01 - Dry,10 - No control,04 - At/near private drive,01 - Daylight,03 - P.D. only,03 - Rear end,Byward Market
13129,HAZELDEAN RD @ HUNTMAR DR/IBER RD,350942.5979,5016077.988,-75.91181914,45.28314283,2015-12-07,16:20,01 - Clear,01 - Dry,01 - Traffic signal,02 - Intersection related,05 - Dusk,03 - P.D. only,03 - Rear end,Stittsville
13130,GREENBANK RD @ STRANDHERD DR,363933.6839,5014785.861,-75.74638817,45.27054347,2015-11-16,16:29,01 - Clear,01 - Dry,01 - Traffic signal,02 - Intersection related,05 - Dusk,03 - P.D. only,04 - Sideswipe,New Barrhaven
13131,RIOCAN AVE btwn STRANDHERD DR & MARKETPLACE AVE,364272.4365,5014781.812,-75.7420719,45.27047847,2015-12-08,14:25,01 - Clear,01 - Dry,10 - No control,04 - At/near private drive,01 - Daylight,03 - P.D. only,02 - Angle,New Barrhaven
13132,CARLING AVE btwn BAYFIELD AVE & BURKE RD,352687.4997,5022571.251,-75.88895051,45.34145394,2015-12-11,18:04,01 - Clear,02 - Wet,10 - No control,01 - Non intersection,07 - Dark,03 - P.D. only,07 - SMV other,Greenbelt
13133,REGIONAL ROAD 174 btwn QUIGLEY HILL RD & REGIONAL ROAD 174 DIVIDED,384845.8469,5040860.183,-75.47568764,45.50306963,2015-10-09,15:25,01 - Clear,01 - Dry,10 - No control,01 - Non intersection,01 - Daylight,03 - P.D. only,03 - Rear end,Cumberland - Estates
13134,BANK ST @ LEITRIM RD,375357.0322,5021618.053,-75.59985094,45.33096378,2015-12-14,7:08,02 - Rain,02 - Wet,01 - Traffic signal,02 - Intersection related,03 - Dawn,03 - P.D. only,03 - Rear end,Greenbelt
13135,GREENBANK RD @ HWY 417 IC129 RAMP57/IRIS ST,360531.309,5023312.494,-75.78878638,45.34754435,2015-12-10,10:20,01 - Clear,01 - Dry,01 - Traffic signal,02 - Intersection related,01 - Daylight,03 - P.D. only,03 - Rear end,Iris
13136,PLACE D'ORLEANS DR btwn TO BE DETERMINED & TURN LANE,381896.386,5038299.479,-75.51382709,45.48036288,2015-12-11,10:18,01 - Clear,02 - Wet,10 - No control,01 - Non intersection,01 - Daylight,03 - P.D. only,07 - SMV other,Industrial Park
13137,ROSE ST @ ST. ANDREW ST,368331.6959,5033060.231,-75.68799634,45.43458842,2015-10-02,8:20,01 - Clear,01 - Dry,02 - Stop sign,02 - Intersection related,01 - Daylight,03 - P.D. only,06 - SMV unattended vehicle,Lower Town
13138,KENT ST @ LAURIER AVE,367317.4197,5031162.787,-75.70119945,45.41760725,2015-09-01,14:10,01 - Clear,01 - Dry,01 - Traffic signal,03 - At intersection,01 - Daylight,03 - P.D. only,04 - Sideswipe,Downtown
13139,GREENBANK RD @ MARKETPLACE AVE,364008.3559,5014601.829,-75.74545855,45.26888127,2015-10-10,9:38,01 - Clear,01 - Dry,01 - Traffic signal,03 - At intersection,01 - Daylight,03 - P.D. only,02 - Angle,New Barrhaven
13140,BASIL MACDONALD WAY btwn MERIVALE RD & GRANT CARMAN DR,365223.7985,5023244.8,-75.72891681,45.34654669,2015-10-10,16:28,01 - Clear,01 - Dry,10 - No control,04 - At/near private drive,01 - Daylight,03 - P.D. only,02 - Angle,Borden Farm - Stewart Farm - Parkwood Hills - Fisher Glen
13141,EAGLESON RD btwn PALOMINO DR & ROTHESAY DR,354100.3759,5017347.536,-75.87144305,45.29435214,2015-10-19,20:42,01 - Clear,01 - Dry,10 - No control,01 - Non intersection,07 - Dark,03 - P.D. only,03 - Rear end,Bridlewood - Emerald Meadows
13142,LONGFIELDS DR btwn DEERCROFT AVE & STRANDHERD DR,364523.462,5015218.699,-75.73882051,45.27438831,2015-10-27,8:28,01 - Clear,01 - Dry,10 - No control,04 - At/near private drive,01 - Daylight,03 - P.D. only,05 - Turning movement,New Barrhaven
13143,FISHER AVE btwn MCCOOEY LANE & BASELINE RD,366055.0513,5026289.635,-75.7179326,45.37387146,2015-10-27,10:43,01 - Clear,01 - Dry,10 - No control,01 - Non intersection,01 - Daylight,03 - P.D. only,04 - Sideswipe,Civic Hospital - Experimental Farm - Central Park
13144,LEES AVE / GRAHAM AVE @ MAIN ST,369000.9861,5030560.21,-75.67976879,45.41203302,2015-10-02,7:46,01 - Clear,01 - Dry,01 - Traffic signal,03 - At intersection,01 - Daylight,03 - P.D. only,05 - Turning movement,Old Ottawa East
13145,BEAUSEJOUR DR btwn KAMOURASKA CIRC & ORLEANS BLVD,380991.6396,5035881.076,-75.52577335,45.4587034,2015-10-03,5:55,01 - Clear,01 - Dry,10 - No control,04 - At/near private drive,07 - Dark,03 - P.D. only,06 - SMV unattended vehicle,Chapel Hill
13146,HWY 417 TERRYFO IC140R61 @ TERRY FOX DR,350810.0862,5018709.137,-75.91326407,45.30682735,2015-10-19,11:56,01 - Clear,01 - Dry,01 - Traffic signal,02 - Intersection related,01 - Daylight,03 - P.D. only,03 - Rear end,Kanata Lakes - Marchwood Lakeside - Morgan's Grant - Kanata
13147,GREENBANK RD @ HARRISON ST/ASHGROVE CRES,360839.6817,5022006.413,-75.78499934,45.33576768,2015-10-19,16:28,02 - Rain,02 - Wet,01 - Traffic signal,02 - Intersection related,01 - Daylight,03 - P.D. only,03 - Rear end,Briar Green - Leslie Park
13148,BENLEA DR btwn CARDIGAN DR & BRYDON CRT,364275.3844,5021656.813,-75.74120957,45.33233921,2015-12-04,0:00,01 - Clear,01 - Dry,10 - No control,01 - Non intersection,00 - Unknown,03 - P.D. only,06 - SMV unattended vehicle,Tanglewood
13149,WARNOCK CRT btwn MEADOWCROFT CRES & END,372746.9837,5033120.253,-75.63156222,45.43471338,2015-10-08,0:00,02 - Rain,02 - Wet,10 - No control,01 - Non intersection,00 - Unknown,03 - P.D. only,06 - SMV unattended vehicle,Carson Grove - Carson Meadows
13150,NELSON ST btwn LAURIER AVE E & OSGOODE ST,368932.2139,5032025.871,-75.68045657,45.42522682,2015-10-11,15:55,01 - Clear,01 - Dry,10 - No control,01 - Non intersection,01 - Daylight,03 - P.D. only,06 - SMV unattended vehicle,Sandy Hill
13151,CUMMINGS AVE btwn MONTREAL RD & WILSON ST,372016.372,5034017.482,-75.64077667,45.44285683,2015-12-09,17:33,01 - Clear,01 - Dry,10 - No control,04 - At/near private drive,07 - Dark,03 - P.D. only,02 - Angle,Cummings
13152,MARKETPLACE AVE @ TRANSITWAY SOUTHWEST,364204.5301,5014711.89,-75.7429456,45.26985505,2015-12-10,10:32,01 - Clear,01 - Dry,01 - Traffic signal,02 - Intersection related,01 - Daylight,03 - P.D. only,04 - Sideswipe,New Barrhaven
13153,LYON ST @ FLORENCE ST,367541.5096,5030429.275,-75.69842986,45.41098728,2015-11-17,8:07,01 - Clear,01 - Dry,02 - Stop sign,03 - At intersection,01 - Daylight,03 - P.D. only,05 - Turning movement,Centretown
13154,HEARST WAY btwn ROBERGE CRES & COHEN AVE,352587.1404,5019823.139,-75.89049631,45.31673273,2015-11-17,7:45,01 - Clear,01 - Dry,10 - No control,04 - At/near private drive,01 - Daylight,03 - P.D. only,06 - SMV unattended vehicle,Katimavik - Hazeldean
13155,MARCH RD @ SOLANDT RD,350490.3305,5022709.058,-75.9169724,45.3428405,2015-12-09,10:31,01 - Clear,01 - Dry,01 - Traffic signal,02 - Intersection related,01 - Daylight,03 - P.D. only,04 - Sideswipe,South March
13156,RICHMOND RD btwn HWY417 IC130 RAMP35 & HWY417 IC130 RAMP26,359207.0052,5023072.927,-75.80571154,45.3454927,2015-12-09,13:15,01 - Clear,01 - Dry,10 - No control,01 - Non intersection,01 - Daylight,03 - P.D. only,04 - Sideswipe,Bayshore
13157,TERRY FOX DR S @ DIDSBURY RD/CENTRUM KANATA SC,350623.9341,5018918.007,-75.91561851,45.30871899,2015-12-11,18:57,01 - Clear,01 - Dry,01 - Traffic signal,03 - At intersection,07 - Dark,03 - P.D. only,05 - Turning movement,Kanata
13158,CANOTEK RD @ SHEFFORD RD,376028.2843,5035093.598,-75.58934314,45.45214179,2015-10-19,15:05,01 - Clear,01 - Dry,01 - Traffic signal,02 - Intersection related,01 - Daylight,03 - P.D. only,04 - Sideswipe,Greenbelt
13159,PRESTON ST btwn ST. ANTHONY ST & YOUNG ST,366562.4105,5029546.865,-75.71104793,45.40313469,2015-12-14,13:48,01 - Clear,02 - Wet,10 - No control,01 - Non intersection,01 - Daylight,03 - P.D. only,04 - Sideswipe,Little Italy
13160,AVIATION PKWY @ OGILVIE RD,373110.7142,5032375.864,-75.62701715,45.42798031,2015-11-04,17:32,01 - Clear,01 - Dry,01 - Traffic signal,02 - Intersection related,07 - Dark,03 - P.D. only,03 - Rear end,Industrial Park
13161,HURON AVE   N btwn SPENCER ST & WELLINGTON ST W,364800.2962,5029239.025,-75.73359254,45.40051806,2015-11-06,18:30,01 - Clear,01 - Dry,10 - No control,01 - Non intersection,07 - Dark,03 - P.D. only,06 - SMV unattended vehicle,Island Park
13162,WEST HUNT CLUB RD @ ROYDON PL/SUNDERLAND ST,365972.9856,5022170.212,-75.71949,45.33681277,2015-12-11,16:45,02 - Rain,02 - Wet,01 - Traffic signal,02 - Intersection related,05 - Dusk,03 - P.D. only,04 - Sideswipe,Industrial Park
13163,RICHMOND RD btwn STINSON AVE & STAFFORD RD,358012.9796,5021012.602,-75.82116898,45.32704537,2015-10-13,7:23,02 - Rain,02 - Wet,10 - No control,01 - Non intersection,01 - Daylight,03 - P.D. only,03 - Rear end,Bells Corners East
13164,KING GEORGE ST btwn LOLA ST & NAUGHTON ST,371219.9534,5032126.383,-75.65121124,45.42591769,2015-09-06,15:45,01 - Clear,01 - Dry,10 - No control,04 - At/near private drive,01 - Daylight,03 - P.D. only,06 - SMV unattended vehicle,Overbrook
13165,BANK ST @ CHAMBERLAIN AVE N/ISABELLA ST,368082.5319,5030165.571,-75.69155243,45.40856584,2015-09-08,19:37,01 - Clear,01 - Dry,01 - Traffic signal,03 - At intersection,07 - Dark,03 - P.D. only,02 - Angle,The Glebe
13166,BARRACKS WAY btwn WEST RIDGE DR & DALEWOOD CRES,350672.4391,5011648.764,-75.91567169,45.24330485,2015-10-10,22:58,01 - Clear,01 - Dry,10 - No control,04 - At/near private drive,07 - Dark,03 - P.D. only,06 - SMV unattended vehicle,Stittsville
13167,ELGIN ST @ WELLINGTON ST W,367666.1452,5031877.217,-75.69665297,45.42400421,2015-10-20,1:00,01 - Clear,01 - Dry,01 - Traffic signal,02 - Intersection related,07 - Dark,03 - P.D. only,07 - SMV other,Downtown
13168,WELLINGTON ST    W btwn PARKDALE AVE & MCCORMICK ST,365231.1976,5029317.359,-75.72807937,45.40118583,2015-10-20,14:04,01 - Clear,01 - Dry,10 - No control,04 - At/near private drive,01 - Daylight,03 - P.D. only,06 - SMV unattended vehicle,Islan
13169,INNES RD btwn BELCOURT BLVD & 260 E OF BELCOURT BLVD/WALMART SC,382331.9718,5035389.551,-75.5087152,45.45413362,2015-10-27,9:00,01 - Clear,01 - Dry,10 - No control,04 - At/near private drive,01 - Daylight,03 - P.D. only,02 - Angle,Chapel Hill South
13170,SIXTH LINE RD/TORWOOD DR @ THOMAS A. DOLAN PKW,345452.624,5034182.37,-75.98030738,45.44639005,2015-10-27,15:57,01 - Clear,01 - Dry,02 - Stop sign,03 - At intersection,01 - Daylight,03 - P.D. only,02 - Angle,Car
13171,REVELSTOKE DR @ RIVERSIDE DR,368216.2709,5024423.878,-75.69058164,45.35689159,2015-10-07,7:40,01 - Clear,01 - Dry,01 - Traffic signal,02 - Intersection related,01 - Daylight,03 - P.D. only,03 - Rear end,Hunt Club Woods - Quintarra - Revelstoke - Riverside South P
13172,LYON ST @ WELLINGTON ST,366935.271,5031426.526,-75.70604853,45.42001433,2015-10-12,12:50,01 - Clear,01 - Dry,01 - Traffic signal,03 - At intersection,01 - Daylight,03 - P.D. only,05 - Turning movement,Downtown
13173,QUEEN ST btwn BANK ST & O'CONNOR ST,367430.5625,5031544.584,-75.69970541,45.42103242,2015-10-14,18:00,01 - Clear,01 - Dry,10 - No control,01 - Non intersection,01 - Daylight,03 - P.D. only,06 - SMV unattended vehicle,Downtown
13174,SIREN PRIV btwn LORRY GREENBERG DR & KIMITO PRIV,372874.6405,5025426.042,-75.63099279,45.36547188,2015-10-20,12:34,01 - Clear,01 - Dry,10 - No control,01 - Non intersection,01 - Daylight,03 - P.D. only,06 - SMV unattended vehicle,Greenboro East
13175,VILLA CRES btwn PRINCE OF WALES DR & END,366896.3226,5026086.972,-75.70721827,45.3719739,2015-11-01,0:00,01 - Clear,01 - Dry,10 - No control,01 - Non intersection,00 - Unknown,03 - P.D. only,06 - SMV unattended vehicle,Carleton Heights - Rideauview
13176,RIVERSIDE DR @ TREMBLAY RD/HWY417 IC117 RAMP52,370802.0781,5031015.186,-75.6566996,45.41595916,2015-12-11,12:16,01 - Clear,01 - Dry,01 - Traffic signal,02 - Intersection related,01 - Daylight,03 - P.D. only,04 - Sideswipe,Industrial Park
13177,FLEWELLYN RD btwn WEST HEALEY AVE & STITTSVILLE MAIN ST,351262.3292,5010606.867,-75.90825533,45.23389079,2015-12-13,3:22,01 - Clear,01 - Dry,10 - No control,01 - Non intersection,07 - Dark,03 - P.D. only,07 - SMV other,Healey's Heath
13178,CENTREPOINTE DR btwn HEMMINGWOOD WAY & Continuation of CENTREPOINTE DR,362367.6397,5023137.353,-75.76537439,45.34582012,2015-11-20,19:49,01 - Clear,01 - Dry,10 - No control,01 - Non intersection,07 - Dark,03 - P.D. only,05 - Turning movement,Centrepointe
13179,BESSERER ST @ CHARLOTTE ST,369293.4295,5032793.03,-75.67574062,45.43209621,2015-12-09,17:34,01 - Clear,01 - Dry,02 - Stop sign,03 - At intersection,07 - Dark,03 - P.D. only,05 - Turning movement,Sandy Hill
13180,FAUBERT ST @ REGIONAL RD 174,390281.776,5042682.571,-75.40582106,45.51882036,2015-12-09,19:40,01 - Clear,01 - Dry,02 - Stop sign,03 - At intersection,07 - Dark,03 - P.D. only,05 - Turning movement,Cumberland - Estates
13181,MARCHURST RD btwn RIDGETOP RD & JOHN ASELFORD DRWY,341952.5953,5027717.008,-76.0255367,45.38840787,2015-12-11,22:36,01 - Clear,02 - Wet,10 - No control,01 - Non intersection,07 - Dark,03 - P.D. only,07 - SMV other,Carp - Hardwood Plains
13182,CYRVILLE RD @ INNES RD,375048.4467,5031119.564,-75.60243589,45.41648487,2015-12-14,6:40,02 - Rain,02 - Wet,01 - Traffic signal,02 - Intersection related,07 - Dark,03 - P.D. only,03 - Rear end,Industrial Park
13183,EARL ARMSTRONG RD @ LIMEBANK RD,370156.4429,5015961.173,-75.66693733,45.28056797,2015-10-22,18:00,01 - Clear,01 - Dry,01 - Traffic signal,02 - Intersection related,01 - Daylight,03 - P.D. only,03 - Rear end,Greenbelt
13184,INDUSTRIAL AVE @ ALTA VISTA DR/SANDFORD FLEMIN,370884.7238,5030557.57,-75.65570512,45.41183392,2015-12-14,14:18,01 - Clear,01 - Dry,01 - Traffic signal,02 - Intersection related,01 - Daylight,03 - P.D. only,04 - Sideswipe,Industrial Park
13185,FLODDEN WAY btwn LYDIA WAY & VERSILIA DR,367291.7071,5016423.132,-75.70339075,45.28498512,2015-12-14,18:30,01 - Clear,02 - Wet,10 - No control,01 - Non intersection,07 - Dark,03 - P.D. only,06 - SMV unattended vehicle,Greenbelt
13186,MONTREAL RD @ VANIER PKWY,370072.7098,5033065.592,-75.66574594,45.43447631,2015-11-10,7:00,"07 - Fog, mist, smoke, dust",01 - Dry,01 - Traffic signal,02 - Intersection related,03 - Dawn,03 - P.D. only,03 - Rear end,Vanier
13187,CEDARVIEW RD @ WEST HUNT CLUB RD,359719.3981,5019554.117,-75.79956375,45.31379041,2015-10-16,13:30,01 - Clear,01 - Dry,01 - Traffic signal,03 - At intersection,01 - Daylight,03 - P.D. only,03 - Rear end,Greenbelt
13188,WEST HUNT CLUB RD @ ANTARES DR/LASER ST,367106.9906,5022081.141,-75.70503377,45.33591154,2015-10-17,0:42,02 - Rain,02 - Wet,01 - Traffic signal,02 - Intersection related,07 - Dark,03 - P.D. only,07 - SMV other,Industrial Park
13189,CONROY RD @ HUNT CLUB RD,373765.1814,5025404.883,-75.61962888,45.36519445,2015-09-08,20:50,01 - Clear,01 - Dry,01 - Traffic signal,02 - Intersection related,07 - Dark,03 - P.D. only,03 - Rear end,Greenboro East
13190,BANK ST btwn HOLMWOOD AVE & LANSDOWNE PARK,368504.7711,5029142.424,-75.68629096,45.39932159,2015-09-09,12:12,01 - Clear,01 - Dry,10 - No control,01 - Non intersection,01 - Daylight,03 - P.D. only,04 - Sideswipe,The Glebe
13191,WOODROFFE AVE btwn TURN LANE & GRENFELL CRES,364295.6655,5019836.22,-75.74116959,45.31595593,2015-10-11,15:12,01 - Clear,01 - Dry,10 - No control,01 - Non intersection,01 - Daylight,03 - P.D. only,03 - Rear end,Merivale Gardens - Grenfell Glen - Pineglen - Country Place
13192,STONEHAVEN DR @ HARNESS LANE/BLUEMEADOW WAY,354571.3949,5016744.31,-75.86549867,45.28889098,2015-10-11,16:31,01 - Clear,01 - Dry,01 - Traffic signal,02 - Intersection related,01 - Daylight,03 - P.D. only,03 - Rear end,Bridlewood - Emerald Meadows
13193,FISHER AVE btwn TUNIS AVE & SHILLINGTON AVE,365620.2061,5027306.996,-75.72335862,45.38306334,2015-10-20,14:42,01 - Clear,01 - Dry,10 - No control,01 - Non intersection,01 - Daylight,03 - P.D. only,03 - Rear end,Carlington
13194,BRONSON AVE @ SUNNYSIDE AVE/UNIVERSITY RD - CA,367921.9894,5028091.187,-75.69386866,45.38991565,2015-02-23,8:20,01 - Clear,01 - Dry,01 - Traffic signal,02 - Intersection related,01 - Daylight,03 - P.D. only,03 - Rear end,Carleto
13195,ECHO DR btwn GRAHAM AVE & HAZEL ST,368872.1744,5030380.21,-75.68143772,45.41042525,2015-02-23,8:20,01 - Clear,04 - Slush,10 - No control,01 - Non intersection,01 - Daylight,03 - P.D. only,99 - Other,Old Ottawa East
13196,SHEA RD btwn MOORE ST & PERTH ST,357448.7274,5007057.414,-75.82984568,45.20151649,2015-10-14,7:02,01 - Clear,01 - Dry,10 - No control,04 - At/near private drive,01 - Daylight,03 - P.D. only,02 - Angle,Munster Hamlet - Richmond
13197,CONROY RD @ WALKLEY RD,372904.4433,5027464.612,-75.63033127,45.38381121,2015-10-13,12:55,01 - Clear,01 - Dry,01 - Traffic signal,03 - At intersection,01 - Daylight,03 - P.D. only,02 - Angle,Elmvale - Eastway - Riverview - Riverview Park West
13198,STONECREST RD btwn KILMAURS SIDE RD & HARDWOOD DR,334325.7849,5033735.341,-76.12257315,45.44292613,2015-10-20,16:16,01 - Clear,01 - Dry,10 - No control,04 - At/near private drive,01 - Daylight,03 - P.D. only,05 - Turning movement,Car
13199,MAITLAND ST btwn ROYAL YORK ST & BURKE ST,357032.4966,5005264.301,-75.83533128,45.18541246,2015-12-08,0:00,01 - Clear,01 - Dry,10 - No control,01 - Non intersection,00 - Unknown,03 - P.D. only,06 - SMV unattended vehicle,Richmond
13200,WELLINGTON ST    W btwn FAIRMONT AVE & IRVING AVE,365563.4332,5029710.164,-75.72378754,45.40469144,2015-10-19,12:07,01 - Clear,01 - Dry,10 - No control,01 - Non intersection,01 - Daylight,03 - P.D. only,06 - SMV unattended vehicle,Mechanicsville
13201,LACASSE AVE @ MONTREAL RD,370686.631,5033406.731,-75.65785457,45.43748815,2015-12-12,18:30,01 - Clear,01 - Dry,01 - Traffic signal,02 - Intersection related,07 - Dark,03 - P.D. only,05 - Turning movement,Vanier South
13202,YORK ST EB btwn BY WARD MARKET SQ & SUSSEX DR,367891.2716,5032291.046,-75.69372343,45.42770744,2015-11-22,14:49,01 - Clear,01 - Dry,10 - No control,01 - Non intersection,01 - Daylight,03 - P.D. only,02 - Angle,Byward Market
13203,INNES RD btwn BANTREE ST & STAR TOP RD,373795.9759,5030458.541,-75.61852932,45.41066194,2015-12-14,9:23,02 - Rain,02 - Wet,10 - No control,01 - Non intersection,01 - Daylight,03 - P.D. only,04 - Sideswipe,Industrial Park
13204,REGIONAL ROAD 174 btwn REGIONAL ROAD 174 & OR174 IC102 RAMP61,381648.4955,5038292.119,-75.51699864,45.48032399,2015-12-14,10:52,02 - Rain,02 - Wet,10 - No control,01 - Non intersection,01 - Daylight,03 - P.D. only,03 - Rear end,Chatelaine Village
13205,COOPER ST @ METCALFE ST,367962.5268,5031177.848,-75.69295564,45.41768483,2015-10-28,16:57,01 - Clear,01 - Dry,02 - Stop sign,02 - Intersection related,01 - Daylight,03 - P.D. only,05 - Turning movement,Centretown
13206,FRANKTOWN RD btwn CONLEY RD & JOY'S RD,353212.4473,5002972.369,-75.88416157,45.16506122,2015-12-14,19:21,02 - Rain,02 - Wet,10 - No control,01 - Non intersection,07 - Dark,03 - P.D. only,07 - SMV other,Munster Hamlet - Richmond
13207,HILSON AVE @ BYRON AVE,363970.9529,5028478.752,-75.74427634,45.39374785,2015-12-12,16:19,01 - Clear,01 - Dry,02 - Stop sign,03 - At intersection,05 - Dusk,03 - P.D. only,02 - Angle,Westboro
13208,RIVERSIDE DR btwn HOG'S BACK RD & RIDGEWOOD AVE,368173.4872,5026174.868,-75.69090309,45.37265043,2015-12-13,0:15,01 - Clear,01 - Dry,10 - No control,01 - Non intersection,07 - Dark,03 - P.D. only,07 - SMV other,Riverside Park
13209,KANATA AVE @ HWY 417 CASTLEFR IC139R15,351716.1196,5019145.33,-75.90166937,45.31069239,2015-10-17,0:53,02 - Rain,02 - Wet,01 - Traffic signal,02 - Intersection related,07 - Dark,03 - P.D. only,03 - Rear end,Katimavik - Hazeldean
13210,AVIATION PKWY @ OGILVIE RD,373111.4349,5032376.225,-75.6270079,45.42798348,2015-10-17,2:12,02 - Rain,02 - Wet,01 - Traffic signal,02 - Intersection related,07 - Dark,03 - P.D. only,05 - Turning movement,Industrial Park
13211,ARGYLE AVE N @ ELGIN ST,368494.1198,5030671.569,-75.68622946,45.41308131,2015-09-09,18:05,01 - Clear,01 - Dry,01 - Traffic signal,02 - Intersection related,01 - Daylight,03 - P.D. only,03 - Rear end,Centretown
13212,BANK ST @ CHAMBERLAIN AVE N/ISABELLA ST,368081.9914,5030165.481,-75.69155935,45.40856508,2015-09-13,15:43,01 - Clear,02 - Wet,01 - Traffic signal,03 - At intersection,01 - Daylight,03 - P.D. only,05 - Turning movement,The Glebe
13213,TERRY FOX DR btwn CASTLEFRANK RD & WESTPHALIAN AVE,353117.4025,5016160.15,-75.88409042,45.28373602,2015-05-20,14:05,01 - Clear,01 - Dry,10 - No control,01 - Non intersection,01 - Daylight,02 - Non-fatal injury,03 - Rear end,Glen Cairn - Kanata South Business Park
13214,TERRY FOX DR btwn HUNTSVILLE DR & OLD SECOND LINE RD,347868.3739,5020968.188,-75.95057956,45.32734154,2015-05-17,13:58,01 - Clear,01 - Dry,10 - No control,01 - Non intersection,01 - Daylight,03 - P.D. only,99 - Other,Kanata Lakes - Marchwood Lakeside - Morgan's Grant - Kanata
13215,BARNSDALE RD @ PRINCE OF WALES DR,366646.6962,5011533.494,-75.71222095,45.24104542,2015-07-03,22:09,01 - Clear,01 - Dry,02 - Stop sign,03 - At intersection,07 - Dark,03 - P.D. only,02 - Angle,New Barrhaven
13216,GREENBANK RD @ LISA AVE,360555.0355,5022894.123,-75.78853078,45.34377797,2015-10-14,12:24,01 - Clear,01 - Dry,01 - Traffic signal,02 - Intersection related,01 - Daylight,03 - P.D. only,03 - Rear end,Iris
13217,RIVERSIDE DR @ BROOKFIELD RD/HOG'S BACK RD,368168.4317,5026222.161,-75.69096156,45.37307642,2015-10-14,14:37,01 - Clear,01 - Dry,01 - Traffic signal,02 - Intersection related,01 - Daylight,03 - P.D. only,03 - Rear end,Riverside Park
13218,MEADOWLANDS DR/TALLWOOD DR @ WOODROFFE AVE,363056.6896,5022729.549,-75.75663013,45.34209384,2015-10-20,17:39,01 - Clear,01 - Dry,01 - Traffic signal,02 - Intersection related,07 - Dark,03 - P.D. only,02 - Angle,Crestview - Meadowlands
13219,HAWTHORNE RD/RUSSELL RD @ WALKLEY RD,374675.4659,5028499.541,-75.60757215,45.39294858,2015-11-09,14:10,01 - Clear,01 - Dry,01 - Traffic signal,02 - Intersection related,01 - Daylight,03 - P.D. only,03 - Rear end,Sheffield Glen
13220,HOLLAND AVE @ WELLINGTON ST,364928.9794,5029152.832,-75.73195948,45.39973147,2015-11-09,14:52,01 - Clear,01 - Dry,01 - Traffic signal,03 - At intersection,01 - Daylight,03 - P.D. only,04 - Sideswipe,Island Park