Record,Location,X,Y,lon,lat,Date,Time,Environment,Road_Surface,Traffic_Control,Collision_Location,Light,Collision_Classification,Impact_type,Neighborhood
13221,RIVERSIDE DR @ HERON RD,368121.605,5026647.227,-75.69150485,45.37690528,2015-08-17,15:53,01 - Clear,01 - Dry,01 - Traffic signal,02 - Intersection related,01 - Daylight,03 - P.D. only,03 - Rear end,Riverside Park
13222,ST. LAURENT BLVD @ COVENTRY RD/OGILVIE RD,372304.9975,5031950.853,-75.63737095,45.42423448,2015-11-25,1:48,"07 - Fog, mist, smoke, dust",01 - Dry,01 - Traffic signal,02 - Intersection related,07 - Dark,03 - P.D. only,03 - Rear end,Overbrook
13223,STRANDHERD DR btwn MARAVISTA DR & KENNEVALE DR,361474.5315,5014139.26,-75.77779934,45.26492778,2015-11-26,13:35,01 - Clear,01 - Dry,10 - No control,01 - Non intersection,01 - Daylight,03 - P.D. only,04 - Sideswipe,Munster Hamlet - Richmond
13224,OR174 IC109 RAMP65 @ MONTREAL RD,376402.9868,5034982.095,-75.5845694,45.45110027,2015-12-10,7:52,02 - Rain,02 - Wet,01 - Traffic signal,02 - Intersection related,01 - Daylight,03 - P.D. only,03 - Rear end,Beacon Hill South - Cardinal Heights
13225,HWY 417 WALKLEY IC110R57 @ WALKLEY EXTENSION R,375656.5117,5028999.094,-75.59497235,45.39734472,2015-12-14,13:00,01 - Clear,01 - Dry,02 - Stop sign,02 - Intersection related,01 - Daylight,03 - P.D. only,02 - Angle,Greenbelt
13226,RUSSELL RD btwn SOUTHVALE CRES & TUPPER AVE,374184.5968,5028798.312,-75.61379861,45.39568559,2015-12-14,14:32,01 - Clear,02 - Wet,10 - No control,04 - At/near private drive,01 - Daylight,03 - P.D. only,02 - Angle,Hawthorne Meadows
13227,CARP RD @ WESTBROOK RD,347738.2871,5015443.163,-75.95271755,45.27763348,2015-12-13,15:36,02 - Rain,02 - Wet,01 - Traffic signal,02 - Intersection related,01 - Daylight,03 - P.D. only,03 - Rear end,Stittsville - Basswood
13228,LAURIER AVE   E btwn KING EDWARD AVE & HENDERSON AVE,368798.32,5032069.356,-75.68216177,45.42563034,2015-12-13,18:44,02 - Rain,02 - Wet,10 - No control,01 - Non intersection,07 - Dark,03 - P.D. only,05 - Turning movement,Sandy Hill
13229,BOOTH ST btwn VIMY PLACE PRIV & OTTAWA RIVER PKWY,366249.1219,5031049.571,-75.71486217,45.4166832,2015-09-14,16:26,01 - Clear,01 - Dry,10 - No control,01 - Non intersection,01 - Daylight,03 - P.D. only,03 - Rear end,LeBreton Flats
13230,HEMLOCK RD @ ST. LAURENT BLVD,371145.7089,5034781.958,-75.65180199,45.4498184,2015-09-15,17:31,01 - Clear,01 - Dry,01 - Traffic signal,02 - Intersection related,01 - Daylight,03 - P.D. only,99 - Other,Cemetery
13231,PRINCE OF WALES DR btwn GREENBANK RD & BARNSDALE RD,366483.2003,5010650.786,-75.71441275,45.23311715,2015-10-12,14:45,01 - Clear,01 - Dry,10 - No control,01 - Non intersection,01 - Daylight,03 - P.D. only,03 - Rear end,New Barrhaven
13232,ALBERT ST btwn PRESTON ST & Continuation of ALBERT ST,366178.3913,5030475.752,-75.71583728,45.41152634,2015-10-20,16:56,01 - Clear,01 - Dry,10 - No control,01 - Non intersection,01 - Daylight,03 - P.D. only,04 - Sideswipe,Centretown West
13233,EWING ST @ JOHNSTON RD,373637.737,5026421.529,-75.6211139,45.37435433,2015-07-28,19:20,01 - Clear,01 - Dry,02 - Stop sign,03 - At intersection,01 - Daylight,03 - P.D. only,02 - Angle,Hunt Club
13234,MITCH OWENS RD/BRIDGE ST @ RIVER RD,369499.7073,5010770.76,-75.6759833,45.23392597,2015-10-14,17:02,01 - Clear,01 - Dry,01 - Traffic signal,02 - Intersection related,01 - Daylight,03 - P.D. only,03 - Rear end,Manotick
13235,MERIVALE RD btwn CENTRAL PARK DR S & MERIVALE RD,365015.7775,5025432.542,-75.73130469,45.36624956,2015-10-14,17:23,01 - Clear,01 - Dry,10 - No control,01 - Non intersection,01 - Daylight,03 - P.D. only,03 - Rear end,Civic Hospital - Experimental Farm - Central Park
13236,BESSERER ST @ NICHOLAS ST,368186.2159,5032111.833,-75.68997763,45.42606827,2015-10-21,20:56,01 - Clear,01 - Dry,01 - Traffic signal,03 - At intersection,07 - Dark,03 - P.D. only,04 - Sideswipe,Byward Market - Parliament Hill
13237,WILD SHORE CRES btwn SHORELINE DR & SHORELINE DR,367865.4099,5014886.613,-75.69627344,45.27110844,2015-11-13,0:00,01 - Clear,01 - Dry,10 - No control,01 - Non intersection,00 - Unknown,03 - P.D. only,06 - SMV unattended vehicle,Gloucester
13238,SOMERSET ST @ RUSSELL AVE,369256.236,5031858.113,-75.67633828,45.42368761,2015-11-15,2:21,01 - Clear,01 - Dry,02 - Stop sign,03 - At intersection,07 - Dark,03 - P.D. only,02 - Angle,Sandy Hill
13239,ELGIN ST @ LAURIER AVE,367947.9879,5031549.576,-75.69309375,45.42103082,2015-09-02,13:51,01 - Clear,01 - Dry,01 - Traffic signal,03 - At intersection,01 - Daylight,03 - P.D. only,04 - Sideswipe,Downtown
13240,WELLINGTON ST btwn BANK ST & O'CONNOR ST,367269.9814,5031632.906,-75.70174592,45.42184147,2015-11-27,12:13,02 - Rain,02 - Wet,10 - No control,01 - Non intersection,01 - Daylight,03 - P.D. only,04 - Sideswipe,Downtown
13241,GREENBANK RD btwn JOCKVALE RD & CAMBRIAN RD,364481.2992,5013496.969,-75.73956472,45.25889974,2015-12-10,1:00,02 - Rain,02 - Wet,10 - No control,01 - Non intersection,07 - Dark,03 - P.D. only,07 - SMV other,New Barrhaven
13242,NINTH LINE RD btwn FARMERS WAY & HALL RD,385437.4801,5023079.02,-75.47102856,45.34302261,2015-12-15,22:07,01 - Clear,01 - Dry,10 - No control,01 - Non intersection,07 - Dark,03 - P.D. only,07 - SMV other,Greenbelt
13243,LEES AVE @ KING EDWARD AVE/MANN AVE,369178.7982,5031334.745,-75.67739612,45.41898567,2015-11-19,15:25,02 - Rain,02 - Wet,01 - Traffic signal,02 - Intersection related,01 - Daylight,03 - P.D. only,03 - Rear end,Sandy Hill
13244,BURRIS LANE @ MERIVALE RD,364881.4284,5025067.52,-75.73306397,45.36297668,2015-11-22,15:27,01 - Clear,01 - Dry,01 - Traffic signal,02 - Intersection related,01 - Daylight,03 - P.D. only,04 - Sideswipe,Cityview - Skyline - Fisher Heights
13245,GOLDRIDGE DR btwn GATESPARK PRIV & GATESPARK PRIV,349888.7847,5019903.582,-75.92490352,45.31763505,2015-12-16,6:04,01 - Clear,01 - Dry,10 - No control,01 - Non intersection,07 - Dark,03 - P.D. only,06 - SMV unattended vehicle,Kanata Lakes - Marchwood Lakeside - Morgan's Grant - Kanata
13246,MEADOWLANDS DR @ MERIVALE RD,364859.4219,5023725.51,-75.73350791,45.35090335,2015-12-16,12:39,01 - Clear,01 - Dry,01 - Traffic signal,02 - Intersection related,01 - Daylight,03 - P.D. only,03 - Rear end,Cityview - Skyline - Fisher Heights
13247,HAWTHORNE RD @ LEITRIM RD,377039.1888,5022709.564,-75.57823383,45.34061355,2015-10-17,16:38,01 - Clear,01 - Dry,01 - Traffic signal,03 - At intersection,01 - Daylight,03 - P.D. only,03 - Rear end,Greenbelt
13248,VANIER PKWY NB btwn DESCHAMPS AVE & MONTREAL RD,370015.7729,5033125.772,-75.6664656,45.4350231,2015-09-19,10:47,01 - Clear,02 - Wet,10 - No control,01 - Non intersection,01 - Daylight,03 - P.D. only,03 - Rear end,Vanier North
13249,WOODROFFE AVE NB btwn WEST HUNT CLUB RD & SPORTSPLEX N,363720.4207,5021163.966,-75.74834787,45.32795142,2015-10-13,7:22,02 - Rain,02 - Wet,10 - No control,01 - Non intersection,01 - Daylight,03 - P.D. only,03 - Rear end,Merivale Gardens - Grenfell Glen - Pineglen - Country Place
13250,TERRY FOX DR btwn CAMPEAU DR & DIDSBURY RD,350607.0532,5018929.674,-75.9158327,45.30882507,2015-10-20,21:46,01 - Clear,01 - Dry,10 - No control,01 - Non intersection,07 - Dark,03 - P.D. only,04 - Sideswipe,Kanata
13251,RIVERSIDE DR @ SMYTH RD NORTH SIDE RAMP,369937.8082,5029317.03,-75.66796546,45.40076077,2015-10-20,23:23,01 - Clear,01 - Dry,01 - Traffic signal,02 - Intersection related,07 - Dark,03 - P.D. only,07 - SMV other,Industrial Park
13252,LEES AVE @ KING EDWARD AVE/MANN AVE,369178.737,5031335.037,-75.67739686,45.41898831,2015-08-11,11:10,01 - Clear,01 - Dry,01 - Traffic signal,02 - Intersection related,01 - Daylight,03 - P.D. only,03 - Rear end,Sandy Hill
13253,GLADSTONE AVE @ PRESTON ST,366489.706,5029711.477,-75.71195597,45.40462223,2015-08-11,11:15,01 - Clear,01 - Dry,01 - Traffic signal,02 - Intersection related,01 - Daylight,03 - P.D. only,03 - Rear end,Little Italy
13254,FLEWELLYN RD btwn NO NAME & BLACK'S SIDE RD,349908.7766,5009423.701,-75.92560055,45.22333218,2015-10-14,19:16,01 - Clear,01 - Dry,10 - No control,01 - Non intersection,07 - Dark,03 - P.D. only,07 - SMV other,Stittsville - Basswood
13255,BANK ST @ MITCH OWENS RD,377758.7657,5015947.099,-75.57004892,45.27969348,2015-10-15,7:35,01 - Clear,01 - Dry,01 - Traffic signal,03 - At intersection,01 - Daylight,03 - P.D. only,05 - Turning movement,Osgoode
13256,RUSSELL RD @ SOUTHVALE CRES S,374458.2796,5028633.394,-75.61032676,45.39417457,2015-10-22,7:00,01 - Clear,02 - Wet,01 - Traffic signal,03 - At intersection,03 - Dawn,03 - P.D. only,02 - Angle,Sheffield Glen
13257,METCALFE ST @ NEPEAN ST,367873.2702,5031320.296,-75.69407775,45.41897458,2015-11-16,8:30,01 - Clear,01 - Dry,02 - Stop sign,03 - At intersection,01 - Daylight,03 - P.D. only,02 - Angle,Centretown
13258,RIVERSIDE DR RAMP 42A @ RIVERSIDE DR RAMP 42B,368480.2637,5027091.315,-75.68686865,45.38086855,2015-11-19,13:07,02 - Rain,02 - Wet,03 - Yield sign,02 - Intersection related,01 - Daylight,03 - P.D. only,04 - Sideswipe,Riverside Park
13259,SUSSEX DR @ 262 N OF KING EDWARD AVE,367767.988,5033735.374,-75.69511405,45.4407141,2015-12-03,15:58,01 - Clear,01 - Dry,01 - Traffic signal,02 - Intersection related,01 - Daylight,03 - P.D. only,03 - Rear end,Lindenle
13260,WOODROFFE AVE btwn GRENFELL CRES & 260 N OF FALLOWFIELD RD/TRANSITWAY ,364958.7962,5018212.215,-75.73290966,45.30128675,2015-12-10,8:50,01 - Clear,01 - Dry,10 - No control,05 - At railway crossing,01 - Daylight,03 - P.D. only,03 - Rear end,New Barrhaven
13261,RIDEAU ST btwn SUSSEX DR & 88 W OF WILLIAM ST/FREIMAN MALL,367954.8978,5032065.176,-75.69293936,45.42566939,2015-11-02,17:00,01 - Clear,01 - Dry,10 - No control,01 - Non intersection,05 - Dusk,03 - P.D. only,04 - Sideswipe,Byward Market - Parliament Hill
13262,MEADOWLANDS DR @ MERIVALE RD,364857.9779,5023726.232,-75.73352625,45.35090997,2015-11-10,19:01,01 - Clear,01 - Dry,01 - Traffic signal,03 - At intersection,07 - Dark,03 - P.D. only,05 - Turning movement,Cityview - Skyline - Fisher Heights
13263,HIGHWAY 416 btwn HIGHWAY 416 & HWY416 IC57 RAMP52,364670.5236,5008176.189,-75.73779423,45.21100699,2015-10-21,7:15,01 - Clear,01 - Dry,10 - No control,01 - Non intersection,03 - Dawn,03 - P.D. only,07 - SMV other,New Barrhaven
13264,LYON ST @ MACLAREN ST,367409.5868,5030647.263,-75.70008742,45.41296048,2015-11-22,15:38,01 - Clear,01 - Dry,02 - Stop sign,03 - At intersection,01 - Daylight,03 - P.D. only,02 - Angle,Centretown
13265,RIVERSIDE DR @ SMYTH RD SOUTH SIDE RAMP,369788.6254,5028998.156,-75.66991285,45.39790552,2015-11-23,15:20,01 - Clear,01 - Dry,01 - Traffic signal,02 - Intersection related,01 - Daylight,03 - P.D. only,03 - Rear end,Alta Vista
13266,GREENBANK RD btwn CANFIELD RD & BELLMAN DR,361114.622,5021350.774,-75.7815663,45.32984624,2015-12-16,14:43,01 - Clear,01 - Dry,10 - No control,01 - Non intersection,01 - Daylight,03 - P.D. only,03 - Rear end,Woodvale - Craig Henry - Manordale - Estates of Arlington Wo
13267,FLEWELLYN RD btwn MUNSTER RD & CONLEY RD,348064.076,5007767.729,-75.94923307,45.20854669,2015-10-17,23:09,01 - Clear,01 - Dry,10 - No control,01 - Non intersection,07 - Dark,03 - P.D. only,07 - SMV other,Stittsville - Basswood
13268,TERRY FOX DR @ PALLADIUM DR/KATIMAVIK RD,351270.4387,5018182.136,-75.90744323,45.30205495,2015-10-18,11:15,01 - Clear,01 - Dry,01 - Traffic signal,02 - Intersection related,01 - Daylight,03 - P.D. only,03 - Rear end,Katimavik - Hazeldean
13269,ST. LAURENT BLVD @ WALKLEY RD,373902.0294,5028046.495,-75.61751251,45.38894903,2015-09-20,13:04,01 - Clear,01 - Dry,01 - Traffic signal,02 - Intersection related,01 - Daylight,03 - P.D. only,03 - Rear end,Hawthorne Meadows
13270,CARP RD @ HAZELDEAN RD,348804.5759,5014360.076,-75.93922349,45.26782154,2015-09-24,15:33,01 - Clear,01 - Dry,01 - Traffic signal,02 - Intersection related,01 - Daylight,03 - P.D. only,03 - Rear end,Stittsville
13271,FISHER AVE @ TUNIS AVE,365496.6991,5027594.732,-75.72490021,45.38566304,2015-10-13,8:01,02 - Rain,02 - Wet,02 - Stop sign,02 - Intersection related,01 - Daylight,03 - P.D. only,03 - Rear end,Carlington
13272,PINECREST RD @ RICHMOND RD,360071.9498,5024470.431,-75.79451859,45.3579998,2015-10-13,8:41,02 - Rain,02 - Wet,01 - Traffic signal,02 - Intersection related,01 - Daylight,03 - P.D. only,03 - Rear end,Whitehaven - Queensway Terrace North
13273,CASTLEFRANK RD @ KATIMAVIK RD,351950.4529,5018943.043,-75.89870028,45.30885647,2015-10-21,7:59,01 - Clear,01 - Dry,01 - Traffic signal,03 - At intersection,01 - Daylight,03 - P.D. only,05 - Turning movement,Katimavik - Hazeldean
13274,BRONSON PL btwn FULTON AVE & COLONEL BY DR,367809.1102,5028511.126,-75.69525647,45.39370431,2015-10-21,16:20,01 - Clear,01 - Dry,10 - No control,01 - Non intersection,01 - Daylight,03 - P.D. only,07 - SMV other,Old Ottawa South
13275,HOLLAND AVE @ WELLINGTON ST,364929.7014,5029153.915,-75.73195013,45.39974116,2015-08-11,17:59,01 - Clear,01 - Dry,01 - Traffic signal,02 - Intersection related,01 - Daylight,03 - P.D. only,04 - Sideswipe,Island Park
13276,ST. LAURENT BLVD @ WALKLEY RD,373904.1915,5028047.215,-75.6174848,45.3889553,2015-08-11,12:50,01 - Clear,01 - Dry,01 - Traffic signal,02 - Intersection related,01 - Daylight,03 - P.D. only,03 - Rear end,Hawthorne Meadows
13277,GREENBANK RD btwn WEST HUNT CLUB RD & FALLOWFIELD RD,363051.1262,5016807.05,-75.75739749,45.28880384,2015-10-15,8:28,01 - Clear,02 - Wet,10 - No control,01 - Non intersection,01 - Daylight,03 - P.D. only,03 - Rear end,Greenbelt
13278,NAVAHO DR btwn BASELINE RD & NAVAHO DR,363097.6116,5024075.206,-75.75594937,45.35419855,2015-10-15,8:55,01 - Clear,01 - Dry,10 - No control,01 - Non intersection,01 - Daylight,03 - P.D. only,05 - Turning movement,Crestview - Meadowlands
13279,HERON RD @ ALTA VISTA DR,370492.0017,5026902.177,-75.66120872,45.378981,2015-10-22,8:05,01 - Clear,02 - Wet,01 - Traffic signal,02 - Intersection related,01 - Daylight,03 - P.D. only,03 - Rear end,Alta Vista
13280,BASELINE RD @ WOODROFFE AVE,362549.6902,5023770.865,-75.76297744,45.35150545,2015-10-22,11:38,01 - Clear,01 - Dry,01 - Traffic signal,03 - At intersection,01 - Daylight,03 - P.D. only,05 - Turning movement,Iris
13281,BELVEDERE CRES btwn LISGAR RD & END,368818.8339,5034230.095,-75.68161866,45.44506997,2015-11-22,0:00,01 - Clear,01 - Dry,10 - No control,01 - Non intersection,00 - Unknown,03 - P.D. only,06 - SMV unattended vehicle,New Edinburgh
13282,KENZIE ST @ LEASIDE AVE,364556.9802,5027082.266,-75.73696142,45.38113277,2015-11-24,8:14,01 - Clear,06 - Ice,02 - Stop sign,03 - At intersection,01 - Daylight,03 - P.D. only,02 - Angle,Carlington
13283,TERRY FOX DR @ PALLADIUM DR/KATIMAVIK RD,351269.718,5018182.497,-75.90745238,45.30205825,2015-12-04,11:25,01 - Clear,01 - Dry,01 - Traffic signal,02 - Intersection related,01 - Daylight,03 - P.D. only,04 - Sideswipe,Katimavik - Hazeldean
13284,BANK ST @ HUNT CLUB RD,371608.7365,5024097.228,-75.64733049,45.35363746,2015-12-04,14:07,01 - Clear,01 - Dry,01 - Traffic signal,02 - Intersection related,01 - Daylight,03 - P.D. only,04 - Sideswipe,South Keys - Heron Gate - Greenboro West
13285,HAMILTON AVE   N btwn ARMSTRONG ST & WELLINGTON ST W,365036.0773,5029324.52,-75.73057065,45.40126708,2015-09-05,0:00,01 - Clear,01 - Dry,10 - No control,01 - Non intersection,00 - Unknown,03 - P.D. only,06 - SMV unattended vehicle,Islan
13286,GRENADIER WAY btwn BURNLEY CRT & FIELDCREST AVE,365599.8072,5016076.949,-75.72499854,45.28201857,2015-11-11,0:00,01 - Clear,01 - Dry,10 - No control,01 - Non intersection,00 - Unknown,03 - P.D. only,06 - SMV unattended vehicle,New Barrhaven
13287,ST. LAURENT BLVD btwn DONALD ST & 125 N OF QUEEN MARY ST,372135.5902,5032370.78,-75.63947811,45.42802912,2015-06-16,20:46,01 - Clear,01 - Dry,10 - No control,01 - Non intersection,05 - Dusk,03 - P.D. only,03 - Rear end,Overbrook
13288,WOODROFFE AVE btwn KNOXDALE RD/MEDHURST DR & NORICE ST,363376.3686,5021936.956,-75.75264512,45.33493553,2015-11-23,16:17,01 - Clear,01 - Dry,10 - No control,01 - Non intersection,05 - Dusk,03 - P.D. only,99 - Other,Woodvale - Craig Henry - Manordale - Estates of Arlington Wo
13289,RIVERSIDE DR NB btwn FROBISHER LANE & HINCKS LANE,370158.7737,5030114.591,-75.66503756,45.40791634,2015-12-16,16:48,01 - Clear,01 - Dry,10 - No control,01 - Non intersection,05 - Dusk,03 - P.D. only,03 - Rear end,Industrial Park
13290,CARP RD @ STITTSVILLE MAIN ST,349523.3447,5014329.843,-75.93006697,45.26750415,2015-10-18,12:33,01 - Clear,01 - Dry,01 - Traffic signal,02 - Intersection related,01 - Daylight,03 - P.D. only,03 - Rear end,Stittsville
13291,FALLOWFIELD RD @ O'KEEFE CRT,360825.9451,5015320.059,-75.78593037,45.27560469,2015-09-28,7:47,01 - Clear,01 - Dry,02 - Stop sign,03 - At intersection,01 - Daylight,03 - P.D. only,02 - Angle,Munster Hamlet - Richmond
13292,WEST HUNT CLUB RD @ CLEOPATRA DR/LANCELOT DR,365234.9793,5021732.854,-75.72895882,45.33294143,2015-10-13,10:21,02 - Rain,02 - Wet,01 - Traffic signal,02 - Intersection related,01 - Daylight,03 - P.D. only,03 - Rear end,Tanglewood
13293,GREENBANK RD btwn CANFIELD RD & BELLMAN DR,361174.1742,5021195.676,-75.78082429,45.32844588,2015-10-13,12:43,02 - Rain,02 - Wet,10 - No control,04 - At/near private drive,01 - Daylight,03 - P.D. only,02 - Angle,Sheahan Estates - Trend Village - Arlington Woods
13294,GREENBANK RD btwn WEST HUNT CLUB RD & FALLOWFIELD RD,362782.5643,5017421.937,-75.76074904,45.29435881,2015-10-22,6:55,01 - Clear,02 - Wet,10 - No control,01 - Non intersection,03 - Dawn,03 - P.D. only,07 - SMV other,Greenbelt
13295,MACDONALD-CARTIER BR RAMP NB-3 btwn MACDONALD-CARTIER BR RAMP NB-1/NB-,367999.8526,5033277.425,-75.69220935,45.43657272,2015-08-11,20:45,02 - Rain,02 - Wet,10 - No control,01 - Non intersection,05 - Dusk,03 - P.D. only,04 - Sideswipe,Lower Town
13296,BESSERER ST @ DALHOUSIE ST,368253.4224,5032157.935,-75.68911293,45.42647699,2015-08-14,11:39,01 - Clear,01 - Dry,01 - Traffic signal,02 - Intersection related,01 - Daylight,03 - P.D. only,04 - Sideswipe,Byward Market - Parliament Hill
13297,SOVEREIGN AVE btwn FAIR OAKS CRES & IVYLEA ST,363103.8939,5021950.413,-75.75611965,45.33507931,2015-10-15,11:09,01 - Clear,01 - Dry,10 - No control,04 - At/near private drive,01 - Daylight,03 - P.D. only,06 - SMV unattended vehicle,Woodvale - Craig Henry - Manordale - Estates of Arlington Wo
13298,FRANKTOWN RD btwn CONLEY RD & JOY'S RD,353191.4458,5002969.357,-75.884429,45.16503556,2015-10-15,6:30,01 - Clear,01 - Dry,10 - No control,01 - Non intersection,03 - Dawn,03 - P.D. only,07 - SMV other,Munster Hamlet - Richmond
13299,BREEZEHILL AVE   S btwn BEECH ST & HICKORY ST,366332.6207,5028985.898,-75.71405297,45.39810749,2015-10-22,13:06,01 - Clear,01 - Dry,10 - No control,01 - Non intersection,01 - Daylight,03 - P.D. only,06 - SMV unattended vehicle,Centretown West
13300,GREENBANK RD btwn FALLOWFIELD RD & LARKIN DR,363133.3566,5016611.869,-75.75637224,45.28704078,2015-12-03,17:50,01 - Clear,01 - Dry,10 - No control,01 - Non intersection,07 - Dark,03 - P.D. only,03 - Rear end,New Barrhaven
13301,CRANTHAM CRES btwn DELAMERE DR & DELAMERE DR,348763.9927,5014022.678,-75.93977051,45.26478804,2015-12-05,13:59,01 - Clear,01 - Dry,10 - No control,04 - At/near private drive,01 - Daylight,03 - P.D. only,06 - SMV unattended vehicle,Crossing Bridge
13302,CARLING AVE @ MAITLAND AVE/SHERBOURNE RD,362942.6979,5026487.805,-75.75764247,45.37591972,2015-09-27,13:53,01 - Clear,01 - Dry,01 - Traffic signal,03 - At intersection,01 - Daylight,03 - P.D. only,04 - Sideswipe,Carlingwood - McKellar Park - Laurentien View
13303,KITCHENER AVE @ BANK ST,370540.8761,5025499.972,-75.66077137,45.36635984,2015-12-10,13:33,01 - Clear,01 - Dry,01 - Traffic signal,03 - At intersection,01 - Daylight,03 - P.D. only,07 - SMV other,Ledbury - Heron Gate - Ridgemont - Elmwood
13304,ST. JOSEPH BLVD/OLD MONTREAL RD @ TRIM RD,384684.198,5039285.582,-75.47801217,45.48892146,2015-12-10,14:24,01 - Clear,01 - Dry,11 - Roundabout,03 - At intersection,01 - Daylight,03 - P.D. only,04 - Sideswipe,Cardinal Creek
13305,CARLING AVE WB btwn CONNAUGHT AVE & OTTAWA RIVER PKWY WB RAMP/CARLING ,360837.1869,5025158.968,-75.78467393,45.36413448,2015-09-11,18:09,01 - Clear,02 - Wet,10 - No control,01 - Non intersection,01 - Daylight,03 - P.D. only,04 - Sideswipe,Woodroffe - Lincoln Heights
13306,LISGAR ST btwn ELGIN ST & CARTIER ST,368197.1083,5031418.08,-75.68992773,45.41982514,2015-11-12,15:40,02 - Rain,02 - Wet,10 - No control,01 - Non intersection,01 - Daylight,03 - P.D. only,99 - Other,Golden Triangle
13307,WIGGINS PRIV btwn CHAPEL CRES & GOULBURN CRES (2),369786.3915,5031388.46,-75.66962629,45.41941281,2015-08-04,16:32,01 - Clear,01 - Dry,10 - No control,01 - Non intersection,01 - Daylight,03 - P.D. only,02 - Angle,Sandy Hill
13308,CAMEO DR @ MAITLAND AVE,364152.2361,5025146.142,-75.74236181,45.36374622,2015-11-24,18:35,01 - Clear,01 - Dry,02 - Stop sign,02 - Intersection related,07 - Dark,03 - P.D. only,02 - Angle,Civic Hospital - Experimental Farm - Central Park
13309,HWY417 IC104 RAMP61 btwn ANDERSON RD & HIGHWAY 417,380276.2017,5025954.752,-75.53644012,45.36947099,2015-10-18,15:24,01 - Clear,01 - Dry,10 - No control,01 - Non intersection,01 - Daylight,03 - P.D. only,07 - SMV other,Greenbelt
13310,BASELINE RD @ WOODROFFE AVE,362548.9695,5023770.865,-75.76298664,45.35150551,2015-10-18,17:31,01 - Clear,01 - Dry,01 - Traffic signal,02 - Intersection related,05 - Dusk,03 - P.D. only,03 - Rear end,Iris
13311,MAITLAND AVE btwn HWY417 IC126 RAMP25 & WOODWARD DR,363270.091,5025677.302,-75.75355867,45.36859967,2015-09-27,17:10,01 - Clear,01 - Dry,10 - No control,01 - Non intersection,01 - Daylight,03 - P.D. only,04 - Sideswipe,Braemar Park - Bel Air Heights - Copeland Park
13312,BASELINE RD btwn CLYDE AVE & 207 E OF CLYDE AVE,364368.0727,5024898.801,-75.73963669,45.36150238,2015-09-28,15:15,02 - Rain,02 - Wet,10 - No control,01 - Non intersection,01 - Daylight,03 - P.D. only,03 - Rear end,Civic Hospital - Experimental Farm - Central Park
13313,BRONSON AVE btwn RENFREW AVE & POWELL AVE,367370.2831,5029522.223,-75.7007323,45.40284122,2015-10-13,14:08,01 - Clear,02 - Wet,10 - No control,04 - At/near private drive,01 - Daylight,03 - P.D. only,02 - Angle,The Glebe
13314,ST. LAURENT BLVD @ WALKLEY RD,373902.7501,5028045.774,-75.6175034,45.38894247,2015-10-13,17:43,01 - Clear,01 - Dry,01 - Traffic signal,02 - Intersection related,01 - Daylight,03 - P.D. only,03 - Rear end,Hawthorne Meadows
13315,PRINCE OF WALES DR @ WEST HUNT CLUB RD,367457.9896,5021892.584,-75.70057973,45.33418368,2015-08-15,15:05,01 - Clear,01 - Dry,01 - Traffic signal,02 - Intersection related,01 - Daylight,03 - P.D. only,03 - Rear end,Industrial Park
13316,BAY ST @ LAURIER AVE,367034.7054,5030997.212,-75.70483232,45.41614266,2015-08-17,13:08,01 - Clear,01 - Dry,01 - Traffic signal,03 - At intersection,01 - Daylight,03 - P.D. only,02 - Angle,Downtown
13317,HAZELDEAN RD @ 246 E OF CASTLEFRANK RD/FARMBOY,352859.1176,5017841.974,-75.88721968,45.2988872,2015-10-15,14:51,01 - Clear,01 - Dry,01 - Traffic signal,02 - Intersection related,01 - Daylight,03 - P.D. only,04 - Sideswipe,Glen Cairn - Kanata South Business Park
13318,SKYVIEW PRIV @ CRESTHAVEN DR,366817.126,5015362.433,-75.7095724,45.27548306,2015-10-15,15:10,01 - Clear,01 - Dry,02 - Stop sign,03 - At intersection,01 - Daylight,03 - P.D. only,02 - Angle,Chapman Mills - Rideau Crest - Davidson Heights
13319,ROBERTSON RD btwn HAANEL DR & MILL HILL RD,355246.2616,5019357.177,-75.85662995,45.31235391,2015-10-22,20:45,01 - Clear,01 - Dry,10 - No control,01 - Non intersection,07 - Dark,03 - P.D. only,07 - SMV other,Greenbelt
13320,CYRVILLE RD @ INNES RD,375047.7247,5031120.286,-75.60244501,45.41649144,2015-12-10,16:18,01 - Clear,01 - Dry,01 - Traffic signal,02 - Intersection related,05 - Dusk,03 - P.D. only,04 - Sideswipe,Industrial Park
13321,BRIDGE ST @ WEST RIVER DR/ARTHUR CRES S,368974.2331,5010210.293,-75.68274735,45.22893101,2015-09-16,15:00,01 - Clear,01 - Dry,02 - Stop sign,03 - At intersection,01 - Daylight,03 - P.D. only,03 - Rear end,Manotick
13322,BRONSON AVE/BRONSON/HERON RAMP 35 @ HERON RD,368640.6144,5026697.522,-75.68487226,45.37731072,2015-11-16,16:01,01 - Clear,01 - Dry,01 - Traffic signal,02 - Intersection related,01 - Daylight,03 - P.D. only,03 - Rear end,Riverside Park
13323,PRESTON ST btwn LOUISA ST & ST. ANTHONY ST,366536.7012,5029605.065,-75.71136902,45.40366062,2015-11-26,14:33,02 - Rain,02 - Wet,10 - No control,04 - At/near private drive,01 - Daylight,03 - P.D. only,02 - Angle,Little Italy