Record,Location,X,Y,lon,lat,Date,Time,Environment,Road_Surface,Traffic_Control,Collision_Location,Light,Collision_Classification,Impact_type,Neighborhood
13324,PRINCE OF WALES DR btwn BLAZER AVE & DEAKIN ST,367357.4981,5021374.029,-75.70192726,45.32952678,2015-12-16,18:22,03 - Snow,02 - Wet,10 - No control,01 - Non intersection,07 - Dark,03 - P.D. only,03 - Rear end,Industrial Park
13325,PRINCE OF WALES DR @ 187 N OF HOG'S BACK RD/CH,367287.634,5025857.612,-75.70225191,45.36987538,2015-12-16,19:38,01 - Clear,01 - Dry,01 - Traffic signal,02 - Intersection related,07 - Dark,03 - P.D. only,04 - Sideswipe,Carleton Heights - Rideauview
13326,HAZELDEAN RD @ TERRY FOX DR,352207.611,5017241.37,-75.8955837,45.29352708,2015-07-13,13:15,01 - Clear,01 - Dry,01 - Traffic signal,02 - Intersection related,01 - Daylight,03 - P.D. only,03 - Rear end,Glen Cairn - Kanata South Business Park
13327,BRONSON AVE btwn BREWER WAY & RIVERSIDE DR RAMPS 34B & 42A-3,368164.8723,5027659.235,-75.69082257,45.38600714,2015-09-28,16:52,02 - Rain,02 - Wet,10 - No control,01 - Non intersection,01 - Daylight,03 - P.D. only,03 - Rear end,Carleton University
13328,ST. LAURENT BLVD btwn MCARTHUR AVE & DONALD ST,372012.2043,5032687.933,-75.64101147,45.43089458,2015-09-28,17:45,01 - Clear,01 - Dry,10 - No control,04 - At/near private drive,01 - Daylight,03 - P.D. only,03 - Rear end,Castl
13329,ROGER STEVENS DR btwn DWYER HILL RD & MALAKOFF RD,361491.8809,4995477.99,-75.7796988,45.09700807,2015-10-14,5:40,01 - Clear,01 - Dry,10 - No control,01 - Non intersection,07 - Dark,03 - P.D. only,07 - SMV other,Munster Hamlet - Richmond
13330,BYRON AVE @ HOLLAND AVE,365015.421,5028957.475,-75.73087929,45.39796626,2015-08-17,14:09,01 - Clear,01 - Dry,02 - Stop sign,03 - At intersection,01 - Daylight,03 - P.D. only,02 - Angle,Island Park
13331,TERRY FOX DR btwn HUNTSVILLE DR & OLD SECOND LINE RD,347868.3739,5020968.188,-75.95057956,45.32734154,2015-01-16,14:42,01 - Clear,02 - Wet,10 - No control,01 - Non intersection,01 - Daylight,03 - P.D. only,07 - SMV other,Kanata Lakes - Marchwood Lakeside - Morgan's Grant - Kanata
13332,MERIVALE RD @ SLACK RD,366019.7003,5020955.133,-75.7190443,45.32587558,2015-10-14,16:06,01 - Clear,01 - Dry,01 - Traffic signal,02 - Intersection related,01 - Daylight,03 - P.D. only,03 - Rear end,Merivale Gardens - Grenfell Glen - Pineglen - Country Place
13333,HUNTMAR DR btwn BRADLEY SIDE RD & RICHARDSON SIDE RD,348090.4611,5019118.077,-75.94790825,45.31068002,2015-10-23,0:03,01 - Clear,01 - Dry,10 - No control,01 - Non intersection,07 - Dark,03 - P.D. only,07 - SMV other,Stittsville - Basswood
13334,FALLOWFIELD RD @ WOODROFFE AVE,365084.428,5017903.912,-75.73134535,45.29850188,2015-08-27,19:03,01 - Clear,01 - Dry,01 - Traffic signal,03 - At intersection,01 - Daylight,03 - P.D. only,05 - Turning movement,New Barrhaven
13335,ALBERT ST btwn BRONSON AVE & BAY ST,366923.2008,5031130.59,-75.70624005,45.41735266,2015-12-04,17:53,01 - Clear,01 - Dry,10 - No control,01 - Non intersection,07 - Dark,03 - P.D. only,04 - Sideswipe,Downtown
13336,MILTON RD @ NAVAN RD,387269.5108,5031812.521,-75.44619602,45.4213858,2015-12-10,17:01,01 - Clear,01 - Dry,02 - Stop sign,02 - Intersection related,07 - Dark,03 - P.D. only,03 - Rear end,Navan - Vars
13337,ELGIN ST @ MACLAREN ST,368209.4354,5031126.575,-75.68980774,45.41720115,2015-12-10,17:34,01 - Clear,01 - Dry,01 - Traffic signal,02 - Intersection related,07 - Dark,03 - P.D. only,04 - Sideswipe,Centretown
13338,ELGIN ST @ GLADSTONE AVE,368383.994,5030845.29,-75.6876139,45.41465441,2015-09-29,10:37,02 - Rain,02 - Wet,01 - Traffic signal,03 - At intersection,01 - Daylight,03 - P.D. only,03 - Rear end,Centretown
13339,INDUSTRIAL AVE btwn RIVERSIDE DR & SANDFORD FLEMING AVE,370745.3684,5030583.167,-75.6574819,45.41207738,2015-11-19,14:02,02 - Rain,02 - Wet,10 - No control,01 - Non intersection,01 - Daylight,03 - P.D. only,03 - Rear end,Industrial Park
13340,JOCKVALE RD @ EXETER DR/TARTAN DR,363324.4015,5014773.416,-75.75415379,45.27048246,2015-08-20,20:18,02 - Rain,02 - Wet,11 - Roundabout,02 - Intersection related,07 - Dark,03 - P.D. only,03 - Rear end,Barrhaven West - Old Barrhaven
13341,CALDWELL AVE @ MERIVALE RD,364907.398,5026230.412,-75.73259102,45.37343796,2015-09-04,6:50,01 - Clear,01 - Dry,01 - Traffic signal,02 - Intersection related,03 - Dawn,03 - P.D. only,03 - Rear end,Civic Hospital - Experimental Farm - Central Park
13342,BANK ST @ GILMOUR ST,367786.7047,5030772.405,-75.69525377,45.41405263,2015-11-27,0:50,01 - Clear,01 - Dry,01 - Traffic signal,02 - Intersection related,07 - Dark,03 - P.D. only,03 - Rear end,Centretown
13343,MERIVALE RD @ WOODFIELD DR/ROYDON PL,365463.4231,5022298.499,-75.72597522,45.33801132,2015-07-24,18:45,01 - Clear,01 - Dry,01 - Traffic signal,02 - Intersection related,01 - Daylight,03 - P.D. only,03 - Rear end,Tanglewood
13344,REGIONAL ROAD 174 btwn OR174 IC112 RAMP51 & OR174 IC112 RAMP15,374907.52,5032900.72,-75.60398278,45.43252487,2015-10-05,21:21,01 - Clear,01 - Dry,10 - No control,01 - Non intersection,07 - Dark,03 - P.D. only,99 - Other,Greenbelt
13345,COLONEL BY DR @ HOG'S BACK RD,367601.9887,5025873.177,-75.69823712,45.36998734,2015-08-06,16:41,01 - Clear,01 - Dry,01 - Traffic signal,02 - Intersection related,01 - Daylight,03 - P.D. only,03 - Rear end,Carleto
13346,BASELINE RD btwn ST. HELEN'S PL & CLYDE AVE,364351.4961,5024883.666,-75.73985008,45.3613676,2015-09-29,18:06,02 - Rain,02 - Wet,10 - No control,04 - At/near private drive,01 - Daylight,03 - P.D. only,03 - Rear end,Braemar Park - Bel Air Heights - Copeland Park
13347,GREENBANK RD @ WEST HUNT CLUB RD,361479.677,5020503.747,-75.77700645,45.32219531,2015-10-24,10:29,01 - Clear,01 - Dry,01 - Traffic signal,02 - Intersection related,01 - Daylight,03 - P.D. only,03 - Rear end,Greenbelt
13348,LAWRENCE ST btwn CARACOURT DR & TALBOT ST,386164.8499,5002694.755,-75.46508508,45.15953418,2015-09-05,12:00,01 - Clear,01 - Dry,10 - No control,04 - At/near private drive,01 - Daylight,03 - P.D. only,05 - Turning movement,Vernon
13349,HAZELDEAN RD @ HUNTMAR DR/IBER RD,350943.3186,5016078.351,-75.91180992,45.28314605,2015-10-15,18:31,01 - Clear,01 - Dry,01 - Traffic signal,02 - Intersection related,07 - Dark,03 - P.D. only,03 - Rear end,Stittsville
13350,MACLAREN ST @ METCALFE ST,368050.986,5031032.215,-75.69184418,45.41636648,2015-10-15,18:58,02 - Rain,02 - Wet,01 - Traffic signal,02 - Intersection related,07 - Dark,03 - P.D. only,04 - Sideswipe,Centretown
13351,WALKLEY RD @ DON REID DR/RYDER ST,372602.2339,5027283.277,-75.63421484,45.38220895,2015-10-23,16:04,01 - Clear,01 - Dry,01 - Traffic signal,03 - At intersection,01 - Daylight,03 - P.D. only,03 - Rear end,Playfair Park - Lynda Park - Guildwood Estates
13352,CARTIER ST @ MACLAREN ST,368362.4335,5031216.852,-75.68784141,45.41799955,2015-10-01,15:50,01 - Clear,01 - Dry,02 - Stop sign,03 - At intersection,01 - Daylight,03 - P.D. only,02 - Angle,Golden Triangle
13353,CARLING AVE @ ROCHESTER ST,366993.4352,5029043.276,-75.70560606,45.39856537,2015-10-20,15:33,01 - Clear,01 - Dry,02 - Stop sign,02 - Intersection related,01 - Daylight,03 - P.D. only,04 - Sideswipe,Centretown West
13354,HAMPSTEAD PL @ WALKLEY RD,370681.9922,5026150.256,-75.65888339,45.37219763,2015-10-23,20:14,01 - Clear,01 - Dry,01 - Traffic signal,03 - At intersection,07 - Dark,03 - P.D. only,01 - Approaching,Ledbury - Heron Gate - Ridgemont - Elmwood
13355,BANK ST btwn BOYD RD & KENNEDY RD,387353.8695,5001826.349,-75.45010745,45.15158269,2015-12-05,12:01,01 - Clear,01 - Dry,10 - No control,01 - Non intersection,01 - Daylight,03 - P.D. only,07 - SMV other,Metcalfe
13356,PALLADIUM DR btwn HUNTMAR DR & FRANK FINNIGAN WAY,349762.6994,5017441.659,-75.92673497,45.29549004,2015-12-05,21:45,01 - Clear,01 - Dry,10 - No control,04 - At/near private drive,07 - Dark,03 - P.D. only,02 - Angle,Kanata Lakes - Marchwood Lakeside - Morgan's Grant - Kanata
13357,PLEASANT PARK RD btwn LEMAY CRES & SAUNDERSON DR,373134.8249,5028667.38,-75.62722318,45.39461076,2015-12-10,18:06,01 - Clear,01 - Dry,10 - No control,01 - Non intersection,07 - Dark,03 - P.D. only,03 - Rear end,Elmvale - Eastway - Riverview - Riverview Park West
13358,BOUNDARY RD btwn DEVINE RD & PARKWAY RD,388797.6592,5020313.402,-75.42862779,45.3177457,2015-12-10,18:26,02 - Rain,02 - Wet,10 - No control,01 - Non intersection,07 - Dark,03 - P.D. only,07 - SMV other,Navan - Vars
13359,RIDEAU ST @ WURTEMBURG ST,369356.4033,5032925.682,-75.67491847,45.43328395,2015-09-29,21:34,01 - Clear,01 - Dry,01 - Traffic signal,02 - Intersection related,07 - Dark,03 - P.D. only,03 - Rear end,Sandy Hill
13360,NAVAHO DR @ WOODROFFE AVE/TRANSITWAY N BASELIN,362705.9984,5023492.889,-75.76101529,45.34899136,2015-11-23,15:15,01 - Clear,01 - Dry,01 - Traffic signal,02 - Intersection related,01 - Daylight,03 - P.D. only,03 - Rear end,Crestview - Meadowlands
13361,ST. LAURENT BLVD @ COVENTRY RD/OGILVIE RD,372304.2755,5031953.019,-75.63737988,45.42425404,2015-12-05,22:53,01 - Clear,01 - Dry,01 - Traffic signal,02 - Intersection related,07 - Dark,03 - P.D. only,03 - Rear end,Overbrook
13362,FAIRMONT AVE btwn GLADSTONE AVE & EDGAR ST,365755.1927,5029296.625,-75.72138928,45.40095384,2015-09-11,13:01,01 - Clear,01 - Dry,10 - No control,01 - Non intersection,01 - Daylight,03 - P.D. only,06 - SMV unattended vehicle,Civi
13363,INNES RD @ TENTH LINE RD,383951.7603,5036158.839,-75.48788479,45.46087339,2015-11-27,21:07,02 - Rain,02 - Wet,01 - Traffic signal,02 - Intersection related,07 - Dark,03 - P.D. only,04 - Sideswipe,Queenswood Heights
13364,REGIONAL ROAD 174 btwn OR174 IC105 RAMP16 & OR174 IC105 RAMP26,379307.6112,5036980.928,-75.54713649,45.46878065,2015-10-19,7:03,01 - Clear,01 - Dry,10 - No control,01 - Non intersection,01 - Daylight,03 - P.D. only,03 - Rear end,Greenbelt
13365,"EGLISE, RUE DE L @ MONTREAL RD",371158.4322,5033632.143,-75.6517944,45.43947169,2015-11-03,9:10,01 - Clear,01 - Dry,01 - Traffic signal,02 - Intersection related,01 - Daylight,03 - P.D. only,03 - Rear end,Vanier South
13366,HEMLOCK RD @ ST. LAURENT BLVD,371146.4296,5034781.958,-75.65179277,45.44981833,2015-07-24,17:00,01 - Clear,01 - Dry,01 - Traffic signal,02 - Intersection related,01 - Daylight,03 - P.D. only,03 - Rear end,Cemetery
13367,PRINCE OF WALES DR @ WEST HUNT CLUB RD,367459.431,5021890.422,-75.70056161,45.3341641,2015-08-09,19:11,01 - Clear,01 - Dry,01 - Traffic signal,02 - Intersection related,01 - Daylight,03 - P.D. only,03 - Rear end,Industrial Park
13368,CARLING AVE WB btwn MERIVALE RD & HARMER AVE S,365044.6668,5027814.253,-75.73064536,45.38767727,2015-10-01,8:09,01 - Clear,01 - Dry,10 - No control,04 - At/near private drive,01 - Daylight,03 - P.D. only,02 - Angle,Civic Hospital - Experimental Farm - Central Park
13369,CARLING AVE @ FAIRLAWN AVE/WOODROFFE AVE E,361934.6841,5025830.528,-75.77058762,45.37008852,2015-10-17,13:00,01 - Clear,01 - Dry,01 - Traffic signal,03 - At intersection,01 - Daylight,03 - P.D. only,05 - Turning movement,Carlingwood West - Glabar Park - McKellar Heights
13370,BANK ST @ QUEENSDALE AVE,373337.4636,5023445.874,-75.62535985,45.34760999,2015-10-17,14:30,01 - Clear,01 - Dry,01 - Traffic signal,02 - Intersection related,01 - Daylight,03 - P.D. only,04 - Sideswipe,Blossom Park - Blossom Park West - Sawmill Creek/ Timbermill
13371,MONTREAL RD/HANNAH ST @ CODY AVE,370253.8507,5033170.724,-75.66341704,45.43540531,2015-10-25,2:15,02 - Rain,02 - Wet,01 - Traffic signal,03 - At intersection,07 - Dark,03 - P.D. only,02 - Angle,Vanier
13372,NORICE ST btwn PERRY ST & HODGINS ST,364635.0452,5023261.479,-75.73642735,45.34674724,2015-10-25,16:54,01 - Clear,01 - Dry,10 - No control,04 - At/near private drive,01 - Daylight,03 - P.D. only,06 - SMV unattended vehicle,Crestview - Meadowlands
13373,DALY AVE btwn MACKENZIE AVE & NICHOLAS ST,368210.4037,5032034.682,-75.68967849,45.4253719,2015-09-08,13:10,01 - Clear,01 - Dry,10 - No control,01 - Non intersection,01 - Daylight,03 - P.D. only,03 - Rear end,Byward Market - Parliament Hill
13374,NICHOLAS ST NB btwn LAURIER AVE E & WALLER ST,368454.6955,5031733.646,-75.6865959,45.4226411,2015-08-13,14:15,01 - Clear,01 - Dry,10 - No control,01 - Non intersection,01 - Daylight,03 - P.D. only,04 - Sideswipe,Sandy Hill
13375,225 E OF RIVERSIDE DR / T & T SC @ HUNT CLUB RD,368235.6976,5022055.979,-75.69063741,45.335584,2015-08-14,16:29,01 - Clear,01 - Dry,01 - Traffic signal,02 - Intersection related,01 - Daylight,03 - P.D. only,03 - Rear end,Hunt Club - Ottawa Airport
13376,LAURIER AVE   W btwn BANK ST & O'CONNOR ST,367559.7095,5031314.338,-75.69808465,45.41894917,2015-08-22,15:56,01 - Clear,01 - Dry,10 - No control,04 - At/near private drive,01 - Daylight,03 - P.D. only,06 - SMV unattended vehicle,Downtown
13377,WILLIAM ST btwn CLARENCE ST & YORK ST,367955.3791,5032423.288,-75.69288729,45.42889152,2015-08-24,9:00,01 - Clear,01 - Dry,10 - No control,01 - Non intersection,01 - Daylight,03 - P.D. only,03 - Rear end,Byward Market
13378,BANK ST @ HERON RD,369996.4407,5026851.182,-75.66754237,45.37856846,2015-10-08,11:16,01 - Clear,01 - Dry,01 - Traffic signal,02 - Intersection related,01 - Daylight,03 - P.D. only,03 - Rear end,Alta Vista
13379,BLAIR RD @ INNES RD,375578.7349,5031439.915,-75.59561523,45.41931377,2015-10-28,21:16,02 - Rain,02 - Wet,01 - Traffic signal,02 - Intersection related,07 - Dark,03 - P.D. only,03 - Rear end,Greenbelt
13380,HUNT CLUB RD btwn GIBFORD DR & UPLANDS DR,369982.72,5023021.131,-75.6682227,45.34410807,2015-12-19,8:08,01 - Clear,06 - Ice,10 - No control,01 - Non intersection,01 - Daylight,03 - P.D. only,07 - SMV other,Hunt Club - Ottawa Airport
13381,ROGER STEVENS DR btwn HWY416 IC49 RAMP24 & SECOND LINE RD S,369897.4802,5001423.337,-75.67213813,45.14978138,2015-12-19,14:16,03 - Snow,06 - Ice,10 - No control,01 - Non intersection,01 - Daylight,03 - P.D. only,07 - SMV other,Kars - Osgoode
13382,MARCH RD btwn 280 S OF CARLING AVE/STATION RD & RICHARDSON SIDE RD,351214.0954,5021914.088,-75.90781193,45.33563968,2015-12-17,17:41,01 - Clear,02 - Wet,10 - No control,04 - At/near private drive,07 - Dark,03 - P.D. only,02 - Angle,South March
13383,RIVERSIDE CRES btwn LONG ISLAND RD & NORTH RIVERSIDE DR,368585.9305,5010825.887,-75.68761293,45.23450537,2015-12-18,12:37,01 - Clear,01 - Dry,10 - No control,01 - Non intersection,01 - Daylight,03 - P.D. only,06 - SMV unattended vehicle,Manotick
13384,PINECREST RD btwn CARLING AVE & RICHMOND RD,360030.0712,5024574.762,-75.79504142,45.35894187,2015-12-04,11:13,01 - Clear,01 - Dry,10 - No control,04 - At/near private drive,01 - Daylight,03 - P.D. only,02 - Angle,Whitehaven - Queensway Terrace North
13385,FALLOWFIELD RD btwn STEEPLE HILL CRES & MOODIE DR,358408.7577,5014004.641,-75.816878,45.2639568,2015-12-24,1:23,02 - Rain,02 - Wet,10 - No control,01 - Non intersection,07 - Dark,03 - P.D. only,07 - SMV other,Munster Hamlet - Richmond
13386,WAVERLEY ST btwn ELGIN ST & CARTIER ST,368389.9344,5030996.806,-75.68751846,45.41601716,2015-12-20,13:30,01 - Clear,01 - Dry,10 - No control,04 - At/near private drive,01 - Daylight,03 - P.D. only,06 - SMV unattended vehicle,Golden Triangle
13387,DU GRAND BOIS AVE @ INNES RD,383109.4341,5035762.554,-75.49871708,45.45740289,2015-12-21,19:02,02 - Rain,02 - Wet,02 - Stop sign,02 - Intersection related,07 - Dark,03 - P.D. only,03 - Rear end,Avalon
13388,REGIONAL ROAD 174 btwn OR174 IC112 RAMP51 & OR174 IC112 RAMP15,374867.0867,5032871.839,-75.60450359,45.43226907,2015-10-22,13:11,01 - Clear,01 - Dry,10 - No control,01 - Non intersection,01 - Daylight,03 - P.D. only,07 - SMV other,Greenbelt
13389,WOODROFFE AVE btwn HWY417 IC127 RAMP53 & IRIS ST,362249.4791,5024528.884,-75.76672044,45.35835071,2015-11-16,11:28,01 - Clear,01 - Dry,10 - No control,01 - Non intersection,01 - Daylight,03 - P.D. only,04 - Sideswipe,Iris
13390,WEST HUNT CLUB RD @ WOODROFFE AVE,363670.691,5021247.211,-75.74897232,45.32870463,2015-12-14,17:11,01 - Clear,01 - Dry,01 - Traffic signal,02 - Intersection related,07 - Dark,03 - P.D. only,03 - Rear end,Woodvale - Craig Henry - Manordale - Estates of Arlington Wo
13391,INDUSTRIAL AVE @ ALTA VISTA DR/SANDFORD FLEMIN,370886.1678,5030557.57,-75.65568667,45.41183378,2015-12-14,7:20,"07 - Fog, mist, smoke, dust",02 - Wet,01 - Traffic signal,02 - Intersection related,03 - Dawn,03 - P.D. only,03 - Rear end,Industrial Park
13392,RIVERSIDE DR SB btwn Continuation of RIVERSIDE DR & HWY417 IC117 RAMP5,370763.0889,5030898.218,-75.65721336,45.41491041,2015-12-09,14:32,01 - Clear,01 - Dry,10 - No control,01 - Non intersection,01 - Daylight,03 - P.D. only,04 - Sideswipe,Industrial Park
13393,MAITLAND AVE btwn CARLING AVE & DUNCAN PL,362950.4596,5026467.588,-75.75754576,45.37573717,2015-12-10,13:28,01 - Clear,01 - Dry,10 - No control,01 - Non intersection,01 - Daylight,03 - P.D. only,04 - Sideswipe,Carlingwood West - Glabar Park - McKellar Heights
13394,RIVERSIDE DR SB btwn SMYTH RD SOUTH SIDE RAMP & SMYTH RD NORTH SIDE RA,369824.9306,5029186.781,-75.66942432,45.39959933,2015-12-19,7:01,03 - Snow,06 - Ice,10 - No control,01 - Non intersection,03 - Dawn,03 - P.D. only,07 - SMV other,Industrial Park
13395,JOCKVALE RD @ CAMBRIAN RD/GOLFLINKS DR W,365382.6908,5013224.139,-75.72811385,45.25636778,2015-12-19,7:20,01 - Clear,06 - Ice,11 - Roundabout,02 - Intersection related,03 - Dawn,03 - P.D. only,07 - SMV other,New Barrhaven
13396,MAIN ST @ MASON TER,369385.43,5029650.643,-75.6749768,45.40381368,2015-10-24,17:48,01 - Clear,01 - Dry,02 - Stop sign,03 - At intersection,07 - Dark,03 - P.D. only,04 - Sideswipe,Old Ottawa East
13397,EARL ARMSTRONG RD @ RIVER RD,367571.9978,5014684.758,-75.70003793,45.26931841,2015-10-24,21:30,02 - Rain,02 - Wet,01 - Traffic signal,02 - Intersection related,07 - Dark,03 - P.D. only,03 - Rear end,Gloucester
13398,CAHILL DR @ PEBBLE RD,371616.294,5024577.883,-75.64716908,45.35796152,2015-08-14,17:01,01 - Clear,01 - Dry,02 - Stop sign,02 - Intersection related,01 - Daylight,03 - P.D. only,02 - Angle,South Keys - Heron Gate - Greenboro West
13399,ALBION RD btwn DEL ZOTTO AVE & HIGH RD,373924.6257,5019414.444,-75.61843059,45.31127903,2015-08-14,17:50,01 - Clear,01 - Dry,10 - No control,01 - Non intersection,01 - Daylight,03 - P.D. only,04 - Sideswipe,Greenbelt
13400,RIVERSIDE DR btwn HERON RD & TURN LANE,368128.3121,5026606.5,-75.69142444,45.37653822,2015-08-21,16:45,01 - Clear,01 - Dry,10 - No control,01 - Non intersection,01 - Daylight,03 - P.D. only,03 - Rear end,Riverside Park
13401,BYRON AVE @ ISLAND PARK DR,364256.4107,5028603.912,-75.74061575,45.39484984,2015-08-24,12:00,01 - Clear,01 - Dry,01 - Traffic signal,02 - Intersection related,01 - Daylight,03 - P.D. only,03 - Rear end,Island Park
13402,MONTREAL RD @ ST. LAURENT BLVD,371545.7029,5033817.234,-75.64681969,45.44110019,2015-10-10,16:02,01 - Clear,01 - Dry,01 - Traffic signal,02 - Intersection related,01 - Daylight,03 - P.D. only,03 - Rear end,Cummings
13403,COLONIAL RD btwn BIRCHGROVE RD & CANAAN RD,398543.8761,5035610.948,-75.30143744,45.45413877,2015-10-28,21:21,02 - Rain,02 - Wet,10 - No control,01 - Non intersection,07 - Dark,03 - P.D. only,07 - SMV other,Cumberland - Estates
13404,MERIVALE RD/LOTTA AVE @ CLYDE AVE,364520.437,5024507.976,-75.73773921,45.35797282,2015-10-28,21:24,02 - Rain,02 - Wet,01 - Traffic signal,02 - Intersection related,07 - Dark,03 - P.D. only,07 - SMV other,Cityview - Skyline - Fisher Heights
13405,NIXON DR btwn SNAKE ISLAND RD & CABIN RD,373464.8661,5002690.232,-75.62660176,45.16084297,2015-12-19,15:25,03 - Snow,06 - Ice,10 - No control,01 - Non intersection,01 - Daylight,03 - P.D. only,01 - Approaching,Kars - Osgoode
13406,DALHOUSIE ST @ MURRAY ST,368001.4211,5032572.873,-75.69227975,45.43023327,2015-12-19,16:10,01 - Clear,01 - Dry,01 - Traffic signal,02 - Intersection related,05 - Dusk,03 - P.D. only,04 - Sideswipe,Byward Market
13407,RICHMOND RD @ LYNHAR RD/STAFFORD RD,358138.3863,5021085.032,-75.81956149,45.32768758,2015-12-18,17:36,01 - Clear,01 - Dry,01 - Traffic signal,02 - Intersection related,07 - Dark,03 - P.D. only,03 - Rear end,Bells Corners East
13408,HWY417 IC115 RAMP61 btwn RAMP & HIGHWAY 417,372680.1681,5031560.591,-75.63263107,45.42068679,2015-12-19,12:30,01 - Clear,01 - Dry,10 - No control,01 - Non intersection,01 - Daylight,03 - P.D. only,04 - Sideswipe,Cummings
13409,REGIONAL ROAD 174 btwn OR174 IC112 RAMP51 & OR174 IC112 RAMP15,374950.8339,5032935.809,-75.60342427,45.43283624,2015-12-05,21:11,01 - Clear,01 - Dry,10 - No control,01 - Non intersection,07 - Dark,03 - P.D. only,07 - SMV other,Greenbelt
13410,MANN AVE btwn GREENFIELD AVE & KING EDWARD AVE,369170.856,5031328.969,-75.67749834,45.41893443,2015-12-10,9:18,01 - Clear,01 - Dry,10 - No control,01 - Non intersection,01 - Daylight,03 - P.D. only,04 - Sideswipe,Sandy Hill
13411,MONTREAL RD/HANNAH ST @ CODY AVE,370254.6956,5033169.929,-75.66340634,45.43539808,2015-11-20,8:01,01 - Clear,01 - Dry,01 - Traffic signal,02 - Intersection related,01 - Daylight,03 - P.D. only,04 - Sideswipe,Vanier
13412,RAMSAYVILLE RD @ LEITRIM RD,378718.692,5023871.274,-75.55663278,45.35089103,2015-11-24,17:20,01 - Clear,01 - Dry,02 - Stop sign,02 - Intersection related,07 - Dark,03 - P.D. only,03 - Rear end,Greenbelt
13413,DES PRAIRIES AVE btwn PRESTWICK DR & CLOVERHEATH CRES,383599.1578,5036528.667,-75.49233354,45.46424063,2015-12-19,8:34,02 - Rain,02 - Wet,10 - No control,04 - At/near private drive,01 - Daylight,03 - P.D. only,06 - SMV unattended vehicle,Queenswood Heights
13414,METCALFE ST @ SOMERSET ST,368010.7043,5031104.573,-75.69234953,45.41702117,2015-12-23,12:05,01 - Clear,01 - Dry,01 - Traffic signal,03 - At intersection,01 - Daylight,03 - P.D. only,05 - Turning movement,Centretown
13415,PRINCE OF WALES DR @ MERIVALE RD,367449.7113,5017616.461,-75.70122608,45.2957085,2015-12-14,19:00,02 - Rain,02 - Wet,01 - Traffic signal,02 - Intersection related,07 - Dark,03 - P.D. only,03 - Rear end,Greenbelt
13416,PRINCE OF WALES DR @ WEST HUNT CLUB RD,367460.1543,5021890.781,-75.70055234,45.33416726,2015-12-15,9:11,01 - Clear,02 - Wet,01 - Traffic signal,02 - Intersection related,01 - Daylight,03 - P.D. only,03 - Rear end,Industrial Park
13417,KING EDWARD AVE @ LAURIER AVE,368741.1512,5032034.583,-75.68289677,45.4253227,2015-12-10,15:24,01 - Clear,01 - Dry,01 - Traffic signal,02 - Intersection related,01 - Daylight,03 - P.D. only,03 - Rear end,Sandy Hill
13418,BASELINE RD/HWY 416 RICHMOND IC75R53 @ RICHMON,358635.885,5021821.466,-75.81313525,45.33427607,2015-12-12,13:42,01 - Clear,01 - Dry,01 - Traffic signal,02 - Intersection related,01 - Daylight,03 - P.D. only,04 - Sideswipe,Greenbelt
13419,CYRVILLE RD @ OGILVIE RD,372452.2751,5032004.848,-75.63548173,45.42470608,2015-12-19,8:51,01 - Clear,06 - Ice,01 - Traffic signal,03 - At intersection,01 - Daylight,03 - P.D. only,02 - Angle,Cummings
13420,DALMENY RD btwn STAGECOACH RD & 4TH LINE RD,378692.1748,4999737.173,-75.56055707,45.1337442,2015-12-19,9:17,01 - Clear,01 - Dry,10 - No control,01 - Non intersection,01 - Daylight,03 - P.D. only,07 - SMV other,Kars - Osgoode
13421,INNES RD @ SOUTHPARK DR,377840.4614,5032754.562,-75.56652457,45.43090966,2015-11-23,18:54,01 - Clear,01 - Dry,01 - Traffic signal,03 - At intersection,07 - Dark,03 - P.D. only,05 - Turning movement,Blackburn Hamlet
13422,ST. LAURENT BLVD @ COVENTRY RD/OGILVIE RD,372305.7195,5031951.214,-75.63736168,45.42423766,2015-07-09,12:51,01 - Clear,01 - Dry,01 - Traffic signal,02 - Intersection related,01 - Daylight,03 - P.D. only,03 - Rear end,Overbrook
13423,MACKENZIE KING BR/WALLER ST @ NICHOLAS ST/WALL,368371.77,5031993.559,-75.68762191,45.42498725,2015-08-14,8:29,01 - Clear,01 - Dry,01 - Traffic signal,03 - At intersection,01 - Daylight,03 - P.D. only,02 - Angle,Sandy Hill
13424,CARLING AVE WB btwn CHAMPAGNE AVE S & PRESTON ST,366637.6322,5028818.285,-75.71017848,45.39657247,2015-08-17,15:00,01 - Clear,01 - Dry,10 - No control,01 - Non intersection,01 - Daylight,03 - P.D. only,04 - Sideswipe,Centretown West
13425,BANK ST btwn WILTON CRES & ECHO DR,368635.7544,5028822.156,-75.68465951,45.39642799,2015-08-24,16:46,01 - Clear,01 - Dry,10 - No control,01 - Non intersection,01 - Daylight,03 - P.D. only,03 - Rear end,Th
13426,ELGIN ST @ SLATER ST,367890.3473,5031646.845,-75.69381775,45.42191122,2015-08-25,10:44,01 - Clear,01 - Dry,01 - Traffic signal,02 - Intersection related,01 - Daylight,03 - P.D. only,03 - Rear end,Downtown