Record,Location,X,Y,lon,lat,Date,Time,Environment,Road_Surface,Traffic_Control,Collision_Location,Light,Collision_Classification,Impact_type,Neighborhood
13427,GREENBANK RD btwn WEST HUNT CLUB RD & FALLOWFIELD RD,361593.5242,5020228.966,-75.77558586,45.31971363,2015-10-13,10:45,01 - Clear,02 - Wet,10 - No control,01 - Non intersection,01 - Daylight,03 - P.D. only,07 - SMV other,Greenbelt
13428,BRITTANY DR @ MONTREAL RD,371913.8822,5033994.088,-75.64208983,45.44265619,2015-10-28,22:18,02 - Rain,02 - Wet,01 - Traffic signal,03 - At intersection,07 - Dark,03 - P.D. only,05 - Turning movement,Cummings
13429,BANK ST @ CECIL AVE,369945.4331,5026987.744,-75.66817558,45.37980194,2015-10-29,12:57,01 - Clear,01 - Dry,02 - Stop sign,03 - At intersection,01 - Daylight,03 - P.D. only,02 - Angle,Alta Vista
13430,LEMIEUX ST @ ST. LAURENT BLVD,372391.7247,5031742.564,-75.63629139,45.42235202,2015-12-19,17:17,01 - Clear,01 - Dry,01 - Traffic signal,03 - At intersection,07 - Dark,03 - P.D. only,05 - Turning movement,Overbrook
13431,ROGER STEVENS DR btwn MONTAGUE BOUNDARY RD & MCKENNA RD,352515.415,4987766.631,-75.89447566,45.02827881,2015-12-19,17:38,03 - Snow,03 - Loose snow,10 - No control,01 - Non intersection,07 - Dark,03 - P.D. only,07 - SMV other,Munster Hamlet - Richmond
13432,GLADSTONE AVE btwn CAMBRIDGE ST N & BRONSON AVE,367101.9328,5030061.347,-75.70409174,45.40771604,2015-12-15,14:12,01 - Clear,02 - Wet,10 - No control,04 - At/near private drive,01 - Daylight,03 - P.D. only,02 - Angle,Centretown West
13433,REGIONAL ROAD 174 EB btwn HWY417 IC113 RAMP65 & OR174 BLAIR IC112 RAMP51,374706.0759,5032751.261,-75.60657826,45.43120029,2015-12-17,7:06,02 - Rain,02 - Wet,10 - No control,01 - Non intersection,03 - Dawn,03 - P.D. only,07 - SMV other,Pineview
13434,BANK ST @ HERON RD,369996.442,5026851.542,-75.66754231,45.3785717,2015-09-18,13:00,01 - Clear,01 - Dry,01 - Traffic signal,02 - Intersection related,01 - Daylight,03 - P.D. only,03 - Rear end,Alta Vista
13435,HUNTER'S RUN DR @ JEANNE D'ARC BLVD,380567.7472,5036174.572,-75.53114745,45.46139014,2015-12-24,10:02,01 - Clear,02 - Wet,01 - Traffic signal,02 - Intersection related,01 - Daylight,03 - P.D. only,03 - Rear end,Chapel Hill
13436,HUNT CLUB RD btwn LORRY GREENBERG DR & PIKE ST,372908.9406,5024860.573,-75.63063292,45.36038067,2015-12-24,11:22,01 - Clear,01 - Dry,10 - No control,01 - Non intersection,01 - Daylight,03 - P.D. only,04 - Sideswipe,Greenboro East
13437,PRINCE OF WALES DR @ STRANDHERD DR,367174.5678,5014824.191,-75.70508475,45.27060838,2015-12-15,9:18,06 - Strong wind,02 - Wet,01 - Traffic signal,02 - Intersection related,01 - Daylight,03 - P.D. only,02 - Angle,Greenbelt
13438,BANTING CRES N @ PENFIELD DR N,352485.2478,5021067.163,-75.89167605,45.32793365,2015-12-15,9:45,01 - Clear,01 - Dry,02 - Stop sign,03 - At intersection,01 - Daylight,03 - P.D. only,02 - Angle,Beaverbrook
13439,BYRON AVE btwn HARMER AVE N & HOLLAND AVE,364968.4909,5028936.173,-75.73148127,45.39777863,2015-12-14,8:19,02 - Rain,02 - Wet,10 - No control,04 - At/near private drive,01 - Daylight,03 - P.D. only,02 - Angle,Island Park
13440,RIVERSIDE DR @ HERON RD,368120.3829,5026647.221,-75.69152045,45.37690534,2015-12-14,17:35,01 - Clear,01 - Dry,01 - Traffic signal,02 - Intersection related,07 - Dark,03 - P.D. only,03 - Rear end,Riverside Park
13441,METCALFE ST @ LAURIER AVE,367792.7094,5031453.02,-75.69509005,45.42017604,2015-12-15,12:30,01 - Clear,01 - Dry,01 - Traffic signal,02 - Intersection related,01 - Daylight,03 - P.D. only,03 - Rear end,Downtown
13442,ALTA VISTA DR @ SMYTH RD,370432.7946,5029081.598,-75.66167478,45.39859621,2015-10-01,15:50,01 - Clear,01 - Dry,01 - Traffic signal,02 - Intersection related,01 - Daylight,03 - P.D. only,03 - Rear end,Alta Vista
13443,SMYTH RD btwn MAIN ST & RAMP,369846.3638,5029138.191,-75.66915698,45.39916015,2015-11-27,16:32,02 - Rain,02 - Wet,10 - No control,07 - Overpass or bridge,05 - Dusk,03 - P.D. only,03 - Rear end,Alta Vista
13444,WELLINGTON ST btwn BANK ST & O'CONNOR ST,367329.6051,5031672.467,-75.70097908,45.4221921,2015-08-01,17:49,01 - Clear,01 - Dry,10 - No control,01 - Non intersection,01 - Daylight,03 - P.D. only,04 - Sideswipe,Downtown
13445,GREGG ST @ CLEMENTINE BLVD,369548.5105,5026594.631,-75.67329479,45.37630163,2015-08-04,21:57,01 - Clear,01 - Dry,02 - Stop sign,02 - Intersection related,07 - Dark,03 - P.D. only,03 - Rear end,Alta Vista
13446,LEITRIM RD btwn FENTON RD & BANK ST,373998.5135,5020758.182,-75.61730067,45.32336224,2015-10-16,6:43,01 - Clear,02 - Wet,10 - No control,01 - Non intersection,03 - Dawn,03 - P.D. only,03 - Rear end,Greenbelt
13447,CAMERON ST @ REGIONAL RD 174,389860.7736,5042618.645,-75.41122007,45.51829671,2015-10-26,6:38,01 - Clear,01 - Dry,01 - Traffic signal,02 - Intersection related,03 - Dawn,03 - P.D. only,03 - Rear end,Cumberland - Estates
13448,RIVERSIDE DR @ HERON RD,368121.8256,5026646.861,-75.69150208,45.37690197,2015-08-25,16:24,01 - Clear,01 - Dry,01 - Traffic signal,02 - Intersection related,01 - Daylight,03 - P.D. only,03 - Rear end,Riverside Park
13449,QUEEN MARY ST btwn VANIER PKWY & VERA ST,370426.9953,5031963.909,-75.6613651,45.42453067,2015-08-25,15:15,01 - Clear,01 - Dry,10 - No control,01 - Non intersection,01 - Daylight,03 - P.D. only,06 - SMV unattended vehicle,Overbrook
13450,KIRKWOOD AVE btwn COLDREY AVE & LAPERRIERE AVE,364478.2337,5027051.869,-75.73797052,45.38086597,2015-08-25,0:00,01 - Clear,01 - Dry,10 - No control,01 - Non intersection,00 - Unknown,03 - P.D. only,06 - SMV unattended vehicle,Carlington
13451,HUNT CLUB RD btwn LINDBERGH PRIV & NORTH BOWESVILLE RD,368372.9893,5022140.784,-75.68887501,45.33633463,2015-10-17,22:58,01 - Clear,01 - Dry,10 - No control,01 - Non intersection,07 - Dark,03 - P.D. only,07 - SMV other,Hunt Club - Ottawa Airport
13452,ROBERTSON RD btwn HAZELDEAN RD & HAANEL DR,353729.1204,5018455.811,-75.87606674,45.30435059,2015-10-19,10:45,01 - Clear,01 - Dry,10 - No control,01 - Non intersection,01 - Daylight,03 - P.D. only,04 - Sideswipe,Greenbelt
13453,PARKDALE AVE @ HWY 417 PARKDAL IC122R15/HWY 41,365336.178,5028846.335,-75.72679633,45.39693859,2015-10-28,18:40,02 - Rain,02 - Wet,01 - Traffic signal,03 - At intersection,07 - Dark,03 - P.D. only,02 - Angle,Civic Hospital - Experimental Farm - Central Park
13454,COBOURG ST @ ST. PATRICK ST,368801.967,5033234.493,-75.68196373,45.43611348,2015-10-29,12:15,01 - Clear,01 - Dry,01 - Traffic signal,02 - Intersection related,01 - Daylight,03 - P.D. only,03 - Rear end,Lower Town
13455,CARLING AVE @ PINECREST  RD/GREENVIEW AVE,360006.6757,5024633.25,-75.79533349,45.35946998,2015-12-19,18:30,01 - Clear,01 - Dry,01 - Traffic signal,03 - At intersection,07 - Dark,03 - P.D. only,02 - Angle,Whitehaven - Queensway Terrace North
13456,CONROY RD @ HUNT CLUB RD,373765.9061,5025403.801,-75.61961978,45.36518464,2015-12-19,19:15,01 - Clear,02 - Wet,01 - Traffic signal,03 - At intersection,07 - Dark,03 - P.D. only,05 - Turning movement,Greenboro East
13457,BANK ST @ CATHERINE ST,368040.4274,5030266.85,-75.69207728,45.40948092,2015-12-18,1:00,01 - Clear,01 - Dry,01 - Traffic signal,03 - At intersection,07 - Dark,03 - P.D. only,02 - Angle,Centretown
13458,HERON RD @ ALTA VISTA DR,370493.4444,5026902.537,-75.66119025,45.37898411,2015-09-30,16:30,01 - Clear,01 - Dry,01 - Traffic signal,02 - Intersection related,01 - Daylight,03 - P.D. only,03 - Rear end,Alta Vista
13459,CARLING AVE @ HOLLAND AVE,365417.4207,5028038.547,-75.72585799,45.38966326,2015-11-30,9:45,01 - Clear,01 - Dry,01 - Traffic signal,03 - At intersection,01 - Daylight,03 - P.D. only,05 - Turning movement,Civic Hospital - Experimental Farm - Central Park
13460,LAJOIE ST @ MONTREAL RD,370533.2706,5033326.587,-75.65982527,45.43678149,2015-12-24,14:22,02 - Rain,02 - Wet,01 - Traffic signal,02 - Intersection related,01 - Daylight,03 - P.D. only,03 - Rear end,Vanier South
13461,INNES RD btwn 260 E OF BELCOURT BLVD/WALMART SC & JEANNE D'ARC BLVD/ME,382380.0627,5035421.123,-75.50809545,45.45441235,2015-05-06,8:31,01 - Clear,01 - Dry,10 - No control,01 - Non intersection,01 - Daylight,03 - P.D. only,04 - Sideswipe,Orleans Village - Chateauneuf
13462,WOODROFFE AVE btwn CARLING AVE & FOX CRES,361775.6258,5025708.907,-75.77263211,45.36900714,2015-06-30,12:05,01 - Clear,01 - Dry,10 - No control,04 - At/near private drive,01 - Daylight,03 - P.D. only,03 - Rear end,Carlingwood West - Glabar Park - McKellar Heights
13463,RIVERSIDE DR btwn HOG'S BACK RD & RIDGEWOOD AVE,368216.0865,5025927.937,-75.69039098,45.37042475,2015-12-15,8:16,02 - Rain,02 - Wet,10 - No control,01 - Non intersection,01 - Daylight,03 - P.D. only,03 - Rear end,Riverside Park
13464,BRONSON AVE @ SUNNYSIDE AVE/UNIVERSITY RD - CA,367922.7101,5028092.269,-75.69385932,45.38992532,2015-12-15,13:25,01 - Clear,01 - Dry,01 - Traffic signal,02 - Intersection related,01 - Daylight,03 - P.D. only,03 - Rear end,Carleto
13465,ARMSTRONG ST @ HOLLAND AVE,364861.9783,5029305.837,-75.73279659,45.40111393,2015-10-01,16:33,01 - Clear,01 - Dry,02 - Stop sign,03 - At intersection,01 - Daylight,03 - P.D. only,02 - Angle,Island Park
13466,MEADOWLANDS DR @ MERIVALE RD,364857.9779,5023724.788,-75.73352643,45.35089698,2015-11-30,17:39,01 - Clear,01 - Dry,01 - Traffic signal,03 - At intersection,07 - Dark,03 - P.D. only,05 - Turning movement,Cityview - Skyline - Fisher Heights
13467,HAWTHORNE RD/RUSSELL RD @ WALKLEY RD,374674.7439,5028499.181,-75.60758143,45.39294542,2015-07-21,10:29,02 - Rain,02 - Wet,01 - Traffic signal,02 - Intersection related,01 - Daylight,03 - P.D. only,03 - Rear end,Sheffield Glen
13468,HWY 417 ST.LAURE IC115R51 @ ST. LAURENT BLVD,372529.7755,5031410.965,-75.63457312,45.4193551,2015-07-31,15:33,01 - Clear,01 - Dry,01 - Traffic signal,02 - Intersection related,01 - Daylight,03 - P.D. only,03 - Rear end,Industrial Park
13469,KENT ST btwn LAURIER AVE W & GLOUCESTER ST,367322.4648,5031156.3,-75.70113582,45.41754843,2015-08-05,15:00,01 - Clear,01 - Dry,10 - No control,01 - Non intersection,01 - Daylight,03 - P.D. only,06 - SMV unattended vehicle,Downtown
13470,COVENTRY RD @ VANIER PKWY,370676.3849,5031611.343,-75.65822569,45.42133498,2015-08-14,12:00,01 - Clear,01 - Dry,01 - Traffic signal,03 - At intersection,01 - Daylight,03 - P.D. only,04 - Sideswipe,Overbrook
13471,REGIONAL ROAD 174 EB btwn OR174 IC109 RAMP55 & TRANSIT,376532.217,5035117.719,-75.58289765,45.45230728,2015-10-26,15:53,01 - Clear,01 - Dry,10 - No control,01 - Non intersection,01 - Daylight,03 - P.D. only,07 - SMV other,Greenbelt
13472,BANK ST btwn HERON RD & ANOKA ST,370000.0443,5026838.93,-75.66749798,45.37845788,2015-10-26,14:30,01 - Clear,01 - Dry,10 - No control,04 - At/near private drive,01 - Daylight,03 - P.D. only,04 - Sideswipe,Alta Vista
13473,ALBERT ST @ LYON ST,367061.9795,5031218.503,-75.70445592,45.41813134,2015-08-26,11:24,01 - Clear,01 - Dry,01 - Traffic signal,02 - Intersection related,01 - Daylight,03 - P.D. only,05 - Turning movement,Downtown
13474,MERIVALE RD @ CAPILANO DR/WITHROW AVE,364643.1497,5024226.688,-75.73620712,45.35543137,2015-09-01,20:21,01 - Clear,01 - Dry,01 - Traffic signal,03 - At intersection,07 - Dark,03 - P.D. only,05 - Turning movement,Cityview - Skyline - Fisher Heights
13475,BASELINE RD @ GREENBANK RD,360598.405,5022584.14,-75.78801236,45.3409853,2015-10-19,15:57,02 - Rain,02 - Wet,01 - Traffic signal,02 - Intersection related,01 - Daylight,03 - P.D. only,04 - Sideswipe,Qualicum - Redwood Park
13476,MERIVALE RD/LOTTA AVE @ CLYDE AVE,364521.6983,5024506.445,-75.7377233,45.35795894,2015-10-19,17:07,02 - Rain,02 - Wet,01 - Traffic signal,02 - Intersection related,01 - Daylight,03 - P.D. only,03 - Rear end,Cityview - Skyline - Fisher Heights
13477,ALBERT ST @ PRESTON ST,366161.4177,5030464.211,-75.71605555,45.41142399,2015-10-29,16:25,01 - Clear,01 - Dry,01 - Traffic signal,03 - At intersection,01 - Daylight,03 - P.D. only,05 - Turning movement,Centretown West
13478,KEYWORTH AVE @ SUNNYMEDE AVE,363865.4074,5029334.202,-75.7455218,45.40145394,2015-10-29,19:31,01 - Clear,01 - Dry,02 - Stop sign,03 - At intersection,07 - Dark,03 - P.D. only,02 - Angle,Champlain Park
13479,LAURIER AVE @ NICHOLAS ST,368374.359,5031798.992,-75.68761394,45.42323637,2015-12-02,20:47,01 - Clear,01 - Dry,01 - Traffic signal,03 - At intersection,07 - Dark,03 - P.D. only,07 - SMV other,Sandy Hill
13480,SOMERSET ST    W btwn CAMBRIDGE ST N & BRONSON AVE,366959.0318,5030470.074,-75.70586558,45.41140635,2015-12-20,19:07,01 - Clear,01 - Dry,10 - No control,01 - Non intersection,07 - Dark,03 - P.D. only,07 - SMV other,Centretown West
13481,REGIONAL ROAD 174 btwn QUIGLEY HILL RD & CAMERON ST,389791.4595,5042604.568,-75.41210957,45.51817852,2015-12-19,22:40,03 - Snow,02 - Wet,10 - No control,01 - Non intersection,07 - Dark,03 - P.D. only,04 - Sideswipe,Cumberland - Estates
13482,KIRKWOOD AVE N @ CARLING AVE,364274.9702,5027494.256,-75.74051246,45.38486378,2015-12-17,17:30,01 - Clear,01 - Dry,01 - Traffic signal,02 - Intersection related,07 - Dark,03 - P.D. only,04 - Sideswipe,Westboro
13483,DWYER HILL RD btwn BLEEKS RD & COPELAND RD,347476.8013,4999806.634,-75.95738966,45.1369442,2015-12-19,14:00,05 - Drifting Snow,06 - Ice,10 - No control,01 - Non intersection,01 - Daylight,03 - P.D. only,07 - SMV other,Munster Hamlet - Richmond
13484,LEITRIM RD @ LIMEBANK RD S,369354.843,5017879.224,-75.67690423,45.29790035,2015-12-09,15:56,01 - Clear,01 - Dry,01 - Traffic signal,02 - Intersection related,01 - Daylight,03 - P.D. only,03 - Rear end,Gloucester
13485,BANKFIELD RD @ MANOTICK MAIN ST/RIDEAU VALLEY ,368432.4205,5010156.678,-75.68965344,45.22849774,2015-02-24,17:40,01 - Clear,01 - Dry,01 - Traffic signal,02 - Intersection related,07 - Dark,03 - P.D. only,03 - Rear end,Manotick
13486,BLAIR RD @ REGIONAL RD 174 N/OR174 IC112 RAMP61,374634.5885,5032990.682,-75.60745783,45.43336161,2015-03-03,7:20,01 - Clear,01 - Dry,01 - Traffic signal,02 - Intersection related,01 - Daylight,03 - P.D. only,03 - Rear end,Industrial Park
13487,BARRAN ST @ FALLOWFIELD RD,362292.6808,5016245.16,-75.76713069,45.28381039,2015-12-09,16:59,01 - Clear,01 - Dry,02 - Stop sign,03 - At intersection,05 - Dusk,03 - P.D. only,02 - Angle,Barrhaven West - Old Barrhaven
13488,MEADOWLANDS DR/TALLWOOD DR @ WOODROFFE AVE,363057.4116,5022730.494,-75.7566208,45.34210229,2015-12-10,13:51,01 - Clear,01 - Dry,01 - Traffic signal,02 - Intersection related,01 - Daylight,03 - P.D. only,03 - Rear end,Crestview - Meadowlands
13489,BANK ST @ HERON RD,369994.998,5026851.542,-75.66756075,45.37857183,2015-07-20,12:06,01 - Clear,01 - Dry,01 - Traffic signal,02 - Intersection related,01 - Daylight,03 - P.D. only,03 - Rear end,Alta Vista
13490,ELGIN ST btwn LISGAR ST & COOPER ST,368112.001,5031285.215,-75.69103217,45.41863737,2015-07-27,12:19,01 - Clear,01 - Dry,10 - No control,01 - Non intersection,01 - Daylight,03 - P.D. only,04 - Sideswipe,Centretown
13491,BANK ST @ RIVERSIDE DR N,369225.7159,5027984.268,-75.67723443,45.38883491,2015-12-15,14:07,02 - Rain,02 - Wet,01 - Traffic signal,02 - Intersection related,01 - Daylight,03 - P.D. only,03 - Rear end,Alta Vista
13492,RIVER RD btwn RYEBURN DR & LEITRIM RD,368024.7574,5017076.375,-75.69396391,45.29079737,2015-12-15,12:30,01 - Clear,01 - Dry,10 - No control,01 - Non intersection,01 - Daylight,03 - P.D. only,03 - Rear end,Gloucester
13493,ANDERSON RD btwn RIDGE RD & RUSSELL RD,379065.8585,5028419.002,-75.55151904,45.39177211,2015-12-05,17:00,01 - Clear,01 - Dry,10 - No control,01 - Non intersection,07 - Dark,03 - P.D. only,07 - SMV other,Greenbelt
13494,CONROY RD @ HUNT CLUB RD,373764.462,5025405.245,-75.61963801,45.36519777,2015-12-09,17:00,01 - Clear,01 - Dry,01 - Traffic signal,02 - Intersection related,07 - Dark,03 - P.D. only,02 - Angle,Greenboro East
13495,BANK ST @ FOURTH AVE,368366.9956,5029474.764,-75.68800777,45.4023244,2015-07-31,20:18,01 - Clear,01 - Dry,02 - Stop sign,03 - At intersection,01 - Daylight,03 - P.D. only,02 - Angle,The Glebe
13496,KENT ST @ NEPEAN ST,367398.7037,5031028.495,-75.70017803,45.41639166,2015-07-31,21:50,01 - Clear,01 - Dry,01 - Traffic signal,02 - Intersection related,07 - Dark,03 - P.D. only,04 - Sideswipe,Centretown
13497,HUNT CLUB RD @ RIVERSIDE DR,368037.4237,5021946.129,-75.69318092,45.33461349,2015-08-16,2:01,01 - Clear,01 - Dry,01 - Traffic signal,02 - Intersection related,07 - Dark,03 - P.D. only,04 - Sideswipe,Hunt Club Woods - Quintarra - Revelstoke - Riverside South P
13498,AIRPORT PKWY @ HUNT CLUB RD,371019.2487,5023701.917,-75.65490615,45.35013649,2015-08-23,20:00,01 - Clear,01 - Dry,01 - Traffic signal,03 - At intersection,05 - Dusk,03 - P.D. only,02 - Angle,Hunt Club East - Western Community
13499,HAWTHORNE RD btwn AGES DR & STEVENAGE DR,375097.8216,5027410.474,-75.60233375,45.38310743,2015-10-27,9:29,01 - Clear,01 - Dry,10 - No control,04 - At/near private drive,01 - Daylight,03 - P.D. only,05 - Turning movement,Industrial Park
13500,HUNT CLUB RD @ RIVERSIDE DR,368036.703,5021945.138,-75.69319025,45.33460464,2015-10-27,15:40,01 - Clear,01 - Dry,01 - Traffic signal,02 - Intersection related,01 - Daylight,03 - P.D. only,03 - Rear end,Hunt Club Woods - Quintarra - Revelstoke - Riverside South P
13501,LYON ST @ MACLAREN ST,367409.707,5030646.208,-75.70008602,45.41295098,2015-09-03,7:09,01 - Clear,01 - Dry,02 - Stop sign,02 - Intersection related,01 - Daylight,03 - P.D. only,03 - Rear end,Centretown
13502,BOOTH ST @ OTTAWA RIVER PKWY/WELLINGTON ST,366264.257,5031006.328,-75.7146742,45.41629278,2015-09-03,9:48,01 - Clear,01 - Dry,01 - Traffic signal,03 - At intersection,01 - Daylight,03 - P.D. only,04 - Sideswipe,LeBreton Flats
13503,REGIONAL ROAD 174 btwn OR174 IC112 RAMP26 & OR174 IC112 RAMP61,375156.5235,5033112.265,-75.60077053,45.43440323,2015-10-20,0:05,01 - Clear,01 - Dry,10 - No control,01 - Non intersection,07 - Dark,03 - P.D. only,06 - SMV unattended vehicle,Greenbelt
13504,ANTHONY AVE @ WOODROFFE AVE,361670.406,5026448.163,-75.77389015,45.37566744,2015-10-21,18:41,01 - Clear,02 - Wet,01 - Traffic signal,02 - Intersection related,07 - Dark,03 - P.D. only,03 - Rear end,Carlingwood - McKellar Park - Laurentien View
13505,ST. JOSEPH BLVD @ TENTH LINE RD,382890.8038,5038666.092,-75.5010507,45.48355082,2015-10-30,6:37,01 - Clear,02 - Wet,01 - Traffic signal,02 - Intersection related,03 - Dawn,03 - P.D. only,03 - Rear end,Industrial Park
13506,HWY 417 ST.LAURE IC115R51 @ ST. LAURENT BLVD,372530.7728,5031410.75,-75.63456041,45.41935307,2015-10-30,23:58,01 - Clear,01 - Dry,01 - Traffic signal,03 - At intersection,07 - Dark,03 - P.D. only,04 - Sideswipe,Industrial Park
13507,PRINCE OF WALES DR @ WEST HUNT CLUB RD,367459.4323,5021891.503,-75.70056146,45.33417382,2015-12-08,14:05,01 - Clear,01 - Dry,01 - Traffic signal,02 - Intersection related,01 - Daylight,03 - P.D. only,03 - Rear end,Industrial Park
13508,GREENBANK RD @ HWY 417 IC129 RAMP57/IRIS ST,360532.031,5023312.494,-75.78877717,45.34754429,2015-12-08,17:43,01 - Clear,01 - Dry,01 - Traffic signal,02 - Intersection related,07 - Dark,03 - P.D. only,04 - Sideswipe,Iris
13509,KIRKWOOD AVE N @ CARLING AVE,364276.4142,5027492.09,-75.74049428,45.38484417,2015-11-24,10:20,01 - Clear,01 - Dry,01 - Traffic signal,03 - At intersection,01 - Daylight,03 - P.D. only,05 - Turning movement,Westboro
13510,MCEWEN AVE btwn AMBLESIDE DR & END,360959.3429,5026054.094,-75.78301295,45.37217899,2015-12-01,9:45,01 - Clear,01 - Dry,10 - No control,01 - Non intersection,01 - Daylight,03 - P.D. only,01 - Approaching,Woodroffe - Lincoln Heights
13511,CARLING AVE/STATION RD @ MARCH RD,350907.8063,5022243.724,-75.91168888,45.33862601,2015-12-21,12:20,02 - Rain,02 - Wet,01 - Traffic signal,02 - Intersection related,01 - Daylight,03 - P.D. only,04 - Sideswipe,South March
13512,ELGIN ST @ LAURIER AVE,367949.4319,5031548.854,-75.69307539,45.4210242,2015-12-19,16:34,01 - Clear,01 - Dry,01 - Traffic signal,02 - Intersection related,05 - Dusk,03 - P.D. only,04 - Sideswipe,Downtown
13513,BANK ST btwn CAMERON AVE & CHESLEY ST,368990.5657,5028212.862,-75.68020743,45.39091332,2015-12-20,14:40,01 - Clear,01 - Dry,10 - No control,01 - Non intersection,01 - Daylight,03 - P.D. only,06 - SMV unattended vehicle,Old Ottawa South
13514,CLARENCE ST @ COBOURG ST,368948.9874,5033058.035,-75.68010779,45.4345123,2015-12-09,18:55,01 - Clear,01 - Dry,02 - Stop sign,03 - At intersection,07 - Dark,03 - P.D. only,02 - Angle,Lower Town
13515,KING EDWARD AVE NB btwn RAMP & CATHCART ST,368046.4565,5033216.642,-75.69162155,45.43602161,2015-09-12,15:30,02 - Rain,02 - Wet,10 - No control,01 - Non intersection,01 - Daylight,03 - P.D. only,03 - Rear end,Lower Town
13516,EARL GREY DR btwn ROLAND MICHENER DR & 175 S OF KANATA AVE/WALMART SC,350861.5196,5019035.102,-75.91257792,45.3097571,2015-12-10,15:21,01 - Clear,01 - Dry,10 - No control,04 - At/near private drive,01 - Daylight,03 - P.D. only,05 - Turning movement,Kanata
13517,MERIVALE RD btwn COLONNADE RD & WOODFIELD DR/ROYDON PL,365416.4026,5022413.81,-75.72656099,45.33905294,2015-12-10,17:23,01 - Clear,01 - Dry,10 - No control,01 - Non intersection,07 - Dark,03 - P.D. only,04 - Sideswipe,Tanglewood
13518,INDUSTRIAL AVE btwn SANDFORD FLEMING AVE & NEIGHBORHOOD WAY,371078.2813,5030526.113,-75.65323674,45.41153258,2015-10-01,18:00,01 - Clear,01 - Dry,10 - No control,01 - Non intersection,01 - Daylight,03 - P.D. only,04 - Sideswipe,Industrial Park
13519,FLOWER AVE @ WOODROFFE AVE,361812.4021,5026116.253,-75.77211564,45.37266941,2015-10-10,14:54,01 - Clear,01 - Dry,02 - Stop sign,02 - Intersection related,01 - Daylight,03 - P.D. only,03 - Rear end,Carlingwood - McKellar Park - Laurentien View
13520,TERRY FOX DR @ WESTPHALIAN AVE,353455.2261,5015759.789,-75.87982363,45.28011017,2015-12-12,18:29,01 - Clear,01 - Dry,01 - Traffic signal,02 - Intersection related,07 - Dark,03 - P.D. only,03 - Rear end,Glen Cairn - Kanata South Business Park
13521,BRONSON AVE btwn RENFREW AVE & POWELL AVE,367371.8899,5029513.984,-75.70071283,45.40276695,2015-12-15,18:15,01 - Clear,01 - Dry,10 - No control,04 - At/near private drive,07 - Dark,03 - P.D. only,03 - Rear end,Centretown West
13522,ELGIN ST @ SLATER ST,367889.9857,5031646.575,-75.69382241,45.42190882,2015-12-10,9:31,01 - Clear,02 - Wet,01 - Traffic signal,03 - At intersection,01 - Daylight,03 - P.D. only,02 - Angle,Downtown
13523,ST. LAURENT BLVD btwn SHORE ST & BELFAST RD,372857.836,5030587.948,-75.63049543,45.41191814,2015-12-10,15:52,01 - Clear,01 - Dry,10 - No control,01 - Non intersection,01 - Daylight,03 - P.D. only,03 - Rear end,Industrial Park
13524,LISGAR ST btwn O'CONNOR ST & METCALFE ST,367786.4941,5031172.191,-75.69520536,45.41764979,2015-08-13,13:15,01 - Clear,01 - Dry,10 - No control,01 - Non intersection,01 - Daylight,03 - P.D. only,06 - SMV unattended vehicle,Centretown
13525,LEES AVE btwn TRANSIT & CHAPEL CRES (1),369821.4308,5031206.569,-75.66920262,45.41777297,2015-10-21,14:02,01 - Clear,01 - Dry,10 - No control,04 - At/near private drive,01 - Daylight,03 - P.D. only,02 - Angle,Sandy Hill
13526,AIRPORT PKWY btwn RAMP & TO BE DETERMINED,370006.8072,5025623.058,-75.66757216,45.36751722,2015-10-27,17:12,01 - Clear,01 - Dry,10 - No control,01 - Non intersection,05 - Dusk,03 - P.D. only,03 - Rear end,Hunt Club Woods - Quintarra - Revelstoke - Riverside South P
13527,MONTREAL RD @ ST. LAURENT BLVD,371544.9822,5033816.514,-75.646829,45.44109378,2015-10-28,23:19,02 - Rain,02 - Wet,01 - Traffic signal,03 - At intersection,07 - Dark,03 - P.D. only,02 - Angle,Cummings
13528,COLONEL BY DR @ HOG'S BACK RD,367602.7094,5025873.177,-75.69822792,45.36998727,2015-09-03,11:45,01 - Clear,01 - Dry,01 - Traffic signal,02 - Intersection related,01 - Daylight,03 - P.D. only,03 - Rear end,Carleto
13529,ORANGEVILLE ST/HWY 417 ROCHEST IC121BR51 @ ROC,366777.7043,5029520.479,-75.70830135,45.40287824,2015-09-10,15:37,01 - Clear,01 - Dry,01 - Traffic signal,03 - At intersection,01 - Daylight,03 - P.D. only,05 - Turning movement,Little Italy
13530,CATHERINE ST/HWY 417 O'CONN IC119BR76 @ O'CONN,368243.8676,5030393.573,-75.6894622,45.41060272,2015-10-22,10:38,01 - Clear,01 - Dry,01 - Traffic signal,02 - Intersection related,01 - Daylight,03 - P.D. only,04 - Sideswipe,Centretown
13531,RIVER RD @ 175 N OF EARL ARMSTRONG/LOBLAWS SC,367639.9317,5014848.491,-75.69915155,45.2707856,2015-11-30,11:30,01 - Clear,01 - Dry,01 - Traffic signal,02 - Intersection related,01 - Daylight,03 - P.D. only,03 - Rear end,Gloucester
13532,FALLOWFIELD RD @ MERIVALE RD,366891.7126,5018844.469,-75.708186,45.30680751,2015-12-09,15:37,01 - Clear,01 - Dry,01 - Traffic signal,02 - Intersection related,01 - Daylight,03 - P.D. only,04 - Sideswipe,Greenbelt