Record,Location,X,Y,lon,lat,Date,Time,Environment,Road_Surface,Traffic_Control,Collision_Location,Light,Collision_Classification,Impact_type,Neighborhood
13740,LEMIEUX ST @ ST. LAURENT BLVD,372391.7247,5031743.286,-75.63629129,45.42235852,2015-09-30,20:15,01 - Clear,01 - Dry,01 - Traffic signal,02 - Intersection related,07 - Dark,03 - P.D. only,04 - Sideswipe,Overbrook
13741,AIRPORT PKWY @ HUNT CLUB RD,371018.528,5023703.72,-75.6549151,45.35015278,2015-12-23,15:23,01 - Clear,01 - Dry,01 - Traffic signal,03 - At intersection,01 - Daylight,03 - P.D. only,03 - Rear end,Hunt Club East - Western Community
13742,FRIEL ST @ LAURIER AVE,368998.4284,5032192.3,-75.67958881,45.42671821,2015-12-11,10:24,01 - Clear,01 - Dry,02 - Stop sign,03 - At intersection,01 - Daylight,03 - P.D. only,05 - Turning movement,Sandy Hill
13743,ST. JEAN ST @ ST. JOSEPH BLVD,380968.2933,5037202.313,-75.52586709,45.47059336,2015-12-11,11:22,01 - Clear,01 - Dry,01 - Traffic signal,03 - At intersection,01 - Daylight,03 - P.D. only,02 - Angle,Orleans Village - Chateauneuf
13744,RIVER RD btwn ROGER STEVENS DR & DOYLE RD,373234.7175,5002871.674,-75.62950398,45.16249792,2015-12-14,12:26,01 - Clear,01 - Dry,10 - No control,01 - Non intersection,01 - Daylight,03 - P.D. only,07 - SMV other,Kars - Osgoode
13745,BASELINE RD/HWY 416 RICHMOND IC75R53 @ RICHMON,358635.219,5021821.216,-75.81314378,45.33427387,2015-12-14,14:52,01 - Clear,02 - Wet,01 - Traffic signal,03 - At intersection,01 - Daylight,03 - P.D. only,04 - Sideswipe,Greenbelt
13746,BASELINE RD @ CLYDE AVE,364358.7033,5024890.513,-75.73975727,45.3614286,2015-12-05,23:12,01 - Clear,01 - Dry,01 - Traffic signal,02 - Intersection related,07 - Dark,03 - P.D. only,03 - Rear end,Civic Hospital - Experimental Farm - Central Park
13747,COLONEL BY DR/SUSSEX DR @ RIDEAU ST,367922.6413,5032044.4,-75.69335419,45.42548537,2015-12-06,12:31,01 - Clear,01 - Dry,01 - Traffic signal,02 - Intersection related,01 - Daylight,03 - P.D. only,05 - Turning movement,Byward Market - Parliament Hill
13748,CONROY RD btwn LYNCH ST & BRADDISH ST,374965.2453,5022580.451,-75.6047122,45.33966233,2015-12-18,18:04,01 - Clear,01 - Dry,10 - No control,01 - Non intersection,07 - Dark,03 - P.D. only,07 - SMV other,Greenbelt
13749,LEES AVE btwn MANN AVE & TURN LANE,369210.5672,5031328.247,-75.67699108,45.41892428,2015-12-18,18:58,01 - Clear,01 - Dry,10 - No control,01 - Non intersection,07 - Dark,03 - P.D. only,03 - Rear end,Sandy Hill
13750,ROSS AVE @ SCOTT ST,364357.4127,5029361.843,-75.73923434,45.40166097,2015-05-15,13:15,01 - Clear,01 - Dry,02 - Stop sign,02 - Intersection related,01 - Daylight,03 - P.D. only,04 - Sideswipe,Island Park
13751,HERZBERG RD btwn TURTLE POINT PRIV & LEGGET DR,351860.2378,5022734.397,-75.89949035,45.34297794,2015-10-19,7:04,01 - Clear,01 - Dry,10 - No control,01 - Non intersection,01 - Daylight,03 - P.D. only,07 - SMV other,Kanata Lakes - Marchwood Lakeside - Morgan's Grant - Kanata
13752,ELGIN ST NB @ WELLINGTON ST/RIDEAU ST,367802.3615,5031964.424,-75.69490133,45.42477662,2015-10-24,2:12,01 - Clear,01 - Dry,01 - Traffic signal,03 - At intersection,07 - Dark,03 - P.D. only,03 - Rear end,Byward Market - Parliament Hill
13753,DONALD ST @ ST. LAURENT BLVD,372092.9922,5032473.216,-75.64000844,45.42895489,2015-10-24,6:44,01 - Clear,01 - Dry,01 - Traffic signal,03 - At intersection,03 - Dawn,03 - P.D. only,05 - Turning movement,Overbrook
13754,ALTA VISTA DR @ RANDALL AVE,370408.0009,5027366.182,-75.66221951,45.38316383,2015-08-10,17:45,01 - Clear,01 - Dry,01 - Traffic signal,02 - Intersection related,01 - Daylight,03 - P.D. only,03 - Rear end,Alta Vista
13755,KING EDWARD AVE @ SOMERSET ST/MARIE CURIE PRIV,368956.9896,5031673.217,-75.68018592,45.4220515,2015-08-11,8:00,02 - Rain,02 - Wet,01 - Traffic signal,03 - At intersection,01 - Daylight,03 - P.D. only,03 - Rear end,Sandy Hill
13756,BASELINE RD/HERON RD @ PRINCE OF WALES DR,366873.7065,5026437.451,-75.70746293,45.37512943,2015-08-21,7:26,01 - Clear,01 - Dry,01 - Traffic signal,02 - Intersection related,01 - Daylight,03 - P.D. only,03 - Rear end,Civic Hospital - Experimental Farm - Central Park
13757,PARKDALE AVE/SPENCER ST @ OXFORD ST,365060.1669,5029476.096,-75.73024445,45.40262885,2015-10-08,10:38,01 - Clear,01 - Dry,02 - Stop sign,02 - Intersection related,01 - Daylight,03 - P.D. only,03 - Rear end,Islan
13758,LAURIER AVE @ WALLER ST/TRANSITWAY,368454.9936,5031858.591,-75.68657595,45.42376528,2015-10-08,10:55,01 - Clear,01 - Dry,01 - Traffic signal,03 - At intersection,01 - Daylight,03 - P.D. only,05 - Turning movement,Sandy Hill
13759,RENAUD RD btwn IDA ST & Continuation of RENAUD RD,379228.8981,5031888.867,-75.54891326,45.42297435,2015-10-28,18:19,02 - Rain,02 - Wet,10 - No control,01 - Non intersection,07 - Dark,03 - P.D. only,07 - SMV other,Greenbelt
13760,DONALD ST @ ELAINE DR,372332.9923,5032481.308,-75.63694052,45.42900457,2015-03-31,7:07,01 - Clear,01 - Dry,01 - Traffic signal,03 - At intersection,01 - Daylight,03 - P.D. only,02 - Angle,Cummings
13761,WOODCLIFFE PRIV @ JEANNE D'ARC BLVD,380107.028,5036229.056,-75.53702954,45.46193016,2015-12-18,20:29,01 - Clear,01 - Dry,02 - Stop sign,03 - At intersection,07 - Dark,03 - P.D. only,02 - Angle,Chapel Hill
13762,CARLING AVE @ KIRKWOOD AVE S,364351.7005,5027336.827,-75.7395517,45.38344074,2015-12-17,7:42,02 - Rain,02 - Wet,01 - Traffic signal,02 - Intersection related,03 - Dawn,03 - P.D. only,03 - Rear end,Carlington
13763,KLONDIKE RD @ LAXFORD DR/PENRITH ST,348839.9228,5023664.836,-75.93794614,45.35154638,2015-12-17,17:08,02 - Rain,02 - Wet,02 - Stop sign,02 - Intersection related,07 - Dark,03 - P.D. only,03 - Rear end,Morgan's Grant
13764,GLADSTONE AVE @ O'CONNOR ST,368073.9892,5030658.57,-75.69159827,45.41300246,2015-10-27,15:23,01 - Clear,01 - Dry,01 - Traffic signal,03 - At intersection,01 - Daylight,03 - P.D. only,05 - Turning movement,Centretown
13765,CARLING AVE @ KIRKWOOD AVE S,364351.7005,5027337.549,-75.73955162,45.38344724,2015-12-23,19:57,02 - Rain,02 - Wet,01 - Traffic signal,02 - Intersection related,07 - Dark,03 - P.D. only,03 - Rear end,Carlington
13766,SILVER SEVEN RD btwn FRANK NIGHBOR PL & 280 N OF PALLADIUM DR/COSTCO S,350772.5481,5018206.338,-75.91378938,45.30230549,2015-12-23,22:30,02 - Rain,02 - Wet,10 - No control,01 - Non intersection,07 - Dark,03 - P.D. only,07 - SMV other,Katimavik - Hazeldean
13767,WOODROFFE AVE @ SPORTSPLEX N,363765.1063,5021067.956,-75.7477893,45.32708378,2015-12-18,12:30,01 - Clear,01 - Dry,01 - Traffic signal,02 - Intersection related,01 - Daylight,03 - P.D. only,03 - Rear end,Merivale Gardens - Grenfell Glen - Pineglen - Country Place
13768,GREENBANK RD @ JOCKVALE RD,364122.4098,5014330.413,-75.74403762,45.26642945,2015-12-21,9:31,02 - Rain,02 - Wet,01 - Traffic signal,02 - Intersection related,01 - Daylight,03 - P.D. only,03 - Rear end,New Barrhaven
13769,MERIVALE RD btwn CENTRAL PARK DR S & MERIVALE RD,365023.6495,5025420.822,-75.73120564,45.36614343,2015-10-02,18:50,01 - Clear,01 - Dry,10 - No control,01 - Non intersection,05 - Dusk,03 - P.D. only,04 - Sideswipe,Civic Hospital - Experimental Farm - Central Park
13770,BASELINE RD/HERON RD @ PRINCE OF WALES DR,366874.4285,5026439.254,-75.70745349,45.37514559,2015-12-14,15:08,01 - Clear,01 - Dry,01 - Traffic signal,02 - Intersection related,01 - Daylight,03 - P.D. only,04 - Sideswipe,Civic Hospital - Experimental Farm - Central Park
13771,MARCH RD @ TERRY FOX DR,349866.0526,5023398.065,-75.92487526,45.34908072,2015-12-14,17:20,01 - Clear,01 - Dry,01 - Traffic signal,02 - Intersection related,07 - Dark,03 - P.D. only,03 - Rear end,South March
13772,BANK ST @ DAVIDSON RD/LESTER RD,373672.7381,5022924.235,-75.62115438,45.34288364,2015-12-06,12:45,01 - Clear,01 - Dry,01 - Traffic signal,02 - Intersection related,01 - Daylight,03 - P.D. only,03 - Rear end,Blossom Park - Blossom Park West - Sawmill Creek/ Timbermill
13773,NEPEAN ST @ BANK ST,367562.7051,5031133.576,-75.69806941,45.41732246,2015-12-09,9:15,01 - Clear,01 - Dry,02 - Stop sign,03 - At intersection,01 - Daylight,03 - P.D. only,02 - Angle,Centretown
13774,HWY 416 WESTHUNT IC72R34 @ WEST HUNT CLUB RD,359370.1733,5019359.995,-75.80403878,45.31207091,2015-12-18,19:05,01 - Clear,01 - Dry,01 - Traffic signal,03 - At intersection,07 - Dark,03 - P.D. only,02 - Angle,Greenbelt
13775,AIRPORT PKWY btwn BROOKFIELD RAMP 34 & BROOKFIELD RAMP 52B,368780.0981,5026458.306,-75.68312249,45.3751456,2015-12-19,4:43,01 - Clear,06 - Ice,10 - No control,01 - Non intersection,07 - Dark,03 - P.D. only,07 - SMV other,Riverside Park
13776,ISABELLA ST/HWY417 IC119AR75 @ METCALFE ST,368449.4285,5030399.565,-75.68683551,45.41063797,2015-11-02,16:35,01 - Clear,01 - Dry,01 - Traffic signal,02 - Intersection related,05 - Dusk,03 - P.D. only,03 - Rear end,The Glebe
13777,BOOTH ST @ OTTAWA RIVER PKWY/WELLINGTON ST,366264.257,5031005.244,-75.71467434,45.41628303,2015-11-05,16:51,01 - Clear,01 - Dry,01 - Traffic signal,03 - At intersection,05 - Dusk,03 - P.D. only,04 - Sideswipe,LeBreton Flats
13778,WELLINGTON ST btwn KENT ST & BANK ST,367246.8962,5031621.006,-75.70204238,45.42173646,2015-10-24,14:25,01 - Clear,01 - Dry,10 - No control,01 - Non intersection,01 - Daylight,03 - P.D. only,06 - SMV unattended vehicle,Downtown
13779,BANK ST @ CECIL AVE,369945.2529,5026989.816,-75.6681776,45.3798206,2015-08-12,13:53,01 - Clear,01 - Dry,02 - Stop sign,02 - Intersection related,01 - Daylight,03 - P.D. only,03 - Rear end,Alta Vista
13780,HAWTHORNE RD @ HUNT CLUB RD,375507.7499,5026405.448,-75.59724375,45.37402344,2015-08-13,10:05,01 - Clear,01 - Dry,01 - Traffic signal,02 - Intersection related,01 - Daylight,03 - P.D. only,03 - Rear end,Industrial Park
13781,O'CONNOR ST btwn FRANK ST & GLADSTONE AVE,368069.6571,5030667.956,-75.69165241,45.4130873,2015-11-23,11:00,01 - Clear,01 - Dry,10 - No control,04 - At/near private drive,01 - Daylight,03 - P.D. only,07 - SMV other,Centretown
13782,ST. JOSEPH BLVD @ REGIONAL RD 174/TRANSITWAY,376556.0554,5035055.741,-75.58260195,45.45174719,2015-11-26,15:30,02 - Rain,02 - Wet,01 - Traffic signal,02 - Intersection related,01 - Daylight,03 - P.D. only,03 - Rear end,Greenbelt
13783,RIDEAU ST btwn KING EDWARD AVE & NELSON ST,368579.9592,5032455.114,-75.68490197,45.4291212,2015-10-20,15:01,01 - Clear,01 - Dry,10 - No control,04 - At/near private drive,01 - Daylight,03 - P.D. only,02 - Angle,Lowe
13784,PRINCE OF WALES DR @ MERIVALE RD,367451.8774,5017615.739,-75.70119856,45.29570181,2015-11-28,16:09,01 - Clear,01 - Dry,01 - Traffic signal,02 - Intersection related,01 - Daylight,03 - P.D. only,03 - Rear end,Greenbelt
13785,TERRY FOX DR @ FERNBANK RD,354302.9139,5015129.752,-75.86908219,45.27438177,2015-11-25,13:51,01 - Clear,01 - Dry,01 - Traffic signal,02 - Intersection related,01 - Daylight,03 - P.D. only,04 - Sideswipe,Stittsville - Basswood
13786,KIRKWOOD AVE N @ CARLING AVE,364274.9702,5027492.812,-75.74051263,45.38485079,2015-11-25,18:12,01 - Clear,01 - Dry,01 - Traffic signal,02 - Intersection related,07 - Dark,03 - P.D. only,03 - Rear end,Westboro
13787,CLARKE AVE @ CLAUDE ST,371952.9049,5033491.232,-75.64165967,45.43812798,2015-11-25,8:07,01 - Clear,01 - Dry,02 - Stop sign,03 - At intersection,01 - Daylight,03 - P.D. only,02 - Angle,Cummings
13788,ELM CRES btwn NORWAY SPRUCE ST & STITTSVILLE MAIN ST,350422.8479,5013085.241,-75.91871901,45.25624702,2015-11-28,18:58,01 - Clear,01 - Dry,10 - No control,01 - Non intersection,07 - Dark,03 - P.D. only,06 - SMV unattended vehicle,Stittsville
13789,CLYDE AVE @ DOHENY ST,363592.138,5026700.816,-75.74932587,45.37778217,2015-12-03,15:49,01 - Clear,01 - Dry,01 - Traffic signal,02 - Intersection related,01 - Daylight,03 - P.D. only,02 - Angle,Carlingwood West - Glabar Park - McKellar Heights
13790,HOLLAND AVE/TUNNEY'S PASTURE @ SCOTT ST,364736.975,5029595.557,-75.73435797,45.40373148,2015-12-03,16:44,01 - Clear,01 - Dry,01 - Traffic signal,03 - At intersection,05 - Dusk,03 - P.D. only,05 - Turning movement,Island Park
13791,COLONEL BY DR/MACKENZIE AVE @ DALY AVE,368003.0644,5031905.057,-75.69234445,45.42422435,2015-09-27,12:00,01 - Clear,01 - Dry,01 - Traffic signal,02 - Intersection related,01 - Daylight,03 - P.D. only,04 - Sideswipe,Byward Market - Parliament Hill
13792,BESSERER ST @ WALLER ST,368317.3773,5032190.534,-75.68829151,45.4267645,2015-11-19,17:54,02 - Rain,02 - Wet,01 - Traffic signal,03 - At intersection,07 - Dark,03 - P.D. only,04 - Sideswipe,Byward Market - Parliament Hill
13793,MONTREAL RD btwn THOMSON ST & AVIATION PKWY,372134.4422,5034099.919,-75.63925627,45.44358719,2015-11-20,12:18,01 - Clear,01 - Dry,10 - No control,01 - Non intersection,01 - Daylight,03 - P.D. only,04 - Sideswipe,Cummings
13794,KING EDWARD AVE @ MURRAY ST,368290.9778,5032753.582,-75.68855626,45.431833,2015-11-07,8:53,01 - Clear,01 - Dry,01 - Traffic signal,02 - Intersection related,01 - Daylight,03 - P.D. only,03 - Rear end,Byward Market
13795,VIEWMOUNT DR @ MERIVALE RD,365193.6971,5022947.773,-75.72933717,45.34387667,2015-11-07,11:25,01 - Clear,01 - Dry,01 - Traffic signal,02 - Intersection related,01 - Daylight,03 - P.D. only,04 - Sideswipe,Tanglewood
13796,RICHMOND RD @ HOLLY ACRES RD/NANAIMO DR,359057.9509,5022748.136,-75.80764911,45.34258177,2015-10-09,20:41,01 - Clear,01 - Dry,01 - Traffic signal,03 - At intersection,07 - Dark,03 - P.D. only,05 - Turning movement,Greenbelt
13797,HWY 417 MOODIE IC134R52 @ MOODIE DR,356458.1161,5022043.104,-75.84089528,45.3364341,2015-10-14,8:15,01 - Clear,01 - Dry,01 - Traffic signal,02 - Intersection related,01 - Daylight,03 - P.D. only,03 - Rear end,Greenbelt
13798,CARLING AVE @ BAYSHORE DR/BIRCHDALE AVE,359004.149,5023989.89,-75.80819949,45.35375925,2015-11-26,14:58,01 - Clear,01 - Dry,01 - Traffic signal,03 - At intersection,01 - Daylight,03 - P.D. only,02 - Angle,Bayshore
13799,BELFAST RD @ COVENTRY RD,371523.7211,5031641.565,-75.64739546,45.42152661,2015-10-30,14:25,01 - Clear,01 - Dry,01 - Traffic signal,02 - Intersection related,01 - Daylight,03 - P.D. only,03 - Rear end,Overbrook
13800,HERON RD @ 155 W OF BANK ST/CANADIAN TIRE SC,369847.8238,5026831.677,-75.66944235,45.37840677,2015-11-13,10:30,02 - Rain,02 - Wet,01 - Traffic signal,03 - At intersection,01 - Daylight,03 - P.D. only,02 - Angle,Alta Vista
13801,MONTREAL RD @ SHEFFORD RD,376126.4525,5034852.853,-75.58812312,45.44996571,2015-12-02,17:05,01 - Clear,01 - Dry,01 - Traffic signal,02 - Intersection related,07 - Dark,03 - P.D. only,03 - Rear end,Beacon Hill South - Cardinal Heights
13802,GLADSTONE AVE @ LYON ST,367583.7135,5030362.293,-75.69789926,45.41038081,2015-12-08,20:00,01 - Clear,01 - Dry,01 - Traffic signal,02 - Intersection related,07 - Dark,03 - P.D. only,04 - Sideswipe,Centretown
13803,BANK ST @ HERON RD,369995.72,5026850.461,-75.66755167,45.37856204,2015-11-09,15:31,01 - Clear,01 - Dry,01 - Traffic signal,02 - Intersection related,01 - Daylight,03 - P.D. only,03 - Rear end,Alta Vista
13804,WEST HUNT CLUB RD btwn PRINCE OF WALES DR & TURN LANE,367558.3493,5021887.893,-75.69930001,45.3341325,2015-11-23,11:58,01 - Clear,01 - Dry,10 - No control,01 - Non intersection,01 - Daylight,03 - P.D. only,07 - SMV other,Industrial Park
13805,BLAKE BLVD @ JEAN TALON ST,371147.8526,5033058.711,-75.65200691,45.43431321,2015-11-23,16:58,01 - Clear,01 - Dry,02 - Stop sign,02 - Intersection related,05 - Dusk,03 - P.D. only,07 - SMV other,Vanier South
13806,REGIONAL ROAD 174 btwn HWY417 IC113 RAMP67 & Continuation of REGIONAL ,373839.6426,5032120.646,-75.61773863,45.42561242,2015-11-26,19:00,01 - Clear,02 - Wet,10 - No control,01 - Non intersection,07 - Dark,03 - P.D. only,04 - Sideswipe,Industrial Park
13807,BOOTH ST @ OTTAWA RIVER PKWY/WELLINGTON ST,366262.813,5031005.966,-75.7146927,45.41628965,2015-11-26,23:43,01 - Clear,01 - Dry,01 - Traffic signal,02 - Intersection related,07 - Dark,03 - P.D. only,04 - Sideswipe,LeBreton Flats
13808,RIVERSIDE DR @ TREMBLAY RD/HWY417 IC117 RAMP52,370801.3561,5031015.186,-75.65670882,45.41595923,2015-10-28,16:00,02 - Rain,02 - Wet,01 - Traffic signal,03 - At intersection,01 - Daylight,03 - P.D. only,04 - Sideswipe,Industrial Park
13809,CONROY RD @ LORRY GREENBERG DR,373567.464,5025878.905,-75.62208655,45.36947892,2015-10-30,18:56,01 - Clear,01 - Dry,01 - Traffic signal,03 - At intersection,07 - Dark,03 - P.D. only,05 - Turning movement,Greenboro East
13810,ROGER STEVENS DR btwn DWYER HILL RD & MALAKOFF RD,354529.7359,4989547.407,-75.86873863,45.04416495,2015-11-28,17:10,01 - Clear,01 - Dry,10 - No control,01 - Non intersection,07 - Dark,03 - P.D. only,07 - SMV other,Munster Hamlet - Richmond
13811,BESSERER ST @ WALLER ST,368315.2113,5032191.978,-75.688319,45.42677769,2015-11-28,17:42,01 - Clear,01 - Dry,01 - Traffic signal,03 - At intersection,07 - Dark,03 - P.D. only,05 - Turning movement,Byward Market - Parliament Hill
13812,EDGE HILL PL @ HERON RD,370250.1258,5026883.386,-75.66429929,45.37883457,2015-11-27,11:49,02 - Rain,02 - Wet,02 - Stop sign,02 - Intersection related,01 - Daylight,03 - P.D. only,05 - Turning movement,Alta Vista
13813,INNES RD btwn HWY417 IC112 RAMP65 & HWY417 IC112 RAMP56,374454.4539,5030845.05,-75.61006321,45.41407432,2015-12-01,0:59,01 - Clear,01 - Dry,10 - No control,07 - Overpass or bridge,07 - Dark,03 - P.D. only,07 - SMV other,Industrial Park
13814,ANTHONY AVE @ WOODROFFE AVE,361670.4073,5026449.245,-75.77389001,45.37567718,2015-11-29,11:58,01 - Clear,01 - Dry,01 - Traffic signal,02 - Intersection related,01 - Daylight,03 - P.D. only,03 - Rear end,Carlingwood - McKellar Park - Laurentien View
13815,TERRY FOX DR btwn HUNTSVILLE DR & OLD SECOND LINE RD,347868.3739,5020968.188,-75.95057956,45.32734154,2015-12-03,17:27,01 - Clear,01 - Dry,10 - No control,01 - Non intersection,07 - Dark,03 - P.D. only,07 - SMV other,Kanata Lakes - Marchwood Lakeside - Morgan's Grant - Kanata
13816,RIDEAU RD btwn DOWNEY RD & BOWESVILLE RD,371866.6184,5014602.547,-75.6453246,45.26818227,2015-12-03,17:42,01 - Clear,02 - Wet,10 - No control,01 - Non intersection,07 - Dark,03 - P.D. only,07 - SMV other,Greenbelt
13817,HUNTLEY RD btwn MANSFIELD RD & BROWNLEE RD,353331.1122,5008539.057,-75.8821104,45.21514437,2015-12-03,22:40,01 - Clear,02 - Wet,10 - No control,01 - Non intersection,07 - Dark,03 - P.D. only,07 - SMV other,Munster Hamlet - Richmond
13818,ALTA VISTA DR @ SMYTH RD,370433.4379,5029081.558,-75.66166657,45.39859579,2015-11-22,23:11,01 - Clear,01 - Dry,01 - Traffic signal,03 - At intersection,07 - Dark,03 - P.D. only,05 - Turning movement,Alta Vista
13819,VANIER PKWY SB btwn HWY417 IC117 RAMP36 & TO BE DETERMINED,370770.9697,5031455.746,-75.65703804,45.41992607,2015-12-06,16:32,01 - Clear,01 - Dry,10 - No control,01 - Non intersection,05 - Dusk,03 - P.D. only,04 - Sideswipe,Overbrook
13820,RIVERSIDE DR @ TREMBLAY RD/HWY417 IC117 RAMP52,370803.3416,5031017.171,-75.65668319,45.4159769,2015-11-07,20:00,01 - Clear,01 - Dry,01 - Traffic signal,02 - Intersection related,07 - Dark,03 - P.D. only,03 - Rear end,Industrial Park
13821,TERRY FOX DR btwn HUNTSVILLE DR & RICHARDSON SIDE RD,347868.3739,5020968.188,-75.95057956,45.32734154,2015-05-21,21:10,01 - Clear,01 - Dry,10 - No control,01 - Non intersection,07 - Dark,03 - P.D. only,07 - SMV other,Kanata Lakes - Marchwood Lakeside - Morgan's Grant - Kanata
13822,BASELINE RD btwn DEERFIELD DR & FERGUSON ST,363434.2036,5024310.823,-75.75162588,45.35629055,2015-10-16,9:16,01 - Clear,01 - Dry,10 - No control,04 - At/near private drive,01 - Daylight,03 - P.D. only,02 - Angle,Braemar Park - Bel Air Heights - Copeland Park
13823,TERRY FOX DR @ 135 S OF HAZELDEAN RD/SOBEY'S S,352292.9355,5017138.855,-75.89450575,45.29259886,2015-11-27,9:32,01 - Clear,01 - Dry,01 - Traffic signal,03 - At intersection,01 - Daylight,03 - P.D. only,05 - Turning movement,Glen Cairn - Kanata South Business Park
13824,EARL GREY DR @ 175 S OF KANATA AVE/WALMART SC,350934.5801,5019115.527,-75.91163874,45.31047599,2015-11-27,11:55,02 - Rain,02 - Wet,01 - Traffic signal,02 - Intersection related,01 - Daylight,03 - P.D. only,03 - Rear end,Kanata
13825,HUNT CLUB RD @ LORRY GREENBERG DR/SABLE RIDGE ,372824.4607,5024806.061,-75.63171863,45.3598984,2015-11-19,17:32,02 - Rain,02 - Wet,01 - Traffic signal,02 - Intersection related,07 - Dark,03 - P.D. only,02 - Angle,Greenboro East
13826,PICKFORD DR @ SHATNER GT,353404.1762,5018726.18,-75.8801836,45.30680599,2015-12-09,15:00,01 - Clear,01 - Dry,02 - Stop sign,03 - At intersection,01 - Daylight,03 - P.D. only,02 - Angle,Katimavik - Hazeldean
13827,JOHN QUINN RD btwn STONE SCHOOL RD & BANK ST,383067.4723,5011744.822,-75.50305471,45.24131276,2015-12-09,17:36,01 - Clear,01 - Dry,10 - No control,01 - Non intersection,07 - Dark,03 - P.D. only,07 - SMV other,Osgoode
13828,GLOUCESTER ST btwn METCALFE ST & ELGIN ST,367898.8913,5031425.928,-75.69373688,45.41992271,2015-11-10,0:00,01 - Clear,01 - Dry,10 - No control,01 - Non intersection,00 - Unknown,03 - P.D. only,06 - SMV unattended vehicle,Downtown
13829,GREENBANK RD @ BELLMAN DR/BATEMAN DR,361255.6352,5021018.269,-75.77980539,45.32684303,2015-11-10,10:22,01 - Clear,01 - Dry,01 - Traffic signal,02 - Intersection related,01 - Daylight,03 - P.D. only,99 - Other,Woodvale - Craig Henry - Manordale - Estates of Arlington Wo
13830,SCOTT ST btwn HINCHEY AVE & CARRUTHERS AVE,365093.0793,5029812.374,-75.72978295,45.40565177,2015-11-23,15:42,01 - Clear,01 - Dry,10 - No control,04 - At/near private drive,01 - Daylight,03 - P.D. only,02 - Angle,Mechanicsville
13831,FROBISHER LANE W @ RIVERSIDE DR,370118.7151,5029600.504,-75.66561735,45.40329451,2015-11-23,20:48,01 - Clear,01 - Dry,01 - Traffic signal,02 - Intersection related,07 - Dark,03 - P.D. only,03 - Rear end,Industrial Park
13832,RIVERSIDE DR NB btwn INDUSTRIAL AVE & TREMBLAY RD,370786.9157,5030917.713,-75.65690636,45.41508357,2015-11-27,8:02,01 - Clear,01 - Dry,10 - No control,01 - Non intersection,01 - Daylight,03 - P.D. only,04 - Sideswipe,Industrial Park
13833,BEAVERPOND DR @ BLAIR RD,375399.0079,5031875.289,-75.59784904,45.42324918,2015-11-08,13:20,01 - Clear,01 - Dry,01 - Traffic signal,02 - Intersection related,01 - Daylight,03 - P.D. only,03 - Rear end,Pineview
13834,BANK ST @ JOHNSTON RD,370852.4525,5024839.528,-75.65688258,45.36038809,2015-11-28,20:14,01 - Clear,01 - Dry,01 - Traffic signal,03 - At intersection,07 - Dark,03 - P.D. only,05 - Turning movement,South Keys - Heron Gate - Greenboro West
13835,BARNSDALE RD @ TWIN ELM RD N,360186.3615,5007830.922,-75.79491553,45.20826691,2015-11-29,3:46,01 - Clear,01 - Dry,02 - Stop sign,03 - At intersection,07 - Dark,03 - P.D. only,07 - SMV other,Munster Hamlet - Richmond
13836,ALBION RD btwn EMERALD GATE AVE & QUEENSDALE AVE,372437.2864,5022944.794,-75.63691465,45.34318883,2015-12-01,2:16,01 - Clear,01 - Dry,10 - No control,01 - Non intersection,07 - Dark,03 - P.D. only,01 - Approaching,Blossom Park - Blossom Park West - Sawmill Creek/ Timbermill
13837,KELLY AVE @ PINECREST RD,360276.2768,5023953.934,-75.79196875,45.35333623,2015-12-02,16:16,01 - Clear,02 - Wet,02 - Stop sign,02 - Intersection related,05 - Dusk,03 - P.D. only,03 - Rear end,Whitehaven - Queensway Terrace North
13838,BRIDGESTONE DR btwn EQUESTRIAN DR & WAYMARK CRES,355343.5396,5016207.5,-75.85571044,45.28400554,2015-12-04,3:10,01 - Clear,01 - Dry,10 - No control,01 - Non intersection,07 - Dark,03 - P.D. only,06 - SMV unattended vehicle,Bridlewood - Emerald Meadows
13839,MER BLEUE RD btwn NAVAN RD & GRANDPRE CRT,384164.6046,5032005.749,-75.48583333,45.42348342,2015-12-04,8:25,01 - Clear,02 - Wet,10 - No control,04 - At/near private drive,01 - Daylight,03 - P.D. only,07 - SMV other,Navan - Vars
13840,WINTHER AVE btwn BLOSSOM DR & NIAGARA DR,369954.4945,5028050.852,-75.66791956,45.38936659,2015-09-27,18:40,01 - Clear,01 - Dry,10 - No control,04 - At/near private drive,01 - Daylight,03 - P.D. only,06 - SMV unattended vehicle,Alta Vista
13841,SUSSEX DR btwn 151 W OF KING EDWARD AVE/L.B. PEARSON BUILDING & RAMP,367613.9703,5033395.849,-75.69712592,45.43767303,2015-09-27,19:33,01 - Clear,01 - Dry,10 - No control,01 - Non intersection,05 - Dusk,03 - P.D. only,04 - Sideswipe,Byward Market - Parliament Hill
13842,INNES RD @ 215 W OF CYRVILLE RD/HOME DEPOT W,374863.8856,5031000.784,-75.60481062,45.41543466,2015-11-24,8:03,03 - Snow,03 - Loose snow,01 - Traffic signal,02 - Intersection related,01 - Daylight,03 - P.D. only,02 - Angle,Industrial Park
13843,EARL ARMSTRONG RD @ LIMEBANK RD,370155.7209,5015959.729,-75.66694672,45.28055504,2015-12-06,17:05,01 - Clear,01 - Dry,01 - Traffic signal,03 - At intersection,07 - Dark,03 - P.D. only,02 - Angle,Greenbelt