Record,Location,X,Y,lon,lat,Date,Time,Environment,Road_Surface,Traffic_Control,Collision_Location,Light,Collision_Classification,Impact_type,Neighborhood
13844,DESCHAMPS AVE @ VANIER PKWY,369851.5321,5033266.87,-75.66854592,45.43630794,2015-12-06,20:25,01 - Clear,01 - Dry,01 - Traffic signal,03 - At intersection,07 - Dark,03 - P.D. only,02 - Angle,Vanier North
13845,RIVERSIDE DR @ WALKLEY RD,368417.2799,5024854.251,-75.68796092,45.36074577,2015-11-09,16:59,01 - Clear,01 - Dry,01 - Traffic signal,02 - Intersection related,05 - Dusk,03 - P.D. only,04 - Sideswipe,Riverside Park
13846,RIVERSIDE DR btwn RIVERSIDE DR RAMP 42A & RIVERSIDE DR SPLIT,368496.3848,5027314.418,-75.68663404,45.38287451,2015-11-17,14:45,01 - Clear,01 - Dry,10 - No control,01 - Non intersection,01 - Daylight,03 - P.D. only,03 - Rear end,Alta Vista
13847,BYRON AVE @ HOLLAND AVE,365014.1801,5028959.856,-75.73089485,45.39798779,2015-10-20,14:28,01 - Clear,01 - Dry,02 - Stop sign,03 - At intersection,01 - Daylight,03 - P.D. only,02 - Angle,Island Park
13848,FALLOWFIELD RD @ GREENBANK RD,363081.3977,5016731.733,-75.75702047,45.28812363,2015-10-23,15:44,01 - Clear,01 - Dry,01 - Traffic signal,02 - Intersection related,01 - Daylight,03 - P.D. only,03 - Rear end,Barrhaven West - Old Barrhaven
13849,ST. LAURENT BLVD btwn COVENTRY RD & LEMIEUX ST,372312.2177,5031933.524,-75.63728107,45.42407787,2015-11-27,12:50,02 - Rain,02 - Wet,10 - No control,01 - Non intersection,01 - Daylight,03 - P.D. only,04 - Sideswipe,Overbrook
13850,NORICE ST @ WOODROFFE AVE,363194.684,5022397.492,-75.75490863,45.33909455,2015-11-27,17:08,01 - Clear,01 - Dry,01 - Traffic signal,02 - Intersection related,07 - Dark,03 - P.D. only,03 - Rear end,Tanglewood
13851,NICHOLAS ST NB btwn HWY417 IC118 RAMP52 & WALLER ST,368771.6862,5031500.506,-75.68257596,45.42051447,2015-11-20,15:26,01 - Clear,01 - Dry,10 - No control,01 - Non intersection,01 - Daylight,03 - P.D. only,04 - Sideswipe,Sandy Hill
13852,RIDEAUCREST DR btwn QUEENSBURY DR & ROBLYN WAY,365736.4901,5016332.34,-75.72322508,45.28430473,2015-11-23,19:03,01 - Clear,01 - Dry,10 - No control,04 - At/near private drive,07 - Dark,03 - P.D. only,02 - Angle,Chapman Mills - Rideau Crest - Davidson Heights
13853,CUMBERLAND ST @ RIDEAU ST,368375.2317,5032328.172,-75.68753448,45.42799766,2015-11-10,14:18,01 - Clear,01 - Dry,01 - Traffic signal,02 - Intersection related,01 - Daylight,03 - P.D. only,07 - SMV other,Byward Market - Parliament Hill
13854,DALHOUSIE ST @ ST. PATRICK ST,367958.4213,5032639.5,-75.69282069,45.43083664,2015-11-11,21:48,02 - Rain,02 - Wet,01 - Traffic signal,03 - At intersection,07 - Dark,03 - P.D. only,05 - Turning movement,Byward Market
13855,BARLYN AVE @ CORAL AVE,365807.702,5025453.527,-75.72119358,45.36636989,2015-11-24,15:24,01 - Clear,01 - Dry,02 - Stop sign,03 - At intersection,01 - Daylight,03 - P.D. only,02 - Angle,Cityview - Skyline - Fisher Heights
13856,BANK ST btwn LISGAR ST & COOPER ST,367614.1001,5031049.406,-75.69742352,45.41656051,2015-11-27,15:33,01 - Clear,01 - Dry,10 - No control,01 - Non intersection,01 - Daylight,03 - P.D. only,04 - Sideswipe,Centretown
13857,BANK ST @ QUEENSDALE AVE,373337.4649,5023446.235,-75.62535978,45.34761324,2015-11-14,14:14,01 - Clear,01 - Dry,01 - Traffic signal,03 - At intersection,01 - Daylight,03 - P.D. only,05 - Turning movement,Blossom Park - Blossom Park West - Sawmill Creek/ Timbermill
13858,MONTREAL RD @ ST. LAURENT BLVD,371544.4394,5033817.414,-75.64683581,45.44110193,2015-11-14,19:03,01 - Clear,01 - Dry,01 - Traffic signal,03 - At intersection,07 - Dark,03 - P.D. only,05 - Turning movement,Cummings
13859,CATHERINE ST/HWY 417 O'CONN IC119BR76 @ O'CONN,368243.711,5030391.842,-75.68946442,45.41058716,2015-11-29,14:28,01 - Clear,01 - Dry,01 - Traffic signal,03 - At intersection,01 - Daylight,03 - P.D. only,02 - Angle,Centretown
13860,SOUTHMORE DR @ WALKLEY RD,369710.0021,5025575.973,-75.67136695,45.36712111,2015-11-29,16:20,01 - Clear,01 - Dry,02 - Stop sign,02 - Intersection related,01 - Daylight,03 - P.D. only,03 - Rear end,Riverside Park
13861,BANKFIELD RD btwn FIRST LINE RD & LOCKMASTER CRES,367611.1475,5009689.989,-75.70017006,45.2243722,2015-12-02,0:00,04 - Freezing Rain,06 - Ice,10 - No control,01 - Non intersection,07 - Dark,03 - P.D. only,07 - SMV other,Manotick
13862,FALLOWFIELD RD btwn CONLEY RD & HUNTLEY RD,350838.6101,5008205.529,-75.91387361,45.21231041,2015-12-02,16:43,01 - Clear,01 - Dry,10 - No control,01 - Non intersection,05 - Dusk,03 - P.D. only,07 - SMV other,Munster Hamlet - Richmond
13863,RIVER RD btwn BALMORAL DR & JARVIS DR,368049.2586,5019619.562,-75.69332711,45.31367839,2015-12-02,16:44,01 - Clear,02 - Wet,10 - No control,01 - Non intersection,05 - Dusk,03 - P.D. only,03 - Rear end,Nepean
13864,DONALD ST @ ST. LAURENT BLVD,372093.7129,5032471.141,-75.63999951,45.42893615,2015-12-04,10:16,01 - Clear,01 - Dry,01 - Traffic signal,03 - At intersection,01 - Daylight,03 - P.D. only,05 - Turning movement,Overbrook
13865,MONTREAL RD @ DEN HAAG DR/LANG'S RD,372388.1594,5034221.944,-75.63599659,45.44466063,2015-09-28,15:09,02 - Rain,02 - Wet,01 - Traffic signal,02 - Intersection related,01 - Daylight,03 - P.D. only,03 - Rear end,Carson Grove - Carson Meadows
13866,BLAIR RD @ REGIONAL RD 174 S/OR174 IC112 RAMP15,374907.2342,5032661.414,-75.6040205,45.43037176,2015-09-28,15:20,02 - Rain,02 - Wet,01 - Traffic signal,02 - Intersection related,01 - Daylight,03 - P.D. only,03 - Rear end,Pineview
13867,TENTH LINE RD @ CHARLEMAGNE BLVD N/TOMPKINS AV,383183.2079,5037978.604,-75.49742052,45.47733266,2015-11-24,13:58,01 - Clear,02 - Wet,01 - Traffic signal,03 - At intersection,01 - Daylight,03 - P.D. only,02 - Angle,Queenswood Heights
13868,RICHMOND RD @ LYNHAR RD/STAFFORD RD,358135.0383,5021089.036,-75.81960376,45.32772386,2015-11-25,8:53,01 - Clear,01 - Dry,01 - Traffic signal,02 - Intersection related,01 - Daylight,03 - P.D. only,99 - Other,Bells Corners East
13869,BATHGATE DR btwn PLUMBER AVE & BATHGATE DR,373523.2431,5033654.095,-75.62156741,45.43944075,2015-12-07,8:52,01 - Clear,01 - Dry,10 - No control,04 - At/near private drive,01 - Daylight,03 - P.D. only,02 - Angle,Carson Grove - Carson Meadows
13870,FALLOWFIELD RD @ MOODIE DR,359501.4754,5014636.232,-75.80288526,45.26955581,2015-11-19,7:30,01 - Clear,02 - Wet,01 - Traffic signal,02 - Intersection related,01 - Daylight,03 - P.D. only,03 - Rear end,Munster Hamlet - Richmond
13871,FISHER AVE @ MEADOWLANDS DR,366575.0649,5025044.724,-75.71144968,45.36262436,2015-11-04,17:22,01 - Clear,01 - Dry,01 - Traffic signal,03 - At intersection,07 - Dark,03 - P.D. only,05 - Turning movement,Carleton Heights - Rideauview
13872,DALMENY RD @ NIXON DR,375590.9958,4997714.021,-75.60026577,45.11585754,2015-11-27,17:00,02 - Rain,02 - Wet,02 - Stop sign,03 - At intersection,07 - Dark,03 - P.D. only,02 - Angle,Kars - Osgoode
13873,PRESTON ST btwn ST. ANTHONY ST & YOUNG ST,366585.6326,5029493.199,-75.71075804,45.40264977,2015-11-27,20:52,01 - Clear,01 - Dry,10 - No control,01 - Non intersection,07 - Dark,03 - P.D. only,06 - SMV unattended vehicle,Little Italy
13874,BRITTANY DR btwn QUARRY RD & KRISTIN WAY,371819.2135,5034212.484,-75.64327009,45.44463029,2015-11-28,14:17,01 - Clear,01 - Dry,10 - No control,01 - Non intersection,01 - Daylight,03 - P.D. only,05 - Turning movement,Rockcliffe - Manor Park
13875,NAVAHO DR @ WOODROFFE AVE/TRANSITWAY N BASELIN,362705.9984,5023492.889,-75.76101529,45.34899136,2015-11-30,13:12,01 - Clear,01 - Dry,01 - Traffic signal,02 - Intersection related,01 - Daylight,03 - P.D. only,03 - Rear end,Crestview - Meadowlands
13876,ABACA WAY btwn KITTIWAKE DR & KITTIWAKE DR,348277.2965,5014141.353,-75.94596176,45.26588618,2015-11-28,15:43,01 - Clear,01 - Dry,10 - No control,01 - Non intersection,01 - Daylight,03 - P.D. only,06 - SMV unattended vehicle,Stittsville
13877,WEST HUNT CLUB RD WB btwn MERIVALE RD & ROYDON PL,365789.5992,5022053.373,-75.72184403,45.33577743,2015-11-28,16:30,01 - Clear,01 - Dry,10 - No control,04 - At/near private drive,05 - Dusk,03 - P.D. only,07 - SMV other,Industrial Park
13878,TENTH LINE RD @ CHARLEMAGNE BLVD N/TOMPKINS AV,383183.9299,5037976.801,-75.49741157,45.47731635,2015-11-12,15:15,02 - Rain,02 - Wet,01 - Traffic signal,02 - Intersection related,01 - Daylight,03 - P.D. only,03 - Rear end,Queenswood Heights
13879,MAIN ST @ RIVERDALE AVE,369432.4631,5029531.772,-75.67439164,45.40273978,2015-11-24,17:57,01 - Clear,01 - Dry,01 - Traffic signal,03 - At intersection,07 - Dark,03 - P.D. only,05 - Turning movement,Old Ottawa East
13880,OLD TENTH LINE RD @ TENTH LINE RD,383041.2931,5038358.257,-75.49917496,45.48076435,2015-11-24,21:45,01 - Clear,01 - Dry,01 - Traffic signal,02 - Intersection related,07 - Dark,03 - P.D. only,03 - Rear end,Queenswood Heights
13881,KANATA AVE @ TERRY FOX DR,349305.8675,5019211.585,-75.93240028,45.31144545,2015-11-27,15:38,02 - Rain,02 - Wet,01 - Traffic signal,03 - At intersection,01 - Daylight,03 - P.D. only,05 - Turning movement,Kanata Lakes - Marchwood Lakeside - Morgan's Grant - Kanata
13882,KANATA AVE btwn EARL GREY DR & MARITIME WAY,350965.6271,5019285.924,-75.91122694,45.31200723,2015-11-27,16:14,02 - Rain,02 - Wet,10 - No control,01 - Non intersection,05 - Dusk,03 - P.D. only,03 - Rear end,Kanata
13883,CUMMINGS AVE @ DONALD ST,372651.4439,5032411.579,-75.63288084,45.42834636,2015-11-17,10:41,01 - Clear,01 - Dry,01 - Traffic signal,02 - Intersection related,01 - Daylight,03 - P.D. only,04 - Sideswipe,Cummings
13884,PINECREST RD @ RICHMOND RD,360072.6705,5024470.79,-75.79450935,45.35800297,2015-11-29,17:02,01 - Clear,01 - Dry,01 - Traffic signal,03 - At intersection,07 - Dark,03 - P.D. only,05 - Turning movement,Whitehaven - Queensway Terrace North
13885,FOREST VALLEY DR @ ORLEANS BLVD,380258.7487,5034820.294,-75.53530588,45.44923883,2015-11-30,7:05,01 - Clear,01 - Dry,01 - Traffic signal,03 - At intersection,03 - Dawn,03 - P.D. only,05 - Turning movement,Chapel Hill
13886,210 W OF MERIVALE RD @ WEST HUNT CLUB RD,365432.8119,5021828.523,-75.72642334,45.33378518,2015-12-02,7:00,02 - Rain,02 - Wet,01 - Traffic signal,02 - Intersection related,07 - Dark,03 - P.D. only,03 - Rear end,Merivale Gardens - Grenfell Glen - Pineglen - Country Place
13887,INNES RD @ TENTH LINE RD,383952.4823,5036160.283,-75.48787533,45.4608863,2015-12-02,16:49,01 - Clear,02 - Wet,01 - Traffic signal,02 - Intersection related,05 - Dusk,03 - P.D. only,03 - Rear end,Queenswood Heights
13888,PRINCE OF WALES DR @ MEADOWLANDS DR/HOG'S BACK,367371.9189,5025694.199,-75.70119669,45.36839751,2015-12-02,16:58,01 - Clear,02 - Wet,01 - Traffic signal,02 - Intersection related,07 - Dark,03 - P.D. only,03 - Rear end,Carleton Heights - Rideauview
13889,INDUSTRIAL AVE @ NEIGHBORHOOD WAY,371091.9997,5030529.001,-75.65306111,45.41155726,2015-12-04,11:06,01 - Clear,02 - Wet,02 - Stop sign,03 - At intersection,01 - Daylight,03 - P.D. only,02 - Angle,Industrial Park
13890,INNES RD btwn ANDERSON RD & INNES RD,376538.7591,5031995.438,-75.58326907,45.42421426,2015-10-18,18:41,01 - Clear,01 - Dry,10 - No control,01 - Non intersection,07 - Dark,03 - P.D. only,07 - SMV other,Greenbelt
13891,BRONSON AVE @ CATHERINE ST/RAYMOND ST,367253.4305,5029795.844,-75.70219017,45.40531362,2015-11-25,14:55,01 - Clear,01 - Dry,01 - Traffic signal,03 - At intersection,01 - Daylight,03 - P.D. only,05 - Turning movement,Centretown West
13892,ST. LAURENT BLVD btwn MONTREAL RD & CAMIL ST,371560.1433,5033785.826,-75.64663938,45.44081622,2015-11-26,13:11,01 - Clear,01 - Dry,10 - No control,04 - At/near private drive,01 - Daylight,03 - P.D. only,02 - Angle,Cummings
13893,TERRY FOX DR btwn RICHARDSON SIDE RD & TILLSONBURG ST,348945.8188,5019411.451,-75.93697409,45.31326663,2015-09-29,17:35,02 - Rain,02 - Wet,10 - No control,01 - Non intersection,01 - Daylight,03 - P.D. only,04 - Sideswipe,Kanata Lakes - Marchwood Lakeside - Morgan's Grant - Kanata
13894,MONTREAL RD btwn BURMA RD & MONTREAL RD,373324.9026,5034509.745,-75.62398318,45.44715891,2015-09-16,9:09,01 - Clear,01 - Dry,10 - No control,01 - Non intersection,01 - Daylight,03 - P.D. only,04 - Sideswipe,Carson Grove - Carson Meadows
13895,INDUSTRIAL AVE @ ALTA VISTA DR/SANDFORD FLEMIN,370884.7238,5030557.57,-75.65570512,45.41183392,2015-11-27,16:32,02 - Rain,02 - Wet,01 - Traffic signal,02 - Intersection related,05 - Dusk,03 - P.D. only,04 - Sideswipe,Industrial Park
13896,STRANDHERD @ KENNEVALE DR,361491.499,5014098.827,-75.77758776,45.26456259,2015-11-06,18:31,01 - Clear,01 - Dry,01 - Traffic signal,02 - Intersection related,07 - Dark,03 - P.D. only,03 - Rear end,Munster Hamlet - Richmond
13897,WOODROFFE AVE btwn WOODROFFE AVE & NAVAHO DR,362641.0164,5023570.867,-75.76183539,45.34969836,2015-11-06,23:11,01 - Clear,01 - Dry,10 - No control,01 - Non intersection,07 - Dark,03 - P.D. only,07 - SMV other,Centrepointe
13898,WALKLEY RD @ GLENHAVEN PRIV,370213.2034,5025874.28,-75.66490433,45.36975841,2015-11-28,11:36,01 - Clear,01 - Dry,01 - Traffic signal,03 - At intersection,01 - Daylight,03 - P.D. only,05 - Turning movement,Ledbury - Heron Gate - Ridgemont - Elmwood
13899,ORLEANS BLVD @ ST. JOSEPH BLVD,380631.7377,5036980.59,-75.53020496,45.4686351,2015-11-28,16:13,01 - Clear,01 - Dry,01 - Traffic signal,02 - Intersection related,01 - Daylight,03 - P.D. only,03 - Rear end,Orleans Village - Chateauneuf
13900,ALBION RD @ HUNT CLUB RD,371868.4557,5024319.796,-75.64398591,45.35561526,2015-11-30,16:55,01 - Clear,01 - Dry,01 - Traffic signal,03 - At intersection,07 - Dark,03 - P.D. only,05 - Turning movement,South Keys - Heron Gate - Greenboro West
13901,WALLACEBURG CRT btwn HUNTSVILLE DR & TILLSONBURG ST,349035.7215,5019633.226,-75.93580774,45.31525657,2015-07-26,19:45,01 - Clear,01 - Dry,10 - No control,01 - Non intersection,01 - Daylight,03 - P.D. only,07 - SMV other,Kanata Lakes - Marchwood Lakeside - Morgan's Grant - Kanata
13902,BLAIR RD @ MONTREAL RD,374021.1616,5034438.504,-75.61509335,45.44644932,2015-11-13,12:56,02 - Rain,02 - Wet,01 - Traffic signal,02 - Intersection related,01 - Daylight,03 - P.D. only,03 - Rear end,Carson Grove - Carson Meadows
13903,DWYER HILL RD btwn O'NEIL RD & ROGER STEVENS DR,352317.756,4992074.02,-75.89657648,45.06705277,2015-11-12,23:00,02 - Rain,02 - Wet,10 - No control,01 - Non intersection,07 - Dark,03 - P.D. only,07 - SMV other,Munster Hamlet - Richmond
13904,SNAKE ISLAND RD btwn KEARNS WAY & 5TH LINE RD,378726.9016,5007017.451,-75.55903768,45.19924668,2015-11-25,6:48,"07 - Fog, mist, smoke, dust",01 - Dry,10 - No control,01 - Non intersection,03 - Dawn,03 - P.D. only,07 - SMV other,Osgoode
13905,INNES RD @ TENTH LINE RD,383951.0383,5036160.283,-75.48789379,45.46088647,2015-11-25,6:55,01 - Clear,06 - Ice,01 - Traffic signal,02 - Intersection related,03 - Dawn,03 - P.D. only,03 - Rear end,Queenswood Heights
13906,HAWTHORNE RD/RUSSELL RD @ WALKLEY RD,374674.7439,5028498.097,-75.60758158,45.39293566,2015-11-27,16:20,01 - Clear,01 - Dry,01 - Traffic signal,02 - Intersection related,05 - Dusk,03 - P.D. only,03 - Rear end,Sheffield Glen
13907,SHEFFIELD RD @ WALKLEY RD,375259.1791,5028784.539,-75.60007737,45.39545436,2015-11-27,16:47,02 - Rain,02 - Wet,01 - Traffic signal,02 - Intersection related,05 - Dusk,03 - P.D. only,03 - Rear end,Industrial Park
13908,CARLING AVE @ WOODROFFE AVE W,361767.6836,5025724.791,-75.77273166,45.36915071,2015-11-17,18:46,01 - Clear,01 - Dry,01 - Traffic signal,02 - Intersection related,07 - Dark,03 - P.D. only,03 - Rear end,Carlingwood West - Glabar Park - McKellar Heights
13909,BLAIR RD @ OGILVIE RD,374507.0017,5033198.575,-75.60905886,45.43524485,2015-11-02,11:30,01 - Clear,01 - Dry,01 - Traffic signal,02 - Intersection related,01 - Daylight,03 - P.D. only,03 - Rear end,Industrial Park
13910,RIDEAU RD btwn HAWTHORNE RD & SOMME ST,378657.0609,5018964.65,-75.55815123,45.30675024,2015-11-30,9:25,01 - Clear,01 - Dry,10 - No control,01 - Non intersection,01 - Daylight,03 - P.D. only,07 - SMV other,Greenbelt
13911,HERON RD @ BAYCREST DR,371143.2398,5026981.608,-75.6528836,45.37963433,2015-08-31,16:34,01 - Clear,01 - Dry,01 - Traffic signal,02 - Intersection related,01 - Daylight,03 - P.D. only,03 - Rear end,Ledbury - Heron Gate - Ridgemont - Elmwood
13912,BANK ST btwn WILDWOOD AVE & RIDGEMONT AVE,370061.8095,5026671.632,-75.66673153,45.37694684,2015-12-02,18:36,01 - Clear,01 - Dry,10 - No control,04 - At/near private drive,07 - Dark,03 - P.D. only,07 - SMV other,Ledbury - Heron Gate - Ridgemont - Elmwood
13913,DES EPINETTES AVE @ JEANNE D'ARC BLVD,382227.1091,5035958.21,-75.50996619,45.45926157,2015-12-02,17:54,"07 - Fog, mist, smoke, dust",02 - Wet,01 - Traffic signal,03 - At intersection,07 - Dark,03 - P.D. only,05 - Turning movement,Orleans Village - Chateauneuf
13914,MONTREAL RD @ OLMSTEAD ST,370331.9913,5033213.586,-75.6624127,45.43578365,2015-12-04,15:46,01 - Clear,01 - Dry,01 - Traffic signal,03 - At intersection,01 - Daylight,03 - P.D. only,05 - Turning movement,Vanier South
13915,DONALD ST @ VANIER PKWY,370311.7131,5032270.585,-75.66279732,45.42730082,2015-11-30,10:20,01 - Clear,01 - Dry,01 - Traffic signal,02 - Intersection related,01 - Daylight,03 - P.D. only,04 - Sideswipe,Overbrook
13916,ALTA VISTA DR @ SMYTH RD,370432.7159,5029081.558,-75.66167579,45.39859586,2015-10-21,12:34,01 - Clear,01 - Dry,01 - Traffic signal,02 - Intersection related,01 - Daylight,03 - P.D. only,99 - Other,Alta Vista
13917,BANK ST btwn OSSINGTON AVE & CAMERON AVE,368930.7176,5028279.154,-75.68096307,45.39151528,2015-10-22,13:35,01 - Clear,01 - Dry,10 - No control,01 - Non intersection,01 - Daylight,03 - P.D. only,07 - SMV other,Old Ottawa South
13918,RIVERSIDE DR SB btwn BILLINGS BRIDGESC RAMP NB & DATA CENTRE RD,369002.6742,5027776.772,-75.68010954,45.38698841,2015-09-26,18:21,01 - Clear,01 - Dry,10 - No control,01 - Non intersection,01 - Daylight,03 - P.D. only,03 - Rear end,Alta Vista
13919,INDUSTRIAL AVE btwn RUSSELL RD & ST. LAURENT BLVD,372767.5103,5030006.496,-75.63172946,45.40669528,2015-09-28,15:37,02 - Rain,02 - Wet,10 - No control,04 - At/near private drive,01 - Daylight,03 - P.D. only,02 - Angle,Industrial Park
13920,PAUL ANKA DR @ UPLANDS DR,369458.4454,5023574.794,-75.67483973,45.34913831,2015-11-28,2:59,01 - Clear,01 - Dry,02 - Stop sign,02 - Intersection related,07 - Dark,03 - P.D. only,04 - Sideswipe,Hunt Club East - Western Community
13921,JOCKVALE RD @ CAMBRIAN RD/GOLFLINKS DR W,365381.9688,5013223.417,-75.72812313,45.25636134,2015-11-28,3:05,01 - Clear,01 - Dry,11 - Roundabout,03 - At intersection,07 - Dark,03 - P.D. only,07 - SMV other,New Barrhaven
13922,FISHER AVE @ MEADOWLANDS DR,366575.7869,5025045.446,-75.71144038,45.36263079,2015-11-12,16:00,01 - Clear,01 - Dry,01 - Traffic signal,02 - Intersection related,01 - Daylight,03 - P.D. only,03 - Rear end,Carleton Heights - Rideauview
13923,HINCKS LANE @ RIVERSIDE DR,370165.3382,5030205.336,-75.66494167,45.40873221,2015-11-28,9:40,01 - Clear,01 - Dry,01 - Traffic signal,02 - Intersection related,01 - Daylight,03 - P.D. only,03 - Rear end,Industrial Park
13924,SMYTH RD btwn MAIN ST & RAMP,369884.6309,5029124.472,-75.66867005,45.39903315,2015-11-28,23:00,01 - Clear,01 - Dry,10 - No control,07 - Overpass or bridge,07 - Dark,03 - P.D. only,07 - SMV other,Alta Vista
13925,HAZELDEAN RD @ TERRY FOX DR,352207.611,5017241.729,-75.89558367,45.29353031,2015-12-01,15:05,02 - Rain,02 - Wet,01 - Traffic signal,02 - Intersection related,01 - Daylight,03 - P.D. only,04 - Sideswipe,Glen Cairn - Kanata South Business Park
13926,CAMPEAU DR @ TERRY FOX DR,350454.8787,5019009.011,-75.91776594,45.30954888,2015-12-01,17:10,04 - Freezing Rain,02 - Wet,01 - Traffic signal,02 - Intersection related,07 - Dark,03 - P.D. only,03 - Rear end,Kanata Lakes - Marchwood Lakeside - Morgan's Grant - Kanata
13927,CARLING AVE EB btwn ROSEVIEW AVE & SCRIVENS ST,359386.7794,5024219.326,-75.80329106,45.35579404,2015-08-19,20:55,01 - Clear,01 - Dry,10 - No control,01 - Non intersection,07 - Dark,03 - P.D. only,07 - SMV other,Whitehaven - Queensway Terrace North
13928,HWY 417 CASTLEFR IC139R61 @ KANATA AVE,351616.6602,5019225.33,-75.90293016,45.31141888,2015-11-14,18:16,01 - Clear,01 - Dry,01 - Traffic signal,03 - At intersection,07 - Dark,03 - P.D. only,02 - Angle,Kanata
13929,HAWTHORNE RD @ HUNT CLUB RD,375509.916,5026406.529,-75.59721594,45.37403295,2015-11-25,8:15,01 - Clear,01 - Dry,01 - Traffic signal,02 - Intersection related,01 - Daylight,03 - P.D. only,04 - Sideswipe,Industrial Park
13930,RUSSELL RD @ SAUMURE RD/LANGLADE RD,399947.8987,5029465.207,-75.28467754,45.39865872,2015-11-25,11:12,01 - Clear,01 - Dry,02 - Stop sign,02 - Intersection related,01 - Daylight,03 - P.D. only,04 - Sideswipe,Navan - Vars
13931,CARLING AVE @ EDGEWORTH AVE,361261.9582,5025425.968,-75.77922156,45.36650284,2015-11-27,17:01,02 - Rain,02 - Wet,01 - Traffic signal,03 - At intersection,07 - Dark,03 - P.D. only,07 - SMV other,Woodroffe - Lincoln Heights
13932,ALTA VISTA DR @ VALOUR DR,370437.9033,5029583.107,-75.66154279,45.40310813,2015-11-22,2:12,"07 - Fog, mist, smoke, dust",02 - Wet,02 - Stop sign,02 - Intersection related,07 - Dark,03 - P.D. only,07 - SMV other,Elmvale - Eastway - Riverview - Riverview Park West
13933,ST. LAURENT BLVD btwn DONALD ST & 125 N OF QUEEN MARY ST,372100.8828,5032457.589,-75.63990974,45.42881353,2015-11-30,11:44,01 - Clear,01 - Dry,10 - No control,01 - Non intersection,01 - Daylight,03 - P.D. only,03 - Rear end,Overbrook
13934,STITTSVILLE MAIN ST btwn NEIL AVE & HAZELDEAN RD,349577.8576,5014781.059,-75.92933163,45.27156088,2015-09-04,3:16,01 - Clear,01 - Dry,10 - No control,01 - Non intersection,07 - Dark,03 - P.D. only,07 - SMV other,Stittsville
13935,CATHERINE ST @ METCALFE ST,368394.4274,5030486.203,-75.68752694,45.41142251,2015-09-10,8:23,01 - Clear,01 - Dry,01 - Traffic signal,02 - Intersection related,01 - Daylight,03 - P.D. only,03 - Rear end,Centretown
13936,BASELINE RD btwn MARSON ST & FISHER AVE,366041.0618,5025948.388,-75.71815351,45.37080221,2015-12-02,18:23,01 - Clear,02 - Wet,10 - No control,01 - Non intersection,07 - Dark,03 - P.D. only,03 - Rear end,Civic Hospital - Experimental Farm - Central Park
13937,ALTA VISTA DR @ MICMAC ST,370373.7157,5027669.263,-75.66261701,45.38589406,2015-12-02,18:24,01 - Clear,01 - Dry,02 - Stop sign,03 - At intersection,07 - Dark,03 - P.D. only,05 - Turning movement,Alta Vista
13938,LEGRAND CRES btwn WENDLER TER & WENDLER TER,382672.6252,5035658.225,-75.5043179,45.45651305,2015-12-01,18:19,04 - Freezing Rain,06 - Ice,10 - No control,01 - Non intersection,07 - Dark,03 - P.D. only,02 - Angle,Queenswood Heights
13939,ST. JOSEPH BLVD/OLD MONTREAL RD @ TRIM RD,384682.032,5039285.582,-75.47803988,45.48892171,2015-12-04,7:06,03 - Snow,02 - Wet,11 - Roundabout,03 - At intersection,03 - Dawn,03 - P.D. only,04 - Sideswipe,Cardinal Creek
13940,CATHERINE ST btwn BANK ST & O'CONNOR ST,368149.8307,5030334.805,-75.69067101,45.41008247,2015-11-30,13:09,01 - Clear,01 - Dry,10 - No control,04 - At/near private drive,01 - Daylight,03 - P.D. only,02 - Angle,Centretown
13941,GREENBANK RD @ BERRIGAN DR/WESSEX RD,363724.4024,5015277.506,-75.74899671,45.27498487,2015-09-19,11:00,01 - Clear,01 - Dry,01 - Traffic signal,02 - Intersection related,01 - Daylight,03 - P.D. only,03 - Rear end,New Barrhaven
13942,BANK ST @ FOURTH AVE,368366.9956,5029477.647,-75.6880074,45.40235034,2015-09-29,11:29,01 - Clear,01 - Dry,02 - Stop sign,03 - At intersection,01 - Daylight,03 - P.D. only,02 - Angle,The Glebe
13943,FALLOWFIELD RD @ MERIVALE RD,366890.9906,5018843.747,-75.70819529,45.30680108,2015-12-01,14:19,02 - Rain,02 - Wet,01 - Traffic signal,02 - Intersection related,01 - Daylight,03 - P.D. only,03 - Rear end,Greenbelt
13944,CARLING AVE @ ROCHESTER ST,366992.7132,5029043.276,-75.70561528,45.39856543,2015-11-12,16:33,02 - Rain,02 - Wet,02 - Stop sign,03 - At intersection,05 - Dusk,03 - P.D. only,02 - Angle,Centretown West
13945,HAZELDEAN RD btwn 246 E OF CASTLEFRANK RD & IRWIN GT,353073.9955,5018020.989,-75.8844626,45.30048329,2015-11-12,20:33,02 - Rain,02 - Wet,10 - No control,04 - At/near private drive,07 - Dark,03 - P.D. only,05 - Turning movement,Glen Cairn - Kanata South Business Park
13946,GLADSTONE AVE btwn CAMBRIDGE ST N & BRONSON AVE,367119.2613,5030071.456,-75.70386911,45.40780546,2015-12-01,16:00,02 - Rain,02 - Wet,10 - No control,04 - At/near private drive,05 - Dusk,03 - P.D. only,02 - Angle,Centretown West
13947,TERRY FOX DR @ PALLADIUM DR/KATIMAVIK RD,351271.162,5018181.053,-75.9074341,45.30204516,2015-12-01,17:46,02 - Rain,02 - Wet,01 - Traffic signal,02 - Intersection related,07 - Dark,03 - P.D. only,99 - Other,Katimavik - Hazeldean