Record,Location,X,Y,lon,lat,Date,Time,Environment,Road_Surface,Traffic_Control,Collision_Location,Light,Collision_Classification,Impact_type,Neighborhood
13948,MONTREAL RD @ NORTH RIVER RD,369739.7087,5032887.675,-75.67002506,45.43290649,2015-08-23,5:20,01 - Clear,01 - Dry,01 - Traffic signal,03 - At intersection,07 - Dark,03 - P.D. only,07 - SMV other,Vanier South
13949,REGIONAL ROAD 174 btwn Continuation of REGIONAL ROAD 174 & OR174 IC112,374385.7379,5032539.331,-75.61070174,45.42932541,2015-11-16,7:01,01 - Clear,01 - Dry,10 - No control,01 - Non intersection,03 - Dawn,03 - P.D. only,03 - Rear end,Industrial Park
13950,BANK ST btwn QUEENSDALE AVE & LESTER RD,373587.6931,5023059.369,-75.62222067,45.34410787,2015-11-17,10:46,01 - Clear,01 - Dry,10 - No control,01 - Non intersection,01 - Daylight,03 - P.D. only,05 - Turning movement,Blossom Park - Blossom Park West - Sawmill Creek/ Timbermill
13951,PRINCESS LOUISE DR S @ YORK MILLS DR S,383280.8309,5038255.813,-75.49612775,45.47981576,2015-11-25,11:14,01 - Clear,06 - Ice,02 - Stop sign,03 - At intersection,01 - Daylight,03 - P.D. only,03 - Rear end,Fallingbrook
13952,FERNBANK RD @ SMART CENTRE SC / 235 W OF TERRY FOX DR,354121.9537,5014963.635,-75.87140491,45.27289972,2015-11-25,12:39,01 - Clear,01 - Dry,01 - Traffic signal,02 - Intersection related,01 - Daylight,03 - P.D. only,07 - SMV other,Stittsville - Basswood
13953,HAZELDEAN RD @ EDGEWATER ST,352325.1618,5017352.039,-75.89407448,45.29451497,2015-11-27,17:45,02 - Rain,02 - Wet,01 - Traffic signal,03 - At intersection,07 - Dark,03 - P.D. only,02 - Angle,Glen Cairn - Kanata South Business Park
13954,COLONEL BY DR @ HAWTHORNE AVE/PRETORIA BRIDGE,368767.7102,5030527.011,-75.68275312,45.41175567,2015-11-22,2:56,01 - Clear,01 - Dry,01 - Traffic signal,03 - At intersection,07 - Dark,03 - P.D. only,05 - Turning movement,Old Ottawa East
13955,CONROY RD @ HUNT CLUB RD,373763.74,5025403.801,-75.61964743,45.36518485,2015-11-20,14:26,01 - Clear,01 - Dry,01 - Traffic signal,02 - Intersection related,01 - Daylight,03 - P.D. only,99 - Other,Greenboro East
13956,ELGIN ST @ LAURIER AVE,367948.7099,5031548.854,-75.69308462,45.42102426,2015-11-30,16:15,01 - Clear,01 - Dry,01 - Traffic signal,02 - Intersection related,05 - Dusk,03 - P.D. only,04 - Sideswipe,Downtown
13957,ST. LAURENT BLVD @ MCARTHUR AVE,371922.4397,5032886.494,-75.64213148,45.43268976,2015-10-08,15:39,01 - Clear,01 - Dry,01 - Traffic signal,02 - Intersection related,01 - Daylight,03 - P.D. only,03 - Rear end,Cummings
13958,CAMPEAU DR btwn COLCHESTER SQ/TERON RD & MARCH RD,352778.087,5020473.579,-75.88799801,45.3225725,2015-12-02,19:14,01 - Clear,02 - Wet,10 - No control,01 - Non intersection,07 - Dark,03 - P.D. only,07 - SMV other,Beaverbrook
13959,ANDERSON RD btwn LEITRIM RD & EIGHTH LINE RD,381079.7505,5023328.784,-75.52658839,45.34575722,2015-12-02,20:40,01 - Clear,02 - Wet,10 - No control,01 - Non intersection,07 - Dark,03 - P.D. only,07 - SMV other,Greenbelt
13960,OR174 IC109 RAMP65 @ MONTREAL RD,376402.9868,5034981.373,-75.5845695,45.45109377,2015-12-04,9:45,01 - Clear,02 - Wet,01 - Traffic signal,02 - Intersection related,01 - Daylight,03 - P.D. only,03 - Rear end,Beacon Hill South - Cardinal Heights
13961,INNES RD @ 298 E OF WILDFLOWER DR/LOBLAWS SC,383191.3046,5035795.062,-75.49766525,45.45768619,2015-12-04,12:34,01 - Clear,01 - Dry,01 - Traffic signal,02 - Intersection related,01 - Daylight,03 - P.D. only,03 - Rear end,Avalon
13962,DRIVEWAY (THE) @ PRINCE OF WALES DR,366883.7117,5028136.824,-75.70712148,45.39041909,2015-11-06,14:44,01 - Clear,01 - Dry,11 - Roundabout,03 - At intersection,01 - Daylight,03 - P.D. only,04 - Sideswipe,Civic Hospital - Experimental Farm - Central Park
13963,WOODROFFE AVE btwn WOODROFFE AVE & NAVAHO DR,362637.6498,5023578,-75.76187752,45.34976282,2015-11-30,18:12,01 - Clear,01 - Dry,10 - No control,01 - Non intersection,07 - Dark,03 - P.D. only,03 - Rear end,Centrepointe
13964,RUSSLAND RD btwn ROCKDALE RD & DUNNING RD,395367.7004,5022995.991,-75.34435406,45.34106389,2015-11-30,22:36,01 - Clear,01 - Dry,10 - No control,01 - Non intersection,07 - Dark,03 - P.D. only,07 - SMV other,Navan - Vars
13965,CONROY RD @ HUNT CLUB RD,373763.74,5025403.442,-75.61964748,45.36518162,2015-09-29,13:27,02 - Rain,02 - Wet,01 - Traffic signal,02 - Intersection related,01 - Daylight,03 - P.D. only,03 - Rear end,Greenboro East
13966,METCALFE ST btwn NEPEAN ST & LISGAR ST,367880.48,5031309.844,-75.69398698,45.41887988,2015-09-29,20:41,01 - Clear,01 - Dry,10 - No control,01 - Non intersection,07 - Dark,03 - P.D. only,04 - Sideswipe,Centretown
13967,HAZELDEAN RD btwn GO/KA BOUNDARY & HUNTMAR DR/IBER RD,351144.3306,5016266.461,-75.90923018,45.2848255,2015-12-06,18:10,01 - Clear,01 - Dry,10 - No control,01 - Non intersection,07 - Dark,03 - P.D. only,07 - SMV other,Stittsville
13968,RUSSELL RD btwn SMYTH RD & ST. LAURENT BLVD,373373.756,5029413.287,-75.6240682,45.40129873,2015-12-07,9:40,01 - Clear,01 - Dry,10 - No control,01 - Non intersection,01 - Daylight,03 - P.D. only,04 - Sideswipe,Sheffield Glen
13969,TERRY FOX DR @ EDGEWATER ST/WALTER BAKER PL,351779.0522,5017612.006,-75.90101214,45.29689094,2015-11-14,16:54,01 - Clear,01 - Dry,01 - Traffic signal,02 - Intersection related,07 - Dark,03 - P.D. only,03 - Rear end,Katimavik - Hazeldean
13970,MORISSET AVE btwn CALDWELL AVE & MERIVALE RD,364611.6139,5026330.085,-75.73635497,45.37436011,2015-11-30,17:29,01 - Clear,01 - Dry,10 - No control,04 - At/near private drive,07 - Dark,03 - P.D. only,06 - SMV unattended vehicle,Carlington
13971,GREENBANK RD @ HARRISON ST/ASHGROVE CRES,360839.324,5022009.606,-75.78500355,45.33579644,2015-12-02,7:59,02 - Rain,02 - Wet,01 - Traffic signal,02 - Intersection related,01 - Daylight,03 - P.D. only,03 - Rear end,Briar Green - Leslie Park
13972,MOODIE DR btwn WEST HUNT CLUB RD & ALTI PL,358497.2247,5017005.307,-75.81542617,45.29095048,2015-12-02,8:21,02 - Rain,02 - Wet,10 - No control,04 - At/near private drive,01 - Daylight,03 - P.D. only,05 - Turning movement,Greenbelt
13973,KING EDWARD AVE @ ST. PATRICK ST,368247.9806,5032822.508,-75.68909684,45.43245707,2015-11-17,16:53,01 - Clear,01 - Dry,01 - Traffic signal,02 - Intersection related,05 - Dusk,03 - P.D. only,04 - Sideswipe,Byward Market
13974,CONROY RD @ JOHNSTON RD,373396.0851,5026306.294,-75.62421484,45.37334119,2015-11-17,17:11,01 - Clear,01 - Dry,01 - Traffic signal,02 - Intersection related,05 - Dusk,03 - P.D. only,02 - Angle,Hunt Club
13975,CITIPLACE DR @ TIVOLI PRIV,366748.1389,5023479.318,-75.70943678,45.34852387,2015-11-25,8:15,01 - Clear,02 - Wet,02 - Stop sign,02 - Intersection related,01 - Daylight,03 - P.D. only,06 - SMV unattended vehicle,Industrial Park
13976,RUSSELL RD btwn SAND RD & FRANK KENNY RD,392417.7224,5026321.432,-75.38139914,45.37135732,2015-11-27,18:07,02 - Rain,02 - Wet,10 - No control,01 - Non intersection,07 - Dark,03 - P.D. only,07 - SMV other,Navan - Vars
13977,WOODROFFE AVE @ SPORTSPLEX N,363762.9403,5021067.234,-75.74781701,45.32707746,2015-11-27,17:20,02 - Rain,02 - Wet,01 - Traffic signal,02 - Intersection related,07 - Dark,03 - P.D. only,03 - Rear end,Merivale Gardens - Grenfell Glen - Pineglen - Country Place
13978,HUNT CLUB RD/AIRPORT PKWY/HUNT CLUB RD RAMP 53,370950.8385,5023663.468,-75.65578425,45.349797,2015-11-24,13:20,01 - Clear,01 - Dry,02 - Stop sign,02 - Intersection related,01 - Daylight,03 - P.D. only,03 - Rear end,Hunt Club East - Western Community
13979,GRANT CARMAN DR @ MEADOWLANDS DR,365050.9721,5023900.785,-75.73104217,45.35246402,2015-11-30,16:16,01 - Clear,01 - Dry,01 - Traffic signal,03 - At intersection,01 - Daylight,03 - P.D. only,05 - Turning movement,Cityview - Skyline - Fisher Heights
13980,REGIONAL ROAD 174 btwn OR174 IC109 RAMP64 & OR174 IC105 RAMP16,376706.1557,5035444.429,-75.58062635,45.45522892,2015-11-29,11:00,01 - Clear,01 - Dry,10 - No control,01 - Non intersection,01 - Daylight,03 - P.D. only,07 - SMV other,Greenbelt
13981,EAGLESON RD btwn CAMBRIAN RD & PERTH ST,357938.7536,5007622.945,-75.82354837,45.20656852,2015-10-08,22:57,01 - Clear,01 - Dry,10 - No control,01 - Non intersection,07 - Dark,03 - P.D. only,06 - SMV unattended vehicle,Munster Hamlet - Richmond
13982,MERIVALE RD @ CLEOPATRA DR,365951.5818,5021123.451,-75.71989239,45.32739602,2015-10-09,17:50,01 - Clear,01 - Dry,01 - Traffic signal,02 - Intersection related,01 - Daylight,03 - P.D. only,03 - Rear end,Merivale Gardens - Grenfell Glen - Pineglen - Country Place
13983,TENTH LINE RD @ CHARLEMAGNE BLVD S/DES EPINETT,383640.9751,5036900.456,-75.49173924,45.46758093,2015-09-19,18:45,01 - Clear,01 - Dry,01 - Traffic signal,02 - Intersection related,01 - Daylight,03 - P.D. only,03 - Rear end,Orl¨¦ans
13984,BLAIR PL @ OGILVIE RD,374800.4432,5033369.78,-75.60528443,45.43675594,2015-10-07,10:15,01 - Clear,01 - Dry,01 - Traffic signal,02 - Intersection related,01 - Daylight,03 - P.D. only,03 - Rear end,Beacon Hill South - Cardinal Heights
13985,TENTH LINE RD btwn LAKEPOINTE DR & BLACKBURN BYPS,384365.3772,5035168.704,-75.4827569,45.45191808,2015-12-04,16:30,01 - Clear,01 - Dry,10 - No control,01 - Non intersection,05 - Dusk,03 - P.D. only,03 - Rear end,Avalon
13986,TERRY FOX DR @ PALLADIUM DR/KATIMAVIK RD,351270.44,5018181.775,-75.90744324,45.3020517,2015-11-06,14:54,01 - Clear,01 - Dry,01 - Traffic signal,02 - Intersection related,01 - Daylight,03 - P.D. only,03 - Rear end,Katimavik - Hazeldean
13987,CHARLEMAGNE BLVD btwn PRINCESS LOUISE DR & BOTTRIELL WAY,383594.8181,5037956.3,-75.49216011,45.47708566,2015-11-08,4:22,01 - Clear,01 - Dry,10 - No control,01 - Non intersection,07 - Dark,03 - P.D. only,07 - SMV other,Fallingbrook
13988,STAGECOACH RD btwn OSGOODE MAIN ST & FOREST RD,378075.2366,5003320.109,-75.56787422,45.16604698,2015-12-01,10:31,01 - Clear,01 - Dry,10 - No control,04 - At/near private drive,01 - Daylight,03 - P.D. only,07 - SMV other,Kars - Osgoode
13989,AIRPORT PKWY btwn BROOKFIELD RAMP 34 & BRONSON AVE RAMP 24C,368707.7625,5026681.637,-75.68401705,45.37716167,2015-12-01,16:29,04 - Freezing Rain,06 - Ice,10 - No control,01 - Non intersection,05 - Dusk,03 - P.D. only,04 - Sideswipe,Alta Vista
13990,NICHOLAS ST SB btwn Continuation of NICHOLAS ST & HWY417 IC118 RAMP35,369021.5244,5031327.574,-75.67940642,45.4189356,2015-09-29,21:58,01 - Clear,01 - Dry,10 - No control,01 - Non intersection,07 - Dark,03 - P.D. only,04 - Sideswipe,Sandy Hill
13991,ELGIN ST @ LISGAR ST,368073.9905,5031343.774,-75.69151028,45.4191677,2015-09-30,13:35,01 - Clear,01 - Dry,01 - Traffic signal,02 - Intersection related,01 - Daylight,03 - P.D. only,03 - Rear end,Centretown
13992,WOODROFFE AVE btwn KNOXDALE RD/MEDHURST DR & NORICE ST,363397.0008,5021883.546,-75.75238823,45.33445323,2015-11-16,8:39,01 - Clear,01 - Dry,10 - No control,04 - At/near private drive,01 - Daylight,03 - P.D. only,05 - Turning movement,Woodvale - Craig Henry - Manordale - Estates of Arlington Wo
13993,FALLOWFIELD RD @ WOODROFFE AVE,365085.872,5017903.19,-75.73132702,45.29849526,2015-11-17,20:48,01 - Clear,01 - Dry,01 - Traffic signal,03 - At intersection,07 - Dark,03 - P.D. only,05 - Turning movement,Greenbelt
13994,CLARENCE ST @ DALHOUSIE ST,368043.4215,5032502.876,-75.69175202,45.42959967,2015-11-30,18:31,01 - Clear,01 - Dry,01 - Traffic signal,02 - Intersection related,07 - Dark,03 - P.D. only,03 - Rear end,Byward Market
13995,METCALFE ST @ SLATER ST,367730.9746,5031548.854,-75.69586657,45.42104388,2015-11-30,22:20,01 - Clear,01 - Dry,01 - Traffic signal,03 - At intersection,07 - Dark,03 - P.D. only,02 - Angle,Downtown
13996,CAMPEAU DR @ KNUDSON DR,351806.8936,5019847.188,-75.90044518,45.3170018,2015-12-02,15:14,01 - Clear,01 - Dry,01 - Traffic signal,02 - Intersection related,01 - Daylight,03 - P.D. only,03 - Rear end,Kanata
13997,OLD PRESCOTT RD btwn ALDERGROVE WAY & MCKEOWN DR,377747.7578,5014001.957,-75.57047496,45.262193,2015-12-02,19:07,01 - Clear,02 - Wet,10 - No control,01 - Non intersection,07 - Dark,03 - P.D. only,07 - SMV other,Greely
13998,RIVERSIDE DR SB btwn RIVERSIDE DR SPLIT & DATA CENTRE RD,368623.815,5027437.546,-75.68499107,45.38397078,2015-10-08,10:05,01 - Clear,01 - Dry,10 - No control,01 - Non intersection,01 - Daylight,03 - P.D. only,04 - Sideswipe,Alta Vista
13999,RUSSELL RD S @ ST. LAURENT BLVD,373570.6346,5029262.081,-75.62157473,45.39991894,2015-11-17,17:22,01 - Clear,01 - Dry,01 - Traffic signal,03 - At intersection,07 - Dark,03 - P.D. only,05 - Turning movement,Sheffield Glen
14000,AIRPORT PKWY btwn RAMP & TO BE DETERMINED,369930.1295,5025697.642,-75.66854109,45.36819543,2015-11-17,17:15,01 - Clear,01 - Dry,10 - No control,01 - Non intersection,07 - Dark,03 - P.D. only,03 - Rear end,Hunt Club Woods - Quintarra - Revelstoke - Riverside South P
14001,FALLOWFIELD RD @ GREENBANK RD,363081.3977,5016732.455,-75.75702038,45.28813013,2015-11-25,19:01,01 - Clear,01 - Dry,01 - Traffic signal,03 - At intersection,07 - Dark,03 - P.D. only,05 - Turning movement,Greenbelt
14002,ST. JOSEPH BLVD/OLD MONTREAL RD @ TRIM RD,384683.476,5039286.304,-75.47802129,45.48892804,2015-11-26,7:51,01 - Clear,01 - Dry,11 - Roundabout,03 - At intersection,01 - Daylight,03 - P.D. only,02 - Angle,Cardinal Creek
14003,BASELINE RD @ LOBLAWS SC,364742.6511,5025130.219,-75.73482769,45.36355271,2015-11-27,18:25,02 - Rain,02 - Wet,01 - Traffic signal,03 - At intersection,07 - Dark,03 - P.D. only,05 - Turning movement,Civic Hospital - Experimental Farm - Central Park
14004,ALBION RD btwn RIDEAU RD & TULLAMORE ST,375368.9062,5016049.712,-75.60049226,45.28086071,2015-11-27,18:48,02 - Rain,02 - Wet,10 - No control,01 - Non intersection,07 - Dark,03 - P.D. only,01 - Approaching,Greenbelt
14005,MONTREAL RD @ OGILVIE RD,375654.735,5034556.586,-75.59419573,45.44734806,2015-11-25,14:36,01 - Clear,01 - Dry,01 - Traffic signal,02 - Intersection related,01 - Daylight,03 - P.D. only,05 - Turning movement,Beacon Hill South - Cardinal Heights
14006,SENECA ST btwn SUNNYSIDE AVE & HOPEWELL AVE,368230.6525,5028265.005,-75.68990478,45.39145173,2015-11-20,17:00,01 - Clear,01 - Dry,10 - No control,01 - Non intersection,07 - Dark,03 - P.D. only,06 - SMV unattended vehicle,Old Ottawa South
14007,CAMPEAU DR @ TERRY FOX DR,350455.3487,5019010.926,-75.91775977,45.30956608,2015-12-01,12:30,01 - Clear,01 - Dry,01 - Traffic signal,03 - At intersection,01 - Daylight,03 - P.D. only,05 - Turning movement,Kanata Lakes - Marchwood Lakeside - Morgan's Grant - Kanata
14008,MARCH RD btwn BEARHILL RD & ROB LYTLE'S LANE,338261.939,5018070.601,-76.07332003,45.30179141,2015-10-09,23:51,01 - Clear,01 - Dry,10 - No control,01 - Non intersection,07 - Dark,03 - P.D. only,07 - SMV other,Carp - Hardwood Plains
14009,GOULBOURN FORCED RD @ KANATA AVE,349777.6934,5020352.354,-75.92627964,45.32168035,2015-10-19,14:59,02 - Rain,02 - Wet,01 - Traffic signal,02 - Intersection related,01 - Daylight,03 - P.D. only,04 - Sideswipe,Kanata Lakes - Marchwood Lakeside - Morgan's Grant - Kanata
14010,BANK ST @ 80 S OF HUNT CLUB RD/TOWNGATE PLAZA ,371688.2929,5024094.422,-75.64631562,45.35360463,2015-11-04,14:25,01 - Clear,01 - Dry,01 - Traffic signal,03 - At intersection,01 - Daylight,03 - P.D. only,02 - Angle,South Keys - Heron Gate - Greenboro West
14011,WALKLEY RD btwn HARDING RD & HALIFAX DR,373402.1433,5027759.16,-75.62393563,45.38641286,2015-11-20,13:14,01 - Clear,02 - Wet,10 - No control,04 - At/near private drive,01 - Daylight,03 - P.D. only,02 - Angle,Urbandale
14012,GREY'S CREEK RD btwn MARCELLA DR & STONE SCHOOL RD,381137.1654,5011100.026,-75.52773768,45.23572314,2015-11-26,6:30,01 - Clear,01 - Dry,10 - No control,01 - Non intersection,03 - Dawn,03 - P.D. only,07 - SMV other,Osgoode
14013,HUNT CLUB RD @ BRIDLE PATH DR/DAZE ST,371291.7289,5023863.782,-75.65140736,45.35156712,2015-11-08,12:29,01 - Clear,01 - Dry,01 - Traffic signal,02 - Intersection related,01 - Daylight,03 - P.D. only,03 - Rear end,South Keys - Heron Gate - Greenboro West
14014,LORETTA AVE   S btwn YOUNG ST & NOLAN AVE,366321.7479,5029283.445,-75.71415472,45.40078569,2015-10-01,20:00,01 - Clear,01 - Dry,10 - No control,01 - Non intersection,07 - Dark,03 - P.D. only,06 - SMV unattended vehicle,Centretown West
14015,BASELINE RD @ GREENBANK RD,360596.9636,5022584.861,-75.78803067,45.3409919,2015-10-07,16:53,01 - Clear,01 - Dry,01 - Traffic signal,02 - Intersection related,01 - Daylight,03 - P.D. only,04 - Sideswipe,Qualicum - Redwood Park
14016,MAITLAND AVE btwn TERREBONNE DR & CAMEO DR,364078.8385,5025138.271,-75.7432996,45.36368161,2015-11-18,17:30,01 - Clear,01 - Dry,10 - No control,01 - Non intersection,07 - Dark,03 - P.D. only,04 - Sideswipe,Civic Hospital - Experimental Farm - Central Park
14017,BASELINE RD btwn 207 E OF CLYDE AVE & LOBLAWS SC,364569.4157,5025021.914,-75.73705196,45.36259299,2015-11-19,17:45,02 - Rain,02 - Wet,10 - No control,01 - Non intersection,07 - Dark,03 - P.D. only,03 - Rear end,Civic Hospital - Experimental Farm - Central Park
14018,NELSON ST @ RIDEAU ST,368650.2591,5032498.951,-75.68399796,45.42950921,2015-12-01,16:31,02 - Rain,02 - Wet,01 - Traffic signal,03 - At intersection,05 - Dusk,03 - P.D. only,05 - Turning movement,Lowe
14019,CARLING AVE @ RICHMOND RD,360245.679,5024782.234,-75.79226633,45.36079168,2015-12-03,9:13,01 - Clear,02 - Wet,01 - Traffic signal,02 - Intersection related,01 - Daylight,03 - P.D. only,03 - Rear end,Whitehaven - Queensway Terrace North
14020,FISHER AVE @ MEADOWLANDS DR,366574.3429,5025046.168,-75.71145872,45.36263741,2015-12-03,13:53,01 - Clear,01 - Dry,01 - Traffic signal,02 - Intersection related,01 - Daylight,03 - P.D. only,05 - Turning movement,Carleton Heights - Rideauview
14021,MONTREAL RD @ OGILVIE RD,375654.9152,5034555.415,-75.5941936,45.44733751,2015-10-13,15:12,01 - Clear,02 - Wet,01 - Traffic signal,02 - Intersection related,01 - Daylight,03 - P.D. only,03 - Rear end,Beacon Hill South - Cardinal Heights
14022,BERTONA ST @ KNOXDALE RD,362754.4083,5021446.409,-75.76063726,45.33057326,2015-10-20,8:45,01 - Clear,01 - Dry,02 - Stop sign,03 - At intersection,01 - Daylight,03 - P.D. only,03 - Rear end,Woodvale - Craig Henry - Manordale - Estates of Arlington Wo
14023,JEANNE D'ARC BLVD  S btwn SAPINIER ST & INNES RD,382624.7572,5035596.435,-75.50493962,45.45596244,2015-11-26,10:26,01 - Clear,01 - Dry,10 - No control,04 - At/near private drive,01 - Daylight,03 - P.D. only,02 - Angle,Orleans Village - Chateauneuf
14024,INNES RD @ 215 W OF CYRVILLE RD/HOME DEPOT W,374865.3296,5031000.784,-75.60479217,45.41543451,2015-11-27,6:51,01 - Clear,01 - Dry,01 - Traffic signal,03 - At intersection,03 - Dawn,03 - P.D. only,02 - Angle,Industrial Park
14025,KERWIN RD btwn MOWBRAY ST & FIFTH LINE RD,347195.2844,5028882.54,-75.95848675,45.39859784,2015-10-29,19:02,01 - Clear,01 - Dry,10 - No control,01 - Non intersection,07 - Dark,03 - P.D. only,07 - SMV other,Carp - Hardwood Plains
14026,DONALD ST @ VANIER PKWY,370311.7131,5032271.307,-75.66279722,45.42730731,2015-10-31,19:59,01 - Clear,01 - Dry,01 - Traffic signal,03 - At intersection,07 - Dark,03 - P.D. only,05 - Turning movement,Overbrook
14027,LORRY GREENBERG DR btwn HEARTLEAF PRIV & HUNT CLUB RD,372810.0203,5024839.274,-75.63189836,45.36019864,2015-11-13,16:07,02 - Rain,02 - Wet,10 - No control,04 - At/near private drive,01 - Daylight,03 - P.D. only,02 - Angle,Greenboro East
14028,BOOTH ST @ OTTAWA RIVER PKWY/WELLINGTON ST,366264.257,5031005.244,-75.71467434,45.41628303,2015-12-01,5:40,01 - Clear,01 - Dry,01 - Traffic signal,02 - Intersection related,07 - Dark,03 - P.D. only,04 - Sideswipe,LeBreton Flats
14029,SMYTH RD @ SOUTH HAVEN PL/GENERAL HOSPITAL ENTRANCE W,371120.8482,5029137.365,-75.65287976,45.39903315,2015-12-01,6:59,01 - Clear,01 - Dry,01 - Traffic signal,03 - At intersection,03 - Dawn,03 - P.D. only,05 - Turning movement,Alta Vista
14030,GALETTA SIDE RD btwn JOHN SHAW RD & HOMESTEADERS RD,327078.0122,5034397.275,-76.21518981,45.44915104,2015-11-12,21:36,02 - Rain,02 - Wet,10 - No control,01 - Non intersection,07 - Dark,03 - P.D. only,07 - SMV other,Fitzro
14031,ROCKY HILL DR @ PRINCE OF WALES DR,366968.1098,5014403.201,-75.70776834,45.26683862,2015-12-03,8:55,01 - Clear,01 - Dry,01 - Traffic signal,02 - Intersection related,01 - Daylight,03 - P.D. only,03 - Rear end,Chapman Mills - Rideau Crest - Davidson Heights
14032,RIVERSIDE DR btwn HERON RD & RIVERSIDE DR RAMP 34,368109.8926,5026780.807,-75.69163725,45.37810826,2015-10-07,16:30,01 - Clear,01 - Dry,10 - No control,01 - Non intersection,01 - Daylight,03 - P.D. only,04 - Sideswipe,Riverside Park
14033,BANK ST btwn RIDEAU RD & TURN LANE,377564.8918,5016373.766,-75.57245721,45.28355256,2015-10-15,18:26,02 - Rain,02 - Wet,10 - No control,01 - Non intersection,07 - Dark,03 - P.D. only,03 - Rear end,Osgoode
14034,STITTSVILLE MAIN ST/HUNTLEY RD @ FLEWELLYN RD,351418.6931,5010740.893,-75.90625142,45.23508647,2015-12-07,15:37,01 - Clear,01 - Dry,02 - Stop sign,02 - Intersection related,01 - Daylight,03 - P.D. only,02 - Angle,Stittsville - Basswood
14035,WEST HUNT CLUB RD WB btwn CEDARVIEW RD & GREENBANK RD,359979.3272,5019711.156,-75.79623141,45.31518308,2015-12-07,16:30,01 - Clear,01 - Dry,10 - No control,01 - Non intersection,05 - Dusk,03 - P.D. only,03 - Rear end,Greenbelt
14036,TERRY FOX DR @ FERNBANK RD,354304.3579,5015130.474,-75.86906372,45.27438816,2015-11-19,19:52,01 - Clear,01 - Dry,01 - Traffic signal,02 - Intersection related,07 - Dark,03 - P.D. only,04 - Sideswipe,Stittsville - Basswood
14037,MORRISON DR @ BASELINE RD,360099.9581,5022309.608,-75.79440274,45.33855452,2015-11-20,18:20,01 - Clear,01 - Dry,01 - Traffic signal,03 - At intersection,07 - Dark,03 - P.D. only,05 - Turning movement,Qualicum - Redwood Park
14038,EARL ARMSTRONG RD @ RIVER RD,367571.2745,5014682.953,-75.70004738,45.26930224,2015-12-05,11:49,01 - Clear,01 - Dry,01 - Traffic signal,02 - Intersection related,01 - Daylight,03 - P.D. only,03 - Rear end,Gloucester
14039,EARL ARMSTRONG RD @ LIMEBANK RD,370156.4429,5015959.007,-75.66693762,45.28054848,2015-12-03,15:48,01 - Clear,01 - Dry,01 - Traffic signal,02 - Intersection related,01 - Daylight,03 - P.D. only,03 - Rear end,Greenbelt
14040,RICHMOND RD btwn BROADVIEW AVE & GOLDEN AVE,362760.7262,5027937.328,-75.75979548,45.38897741,2015-12-03,15:59,01 - Clear,02 - Wet,10 - No control,04 - At/near private drive,05 - Dusk,03 - P.D. only,02 - Angle,Carlingwood - McKellar Park - Laurentien View
14041,BESSERER ST @ WALLER ST,368316.654,5032192.338,-75.68830052,45.4267808,2015-10-26,17:52,01 - Clear,01 - Dry,01 - Traffic signal,02 - Intersection related,05 - Dusk,03 - P.D. only,04 - Sideswipe,Byward Market - Parliament Hill
14042,FALLOWFIELD RD @ MERIVALE RD,366892.4346,5018845.191,-75.7081767,45.30681394,2015-11-18,17:03,01 - Clear,01 - Dry,01 - Traffic signal,02 - Intersection related,07 - Dark,03 - P.D. only,03 - Rear end,Greenbelt
14043,BANK ST @ HERON RD,369995.72,5026852.264,-75.66755143,45.37857826,2015-11-19,7:40,02 - Rain,02 - Wet,01 - Traffic signal,02 - Intersection related,01 - Daylight,03 - P.D. only,03 - Rear end,Alta Vista
14044,KING EDWARD AVE @ SOMERSET ST/MARIE CURIE PRIV,368956.9883,5031672.856,-75.68018599,45.42204825,2015-11-26,10:29,01 - Clear,02 - Wet,01 - Traffic signal,02 - Intersection related,01 - Daylight,03 - P.D. only,04 - Sideswipe,Sandy Hill
14045,KING EDWARD AVE @ ST. ANDREW ST,368159.256,5032969.305,-75.69021179,45.43378595,2015-11-26,10:58,01 - Clear,01 - Dry,01 - Traffic signal,02 - Intersection related,01 - Daylight,03 - P.D. only,03 - Rear end,Lower Town
14046,KINBURN SIDE RD btwn STONECREST RD & TORBOLTON RIDGE RD,334986.9407,5033131.043,-76.11415888,45.43746022,2015-11-29,17:09,01 - Clear,01 - Dry,10 - No control,01 - Non intersection,05 - Dusk,03 - P.D. only,07 - SMV other,Car
14047,ELGIN ST @ WAVERLEY ST,368317.7067,5030952.568,-75.68844691,45.41562568,2015-11-29,17:15,01 - Clear,01 - Dry,01 - Traffic signal,02 - Intersection related,07 - Dark,03 - P.D. only,02 - Angle,Centretown
14048,STRANDHERD DR btwn ANDORA AVE & JOCKVALE RD,363543.874,5014568.451,-75.75138127,45.26861988,2015-11-27,7:02,01 - Clear,01 - Dry,10 - No control,01 - Non intersection,03 - Dawn,03 - P.D. only,03 - Rear end,Barrhaven West - Old Barrhaven
14049,ISABELLA ST/HWY 417 O'CONN IC119BR57 @ O'CONNO,368298.4265,5030310.288,-75.68877597,45.4098484,2015-11-05,8:49,01 - Clear,01 - Dry,01 - Traffic signal,03 - At intersection,01 - Daylight,03 - P.D. only,02 - Angle,The Glebe