Record,Location,X,Y,lon,lat,Date,Time,Environment,Road_Surface,Traffic_Control,Collision_Location,Light,Collision_Classification,Impact_type,Neighborhood
14354,IONA ST @ ISLAND PARK DR,364352.2939,5028383.822,-75.73941779,45.39286136,2015-04-24,12:51,01 - Clear,01 - Dry,01 - Traffic signal,02 - Intersection related,01 - Daylight,03 - P.D. only,02 - Angle,Westboro
14355,HIGHWAY 417 btwn HWY417 IC119B RAMP57 & HWY417 IC119A RAMP75,368584.4786,5030514.756,-75.68509543,45.41166213,2015-11-23,18:00,01 - Clear,01 - Dry,10 - No control,01 - Non intersection,07 - Dark,03 - P.D. only,04 - Sideswipe,The Glebe
14356,HIGHWAY 417 btwn HWY417 IC155 RAMP26 & HWY417 IC155 RAMP61,339845.8916,5019258.114,-76.05303936,45.31239997,2015-11-23,21:15,01 - Clear,01 - Dry,10 - No control,01 - Non intersection,07 - Dark,03 - P.D. only,07 - SMV other,Carp - Hardwood Plains
14357,CHAMPLAIN BRIDGE/ISLAND PARK DR btwn BATE ISLAND & OTTAWA RIVER PKWY,363133.0684,5029603.411,-75.75484376,45.40393764,2015-07-09,17:26,01 - Clear,01 - Dry,10 - No control,01 - Non intersection,01 - Daylight,03 - P.D. only,03 - Rear end,Westboro
14358,COLONEL BY DR @ HAWTHORNE AVE/PRETORIA BRIDGE,368766.5666,5030528.144,-75.68276759,45.41176597,2015-07-15,20:55,01 - Clear,01 - Dry,01 - Traffic signal,02 - Intersection related,05 - Dusk,03 - P.D. only,03 - Rear end,Old Ottawa East
14359,LAVAL ST btwn ST. CHARLES ST & MARIER AVE,369641.2749,5033789.165,-75.67116423,45.44102686,2015-12-31,20:00,01 - Clear,04 - Slush,10 - No control,04 - At/near private drive,07 - Dark,03 - P.D. only,06 - SMV unattended vehicle,Vanier North
14360,HIGHWAY 417 btwn HWY417 IC110 RAMP55 & HWY417 IC104 RAMP51,379557.4516,5026012.803,-75.54560591,45.37007033,2015-04-26,22:00,01 - Clear,01 - Dry,10 - No control,01 - Non intersection,07 - Dark,03 - P.D. only,07 - SMV other,Greenbelt
14361,OTTAWA RIVER PKWY WB RAMP/CARLING AVE WB btwn CARLING AVE & OTTAWA RIV,360881.9026,5025415.002,-75.78407411,45.36643468,2015-04-26,23:24,01 - Clear,01 - Dry,10 - No control,01 - Non intersection,07 - Dark,03 - P.D. only,07 - SMV other,Woodroffe - Lincoln Heights
14362,OTTAWA RIVER PKWY @ RIVER ST/SLIDELL ST,365158.4256,5030379.661,-75.7288788,45.41075045,2015-04-28,15:55,01 - Clear,01 - Dry,01 - Traffic signal,03 - At intersection,01 - Daylight,03 - P.D. only,02 - Angle,Mechanicsville
14363,ISLAND PARK DR @ RICHMOND RD,364133.1722,5028866.109,-75.74215809,45.39721949,2015-04-28,18:26,01 - Clear,01 - Dry,01 - Traffic signal,02 - Intersection related,01 - Daylight,03 - P.D. only,04 - Sideswipe,Island Park
14364,BLAIR PL @ OGILVIE RD,374797.0715,5033374.128,-75.6053269,45.4367954,2015-07-16,13:58,01 - Clear,01 - Dry,01 - Traffic signal,02 - Intersection related,01 - Daylight,03 - P.D. only,03 - Rear end,Beacon Hill South - Cardinal Heights
14365,PARKDALE AVE @ SHERWOOD DR,365380.2122,5028745.3,-75.72624636,45.39602569,2015-12-31,17:45,03 - Snow,04 - Slush,01 - Traffic signal,03 - At intersection,07 - Dark,03 - P.D. only,02 - Angle,Civic Hospital - Experimental Farm - Central Park
14366,ST. LAURENT BLVD btwn HWY417 IC115 RAMP51 & HWY417 IC115 RAMP25,372555.2026,5031342.059,-75.63425774,45.41873265,2015-12-31,15:00,03 - Snow,06 - Ice,10 - No control,01 - Non intersection,01 - Daylight,03 - P.D. only,04 - Sideswipe,Industrial Park
14367,FRANKTOWN RD btwn MUNSTER RD & GREEN'S RD,351123.1171,5001131.676,-75.91090848,45.14863796,2015-12-19,15:01,03 - Snow,06 - Ice,10 - No control,01 - Non intersection,01 - Daylight,03 - P.D. only,07 - SMV other,Munster Hamlet - Richmond
14368,ISLAND PARK DR @ HELENA ST,364414.2771,5028237.831,-75.73864387,45.39154249,2015-07-21,10:08,02 - Rain,02 - Wet,02 - Stop sign,02 - Intersection related,01 - Daylight,03 - P.D. only,03 - Rear end,Westboro
14369,HIGHWAY 417 btwn HWY417 IC124 RAMP76 & HWY417 IC124 RAMP67,364133.5528,5027154.775,-75.74235899,45.38182118,2015-02-12,18:23,01 - Clear,01 - Dry,10 - No control,01 - Non intersection,07 - Dark,03 - P.D. only,03 - Rear end,Westboro
14370,HWY 7 HAZELDEAN RD IC RAMP 24 btwn HIGHWAY 7 & HAZELDEAN RD,346363.4426,5012026.855,-75.97052609,45.2469747,2015-02-12,13:45,05 - Drifting Snow,03 - Loose snow,10 - No control,01 - Non intersection,01 - Daylight,03 - P.D. only,07 - SMV other,Stittsville - Basswood
14371,HIGHWAY 417 btwn HWY417 IC155 RAMP61 & HWY417 IC145 RAMP56,344278.6394,5015545.889,-75.99680354,45.27876063,2015-02-12,0:30,03 - Snow,03 - Loose snow,10 - No control,01 - Non intersection,07 - Dark,03 - P.D. only,07 - SMV other,Carp - Hardwood Plains
14372,HIGHWAY 417 btwn HWY417 IC169 RAMP25 & HWY417 IC163 RAMP51,329655.2198,5021967.989,-76.18286849,45.33721963,2015-02-12,4:40,03 - Snow,03 - Loose snow,10 - No control,01 - Non intersection,07 - Dark,03 - P.D. only,07 - SMV other,Car
14373,HIGHWAY 417 btwn HWY417 IC119B RAMP57 & HWY417 IC119A RAMP75,368454.4442,5030442.316,-75.68676592,45.41102218,2015-02-13,7:40,01 - Clear,06 - Ice,10 - No control,01 - Non intersection,01 - Daylight,03 - P.D. only,03 - Rear end,The Glebe
14374,HWY417 IC144 RAMP25 btwn CARP RD & HIGHWAY 417,347858.1072,5016220.068,-75.95112301,45.28461703,2015-02-13,6:25,01 - Clear,06 - Ice,10 - No control,01 - Non intersection,03 - Dawn,03 - P.D. only,07 - SMV other,Stittsville - Basswood
14375,HWY417 IC124 RAMP76 btwn HIGHWAY 417 & CARLING AVE,364126.121,5027153.096,-75.74245408,45.3818067,2015-02-13,8:00,01 - Clear,06 - Ice,10 - No control,01 - Non intersection,01 - Daylight,03 - P.D. only,07 - SMV other,Westboro
14376,HWY417 IC104 RAMP16 btwn ANDERSON RD & HIGHWAY 417,380111.3934,5025974.697,-75.53854079,45.36966817,2015-02-08,3:26,03 - Snow,03 - Loose snow,10 - No control,01 - Non intersection,07 - Dark,03 - P.D. only,07 - SMV other,Greenbelt
14377,HIGHWAY 417 btwn HWY417 IC129 RAMP25 & HWY417 IC129 RAMP35,360827.5461,5023815.275,-75.78494929,45.35204476,2015-02-14,8:45,03 - Snow,03 - Loose snow,10 - No control,01 - Non intersection,01 - Daylight,03 - P.D. only,03 - Rear end,Iris
14378,HIGHWAY 417 btwn HWY417 IC117 RAMP51 & HWY417 IC117 RAMP35,370778.9734,5031188.471,-75.65697157,45.41752049,2015-02-14,8:06,03 - Snow,03 - Loose snow,10 - No control,01 - Non intersection,01 - Daylight,03 - P.D. only,07 - SMV other,Industrial Park
14379,HIGHWAY 417 btwn REGIONAL ROAD 174 & HWY417 IC113 RAMP85,373454.7857,5031772.587,-75.62270467,45.42251864,2015-02-14,8:59,03 - Snow,03 - Loose snow,10 - No control,01 - Non intersection,01 - Daylight,03 - P.D. only,07 - SMV other,Pineview
14380,HIGHWAY 416 btwn HWY416 IC66 RAMP62 & HWY416 IC72 RAMP24,360318.3553,5017926.447,-75.79210762,45.29909745,2015-05-19,8:15,01 - Clear,01 - Dry,10 - No control,01 - Non intersection,01 - Daylight,03 - P.D. only,04 - Sideswipe,Greenbelt
14381,HIGHWAY 417 btwn HWY417 IC140 RAMP35 & HWY417 IC140 RAMP25,350988.1296,5018584.663,-75.91100532,45.30569562,2015-05-19,14:20,01 - Clear,01 - Dry,10 - No control,01 - Non intersection,01 - Daylight,03 - P.D. only,03 - Rear end,Katimavik - Hazeldean
14382,BANK ST @ CAHILL DR/DAZE ST,371306.093,5024316.728,-75.65116313,45.35564122,2015-12-13,12:35,01 - Clear,01 - Dry,01 - Traffic signal,02 - Intersection related,01 - Daylight,03 - P.D. only,03 - Rear end,South Keys - Heron Gate - Greenboro West
14383,CATHERINE ST btwn BANK ST & O'CONNOR ST,368182.3392,5030355.019,-75.69025314,45.4102614,2015-12-13,18:53,02 - Rain,02 - Wet,10 - No control,04 - At/near private drive,07 - Dark,03 - P.D. only,05 - Turning movement,Centretown
14384,HIGHWAY 417 btwn HWY417 IC121B RAMP51 & HWY417 IC121A RAMP51,367043.225,5029656.407,-75.70489278,45.40407773,2015-10-26,14:45,01 - Clear,01 - Dry,10 - No control,01 - Non intersection,01 - Daylight,03 - P.D. only,03 - Rear end,The Glebe Annex
14385,HWY417 IC126 RAMP16 btwn HIGHWAY 417 & HWY417 IC126 RAMP26,363080.9148,5025799.712,-75.75595908,45.36971686,2015-11-22,15:20,01 - Clear,01 - Dry,10 - No control,01 - Non intersection,01 - Daylight,03 - P.D. only,03 - Rear end,Glabar Park
14386,HIGHWAY 417 btwn HWY417 IC118 RAMP67 & HWY417 IC117 RAMP36,369842.1467,5031155.112,-75.66894475,45.41730805,2015-11-23,8:28,01 - Clear,01 - Dry,10 - No control,01 - Non intersection,01 - Daylight,03 - P.D. only,03 - Rear end,Sandy Hill
14387,HIGHWAY 417 btwn HWY417 IC117 RAMP61 & HWY417 IC115 RAMP36,371552.616,5031420.816,-75.64705618,45.41953765,2015-11-23,9:24,01 - Clear,01 - Dry,10 - No control,01 - Non intersection,01 - Daylight,03 - P.D. only,03 - Rear end,Overbrook
14388,MONTREAL RD btwn ST. LAURENT BLVD & HILLSIDE DR,371558.6993,5033821.927,-75.64665294,45.44114117,2015-12-16,16:23,01 - Clear,02 - Wet,10 - No control,01 - Non intersection,05 - Dusk,03 - P.D. only,03 - Rear end,Cummings
14389,ST. JOSEPH BLVD @ JEANNE D'ARC BLVD,379861.4645,5036472.303,-75.54013204,45.46414513,2015-12-16,17:17,01 - Clear,01 - Dry,11 - Roundabout,03 - At intersection,07 - Dark,03 - P.D. only,04 - Sideswipe,Chapel Hill
14390,FLEWELLYN RD @ SHEA RD,352993.141,5012174.176,-75.88606106,45.24787761,2015-11-20,15:28,01 - Clear,01 - Dry,02 - Stop sign,02 - Intersection related,01 - Daylight,03 - P.D. only,03 - Rear end,Stittsville - Basswood
14391,MAPLE GROVE RD @ TERRY FOX DR,351552.8866,5017865.187,-75.90387174,45.29918422,2015-11-27,16:15,02 - Rain,02 - Wet,01 - Traffic signal,02 - Intersection related,05 - Dusk,03 - P.D. only,03 - Rear end,Katimavik - Hazeldean
14392,BLAIR RD @ INNES RD,375578.0129,5031439.555,-75.5956245,45.41931061,2015-12-16,17:25,01 - Clear,01 - Dry,01 - Traffic signal,02 - Intersection related,07 - Dark,03 - P.D. only,03 - Rear end,Greenbelt
14393,VANIER PKWY SB btwn BEECHWOOD AVE/ ST. PATRICK ST/CRICHTON ST & DESCHA,369209.4854,5033440.23,-75.67672868,45.4379272,2015-10-16,7:05,01 - Clear,01 - Dry,10 - No control,01 - Non intersection,01 - Daylight,03 - P.D. only,04 - Sideswipe,Lindenlea - New Edinburgh
14394,O'CONNOR ST btwn GLADSTONE AVE & MCLEOD ST,368082.6534,5030645.573,-75.69148926,45.41288473,2015-07-18,15:45,01 - Clear,01 - Dry,10 - No control,04 - At/near private drive,01 - Daylight,03 - P.D. only,05 - Turning movement,Centretown
14395,ELGIN ST @ MACLAREN ST,368209.4354,5031126.575,-75.68980774,45.41720115,2015-10-28,14:05,01 - Clear,01 - Dry,01 - Traffic signal,03 - At intersection,01 - Daylight,03 - P.D. only,03 - Rear end,Centretown
14396,ISLAND PARK DR btwn TURN LANE & OTTAWA RIVER PKWY,363247.2224,5029471.484,-75.7534013,45.40274107,2015-12-12,13:00,01 - Clear,01 - Dry,10 - No control,01 - Non intersection,01 - Daylight,03 - P.D. only,04 - Sideswipe,Westboro
14397,AIRPORT PKWY btwn RAMP & RAMP (2),368905.4021,5026245.943,-75.68155037,45.37322337,2015-10-04,18:32,01 - Clear,01 - Dry,10 - No control,01 - Non intersection,07 - Dark,03 - P.D. only,03 - Rear end,Riverside Park
14398,FROBISHER LANE W @ RIVERSIDE DR,370118.7151,5029601.226,-75.66561726,45.40330101,2015-05-01,13:45,01 - Clear,01 - Dry,01 - Traffic signal,02 - Intersection related,01 - Daylight,03 - P.D. only,03 - Rear end,Industrial Park
14399,HUNT CLUB RD btwn BLOHM DR & HAWTHORNE RD,375140.5763,5026196.016,-75.60196086,45.37217602,2015-12-29,1:34,05 - Drifting Snow,03 - Loose snow,10 - No control,01 - Non intersection,07 - Dark,03 - P.D. only,04 - Sideswipe,Hunt Club
14400,MCARTHUR AVE @ OLMSTEAD ST,370481.265,5032724.311,-75.66057026,45.43136735,2015-06-23,16:15,01 - Clear,01 - Dry,01 - Traffic signal,03 - At intersection,01 - Daylight,03 - P.D. only,02 - Angle,Vanier South
14401,KENT ST btwn FLORENCE ST & GLADSTONE AVE,367732.5531,5030477.929,-75.69598316,45.4114079,2015-09-03,23:30,01 - Clear,01 - Dry,10 - No control,01 - Non intersection,07 - Dark,03 - P.D. only,04 - Sideswipe,Centretown
14402,HIGHWAY 417 btwn HWY417 IC117 RAMP25 & HWY417 IC115 RAMP51,372080.1011,5031454.989,-75.64031224,45.41979459,2015-10-26,17:15,01 - Clear,01 - Dry,10 - No control,01 - Non intersection,01 - Daylight,03 - P.D. only,04 - Sideswipe,Industrial Park
14403,HIGHWAY 417 btwn HWY417 IC121A RAMP16 & HWY417 IC121A RAMP61,367300.2648,5029776.984,-75.70159433,45.40513974,2015-10-26,17:40,01 - Clear,01 - Dry,10 - No control,01 - Non intersection,01 - Daylight,03 - P.D. only,03 - Rear end,The Glebe
14404,HIGHWAY 417 btwn HWY417 IC134 RAMP61 & HWY417 IC131 RAMP66,357239.4055,5022639.71,-75.83086427,45.34174445,2015-10-26,23:05,01 - Clear,01 - Dry,10 - No control,01 - Non intersection,07 - Dark,03 - P.D. only,07 - SMV other,Greenbelt
14405,HIGHWAY 417 btwn HWY417 IC126 RAMP61 & HWY417 IC124 RAMP76,363671.5604,5026534.029,-75.74833175,45.37627478,2015-10-27,8:55,01 - Clear,01 - Dry,10 - No control,01 - Non intersection,01 - Daylight,03 - P.D. only,04 - Sideswipe,Carlingwood West - Glabar Park - McKellar Heights
14406,VANIER PKWY/CRICHTON ST @ BEECHWOOD AVE/ST. PA,369127.8025,5033487.12,-75.6777665,45.43835662,2015-07-19,12:30,01 - Clear,01 - Dry,01 - Traffic signal,02 - Intersection related,01 - Daylight,03 - P.D. only,03 - Rear end,Vanier North
14407,INNES RD @ 260 E OF BELCOURT BLVD/WALMART SC,382347.1714,5035397.936,-75.50851957,45.45420738,2015-09-13,15:20,01 - Clear,01 - Dry,01 - Traffic signal,02 - Intersection related,01 - Daylight,03 - P.D. only,03 - Rear end,Chapel Hill South
14408,ALTA VISTA DR @ SMYTH RD,370431.2719,5029082.28,-75.66169414,45.39860249,2015-11-19,19:09,02 - Rain,02 - Wet,01 - Traffic signal,03 - At intersection,07 - Dark,03 - P.D. only,05 - Turning movement,Alta Vista
14409,FALLOWFIELD RD @ HWY 416 FALLOWFI IC66R34,359822.7843,5014726.509,-75.7987808,45.27034307,2015-11-22,14:50,01 - Clear,01 - Dry,01 - Traffic signal,02 - Intersection related,01 - Daylight,03 - P.D. only,03 - Rear end,Munster Hamlet - Richmond
14410,HOG'S BACK RD btwn COLONEL BY DR & RIVERSIDE DR,367852.3883,5026047.018,-75.69501851,45.37152903,2015-09-20,11:35,01 - Clear,01 - Dry,10 - No control,01 - Non intersection,01 - Daylight,03 - P.D. only,03 - Rear end,Riverside Park
14411,BANK ST btwn ALBION RD & SIEVERIGHT AVE,371968.9063,5024132.777,-75.64272939,45.35392291,2015-10-07,17:15,01 - Clear,01 - Dry,10 - No control,04 - At/near private drive,01 - Daylight,03 - P.D. only,02 - Angle,Blossom Park - Blossom Park West - Sawmill Creek/ Timbermill
14412,HIGHWAY 417 btwn HWY417 IC117 RAMP61 & HWY417 IC115 RAMP36,371559.4788,5031420.962,-75.64696848,45.41953831,2015-10-28,15:30,02 - Rain,02 - Wet,10 - No control,01 - Non intersection,01 - Daylight,03 - P.D. only,03 - Rear end,Overbrook
14413,HIGHWAY 417 btwn HWY417 IC117 RAMP51 & HWY417 IC117 RAMP35,370665.616,5031163.922,-75.65842309,45.41731029,2015-10-29,15:12,01 - Clear,01 - Dry,10 - No control,01 - Non intersection,01 - Daylight,03 - P.D. only,03 - Rear end,Industrial Park
14414,BASELINE RD @ NAVAHO DR,363084.9687,5024096.062,-75.75610826,45.35438726,2015-09-17,14:00,01 - Clear,01 - Dry,01 - Traffic signal,02 - Intersection related,01 - Daylight,03 - P.D. only,03 - Rear end,Braemar Park - Bel Air Heights - Copeland Park
14415,BRONSON AVE/BRONSON/HERON RAMP 35 @ HERON RD,368640.6144,5026696.8,-75.68487236,45.37730423,2015-11-29,8:50,01 - Clear,01 - Dry,01 - Traffic signal,02 - Intersection related,01 - Daylight,03 - P.D. only,03 - Rear end,Riverside Park
14416,AIRPORT PKWY btwn BROOKFIELD RAMP 34 & BROOKFIELD RAMP 52B,368797.9862,5026413.858,-75.68289988,45.37474404,2015-12-31,19:09,01 - Clear,06 - Ice,10 - No control,07 - Overpass or bridge,07 - Dark,03 - P.D. only,04 - Sideswipe,Riverside Park
14417,TENTH LINE RD @ LAKEPOINTE DR,384261.4061,5035422.134,-75.48404502,45.45421004,2015-12-04,16:00,01 - Clear,01 - Dry,01 - Traffic signal,02 - Intersection related,05 - Dusk,03 - P.D. only,03 - Rear end,Avalon
14418,HAZELDEAN RD @ TERRY FOX DR,352209.055,5017243.173,-75.89556512,45.29354321,2015-10-03,11:00,01 - Clear,01 - Dry,01 - Traffic signal,02 - Intersection related,01 - Daylight,03 - P.D. only,03 - Rear end,Glen Cairn - Kanata South Business Park
14419,DALY AVE btwn MACKENZIE AVE & NICHOLAS ST,368149.0006,5032002.53,-75.69046722,45.42508817,2015-10-03,9:30,01 - Clear,01 - Dry,10 - No control,01 - Non intersection,01 - Daylight,03 - P.D. only,04 - Sideswipe,Byward Market - Parliament Hill
14420,BANK ST btwn BLAIS RD & RIDEAU RD,376513.9718,5018877.747,-75.58548961,45.30619041,2015-10-05,16:38,01 - Clear,01 - Dry,10 - No control,04 - At/near private drive,01 - Daylight,03 - P.D. only,02 - Angle,Greenbelt
14421,HWY417 IC155 RAMP25 btwn MARCH RD & HIGHWAY 417,339413.2235,5019161.993,-76.05856398,45.31155649,2015-01-04,16:15,01 - Clear,04 - Slush,10 - No control,01 - Non intersection,05 - Dusk,03 - P.D. only,99 - Other,Carp - Hardwood Plains
14422,HIGHWAY 417 btwn HWY417 IC117 RAMP51 & HWY417 IC117 RAMP35,370655.5077,5031163.2,-75.65855233,45.41730474,2015-01-04,1:47,03 - Snow,03 - Loose snow,10 - No control,01 - Non intersection,07 - Dark,03 - P.D. only,07 - SMV other,Industrial Park
14423,HIGHWAY 417 btwn HWY417 IC129 RAMP25 & TRANSIT,360887.4739,5023860.04,-75.78417944,45.35244276,2015-01-03,19:40,03 - Snow,03 - Loose snow,10 - No control,01 - Non intersection,07 - Dark,03 - P.D. only,04 - Sideswipe,Iris
14424,HWY417 IC130 RAMP25 btwn RICHMOND RD & HIGHWAY 417,359262.2032,5023025.383,-75.80501244,45.34506062,2015-01-03,18:55,03 - Snow,03 - Loose snow,10 - No control,01 - Non intersection,07 - Dark,03 - P.D. only,07 - SMV other,Qualicum - Redwood Park
14425,HIGHWAY 417 btwn HWY417 IC124 RAMP76 & HWY417 IC124 RAMP67,364336.4409,5027413.981,-75.73973724,45.38413626,2015-10-29,15:50,01 - Clear,01 - Dry,10 - No control,01 - Non intersection,01 - Daylight,03 - P.D. only,03 - Rear end,Westboro
14426,HIGHWAY 416 btwn HWY416 IC72 RAMP62 & HWY416 IC72 RAMP24,359468.5358,5019644.137,-75.80275305,45.31461999,2015-10-29,18:45,01 - Clear,01 - Dry,10 - No control,01 - Non intersection,07 - Dark,03 - P.D. only,07 - SMV other,Greenbelt
14427,HIGHWAY 417 btwn HWY417 IC144 RAMP51 & HWY417 IC144 RAMP35,347289.8762,5015705.988,-75.95841014,45.28002572,2015-10-29,21:45,01 - Clear,01 - Dry,10 - No control,01 - Non intersection,07 - Dark,03 - P.D. only,07 - SMV other,Stittsville - Basswood
14428,HIGHWAY 417 btwn HWY417 IC115 RAMP36 & HWY417 IC115 RAMP26,372405.7329,5031514.195,-75.63614375,45.42029591,2015-10-30,7:39,01 - Clear,01 - Dry,10 - No control,01 - Non intersection,01 - Daylight,03 - P.D. only,03 - Rear end,Overbrook
14429,AIRPORT PKWY btwn RAMP & RAMP (4),371079.8998,5023279.894,-75.65418876,45.34633353,2015-09-23,13:15,01 - Clear,01 - Dry,10 - No control,01 - Non intersection,01 - Daylight,03 - P.D. only,04 - Sideswipe,Hunt Club - Ottawa Airport
14430,MONTREAL RD @ SHEFFORD RD,376125.0085,5034854.297,-75.58814137,45.44997885,2015-09-24,16:15,01 - Clear,01 - Dry,01 - Traffic signal,02 - Intersection related,01 - Daylight,03 - P.D. only,03 - Rear end,Beacon Hill South - Cardinal Heights
14431,LAURIER AVE @ NICHOLAS ST,368375.081,5031797.548,-75.6876049,45.42322331,2015-08-29,9:38,01 - Clear,01 - Dry,01 - Traffic signal,02 - Intersection related,01 - Daylight,03 - P.D. only,04 - Sideswipe,Sandy Hill
14432,HARWICK CRES btwn CEDARBANK AVE & LONGWOOD AVE,357975.5216,5020300.112,-75.8217233,45.32063717,2015-07-31,21:45,01 - Clear,01 - Dry,10 - No control,04 - At/near private drive,07 - Dark,03 - P.D. only,06 - SMV unattended vehicle,Bells Corners East
14433,BANK ST btwn ALTA VISTA DR & ERIE AVE,370186.6973,5026348.032,-75.66517997,45.37402355,2015-10-14,18:06,01 - Clear,02 - Wet,10 - No control,01 - Non intersection,01 - Daylight,03 - P.D. only,03 - Rear end,Ledbury - Heron Gate - Ridgemont - Elmwood
14434,GLADSTONE AVE @ ARTHUR ST/ARTHUR LANE,366991.9072,5029995.556,-75.70550548,45.40713386,2015-11-19,9:18,02 - Rain,02 - Wet,01 - Traffic signal,02 - Intersection related,01 - Daylight,03 - P.D. only,03 - Rear end,Centretown West
14435,WHITECLIFFS AVE btwn COOKS MILL CRES E & COOKS MILL CRES W,370134.2621,5016397.301,-75.66716261,45.28449423,2015-01-05,17:40,01 - Clear,06 - Ice,10 - No control,01 - Non intersection,07 - Dark,03 - P.D. only,06 - SMV unattended vehicle,Gloucester
14436,HIGHWAY 417 btwn HWY417 IC117 RAMP51 & HWY417 IC117 RAMP35,370502.4391,5031145.15,-75.66051031,45.41715673,2015-01-03,21:07,03 - Snow,03 - Loose snow,10 - No control,01 - Non intersection,07 - Dark,03 - P.D. only,07 - SMV other,Industrial Park
14437,HIGHWAY 417 btwn HWY417 IC118 RAMP35 & HWY417 IC117 RAMP51,370138.5402,5031099.662,-75.66516543,45.41678152,2015-01-03,20:50,03 - Snow,03 - Loose snow,10 - No control,01 - Non intersection,07 - Dark,03 - P.D. only,03 - Rear end,Old Ottawa East
14438,HIGHWAY 417 btwn HWY417 IC139 RAMP15 & HWY417 IC138 RAMP51,352109.2977,5019542.072,-75.89661748,45.31423599,2015-01-03,19:25,03 - Snow,03 - Loose snow,10 - No control,01 - Non intersection,07 - Dark,03 - P.D. only,04 - Sideswipe,Katimavik - Hazeldean
14439,HIGHWAY 7 btwn HWY 7 HAZELDEAN RD IC RAMP 52 & HAZELDEAN RD IC RAMP 62,346376.7896,5012803.24,-75.97029114,45.25396017,2015-01-04,17:20,04 - Freezing Rain,06 - Ice,10 - No control,01 - Non intersection,05 - Dusk,03 - P.D. only,07 - SMV other,Stittsville - Basswood
14440,HIGHWAY 417 btwn RAMP & HWY417 IC129 RAMP76,359752.5344,5023149.94,-75.798742,45.34614314,2015-10-30,7:55,01 - Clear,01 - Dry,10 - No control,01 - Non intersection,01 - Daylight,03 - P.D. only,04 - Sideswipe,Whitehaven - Queensway Terrace North
14441,HIGHWAY 417 btwn HWY417 IC123 RAMP62 & HWY417 IC122 RAMP16,365133.8161,5028712.094,-75.7293972,45.39574819,2015-10-30,14:12,01 - Clear,01 - Dry,10 - No control,01 - Non intersection,01 - Daylight,03 - P.D. only,03 - Rear end,Civic Hospital - Experimental Farm - Central Park
14442,HIGHWAY 417 btwn HWY417 IC122 RAMP16 & HWY417 IC122 RAMP61,365337.4262,5028899.097,-75.72677392,45.39741322,2015-10-30,18:10,01 - Clear,01 - Dry,10 - No control,01 - Non intersection,05 - Dusk,03 - P.D. only,03 - Rear end,Civi
14443,BANK ST @ SECOND AVE,368304.9834,5029630.004,-75.68877983,45.40372683,2015-10-02,10:05,01 - Clear,01 - Dry,02 - Stop sign,03 - At intersection,01 - Daylight,03 - P.D. only,02 - Angle,The Glebe
14444,INNES RD btwn PEPIN CRT & TAUVETTE ST,377316.4125,5032448.958,-75.57326617,45.42821457,2015-10-02,18:20,01 - Clear,01 - Dry,10 - No control,01 - Non intersection,07 - Dark,03 - P.D. only,03 - Rear end,Greenbelt
14445,COBOURG ST @ RIDEAU ST,369128.7062,5032788.297,-75.67784627,45.4320688,2015-08-06,17:34,01 - Clear,01 - Dry,01 - Traffic signal,02 - Intersection related,01 - Daylight,03 - P.D. only,05 - Turning movement,Lower Town
14446,MAIN ST btwn OBLATE AVE & HAZEL ST,369125.5592,5030267.416,-75.67821562,45.40938712,2015-06-18,17:15,01 - Clear,01 - Dry,10 - No control,01 - Non intersection,01 - Daylight,03 - P.D. only,03 - Rear end,Old Ottawa East
14447,DONALD ST @ ST. LAURENT BLVD,372093.7129,5032472.585,-75.63999931,45.42894914,2015-11-07,14:00,01 - Clear,01 - Dry,01 - Traffic signal,02 - Intersection related,01 - Daylight,03 - P.D. only,03 - Rear end,Overbrook
14448,BANK ST btwn FOURTH AVE & FIFTH AVE,368382.1069,5029435.215,-75.68781986,45.40196718,2015-12-13,18:10,01 - Clear,01 - Dry,10 - No control,01 - Non intersection,07 - Dark,03 - P.D. only,04 - Sideswipe,The Glebe
14449,HIGHWAY 416 btwn HWY416 IC57 RAMP53 & HWY416 IC49 RAMP34,368813.5966,5002327.767,-75.68580487,45.15801859,2015-01-05,9:00,01 - Clear,02 - Wet,10 - No control,01 - Non intersection,01 - Daylight,03 - P.D. only,03 - Rear end,Manotick - North Gower
14450,HIGHWAY 417 btwn HWY417 IC117 RAMP26 & HWY417 IC117 RAMP61,370869.2261,5031235.402,-75.65581223,45.41793424,2015-01-05,17:56,01 - Clear,01 - Dry,10 - No control,01 - Non intersection,07 - Dark,03 - P.D. only,03 - Rear end,Industrial Park
14451,HIGHWAY 417 btwn HWY417 IC110 RAMP55 & HWY417 IC104 RAMP51,375928.5161,5028110.798,-75.59162663,45.38932473,2015-01-05,22:52,01 - Clear,01 - Dry,10 - No control,01 - Non intersection,07 - Dark,03 - P.D. only,07 - SMV other,Greenbelt
14452,HIGHWAY 417 btwn Continuation of HIGHWAY 417 & HWY417 IC134 RAMP51,355947.7088,5021966.064,-75.84741509,45.33577828,2015-01-06,7:30,01 - Clear,06 - Ice,10 - No control,01 - Non intersection,03 - Dawn,03 - P.D. only,04 - Sideswipe,Greenbelt
14453,HIGHWAY 417 btwn HWY417 IC119B RAMP76 & HWY417 IC119A RAMP67,368590.2547,5030534.973,-75.68501902,45.41184351,2015-10-30,21:30,01 - Clear,01 - Dry,10 - No control,01 - Non intersection,07 - Dark,03 - P.D. only,03 - Rear end,Centretown
14454,HIGHWAY 417 btwn HWY417 IC115 RAMP25 & REGIONAL ROAD 174,373280.5074,5031703.926,-75.62494094,45.42191794,2015-10-31,14:30,01 - Clear,01 - Dry,10 - No control,01 - Non intersection,01 - Daylight,03 - P.D. only,03 - Rear end,Industrial Park
14455,HIGHWAY 417 btwn HWY417 IC117 RAMP25 & HWY417 IC115 RAMP51,371563.5399,5031402.121,-75.64691915,45.41936839,2015-11-01,4:55,02 - Rain,02 - Wet,10 - No control,01 - Non intersection,07 - Dark,03 - P.D. only,07 - SMV other,Industrial Park