Record,Location,X,Y,lon,lat,Date,Time,Environment,Road_Surface,Traffic_Control,Collision_Location,Light,Collision_Classification,Impact_type,Neighborhood
14456,SOMERSET ST    W btwn ARTHUR ST & CAMBRIDGE ST N,366873.8333,5030421.699,-75.70696005,45.41097865,2015-10-06,19:07,01 - Clear,01 - Dry,10 - No control,04 - At/near private drive,07 - Dark,03 - P.D. only,02 - Angle,Centretown West
14457,PRINCE OF WALES DR btwn HARTWELL LOCKS/548 N OF RIDEAUVIEW TER & FAIRC,367143.7477,5026991.718,-75.70394549,45.38009262,2015-09-22,5:57,03 - Snow,03 - Loose snow,10 - No control,01 - Non intersection,03 - Dawn,03 - P.D. only,04 - Sideswipe,Civic Hospital - Experimental Farm - Central Park
14458,TERRY FOX DR @ WESTPHALIAN AVE,353455.2261,5015759.789,-75.87982363,45.28011017,2015-10-05,19:29,01 - Clear,01 - Dry,01 - Traffic signal,02 - Intersection related,07 - Dark,03 - P.D. only,03 - Rear end,Glen Cairn - Kanata South Business Park
14459,BESSERER ST btwn WALLER ST & CUMBERLAND ST,368333.6705,5032202.422,-75.68808179,45.42686998,2015-11-30,21:44,01 - Clear,01 - Dry,10 - No control,04 - At/near private drive,07 - Dark,03 - P.D. only,02 - Angle,Byward Market - Parliament Hill
14460,HIGHWAY 417 btwn HWY417 IC127 RAMP25 & HWY417 IC126 RAMP51,363200.0484,5025873.358,-75.75442959,45.3703696,2015-01-06,6:39,01 - Clear,02 - Wet,10 - No control,01 - Non intersection,07 - Dark,03 - P.D. only,07 - SMV other,Carlington
14461,HIGHWAY 417 btwn HWY417 IC122 RAMP51 & HWY417 IC122 RAMP15,365346.0845,5028883.1,-75.7266653,45.39726854,2015-01-06,10:18,01 - Clear,01 - Dry,10 - No control,01 - Non intersection,01 - Daylight,03 - P.D. only,03 - Rear end,Civi
14462,RAMP btwn Continuation of RAMP & END (2),346755.0547,5015311.508,-75.9652602,45.27650815,2015-01-06,12:30,01 - Clear,02 - Wet,10 - No control,01 - Non intersection,01 - Daylight,03 - P.D. only,07 - SMV other,Stittsville - Basswood
14463,HIGHWAY 417 btwn HWY417 IC117 RAMP51 & HWY417 IC117 RAMP35,370700.2731,5031170.421,-75.65797945,45.4173655,2015-01-06,10:20,01 - Clear,06 - Ice,10 - No control,01 - Non intersection,01 - Daylight,03 - P.D. only,07 - SMV other,Industrial Park
14464,HIGHWAY 417 btwn HWY417 IC169 RAMP26 & HWY417 IC169 RAMP61,325696.715,5024700.492,-76.23325958,45.36193733,2015-11-01,6:27,02 - Rain,02 - Wet,10 - No control,01 - Non intersection,07 - Dark,03 - P.D. only,03 - Rear end,Antrim
14465,HWY417 IC126 RAMP51 btwn HIGHWAY 417 & HWY417 IC126 RAMP52,363290.3011,5025929.675,-75.7532708,45.37086881,2015-11-01,12:20,02 - Rain,02 - Wet,10 - No control,01 - Non intersection,01 - Daylight,03 - P.D. only,07 - SMV other,Carlington
14466,HIGHWAY 417 btwn HWY417 IC119A RAMP67 & HWY417 IC118 RAMP76,368683.3955,5030583.348,-75.68382291,45.41227027,2015-11-01,13:40,02 - Rain,02 - Wet,10 - No control,01 - Non intersection,01 - Daylight,03 - P.D. only,04 - Sideswipe,Centretown
14467,HIGHWAY 417 btwn TRANSIT & HWY417 IC127 RAMP16,361798.2104,5024603.778,-75.77247128,45.35906143,2015-11-02,7:50,01 - Clear,01 - Dry,10 - No control,01 - Non intersection,01 - Daylight,03 - P.D. only,03 - Rear end,Whitehaven - Queensway Terrace North
14468,DONALD ST btwn BELGATE WAY & CUMMINGS AVE,372638.4475,5032409.413,-75.63304721,45.42832813,2015-10-12,13:40,01 - Clear,01 - Dry,10 - No control,01 - Non intersection,01 - Daylight,03 - P.D. only,05 - Turning movement,Cummings
14469,BANK ST @ SUNNYSIDE AVE,368733.9867,5028582.271,-75.68343606,45.39426062,2015-10-15,12:42,02 - Rain,02 - Wet,01 - Traffic signal,02 - Intersection related,01 - Daylight,03 - P.D. only,03 - Rear end,Old Ottawa South
14470,ANDERSON ST @ BOOTH ST,366649.9747,5030125.29,-75.70985693,45.40833147,2015-11-27,23:07,01 - Clear,02 - Wet,02 - Stop sign,02 - Intersection related,07 - Dark,03 - P.D. only,06 - SMV unattended vehicle,Centretown West
14471,MERIVALE RD @ WOODWARD AVE,364854.6994,5027067.543,-75.73316197,45.38097483,2015-11-29,16:10,01 - Clear,01 - Dry,02 - Stop sign,02 - Intersection related,01 - Daylight,03 - P.D. only,04 - Sideswipe,Carlington
14472,BRONSON AVE btwn RIVERSIDE DR RAMPS 34B & 42A-3 & BRONSON AVE RAMP 34,368461.3444,5027094.158,-75.68710984,45.38089585,2015-12-01,19:39,04 - Freezing Rain,02 - Wet,10 - No control,01 - Non intersection,07 - Dark,03 - P.D. only,04 - Sideswipe,Riverside Park
14473,HIGHWAY 417 btwn HWY417 IC117 RAMP36 & HWY417 IC117 RAMP26,370731.6774,5031191.935,-75.65757535,45.41755611,2015-01-06,6:45,01 - Clear,06 - Ice,10 - No control,01 - Non intersection,07 - Dark,03 - P.D. only,03 - Rear end,Industrial Park
14474,HIGHWAY 417 btwn HWY417 IC119B RAMP57 & HWY417 IC119A RAMP75,368279.6711,5030334.154,-75.68901248,45.41006484,2015-01-06,12:35,01 - Clear,01 - Dry,10 - No control,01 - Non intersection,01 - Daylight,03 - P.D. only,03 - Rear end,The Glebe
14475,HIGHWAY 417 btwn HWY417 IC118 RAMP35 & HWY417 IC117 RAMP51,370162.7036,5031097.331,-75.66485704,45.41675829,2015-01-06,17:15,01 - Clear,02 - Wet,10 - No control,01 - Non intersection,05 - Dusk,03 - P.D. only,03 - Rear end,Old Ottawa East
14476,HIGHWAY 417 btwn HWY417 IC115 RAMP36 & HWY417 IC115 RAMP26,372046.1661,5031475.206,-75.64074304,45.41997976,2015-11-02,11:05,01 - Clear,01 - Dry,10 - No control,01 - Non intersection,01 - Daylight,03 - P.D. only,04 - Sideswipe,Overbrook
14477,HIGHWAY 417 btwn HWY417 IC115 RAMP25 & REGIONAL ROAD 174,373176.852,5031652.823,-75.62627241,45.42146828,2015-11-02,12:30,01 - Clear,01 - Dry,10 - No control,01 - Non intersection,01 - Daylight,03 - P.D. only,04 - Sideswipe,Industrial Park
14478,HIGHWAY 417 btwn HWY417 IC163 RAMP61 & HWY417 IC155 RAMP36,336144.8832,5020234.373,-76.10017748,45.3213598,2015-11-02,17:10,01 - Clear,01 - Dry,10 - No control,01 - Non intersection,07 - Dark,03 - P.D. only,07 - SMV other,Carp - Hardwood Plains
14479,HIGHWAY 417 btwn HWY417 IC117 RAMP51 & HWY417 IC117 RAMP35,370686.5546,5031169.699,-75.65815481,45.41736029,2015-10-30,16:15,01 - Clear,01 - Dry,10 - No control,01 - Non intersection,01 - Daylight,03 - P.D. only,03 - Rear end,Industrial Park
14480,ETHEL ST @ HANNAH ST,370149.1558,5033460.312,-75.66471658,45.43802069,2015-10-20,7:40,01 - Clear,01 - Dry,02 - Stop sign,03 - At intersection,01 - Daylight,03 - P.D. only,02 - Angle,Vanier North
14481,BOTTRIELL WAY N @ CHARLEMAGNE BLVD,383696.471,5037955.296,-75.49086027,45.47706515,2015-10-15,18:10,02 - Rain,02 - Wet,01 - Traffic signal,03 - At intersection,07 - Dark,03 - P.D. only,02 - Angle,Fallingbrook
14482,BLACKBURN AVE btwn TEMPLETON ST & MANN AVE,369615.4861,5031608.133,-75.67178093,45.4214052,2015-12-08,15:01,01 - Clear,01 - Dry,10 - No control,04 - At/near private drive,01 - Daylight,03 - P.D. only,02 - Angle,Sandy Hill
14483,ALTA VISTA DR @ KILBORN AVE,370365.7231,5027751.539,-75.66270813,45.3866351,2015-12-10,8:00,01 - Clear,02 - Wet,01 - Traffic signal,02 - Intersection related,01 - Daylight,03 - P.D. only,07 - SMV other,Alta Vista
14484,QUEENSDALE AVE btwn BANNON WAY & BANK ST,373204.6276,5023369.7,-75.62706537,45.34693758,2015-09-14,20:20,01 - Clear,01 - Dry,10 - No control,01 - Non intersection,07 - Dark,03 - P.D. only,06 - SMV unattended vehicle,Blossom Park - Blossom Park West - Sawmill Creek/ Timbermill
14485,HIGHWAY 417 btwn HWY417 IC124 RAMP57 & HWY417 IC124 RAMP55,364338.6766,5027391.047,-75.73971146,45.38392971,2015-01-07,5:20,03 - Snow,03 - Loose snow,10 - No control,01 - Non intersection,07 - Dark,03 - P.D. only,07 - SMV other,Carlington
14486,HWY417 IC140 RAMP16 btwn TERRY FOX DR & HIGHWAY 417,350888.4906,5018758.671,-75.91225968,45.30726793,2015-01-07,8:26,01 - Clear,03 - Loose snow,10 - No control,01 - Non intersection,01 - Daylight,03 - P.D. only,07 - SMV other,Kanata
14487,HIGHWAY 417 btwn HIGHWAY 417 & Continuation of HIGHWAY 417,352957.8046,5020214.988,-75.88573083,45.32023334,2015-01-07,6:50,03 - Snow,05 - Packed snow,10 - No control,01 - Non intersection,07 - Dark,03 - P.D. only,04 - Sideswipe,Greenbelt
14488,HIGHWAY 417 btwn HWY417 IC134 RAMP51 & HWY417 IC134 RAMP35,356248.0574,5022144.23,-75.84356472,45.33735947,2015-01-04,6:45,03 - Snow,06 - Ice,10 - No control,01 - Non intersection,07 - Dark,03 - P.D. only,07 - SMV other,Greenbelt
14489,HIGHWAY 417 btwn HWY417 IC131 RAMP66 & HWY417 IC130 RAMP26,359187.4075,5023077.804,-75.80596107,45.3455381,2015-01-04,9:55,03 - Snow,03 - Loose snow,10 - No control,01 - Non intersection,01 - Daylight,03 - P.D. only,07 - SMV other,Bayshore
14490,HIGHWAY 417 btwn HWY417 IC119A RAMP75 & HWY417 IC118 RAMP57,368950.8146,5030698.94,-75.68039166,45.41328587,2015-11-03,15:40,01 - Clear,01 - Dry,10 - No control,01 - Non intersection,01 - Daylight,03 - P.D. only,03 - Rear end,Old Ottawa East
14491,HIGHWAY 417 btwn HWY417 IC117 RAMP36 & HWY417 IC117 RAMP26,370735.6521,5031189.915,-75.65752484,45.41753756,2015-11-03,16:20,01 - Clear,01 - Dry,10 - No control,01 - Non intersection,05 - Dusk,03 - P.D. only,03 - Rear end,Industrial Park
14492,HIGHWAY 417 btwn HWY417 IC122 RAMP61 & HWY417 IC121B RAMP16,365815.4772,5029210.028,-75.72063002,45.40016941,2015-11-03,18:02,01 - Clear,01 - Dry,10 - No control,01 - Non intersection,07 - Dark,03 - P.D. only,03 - Rear end,Civi
14493,HAIG DR @ SMYTH RD,372564.9125,5029297.69,-75.63441471,45.4003374,2015-11-24,15:23,01 - Clear,02 - Wet,01 - Traffic signal,02 - Intersection related,01 - Daylight,03 - P.D. only,03 - Rear end,Elmvale - Eastway - Riverview - Riverview Park West
14494,KING EDWARD AVE NB btwn CATHCART ST & BRUYERE ST,368120.8247,5033072.238,-75.69068969,45.43471558,2015-10-19,7:35,01 - Clear,01 - Dry,10 - No control,01 - Non intersection,01 - Daylight,03 - P.D. only,04 - Sideswipe,Lower Town
14495,PRINCE OF WALES DR @ FALAISE RD/KOCHAR DR N,367461.4284,5024904.514,-75.70015425,45.36128411,2015-12-15,17:11,01 - Clear,01 - Dry,01 - Traffic signal,02 - Intersection related,07 - Dark,03 - P.D. only,03 - Rear end,Carleton Heights - Rideauview
14496,MILTON RD btwn CANARY ST & SMITH RD,387329.1736,5031653.393,-75.44546043,45.41994709,2015-12-15,17:18,01 - Clear,01 - Dry,10 - No control,01 - Non intersection,07 - Dark,03 - P.D. only,01 - Approaching,Navan - Vars
14497,WALKLEY RD @ GLENHAVEN PRIV,370213.225,5025873.426,-75.66490417,45.36975072,2015-10-07,17:15,01 - Clear,01 - Dry,01 - Traffic signal,02 - Intersection related,01 - Daylight,03 - P.D. only,03 - Rear end,Ledbury - Heron Gate - Ridgemont - Elmwood
14498,KINBURN SIDE RD btwn TIMMINS RD & DOMINION SPRINGS RD,323512.848,5023028.833,-76.26119902,45.34695646,2015-12-21,16:39,02 - Rain,02 - Wet,10 - No control,01 - Non intersection,05 - Dusk,03 - P.D. only,07 - SMV other,Mississipp
14499,HIGHWAY 416 btwn HWY417 IC131 RAMP53 & HWY416 IC75A RAMP43,358681.9924,5021983.219,-75.81252942,45.33572799,2015-01-04,16:10,03 - Snow,03 - Loose snow,10 - No control,01 - Non intersection,05 - Dusk,03 - P.D. only,07 - SMV other,Greenbelt
14500,HIGHWAY 416 btwn HWY416 IC75A RAMP26 & HWY416 IC72 RAMP62,358913.7613,5021584.663,-75.80961612,45.33212393,2015-01-04,16:42,03 - Snow,06 - Ice,10 - No control,01 - Non intersection,05 - Dusk,03 - P.D. only,07 - SMV other,Briar Green - Leslie Park
14501,HIGHWAY 417 btwn HWY417 IC127 RAMP67 & HWY417 IC126 RAMP16,362515.8999,5025160.456,-75.7632464,45.36401166,2015-01-07,9:48,03 - Snow,03 - Loose snow,10 - No control,01 - Non intersection,01 - Daylight,03 - P.D. only,03 - Rear end,Carlingwood West - Glabar Park - McKellar Heights
14502,HWY417 IC110 RAMP54 btwn HWY417 IC110 RAMP58 & HIGHWAY 417,375691.2414,5029444.491,-75.5944648,45.40134865,2015-01-07,8:25,03 - Snow,04 - Slush,10 - No control,01 - Non intersection,01 - Daylight,03 - P.D. only,03 - Rear end,Greenbelt
14503,DONALD ST @ ST. LAURENT BLVD,372093.7129,5032472.585,-75.63999931,45.42894914,2015-11-27,16:37,02 - Rain,02 - Wet,01 - Traffic signal,02 - Intersection related,05 - Dusk,03 - P.D. only,04 - Sideswipe,Overbrook
14504,MONTREAL RD btwn BETHAMY LANE & OGILVIE RD,375571.7025,5034503.157,-75.59526477,45.44687575,2015-12-03,17:00,01 - Clear,01 - Dry,10 - No control,01 - Non intersection,07 - Dark,03 - P.D. only,03 - Rear end,Beacon Hill South - Cardinal Heights
14505,RIDEAU ST @ WALLER ST,368282.7479,5032274.584,-75.68872318,45.4275239,2015-07-01,23:57,01 - Clear,01 - Dry,01 - Traffic signal,02 - Intersection related,07 - Dark,03 - P.D. only,04 - Sideswipe,Byward Market - Parliament Hill
14506,CYRVILLE RD @ ST. LAURENT BLVD,372242.4428,5032111.58,-75.63814822,45.42568667,2015-12-12,13:09,01 - Clear,01 - Dry,01 - Traffic signal,02 - Intersection related,01 - Daylight,03 - P.D. only,03 - Rear end,Overbrook
14507,HIGHWAY 417 btwn HWY417 IC124 RAMP57 & HWY417 IC124 RAMP55,364391.3145,5027459.468,-75.73903109,45.38454088,2015-01-07,14:46,01 - Clear,02 - Wet,10 - No control,01 - Non intersection,01 - Daylight,03 - P.D. only,03 - Rear end,Carlington
14508,HIGHWAY 417 btwn HWY417 IC122 RAMP61 & HWY417 IC121B RAMP16,366051.9643,5029335.28,-75.71759402,45.40127575,2015-01-07,23:35,01 - Clear,06 - Ice,10 - No control,01 - Non intersection,07 - Dark,03 - P.D. only,07 - SMV other,Civi
14509,HIGHWAY 417 btwn HWY417 IC112 RAMP55 & HIGHWAY 417,374921.011,5030673.059,-75.60412746,45.41248024,2015-01-07,20:10,01 - Clear,06 - Ice,10 - No control,01 - Non intersection,07 - Dark,03 - P.D. only,07 - SMV other,Industrial Park
14510,HIGHWAY 417 btwn HWY417 IC112 RAMP55 & HIGHWAY 417,374993.9352,5030654.286,-75.60319856,45.41230402,2015-01-07,22:30,01 - Clear,06 - Ice,10 - No control,01 - Non intersection,07 - Dark,03 - P.D. only,07 - SMV other,Industrial Park
14511,HIGHWAY 417 btwn HWY417 IC112 RAMP55 & HIGHWAY 417,375056.0291,5030620.351,-75.60241018,45.41199246,2015-01-07,21:44,01 - Clear,06 - Ice,10 - No control,01 - Non intersection,07 - Dark,03 - P.D. only,07 - SMV other,Industrial Park
14512,SOUTHPARK DR btwn WOODBURN DR & INNES RD,377833.9632,5032770.447,-75.56660525,45.43105326,2015-12-07,16:57,01 - Clear,01 - Dry,10 - No control,04 - At/near private drive,05 - Dusk,03 - P.D. only,02 - Angle,Blackburn Hamlet
14513,CARLING AVE @ MERIVALE RD,364895.4258,5027698.378,-75.73256518,45.38664748,2015-12-09,20:15,01 - Clear,01 - Dry,01 - Traffic signal,02 - Intersection related,07 - Dark,03 - P.D. only,04 - Sideswipe,Carlington
14514,STAR TOP RD btwn ALGOMA RD & Continuation of STAR TOP RD,373989.901,5031074.82,-75.61596557,45.41618776,2015-09-16,15:20,01 - Clear,01 - Dry,10 - No control,04 - At/near private drive,01 - Daylight,03 - P.D. only,05 - Turning movement,Industrial Park
14515,RICHMOND RD btwn NEW ORCHARD AVE & WOODROFFE AVE,361573.8561,5026638.639,-75.77510088,45.37738916,2015-12-30,9:00,01 - Clear,01 - Dry,10 - No control,04 - At/near private drive,01 - Daylight,03 - P.D. only,05 - Turning movement,Carlingwood West - Glabar Park - McKellar Heights
14516,PARKDALE AVE btwn FOSTER ST & TYNDALL ST,365255.0363,5029032.333,-75.72780983,45.39861917,2015-12-31,14:01,03 - Snow,03 - Loose snow,10 - No control,01 - Non intersection,01 - Daylight,03 - P.D. only,04 - Sideswipe,Civi
14517,HIGHWAY 417 btwn HWY417 IC121A RAMP16 & HWY417 IC121A RAMP61,367286.5463,5029769.042,-75.70177057,45.40506951,2015-01-07,23:19,01 - Clear,06 - Ice,10 - No control,01 - Non intersection,07 - Dark,03 - P.D. only,07 - SMV other,Centretown
14518,HIGHWAY 417 btwn HWY417 IC124 RAMP76 & HWY417 IC124 RAMP67,364449.7232,5027564.71,-75.73827257,45.38548285,2015-01-07,23:50,01 - Clear,06 - Ice,10 - No control,01 - Non intersection,07 - Dark,03 - P.D. only,07 - SMV other,Westboro
14519,HIGHWAY 417 btwn HIGHWAY 417 & Continuation of HIGHWAY 417,352972.6409,5020221.542,-75.88554096,45.3202913,2015-01-08,8:21,03 - Snow,02 - Wet,10 - No control,01 - Non intersection,01 - Daylight,03 - P.D. only,03 - Rear end,Greenbelt
14520,HWY417 IC142 RAMP51 btwn HIGHWAY 417 & HWY417 IC142 RAMP52,348699.2611,5016956.039,-75.94033591,45.29118751,2015-01-08,6:10,03 - Snow,03 - Loose snow,10 - No control,01 - Non intersection,07 - Dark,03 - P.D. only,07 - SMV other,Stittsville - Basswood
14521,HIGHWAY 417 btwn HWY417 IC120B RAMP36 & HWY417 IC119B RAMP76,367794.0682,5030023.52,-75.6952554,45.40731373,2015-05-19,8:36,01 - Clear,01 - Dry,10 - No control,01 - Non intersection,01 - Daylight,03 - P.D. only,03 - Rear end,The Glebe
14522,HIGHWAY 417 btwn HWY417 IC122 RAMP51 & HWY417 IC122 RAMP15,365248.6116,5028810.898,-75.72791902,45.3966273,2015-01-13,6:45,01 - Clear,01 - Dry,10 - No control,01 - Non intersection,07 - Dark,03 - P.D. only,04 - Sideswipe,Civi
14523,HIGHWAY 417 btwn HWY417 IC119A RAMP67 & HWY417 IC118 RAMP76,368943.9184,5030714.869,-75.68047768,45.41342982,2015-01-13,6:35,01 - Clear,01 - Dry,10 - No control,01 - Non intersection,07 - Dark,03 - P.D. only,04 - Sideswipe,Old Ottawa East
14524,HIGHWAY 417 btwn HWY417 IC115 RAMP36 & HWY417 IC115 RAMP26,372457.2758,5031519.201,-75.63548453,45.42033597,2015-01-13,5:50,01 - Clear,01 - Dry,10 - No control,01 - Non intersection,07 - Dark,03 - P.D. only,04 - Sideswipe,Overbrook
14525,HIGHWAY 417 btwn HWY417 IC121A RAMP51 & HWY417 IC120A RAMP52,367524.3081,5029845.012,-75.69872393,45.4057318,2015-05-14,15:25,01 - Clear,01 - Dry,10 - No control,01 - Non intersection,01 - Daylight,03 - P.D. only,04 - Sideswipe,The Glebe
14526,HIGHWAY 417 btwn HWY417 IC118 RAMP35 & HWY417 IC117 RAMP51,370193.4138,5031101.106,-75.66446419,45.41678938,2015-05-14,17:30,01 - Clear,01 - Dry,10 - No control,01 - Non intersection,01 - Daylight,03 - P.D. only,03 - Rear end,Old Ottawa East
14527,HIGHWAY 417 btwn HWY417 IC127 RAMP25 & HWY417 IC126 RAMP51,363152.395,5025808.376,-75.75504559,45.36978887,2015-05-15,8:20,01 - Clear,01 - Dry,10 - No control,01 - Non intersection,01 - Daylight,03 - P.D. only,07 - SMV other,Braemar Park - Bel Air Heights - Copeland Park
14528,HIGHWAY 417 btwn HWY417 IC117 RAMP61 & HWY417 IC115 RAMP36,371553.324,5031422.07,-75.64704697,45.41954886,2015-05-15,1:49,01 - Clear,01 - Dry,10 - No control,01 - Non intersection,07 - Dark,03 - P.D. only,03 - Rear end,Overbrook
14529,HIGHWAY 417 btwn HWY417 IC119B RAMP57 & HWY417 IC119A RAMP75,368415.455,5030417.767,-75.68726715,45.41080484,2015-05-15,15:40,01 - Clear,01 - Dry,10 - No control,01 - Non intersection,01 - Daylight,03 - P.D. only,03 - Rear end,The Glebe
14530,HIGHWAY 417 btwn HWY417 IC155 RAMP26 & HWY417 IC155 RAMP61,339880.5341,5019253.545,-76.05259788,45.31235713,2015-05-15,19:45,01 - Clear,01 - Dry,10 - No control,01 - Non intersection,01 - Daylight,03 - P.D. only,07 - SMV other,Carp - Hardwood Plains
14531,HIGHWAY 417 btwn TRANSIT & HWY417 IC127 RAMP16,361788.8241,5024592.947,-75.77259233,45.35896474,2015-05-17,11:20,01 - Clear,01 - Dry,10 - No control,01 - Non intersection,01 - Daylight,03 - P.D. only,04 - Sideswipe,Whitehaven - Queensway Terrace North
14532,HIGHWAY 417 btwn HWY417 IC119A RAMP75 & HWY417 IC118 RAMP57,368834.9496,5030632.929,-75.68188041,45.41270253,2015-05-17,12:25,01 - Clear,01 - Dry,10 - No control,01 - Non intersection,01 - Daylight,03 - P.D. only,04 - Sideswipe,Old Ottawa East
14533,BEECHWOOD AVE @ MARIER AVE/PUTMAN AVE,369605.7065,5033907.853,-75.67160321,45.44209807,2015-12-31,18:50,03 - Snow,04 - Slush,01 - Traffic signal,02 - Intersection related,07 - Dark,03 - P.D. only,03 - Rear end,Vanier North
14534,HIGHWAY 417 btwn HWY417 IC124 RAMP57 & HWY417 IC124 RAMP55,364335.7188,5027386.544,-75.73974977,45.38388945,2015-05-17,23:15,01 - Clear,01 - Dry,10 - No control,01 - Non intersection,07 - Dark,03 - P.D. only,04 - Sideswipe,Carlington
14535,HIGHWAY 7 btwn UPPER DWYER HILL RD & HIGHWAY 7,341067.466,5007269.898,-76.03833544,45.20446169,2015-05-18,0:01,01 - Clear,01 - Dry,10 - No control,01 - Non intersection,07 - Dark,03 - P.D. only,07 - SMV other,Munster Hamlet - Richmond
14536,HIGHWAY 417 btwn HWY417 IC163 RAMP15 & HWY417 IC155 RAMP51,336004.917,5020222.284,-76.10196355,45.32125725,2015-05-18,16:20,01 - Clear,01 - Dry,10 - No control,01 - Non intersection,01 - Daylight,03 - P.D. only,07 - SMV other,Carp - Hardwood Plains
14537,CLARENCE ST btwn WILLIAM ST & DALHOUSIE ST,367968.2665,5032457.816,-75.69271818,45.42920103,2015-12-19,11:15,01 - Clear,01 - Dry,10 - No control,01 - Non intersection,01 - Daylight,03 - P.D. only,06 - SMV unattended vehicle,Byward Market
14538,LAURIER AVE   W btwn BRONSON AVE & PERCY ST,366839.0717,5030881.747,-75.70734621,45.41512111,2015-12-30,18:00,03 - Snow,04 - Slush,10 - No control,01 - Non intersection,07 - Dark,03 - P.D. only,06 - SMV unattended vehicle,Downtown
14539,HIGHWAY 417 btwn HWY417 IC122 RAMP51 & HWY417 IC122 RAMP15,365340.4647,5028877.947,-75.72673771,45.39722266,2015-01-06,10:25,01 - Clear,01 - Dry,10 - No control,01 - Non intersection,01 - Daylight,03 - P.D. only,03 - Rear end,Civi
14540,HIGHWAY 417 btwn HWY417 IC117 RAMP26 & HWY417 IC117 RAMP61,370901.3296,5031251.597,-75.6553999,45.41807692,2015-01-04,7:50,03 - Snow,03 - Loose snow,10 - No control,01 - Non intersection,03 - Dawn,03 - P.D. only,07 - SMV other,Industrial Park
14541,HIGHWAY 417 btwn HWY417 IC124 RAMP55 & HWY417 IC124 RAMP65,364499.4062,5027599.305,-75.73763399,45.3857899,2015-01-07,23:49,01 - Clear,06 - Ice,10 - No control,01 - Non intersection,07 - Dark,03 - P.D. only,07 - SMV other,Civic Hospital - Experimental Farm - Central Park
14542,HWY417 IC122 RAMP16 btwn HIGHWAY 417 & WESTMOUNT AVE,365240.6693,5028858.551,-75.72801462,45.39705676,2015-01-08,7:00,01 - Clear,06 - Ice,10 - No control,01 - Non intersection,03 - Dawn,03 - P.D. only,07 - SMV other,Civi
14543,HIGHWAY 417 btwn HWY417 IC124 RAMP55 & HWY417 IC124 RAMP65,364476.0484,5027563.966,-75.73793652,45.38547392,2015-01-07,23:49,01 - Clear,06 - Ice,10 - No control,01 - Non intersection,07 - Dark,03 - P.D. only,07 - SMV other,Civic Hospital - Experimental Farm - Central Park
14544,HIGHWAY 417 btwn HWY417 IC120B RAMP36 & HWY417 IC119B RAMP76,368054.8679,5030201.868,-75.69190115,45.40889493,2015-01-07,23:07,01 - Clear,06 - Ice,10 - No control,01 - Non intersection,07 - Dark,03 - P.D. only,07 - SMV other,The Glebe
14545,HIGHWAY 417 btwn HWY417 IC118 RAMP57 & HWY417 IC118 RAMP35,369390.6079,5030996.814,-75.67473429,45.41592557,2015-01-08,7:00,01 - Clear,06 - Ice,10 - No control,01 - Non intersection,03 - Dawn,03 - P.D. only,07 - SMV other,Old Ottawa East
14546,HIGHWAY 417 btwn HWY417 IC119B RAMP57 & HWY417 IC119A RAMP75,368577.6115,5030510.893,-75.68518365,45.411628,2015-01-07,21:29,01 - Clear,06 - Ice,10 - No control,01 - Non intersection,07 - Dark,03 - P.D. only,07 - SMV other,The Glebe
14547,HWY 417 WOODROFF IC127R53 @ WOODROFFE AVE,362206.4946,5024626.718,-75.76725768,45.35923454,2015-01-08,19:06,01 - Clear,04 - Slush,03 - Yield sign,02 - Intersection related,07 - Dark,03 - P.D. only,03 - Rear end,Iris
14548,HIGHWAY 417 btwn HWY417 IC119B RAMP76 & HWY417 IC119A RAMP67,368563.271,5030520.689,-75.68536558,45.41171744,2015-01-07,21:25,01 - Clear,06 - Ice,10 - No control,01 - Non intersection,07 - Dark,03 - P.D. only,03 - Rear end,Centretown
14549,HIGHWAY 416 btwn HWY417 IC131 RAMP53 & HWY416 IC75A RAMP43,358690.4406,5021970.879,-75.81242299,45.33561631,2015-01-08,7:00,01 - Clear,06 - Ice,10 - No control,01 - Non intersection,03 - Dawn,03 - P.D. only,07 - SMV other,Greenbelt
14550,HWY417 IC131 RAMP63 btwn HWY417 IC131 RAMP53 & HWY417 IC131 RAMP66,358570.585,5022883.514,-75.81385291,45.34383743,2015-01-07,20:31,99 - Other,06 - Ice,10 - No control,01 - Non intersection,07 - Dark,03 - P.D. only,07 - SMV other,Greenbelt
14551,HWY416 IC75A RAMP26 btwn HIGHWAY 417 & HIGHWAY 416,358366.2528,5022643.081,-75.81648616,45.34168964,2015-01-08,7:33,01 - Clear,06 - Ice,10 - No control,01 - Non intersection,03 - Dawn,03 - P.D. only,07 - SMV other,Greenbelt
14552,HIGHWAY 417 btwn HWY417 IC110 RAMP55 & HWY417 IC104 RAMP51,375915.0146,5028129.993,-75.59179626,45.3894988,2015-01-08,4:43,03 - Snow,06 - Ice,10 - No control,01 - Non intersection,07 - Dark,03 - P.D. only,07 - SMV other,Greenbelt
14553,HIGHWAY 417 btwn HWY417 IC129 RAMP76 & HWY417 IC129 RAMP26,360447.0407,5023552.459,-75.78983468,45.34971024,2015-01-08,19:02,01 - Clear,02 - Wet,10 - No control,01 - Non intersection,07 - Dark,03 - P.D. only,04 - Sideswipe,Whitehaven - Queensway Terrace North
14554,HIGHWAY 417 btwn HWY417 IC110 RAMP55 & HWY417 IC104 RAMP51,375921.4415,5028123.224,-75.59171517,45.38943725,2015-01-07,21:30,01 - Clear,06 - Ice,10 - No control,01 - Non intersection,07 - Dark,03 - P.D. only,07 - SMV other,Greenbelt
14555,HIGHWAY 417 btwn HWY417 IC115 RAMP36 & HWY417 IC115 RAMP26,372458.4404,5031522.137,-75.63546925,45.42036227,2015-01-08,5:50,01 - Clear,06 - Ice,10 - No control,01 - Non intersection,07 - Dark,03 - P.D. only,07 - SMV other,Overbrook