Record,Location,X,Y,lon,lat,Date,Time,Environment,Road_Surface,Traffic_Control,Collision_Location,Light,Collision_Classification,Impact_type,Neighborhood
14872,PRINCE OF WALES DR btwn HOLBORN AVE & RIDEAU GLEN DR,367454.3643,5017923.721,-75.70112794,45.29847277,2015-11-19,8:05,01 - Clear,01 - Dry,10 - No control,01 - Non intersection,01 - Daylight,03 - P.D. only,03 - Rear end,Greenbelt
14873,ATHLONE AVE @ RICHMOND RD,363453.6895,5028441.556,-75.75088661,45.39345669,2015-11-20,17:57,01 - Clear,01 - Dry,01 - Traffic signal,02 - Intersection related,07 - Dark,03 - P.D. only,03 - Rear end,Westboro
14874,FALLOWFIELD RD @ GREENBANK RD,363081.3977,5016731.733,-75.75702047,45.28812363,2015-12-26,18:30,01 - Clear,01 - Dry,01 - Traffic signal,03 - At intersection,07 - Dark,03 - P.D. only,05 - Turning movement,Barrhaven West - Old Barrhaven
14875,ROBERTSON RD btwn HAZELDEAN RD & HAANEL DR,354858.2616,5019130.505,-75.86160092,45.31034205,2015-12-26,20:12,01 - Clear,01 - Dry,10 - No control,01 - Non intersection,07 - Dark,03 - P.D. only,07 - SMV other,Greenbelt
14876,AVIATION PKWY @ OGILVIE RD,373110.7142,5032375.864,-75.62701715,45.42798031,2015-07-28,19:19,01 - Clear,01 - Dry,01 - Traffic signal,03 - At intersection,01 - Daylight,03 - P.D. only,02 - Angle,Industrial Park
14877,ROCHESTER ST @ SOMERSET ST,366483.1491,5030201.122,-75.71197846,45.4090285,2015-08-28,10:10,01 - Clear,01 - Dry,01 - Traffic signal,03 - At intersection,01 - Daylight,03 - P.D. only,07 - SMV other,Chinatown
14878,NAVAHO DR @ WOODROFFE AVE/TRANSITWAY N BASELIN,362706.9639,5023490.635,-75.76100324,45.348971,2015-12-01,11:23,01 - Clear,01 - Dry,01 - Traffic signal,02 - Intersection related,01 - Daylight,03 - P.D. only,03 - Rear end,Crestview - Meadowlands
14879,WILLOWMERE WAY btwn FINDLAY CREEK DR & HAZELNUT CRES,374163.0422,5019357.07,-75.61539838,45.31073929,2015-10-20,12:26,01 - Clear,01 - Dry,10 - No control,04 - At/near private drive,01 - Daylight,03 - P.D. only,99 - Other,Greenbelt
14880,DUNROBIN RD btwn PORCUPINE TR & THOMAS A. DOLAN PKWY,341959.5981,5031862.313,-76.02513484,45.42570809,2015-12-30,23:36,03 - Snow,05 - Packed snow,10 - No control,01 - Non intersection,07 - Dark,03 - P.D. only,07 - SMV other,Dunrobin
14881,CARLING AVE btwn MARCH RD & SCHNEIDER RD,350992.9387,5022270.364,-75.91060021,45.33886012,2015-12-31,7:57,01 - Clear,04 - Slush,10 - No control,01 - Non intersection,01 - Daylight,03 - P.D. only,07 - SMV other,South March
14882,ALTA VISTA DR @ SMYTH RD,370433.4379,5029082.28,-75.66166648,45.39860229,2015-11-18,12:48,01 - Clear,01 - Dry,01 - Traffic signal,02 - Intersection related,01 - Daylight,03 - P.D. only,99 - Other,Alta Vista
14883,INDUSTRIAL AVE/INNES RD @ ST. LAURENT BLVD,373100.4494,5030004.123,-75.62747706,45.40664152,2015-11-18,13:01,01 - Clear,01 - Dry,01 - Traffic signal,03 - At intersection,01 - Daylight,03 - P.D. only,05 - Turning movement,Industrial Park
14884,CEDARVIEW RD @ MARAVISTA DR,361667.6727,5014806.429,-75.77526196,45.27091543,2015-12-09,10:08,01 - Clear,01 - Dry,02 - Stop sign,03 - At intersection,01 - Daylight,03 - P.D. only,02 - Angle,Barrhaven West - Old Barrhaven
14885,JOCKVALE RD @ STRANDHERD DR,363559.3828,5014577.618,-75.75118257,45.26870107,2015-12-10,11:35,01 - Clear,01 - Dry,01 - Traffic signal,02 - Intersection related,01 - Daylight,03 - P.D. only,03 - Rear end,Barrhaven West - Old Barrhaven
14886,TENTH LINE RD @ CHARLEMAGNE BLVD N/TOMPKINS AV,383183.2079,5037978.604,-75.49742052,45.47733266,2015-12-19,10:52,01 - Clear,01 - Dry,01 - Traffic signal,02 - Intersection related,01 - Daylight,03 - P.D. only,03 - Rear end,Queenswood Heights
14887,BARNSDALE RD @ PRINCE OF WALES DR,366645.9742,5011531.691,-75.71223037,45.24102926,2015-12-23,10:56,"07 - Fog, mist, smoke, dust",02 - Wet,02 - Stop sign,03 - At intersection,01 - Daylight,03 - P.D. only,02 - Angle,New Barrhaven
14888,CARLING AVE @ WOODROFFE AVE W,361766.9616,5025724.791,-75.77274088,45.36915076,2015-11-20,19:00,02 - Rain,02 - Wet,01 - Traffic signal,02 - Intersection related,07 - Dark,03 - P.D. only,03 - Rear end,Carlingwood West - Glabar Park - McKellar Heights
14889,BLAIR RD @ INNES RD,375578.7349,5031439.555,-75.59561528,45.41931053,2015-11-23,17:39,01 - Clear,01 - Dry,01 - Traffic signal,02 - Intersection related,07 - Dark,03 - P.D. only,03 - Rear end,Greenbelt
14890,BOYER RD @ ST. JOSEPH BLVD,380405.742,5036832.864,-75.53311748,45.46733048,2015-11-19,17:20,02 - Rain,02 - Wet,02 - Stop sign,03 - At intersection,07 - Dark,03 - P.D. only,02 - Angle,Industrial Park
14891,PRINCESS LOUISE DR @ BROOKRIDGE CRES W/FALWYN ,383516.1096,5038678.428,-75.49305096,45.48359158,2015-11-23,6:39,01 - Clear,01 - Dry,02 - Stop sign,03 - At intersection,03 - Dawn,03 - P.D. only,02 - Angle,Fallingbrook
14892,CYRVILLE RD @ MEADOWBROOK RD,374629.0109,5031241.834,-75.60777703,45.41762698,2015-12-27,13:30,03 - Snow,03 - Loose snow,01 - Traffic signal,03 - At intersection,01 - Daylight,03 - P.D. only,02 - Angle,Industrial Park
14893,KNUDSON DR @ SHERK CRES N,351300.3319,5020373.477,-75.90685642,45.32177121,2015-12-29,14:30,03 - Snow,03 - Loose snow,02 - Stop sign,02 - Intersection related,01 - Daylight,03 - P.D. only,99 - Other,Kanata Lakes - Marchwood Lakeside - Morgan's Grant - Kanata
14894,REGIONAL ROAD 174 btwn TRANSIT & OR174 IC105 RAMP51,376681.1256,5035385.865,-75.5809549,45.45470458,2015-12-27,3:09,04 - Freezing Rain,04 - Slush,10 - No control,01 - Non intersection,07 - Dark,03 - P.D. only,07 - SMV other,Greenbelt
14895,BOOTH ST @ LOUISA ST,366801.983,5029771.286,-75.70795971,45.40513279,2015-12-27,3:28,03 - Snow,04 - Slush,02 - Stop sign,03 - At intersection,07 - Dark,03 - P.D. only,02 - Angle,Centretown West
14896,BANK ST @ CATHERINE ST,368039.7054,5030267.572,-75.69208641,45.40948749,2015-12-21,9:42,02 - Rain,02 - Wet,01 - Traffic signal,03 - At intersection,01 - Daylight,03 - P.D. only,02 - Angle,Centretown
14897,BOUNDARY RD btwn EIGHTH LINE RD & HWY417 IC96 RAMP61,386581.4705,5025962.296,-75.45595617,45.36883149,2015-10-22,16:50,01 - Clear,01 - Dry,10 - No control,05 - At railway crossing,01 - Daylight,03 - P.D. only,99 - Other,Navan - Vars
14898,REGIONAL ROAD 174 EB btwn OR174 IC109 RAMP55 & TRANSIT,376531.8677,5035122.528,-75.58290141,45.45235058,2015-11-04,6:43,"07 - Fog, mist, smoke, dust",01 - Dry,10 - No control,01 - Non intersection,03 - Dawn,03 - P.D. only,07 - SMV other,Greenbelt
14899,BOWESVILLE RD/HIGH RD @ LEITRIM RD,371675.4533,5019287.472,-75.64712892,45.31035435,2015-12-02,7:33,02 - Rain,02 - Wet,02 - Stop sign,02 - Intersection related,03 - Dawn,03 - P.D. only,04 - Sideswipe,Gloucester
14900,TERRY FOX DR btwn PALLADIUM DR & MAPLE GROVE RD,351546.3884,5017873.129,-75.90395384,45.29925612,2015-12-31,13:54,01 - Clear,02 - Wet,10 - No control,01 - Non intersection,01 - Daylight,03 - P.D. only,03 - Rear end,Katimavik - Hazeldean
14901,LAURIER AVE @ NICHOLAS ST,368374.359,5031798.992,-75.68761394,45.42323637,2015-11-18,15:07,01 - Clear,01 - Dry,01 - Traffic signal,02 - Intersection related,01 - Daylight,03 - P.D. only,04 - Sideswipe,Sandy Hill
14902,ISABELLA ST btwn CHAMBERLAIN AVE & O'CONNOR ST,368162.8565,5030225.768,-75.69051863,45.40910021,2015-11-18,15:52,01 - Clear,01 - Dry,10 - No control,01 - Non intersection,01 - Daylight,03 - P.D. only,04 - Sideswipe,The Glebe
14903,BRONSON AVE btwn BRONSON AVE SB ON RAMP 43 & SUNNYSIDE AVE/UNIVERSITY ,367916.9339,5028101.655,-75.69393188,45.39001029,2015-12-11,16:08,02 - Rain,02 - Wet,10 - No control,01 - Non intersection,05 - Dusk,03 - P.D. only,03 - Rear end,Carleto
14904,CARLING AVE @ BROADVIEW AVE,363181.4086,5026638.542,-75.75457709,45.37725618,2015-12-14,14:03,01 - Clear,01 - Dry,01 - Traffic signal,03 - At intersection,01 - Daylight,03 - P.D. only,05 - Turning movement,Carlingwood - McKellar Park - Laurentien View
14905,WOLFGANG DR btwn MERKEL DR & FIELDGATE DR,363492.8032,5016777.015,-75.7517709,45.28849684,2015-12-23,18:43,01 - Clear,01 - Dry,10 - No control,04 - At/near private drive,07 - Dark,03 - P.D. only,06 - SMV unattended vehicle,New Barrhaven
14906,HUNTMAR DR btwn OLD CARP RD & BRADLEY SIDE RD,345303.0989,5022274.744,-75.98319631,45.33925109,2015-12-23,21:57,02 - Rain,02 - Wet,10 - No control,01 - Non intersection,07 - Dark,03 - P.D. only,07 - SMV other,Stittsville - Basswood
14907,REGIONAL ROAD 174 EB btwn HWY417 IC113 RAMP65 & OR174 BLAIR IC112 RAMP51,374700.2924,5032745.917,-75.60665293,45.43115279,2015-11-23,16:28,01 - Clear,01 - Dry,10 - No control,01 - Non intersection,05 - Dusk,03 - P.D. only,03 - Rear end,Pineview
14908,BLAIR RD @ INNES RD,375579.4569,5031439.555,-75.59560606,45.41931046,2015-11-24,6:55,03 - Snow,03 - Loose snow,01 - Traffic signal,02 - Intersection related,03 - Dawn,03 - P.D. only,03 - Rear end,Greenbelt
14909,MONTREAL RD @ ST. LAURENT BLVD,371546.4249,5033817.595,-75.64681041,45.44110337,2015-11-26,16:34,03 - Snow,04 - Slush,01 - Traffic signal,02 - Intersection related,05 - Dusk,03 - P.D. only,03 - Rear end,Cummings
14910,KEYROCK DR btwn TORBEC AVE & BRUNSKILL WAY,349463.5804,5020172.693,-75.93030236,45.32008376,2015-12-30,10:15,02 - Rain,05 - Packed snow,10 - No control,01 - Non intersection,01 - Daylight,03 - P.D. only,06 - SMV unattended vehicle,Kanata Lakes - Marchwood Lakeside - Morgan's Grant - Kanata
14911,GOULBOURN FORCED RD btwn TERRY FOX DR & KANATA ROCKERIES PRIV,349367.0117,5022842.081,-75.93129371,45.34410974,2015-12-30,13:09,01 - Clear,05 - Packed snow,10 - No control,01 - Non intersection,01 - Daylight,03 - P.D. only,07 - SMV other,South March
14912,THAMES ST @ ARCHIBALD ST,364716.1878,5027410.592,-75.73488883,45.38407339,2015-12-27,9:37,02 - Rain,03 - Loose snow,02 - Stop sign,02 - Intersection related,01 - Daylight,03 - P.D. only,07 - SMV other,Carlington
14913,HOG'S BACK RD btwn COLONEL BY DR & RIVERSIDE DR,368061.1247,5026210.622,-75.69233291,45.37298229,2015-12-26,13:41,01 - Clear,01 - Dry,10 - No control,01 - Non intersection,01 - Daylight,03 - P.D. only,03 - Rear end,Riverside Park
14914,HUNT CLUB RD btwn TURN LANE & BANK ST (2),371584.1878,5024082.788,-75.64764572,45.35350987,2015-12-27,2:56,03 - Snow,03 - Loose snow,10 - No control,01 - Non intersection,07 - Dark,03 - P.D. only,03 - Rear end,South Keys - Heron Gate - Greenboro West
14915,REGIONAL ROAD 174 btwn OR174 IC105 RAMP26 & OR174 IC105 RAMP63,379573.0229,5037128.304,-75.54372024,45.47007826,2015-11-04,8:11,"07 - Fog, mist, smoke, dust",01 - Dry,10 - No control,01 - Non intersection,01 - Daylight,03 - P.D. only,03 - Rear end,Orleans South West
14916,JEANNE D'ARC BLVD  N btwn Continuation of JEANNE D'ARC BLVD N & TRANSI,379338.0049,5037126.138,-75.54672582,45.4700839,2015-11-04,8:45,01 - Clear,01 - Dry,10 - No control,01 - Non intersection,01 - Daylight,03 - P.D. only,03 - Rear end,Greenbelt
14917,TRIM RD @ WATTERS RD,384963.9301,5038716.854,-75.47452689,45.48377254,2015-12-31,16:34,01 - Clear,02 - Wet,01 - Traffic signal,03 - At intersection,05 - Dusk,03 - P.D. only,05 - Turning movement,Cardinal Creek
14918,BASELINE RD @ FISHER AVE,366165.9716,5026027.811,-75.7165491,45.37150591,2015-12-31,16:43,03 - Snow,03 - Loose snow,01 - Traffic signal,02 - Intersection related,05 - Dusk,03 - P.D. only,03 - Rear end,Civic Hospital - Experimental Farm - Central Park
14919,ST. JOSEPH BLVD @ JEANNE D'ARC BLVD,379860.0205,5036470.137,-75.54015083,45.4641258,2015-11-19,7:50,02 - Rain,02 - Wet,11 - Roundabout,02 - Intersection related,01 - Daylight,03 - P.D. only,03 - Rear end,Chapel Hill
14920,BYRON AVE @ ISLAND PARK DR,364255.69,5028602.829,-75.74062508,45.39484016,2015-11-19,15:04,01 - Clear,02 - Wet,01 - Traffic signal,02 - Intersection related,01 - Daylight,03 - P.D. only,03 - Rear end,Island Park
14921,KIRKWOOD AVE N @ CARLING AVE,364275.6922,5027492.812,-75.74050342,45.38485073,2015-12-14,18:40,01 - Clear,02 - Wet,01 - Traffic signal,03 - At intersection,07 - Dark,03 - P.D. only,05 - Turning movement,Westboro
14922,REGIONAL ROAD 174 btwn OR174 IC105 RAMP51 & OR174 IC105 RAMP35,379295.2087,5036937.83,-75.54730161,45.46839421,2015-12-16,17:10,01 - Clear,01 - Dry,10 - No control,01 - Non intersection,07 - Dark,03 - P.D. only,03 - Rear end,Greenbelt
14923,HAZELDEAN RD @ HUNTMAR DR/IBER RD,350942.5979,5016079.432,-75.911819,45.28315583,2015-12-24,14:01,01 - Clear,01 - Dry,01 - Traffic signal,03 - At intersection,01 - Daylight,03 - P.D. only,05 - Turning movement,Stittsville
14924,2ND LINE RD btwn GOWAN GT & DALMENY RD,377176.9648,4999105.092,-75.57990993,45.12821365,2015-12-24,17:06,01 - Clear,01 - Dry,10 - No control,01 - Non intersection,07 - Dark,03 - P.D. only,07 - SMV other,Kars - Osgoode
14925,TRIM RD @ SPRINGRIDGE DR N,385392.1772,5038359.16,-75.46910826,45.48050506,2015-11-24,6:30,02 - Rain,05 - Packed snow,02 - Stop sign,03 - At intersection,03 - Dawn,03 - P.D. only,02 - Angle,Cardinal Creek
14926,MARIPOSA AVE @ SPRINGFIELD RD,369059.2548,5034594.054,-75.67849804,45.44832267,2015-11-24,8:40,03 - Snow,05 - Packed snow,02 - Stop sign,02 - Intersection related,01 - Daylight,03 - P.D. only,03 - Rear end,Rockcliffe - Manor Park
14927,BRIAN COBURN BLVD @ TENTH LINE RD,384428.3389,5035022.308,-75.48197576,45.45059377,2015-11-27,19:20,02 - Rain,02 - Wet,01 - Traffic signal,03 - At intersection,07 - Dark,03 - P.D. only,04 - Sideswipe,Avalon
14928,ST. LAURENT BLVD @ COVENTRY RD/OGILVIE RD,372305.7195,5031951.575,-75.63736163,45.42424091,2015-11-27,20:00,02 - Rain,02 - Wet,01 - Traffic signal,02 - Intersection related,07 - Dark,03 - P.D. only,02 - Angle,Overbrook
14929,CAMPEAU DR @ TERRY FOX DR,350455.6007,5019010.455,-75.9177566,45.30956183,2015-12-27,17:48,01 - Clear,02 - Wet,01 - Traffic signal,03 - At intersection,07 - Dark,03 - P.D. only,01 - Approaching,Kanata Lakes - Marchwood Lakeside - Morgan's Grant - Kanata
14930,RAMSAYVILLE RD btwn RUSSELL RD & RUSSELL RD,377932.9962,5026370.086,-75.56628889,45.37345636,2015-12-27,10:22,03 - Snow,04 - Slush,10 - No control,06 - Underpass or tunnel,01 - Daylight,03 - P.D. only,07 - SMV other,Greenbelt
14931,RICHMOND RD btwn WEST HUNT CLUB RD & STONEHAVEN DR,357103.77,5017956.794,-75.83308944,45.29961719,2015-12-29,2:07,03 - Snow,03 - Loose snow,10 - No control,01 - Non intersection,07 - Dark,03 - P.D. only,03 - Rear end,Greenbelt
14932,REGIONAL ROAD 174 btwn OR174 IC109 RAMP56 & OR174 IC109 RAMP86,376381.8677,5034830.109,-75.58486148,45.44973496,2015-11-04,9:00,01 - Clear,01 - Dry,10 - No control,01 - Non intersection,01 - Daylight,03 - P.D. only,03 - Rear end,Greenbelt
14933,REGIONAL ROAD 174 btwn OR174 IC112 RAMP51 & OR174 IC112 RAMP15,374906.2359,5032903.394,-75.60399881,45.43254906,2015-11-04,9:47,01 - Clear,01 - Dry,10 - No control,01 - Non intersection,01 - Daylight,03 - P.D. only,03 - Rear end,Greenbelt
14934,INNES RD @ 260 E OF BELCOURT BLVD/WALMART SC,382346.8278,5035400.328,-75.50852359,45.45422894,2015-12-18,12:10,01 - Clear,01 - Dry,01 - Traffic signal,02 - Intersection related,01 - Daylight,03 - P.D. only,03 - Rear end,Orleans Village - Chateauneuf
14935,FLEWELLYN RD btwn DWYER HILL RD & MUNSTER RD,344210.4672,5004343.405,-75.99855957,45.17795869,2015-12-31,17:13,03 - Snow,02 - Wet,10 - No control,01 - Non intersection,07 - Dark,03 - P.D. only,07 - SMV other,Munster Hamlet - Richmond
14936,REGIONAL ROAD 174 EB btwn OR174 IC109 RAMP55 & TRANSIT,376532.2287,5035118.557,-75.58289738,45.45231481,2015-11-23,9:35,01 - Clear,01 - Dry,10 - No control,01 - Non intersection,01 - Daylight,03 - P.D. only,03 - Rear end,Greenbelt
14937,DUNROBIN RD @ KINBURN SIDE RD,338031.0428,5035929.629,-76.07506197,45.46250459,2015-12-17,17:31,01 - Clear,01 - Dry,02 - Stop sign,02 - Intersection related,07 - Dark,03 - P.D. only,02 - Angle,Woodlawn
14938,GRANDVIEW RD btwn JAY ST & NESBITT ST,355564.4421,5024514.518,-75.85204323,45.35873735,2015-12-17,19:29,01 - Clear,01 - Dry,10 - No control,04 - At/near private drive,07 - Dark,03 - P.D. only,99 - Other,Crystal Bay - Lakeview Park - Britannia Village
14939,RENAUD RD @ RENAUD RD S,379961.4096,5031599.105,-75.53959841,45.42028896,2015-12-24,23:30,01 - Clear,01 - Dry,10 - No control,02 - Intersection related,07 - Dark,03 - P.D. only,07 - SMV other,Greenbelt
14940,STONEHAVEN DR btwn EAGLESON RD & BLUEMEADOW WAY,354462.8112,5016656.706,-75.86689162,45.28811038,2015-12-26,10:10,01 - Clear,01 - Dry,10 - No control,04 - At/near private drive,01 - Daylight,03 - P.D. only,02 - Angle,Bridlewood - Emerald Meadows
14941,INNES RD btwn STONEHENGE CRES & BLAIR RD,375560.6187,5031429.782,-75.59584814,45.41922443,2015-11-24,11:15,03 - Snow,05 - Packed snow,10 - No control,04 - At/near private drive,01 - Daylight,03 - P.D. only,02 - Angle,Greenbelt
14942,HAWTHORNE RD/RUSSELL RD @ WALKLEY RD,374675.4659,5028497.375,-75.60757246,45.3929291,2015-11-24,12:25,03 - Snow,04 - Slush,01 - Traffic signal,02 - Intersection related,01 - Daylight,03 - P.D. only,03 - Rear end,Sheffield Glen
14943,ROBERTSON RD btwn FITZGERALD RD & MOODIE DR,356930.19,5020376.056,-75.83504805,45.32139892,2015-11-28,14:45,01 - Clear,01 - Dry,10 - No control,04 - At/near private drive,01 - Daylight,03 - P.D. only,02 - Angle,Bells Corners West
14944,ST. JOVITE RDG btwn FORTUNE DR & FORTUNE DR,380035.6254,5037604.883,-75.53773184,45.47431646,2015-11-28,20:15,01 - Clear,01 - Dry,10 - No control,01 - Non intersection,07 - Dark,03 - P.D. only,06 - SMV unattended vehicle,Orleans South West
14945,GREENBANK RD @ STRANDHERD DR,363932.9619,5014783.695,-75.74639762,45.27052404,2015-12-30,14:00,01 - Clear,02 - Wet,01 - Traffic signal,02 - Intersection related,01 - Daylight,03 - P.D. only,03 - Rear end,New Barrhaven
14946,BEATRICE DR btwn BLACKPOOL LANE & BURNTWOOD AVE,365085.5,5016347.256,-75.73152087,45.28449507,2015-12-30,16:25,01 - Clear,05 - Packed snow,10 - No control,04 - At/near private drive,05 - Dusk,03 - P.D. only,05 - Turning movement,New Barrhaven
14947,CAMPEAU DR @ HERLIHEY WAY,350507.8629,5019176.943,-75.91707478,45.31105653,2015-12-23,19:02,02 - Rain,02 - Wet,01 - Traffic signal,02 - Intersection related,07 - Dark,03 - P.D. only,02 - Angle,Kanata
14948,MANOTICK STATION RD btwn DEERMEADOW DR & NICK ADAMS RD,375077.999,5009744.167,-75.6050914,45.22415429,2015-12-27,19:09,01 - Clear,01 - Dry,10 - No control,01 - Non intersection,07 - Dark,03 - P.D. only,07 - SMV other,Manotick
14949,BRONSON AVE @ CHRISTIE ST,367048.5328,5030280.563,-75.70474618,45.40969323,2015-12-28,10:26,01 - Clear,06 - Ice,01 - Traffic signal,03 - At intersection,01 - Daylight,03 - P.D. only,07 - SMV other,Centretown West
14950,EAGLESON RD btwn EAGLESON BUSINESS CENTRE & MICHAEL COWPLAND DR/STONEH,354327.9231,5016763.469,-75.86860043,45.28908057,2015-12-29,4:48,03 - Snow,03 - Loose snow,10 - No control,04 - At/near private drive,07 - Dark,03 - P.D. only,02 - Angle,Bridlewood - Emerald Meadows
14951,BERRIGAN DR @ TRANSITWAY SW,363894.8143,5015346.843,-75.74681672,45.27559446,2015-12-29,8:22,03 - Snow,03 - Loose snow,01 - Traffic signal,03 - At intersection,01 - Daylight,03 - P.D. only,02 - Angle,New Barrhaven
14952,BELFAST RD btwn TRIOLE ST & MICHAEL ST,373054.9031,5030651.062,-75.62796926,45.41246682,2015-11-04,10:10,01 - Clear,01 - Dry,10 - No control,04 - At/near private drive,01 - Daylight,03 - P.D. only,02 - Angle,Industrial Park
14953,OLD INNES RD @ BANTREE ST,373726.6618,5030353.126,-75.61942948,45.4097203,2015-11-04,13:05,01 - Clear,01 - Dry,02 - Stop sign,03 - At intersection,01 - Daylight,03 - P.D. only,02 - Angle,Industrial Park
14954,RIDGEFIELD CRES @ STINSON AVE,357971.1066,5020701.756,-75.82173649,45.32425153,2015-12-18,22:34,01 - Clear,01 - Dry,02 - Stop sign,03 - At intersection,07 - Dark,03 - P.D. only,02 - Angle,Bells Corners East
14955,MOODIE DR @ ROBERTSON RD,357066.6521,5020456.2,-75.83329905,45.32210992,2015-12-31,20:34,01 - Clear,02 - Wet,01 - Traffic signal,02 - Intersection related,07 - Dark,03 - P.D. only,04 - Sideswipe,Bells Corners West
14956,GOLDEN AVE @ RICHMOND RD,362862.3282,5028026.365,-75.75848758,45.38977014,2015-02-04,15:37,03 - Snow,03 - Loose snow,01 - Traffic signal,02 - Intersection related,01 - Daylight,03 - P.D. only,03 - Rear end,Carlingwood - McKellar Park - Laurentien View
14957,MACKENZIE AVE @ MURRAY ST,367640.4251,5032383.586,-75.69691701,45.42856266,2015-12-07,15:59,01 - Clear,01 - Dry,01 - Traffic signal,02 - Intersection related,01 - Daylight,03 - P.D. only,03 - Rear end,Byward Market - Parliament Hill
14958,METCALFE ST @ WELLINGTON ST,367566.4212,5031816.86,-75.69793488,45.42347009,2015-12-09,10:11,01 - Clear,01 - Dry,01 - Traffic signal,02 - Intersection related,01 - Daylight,03 - P.D. only,04 - Sideswipe,Downtown
14959,CARLING AVE EB btwn CARLING AVE EB OFF RAMP/OTTAWA RIVER PKWY & TRANSI,361009.3964,5025245.39,-75.78246598,45.36489831,2015-12-18,8:00,01 - Clear,01 - Dry,10 - No control,01 - Non intersection,01 - Daylight,03 - P.D. only,04 - Sideswipe,Whitehaven - Queensway Terrace North
14960,FAIRLAWN AVE btwn WOODROFFE AVE & FOX CRES,361947.3935,5025800.34,-75.77042887,45.36981586,2015-12-23,15:41,04 - Freezing Rain,02 - Wet,10 - No control,04 - At/near private drive,01 - Daylight,03 - P.D. only,07 - SMV other,Glabar Park
14961,SPRINGWATER DR btwn INWOOD DR & MORESBY DR,354891.8327,5017979.317,-75.86128915,45.29998105,2015-12-24,22:07,01 - Clear,01 - Dry,10 - No control,04 - At/near private drive,07 - Dark,03 - P.D. only,06 - SMV unattended vehicle,Bridlewood - Emerald Meadows
14962,REGIONAL ROAD 174 EB btwn HWY417 IC113 RAMP65 & OR174 BLAIR IC112 RAMP51,374708.242,5032750.539,-75.60655069,45.43119358,2015-11-24,16:36,01 - Clear,01 - Dry,10 - No control,01 - Non intersection,05 - Dusk,03 - P.D. only,03 - Rear end,Pineview
14963,ST. JOSEPH BLVD btwn BOYER RD & ORLEANS BLVD,380541.0299,5036921.415,-75.53137396,45.46811253,2015-11-24,18:32,01 - Clear,02 - Wet,10 - No control,04 - At/near private drive,07 - Dark,03 - P.D. only,02 - Angle,Chapel Hill
14964,BLAIR RD @ INNES RD,375578.0129,5031440.277,-75.5956244,45.4193171,2015-11-28,14:30,01 - Clear,01 - Dry,01 - Traffic signal,02 - Intersection related,01 - Daylight,03 - P.D. only,03 - Rear end,Greenbelt
14965,BASELINE RD @ ROCKWAY CRES,361183.9539,5022932.504,-75.78050164,45.34407305,2015-12-31,9:53,01 - Clear,04 - Slush,02 - Stop sign,03 - At intersection,01 - Daylight,03 - P.D. only,02 - Angle,Iris
14966,HIGHWAY 417 btwn HWY417 IC124 RAMP76 & HWY417 IC124 RAMP67,364453.4084,5027564.883,-75.73822549,45.3854841,2015-01-07,18:00,01 - Clear,01 - Dry,10 - No control,01 - Non intersection,07 - Dark,03 - P.D. only,03 - Rear end,Westboro
14967,HIGHWAY 417 btwn HWY417 IC163 RAMP15 & HWY417 IC155 RAMP51,338537.68,5019571.244,-76.06970194,45.31528173,2015-01-07,3:35,03 - Snow,03 - Loose snow,10 - No control,01 - Non intersection,07 - Dark,03 - P.D. only,07 - SMV other,Carp - Hardwood Plains
14968,CARLING AVE/STATION RD @ MARCH RD,350908.3388,5022246.508,-75.91168183,45.33865102,2015-12-23,18:45,01 - Clear,01 - Dry,01 - Traffic signal,02 - Intersection related,07 - Dark,03 - P.D. only,03 - Rear end,South March
14969,GREENBANK RD @ 220 N OF STRANDHERD DR,363846.9485,5014984.37,-75.74746984,45.27233695,2015-12-24,10:41,01 - Clear,01 - Dry,01 - Traffic signal,03 - At intersection,01 - Daylight,03 - P.D. only,02 - Angle,New Barrhaven
14970,VIEWMOUNT DR btwn CHESTERTON DR & COACH HOUSE GT,366358.4331,5023601.899,-75.71439436,45.34966114,2015-12-28,16:58,01 - Clear,01 - Dry,10 - No control,01 - Non intersection,07 - Dark,03 - P.D. only,06 - SMV unattended vehicle,Borden Farm - Stewart Farm - Parkwood Hills - Fisher Glen
14971,RUSSELL RD btwn TO BE DETERMINED & SPRING ST,384315.7518,5026863.244,-75.48473126,45.37719823,2015-12-28,22:50,01 - Clear,01 - Dry,10 - No control,01 - Non intersection,07 - Dark,03 - P.D. only,07 - SMV other,Greenbelt
14972,WILLOWMERE WAY btwn FINDLAY CREEK DR & HAZELNUT CRES,374163.0422,5019357.07,-75.61539838,45.31073929,2015-04-15,15:30,01 - Clear,01 - Dry,10 - No control,04 - At/near private drive,01 - Daylight,03 - P.D. only,06 - SMV unattended vehicle,Greenbelt
14973,OLD SECOND LINE RD @ TERRY FOX DR,348795.2,5022408.413,-75.93862864,45.34024358,2015-12-29,13:31,03 - Snow,03 - Loose snow,01 - Traffic signal,03 - At intersection,01 - Daylight,03 - P.D. only,05 - Turning movement,South March
14974,CONROY RD @ KINGSDALE AVE,374318.0245,5024120.509,-75.61275308,45.35358358,2015-12-29,13:51,03 - Snow,05 - Packed snow,02 - Stop sign,03 - At intersection,01 - Daylight,03 - P.D. only,02 - Angle,Blossom Park - Blossom Park West - Sawmill Creek/ Timbermill