Record,Location,X,Y,lon,lat,Date,Time,Environment,Road_Surface,Traffic_Control,Collision_Location,Light,Collision_Classification,Impact_type,Neighborhood
14975,NAVAHO DR @ WOODROFFE AVE/TRANSITWAY N BASELIN,362706.9639,5023492.079,-75.76100307,45.34898399,2015-11-04,15:04,01 - Clear,01 - Dry,01 - Traffic signal,02 - Intersection related,01 - Daylight,03 - P.D. only,04 - Sideswipe,Crestview - Meadowlands
14976,BOLTON ST btwn PARENT AVE & DALHOUSIE ST,367685.4576,5032970.115,-75.69626665,45.433836,2015-11-04,18:19,01 - Clear,01 - Dry,10 - No control,04 - At/near private drive,07 - Dark,03 - P.D. only,05 - Turning movement,Lower Town
14977,FISHER AVE @ MEADOWLANDS DR,366575.0649,5025046.168,-75.7114495,45.36263735,2015-12-19,17:37,01 - Clear,01 - Dry,01 - Traffic signal,03 - At intersection,07 - Dark,03 - P.D. only,05 - Turning movement,Carleton Heights - Rideauview
14978,ISABELLA ST btwn CHAMBERLAIN AVE & O'CONNOR ST,368109.4269,5030196.887,-75.69120486,45.40884518,2015-09-03,16:44,01 - Clear,01 - Dry,10 - No control,01 - Non intersection,01 - Daylight,03 - P.D. only,03 - Rear end,The Glebe
14979,ROGER STEVENS DR btwn DWYER HILL RD & MALAKOFF RD,359087.7066,4993252.391,-75.81048387,45.07716972,2015-12-11,20:26,02 - Rain,02 - Wet,10 - No control,01 - Non intersection,07 - Dark,03 - P.D. only,07 - SMV other,Munster Hamlet - Richmond
14980,CASTLEFRANK RD @ HAZELDEAN RD,352678.6001,5017676.769,-75.8895372,45.29741297,2015-12-17,16:59,02 - Rain,02 - Wet,01 - Traffic signal,02 - Intersection related,05 - Dusk,03 - P.D. only,03 - Rear end,Glen Cairn - Kanata South Business Park
14981,JOCKVALE RD/RIDEAU VALLEY DR @ PRINCE OF WALES,366709.5132,5012199.531,-75.71133796,45.24703289,2015-12-24,14:07,01 - Clear,01 - Dry,01 - Traffic signal,03 - At intersection,01 - Daylight,03 - P.D. only,02 - Angle,New Barrhaven
14982,CARP RD @ STITTSVILLE MAIN ST,349524.7861,5014330.925,-75.9300485,45.2675138,2015-12-28,9:50,01 - Clear,01 - Dry,01 - Traffic signal,03 - At intersection,01 - Daylight,03 - P.D. only,05 - Turning movement,Stittsville
14983,FINCHLEY DR btwn PALMADEO DR & GLEESON WAY,365265.9275,5015746.251,-75.72929433,45.27907175,2015-12-28,11:19,02 - Rain,02 - Wet,10 - No control,04 - At/near private drive,01 - Daylight,03 - P.D. only,06 - SMV unattended vehicle,New Barrhaven
14984,REGIONAL ROAD 174 btwn OR174 IC109 RAMP64 & OR174 IC105 RAMP16,376642.3771,5035366.772,-75.58145305,45.45453678,2015-11-26,6:42,01 - Clear,01 - Dry,10 - No control,01 - Non intersection,03 - Dawn,03 - P.D. only,03 - Rear end,Greenbelt
14985,VICTORIA ST btwn YORKS CORNERS RD & CARTWRIGHT RD,388906.8604,5013321.006,-75.42842047,45.25482067,2015-11-27,6:03,01 - Clear,01 - Dry,10 - No control,01 - Non intersection,07 - Dark,03 - P.D. only,07 - SMV other,Metcalfe
14986,GREY NUNS DR @ HARVEST CRES N,379649.1952,5036995.443,-75.54276644,45.46887472,2015-12-01,19:15,02 - Rain,02 - Wet,02 - Stop sign,03 - At intersection,07 - Dark,03 - P.D. only,02 - Angle,Industrial Park
14987,RIVERSIDE DR btwn HERON RD & HOG'S BACK RD,368133.3793,5026542.528,-75.69136795,45.37596216,2015-12-02,8:34,02 - Rain,02 - Wet,10 - No control,01 - Non intersection,01 - Daylight,03 - P.D. only,04 - Sideswipe,Riverside Park
14988,EAGLESON RD @ MICHAEL COWPLAND DR/STONEHAVEN D,354384.07,5016623.444,-75.86789869,45.28781664,2015-12-24,10:51,01 - Clear,01 - Dry,01 - Traffic signal,03 - At intersection,01 - Daylight,03 - P.D. only,02 - Angle,Glen Cairn - Kanata South Business Park
14989,STITTSVILLE MAIN ST @ MULKINS ST S/WINTERGREEN,350005.8426,5013642.915,-75.92398107,45.26129208,2015-12-24,11:36,01 - Clear,01 - Dry,01 - Traffic signal,02 - Intersection related,01 - Daylight,03 - P.D. only,03 - Rear end,Stittsville
14990,HWY417 IC118 RAMP35 btwn NICHOLAS ST & HWY417 IC118 RAMP45,369434.0335,5030861.728,-75.67419722,45.41470611,2015-10-18,2:18,01 - Clear,01 - Dry,10 - No control,01 - Non intersection,07 - Dark,03 - P.D. only,04 - Sideswipe,Old Ottawa East
14991,DUNROBIN RD btwn KINBURN SIDE RD & VANCES SIDE RD,338983.9407,5034841.171,-76.06295293,45.45266441,2015-12-29,14:10,03 - Snow,03 - Loose snow,10 - No control,04 - At/near private drive,01 - Daylight,03 - P.D. only,05 - Turning movement,Woodlawn
14992,CARP RD btwn RICHARDSON SIDE RD & HWY417 IC144 RAMP62,346668.8468,5016618.885,-75.96624861,45.28827758,2015-12-30,6:11,04 - Freezing Rain,06 - Ice,10 - No control,01 - Non intersection,07 - Dark,03 - P.D. only,03 - Rear end,Stittsville - Basswood
14993,BASELINE RD @ WOODROFFE AVE,362549.6902,5023769.783,-75.76297756,45.35149572,2015-11-05,8:50,01 - Clear,01 - Dry,01 - Traffic signal,02 - Intersection related,01 - Daylight,03 - P.D. only,03 - Rear end,Iris
14994,BANK ST @ DALMENY RD/MARVELVILLE RD,385829.1418,5004369.976,-75.46908253,45.1746456,2015-11-05,12:15,01 - Clear,01 - Dry,02 - Stop sign,03 - At intersection,01 - Daylight,03 - P.D. only,05 - Turning movement,Metcalfe
14995,MCLEOD ST @ O'CONNOR ST,368118.4317,5030592.573,-75.691039,45.41240462,2015-12-22,16:45,02 - Rain,02 - Wet,01 - Traffic signal,03 - At intersection,05 - Dusk,03 - P.D. only,04 - Sideswipe,Centretown
14996,AIRPORT PKWY @ HUNT CLUB RD,371018.528,5023702.998,-75.6549152,45.35014629,2015-12-24,2:19,01 - Clear,02 - Wet,01 - Traffic signal,02 - Intersection related,07 - Dark,03 - P.D. only,07 - SMV other,Hunt Club East - Western Community
14997,ELGIN ST btwn COOPER ST & SOMERSET ST W,368126.9342,5031261.481,-75.69084443,45.41842247,2015-12-18,6:30,01 - Clear,01 - Dry,10 - No control,01 - Non intersection,07 - Dark,03 - P.D. only,06 - SMV unattended vehicle,Centretown
14998,ALBERT ST @ PRESTON ST,366160.697,5030463.849,-75.7160648,45.4114208,2015-12-21,7:20,01 - Clear,01 - Dry,01 - Traffic signal,03 - At intersection,03 - Dawn,03 - P.D. only,01 - Approaching,Centretown West
14999,BELLEVIEW DR btwn VANSTONE DR & PINEVIEW RD,352888.2113,5018991.58,-75.88673722,45.30922963,2015-12-28,14:01,01 - Clear,03 - Loose snow,10 - No control,04 - At/near private drive,01 - Daylight,03 - P.D. only,06 - SMV unattended vehicle,Katimavik - Hazeldean
15000,MARCH RD btwn DUNROBIN RD & MURPHY CRT,347379.7962,5026040.218,-75.9563753,45.37301083,2015-12-28,18:54,01 - Clear,01 - Dry,10 - No control,01 - Non intersection,07 - Dark,03 - P.D. only,07 - SMV other,Carp - Hardwood Plains
15001,MONTREAL RD @ SHEFFORD RD,376126.4525,5034852.131,-75.58812323,45.44995921,2015-11-27,8:14,01 - Clear,01 - Dry,01 - Traffic signal,02 - Intersection related,01 - Daylight,03 - P.D. only,04 - Sideswipe,Beacon Hill South - Cardinal Heights
15002,ST. JOSEPH BLVD @ TENTH LINE RD,382890.8038,5038666.453,-75.50105064,45.48355406,2015-11-27,10:50,02 - Rain,02 - Wet,01 - Traffic signal,02 - Intersection related,01 - Daylight,03 - P.D. only,03 - Rear end,Industrial Park
15003,BENNETT ST btwn LILLICO DR & UPLANDS DR,369762.6534,5023246.43,-75.67100101,45.34615567,2015-12-02,17:17,01 - Clear,01 - Dry,10 - No control,04 - At/near private drive,07 - Dark,03 - P.D. only,06 - SMV unattended vehicle,Hunt Club East - Western Community
15004,SWEETNAM DR btwn ORCHARD DR & HARRY DOUGLAS DR,350712.3037,5015270.581,-75.91482924,45.27589261,2015-12-24,11:51,01 - Clear,01 - Dry,10 - No control,01 - Non intersection,01 - Daylight,03 - P.D. only,07 - SMV other,Stittsville
15005,LAURIER AVE   E btwn COPERNICUS ST & RING LANE,368676.0826,5031996.173,-75.68373318,45.42498304,2015-10-21,12:14,01 - Clear,01 - Dry,10 - No control,04 - At/near private drive,01 - Daylight,03 - P.D. only,05 - Turning movement,Sandy Hill
15006,NAVAN RD btwn DIAMOND WAY & TENTH LINE RD,385710.8561,5031841.919,-75.46610455,45.4218323,2015-10-30,6:36,01 - Clear,01 - Dry,10 - No control,01 - Non intersection,07 - Dark,03 - P.D. only,07 - SMV other,Navan - Vars
15007,LYON ST @ WELLINGTON ST,366934.549,5031426.888,-75.70605771,45.42001766,2015-03-28,15:19,01 - Clear,01 - Dry,01 - Traffic signal,02 - Intersection related,01 - Daylight,03 - P.D. only,04 - Sideswipe,Downtown
15008,INNES RD @ EASTPARK DR E/RONDEL ST,378795.4669,5033315.287,-75.55423675,45.43585429,2015-10-15,19:52,02 - Rain,02 - Wet,02 - Stop sign,02 - Intersection related,07 - Dark,03 - P.D. only,03 - Rear end,Blackburn Hamlet
15009,MACKENZIE AVE @ RIDEAU ST,367870.4212,5032008.858,-75.694026,45.42517029,2015-11-19,23:31,01 - Clear,01 - Dry,01 - Traffic signal,02 - Intersection related,07 - Dark,03 - P.D. only,04 - Sideswipe,Byward Market - Parliament Hill
15010,WOODROFFE AVE btwn CARLINGWOOD SC & CARLING AVE,361916.6285,5025873.133,-75.77081318,45.37047335,2015-12-24,14:12,01 - Clear,01 - Dry,10 - No control,04 - At/near private drive,01 - Daylight,03 - P.D. only,02 - Angle,Carlingwood West - Glabar Park - McKellar Heights
15011,TENTH LINE RD btwn ST. JOSEPH BLVD & OLD TENTH LINE RD,382995.0837,5038455.008,-75.49975055,45.48164,2015-11-01,11:05,02 - Rain,02 - Wet,10 - No control,01 - Non intersection,01 - Daylight,03 - P.D. only,03 - Rear end,Queenswood Heights
15012,ORCHARDVIEW AVE @ GARDENWAY DR,384736.463,5036807.638,-75.47774688,45.46662133,2015-11-04,22:40,01 - Clear,01 - Dry,02 - Stop sign,03 - At intersection,07 - Dark,03 - P.D. only,02 - Angle,Fallingbrook
15013,ROCKDALE RD N @ HIGHWAY 417,395343.7707,5022680.53,-75.34471707,45.33822882,2015-12-22,12:14,02 - Rain,02 - Wet,02 - Stop sign,03 - At intersection,01 - Daylight,03 - P.D. only,06 - SMV unattended vehicle,Navan - Vars
15014,AVIATION PKWY @ MONTREAL RD,372145.9946,5034108.583,-75.63910743,45.44366403,2015-12-22,18:34,02 - Rain,02 - Wet,01 - Traffic signal,03 - At intersection,07 - Dark,03 - P.D. only,05 - Turning movement,Cummings
15015,GREENBANK RD @ BELLMAN DR/BATEMAN DR,361255.9535,5021017.489,-75.77980141,45.32683599,2015-12-27,2:54,03 - Snow,04 - Slush,01 - Traffic signal,03 - At intersection,07 - Dark,03 - P.D. only,04 - Sideswipe,Sheahan Estates - Trend Village - Arlington Woods
15016,TRIOLE ST btwn TRIOLE ST & END,372818.5524,5031008.448,-75.63093922,45.41570542,2015-12-29,9:04,03 - Snow,03 - Loose snow,10 - No control,01 - Non intersection,01 - Daylight,03 - P.D. only,07 - SMV other,Industrial Park
15017,GREENBANK RD @ MARKETPLACE AVE,364006.9119,5014601.468,-75.745477,45.26887814,2015-12-28,19:13,01 - Clear,01 - Dry,01 - Traffic signal,02 - Intersection related,07 - Dark,03 - P.D. only,04 - Sideswipe,New Barrhaven
15018,UPLANDS DR @ AIRPORT PKWY RAMP 35,371123.5454,5021374.845,-75.65388719,45.32918833,2015-12-29,12:37,03 - Snow,06 - Ice,01 - Traffic signal,02 - Intersection related,01 - Daylight,03 - P.D. only,03 - Rear end,Greenbelt
15019,FISHER AVE @ HOLLAND AVE,365401.9793,5027820.824,-75.72608191,45.38770557,2015-11-27,13:24,02 - Rain,02 - Wet,02 - Stop sign,02 - Intersection related,01 - Daylight,03 - P.D. only,03 - Rear end,Civic Hospital - Experimental Farm - Central Park
15020,LEMIEUX ST @ ST. LAURENT BLVD,372391.7247,5031743.286,-75.63629129,45.42235852,2015-11-27,17:40,02 - Rain,02 - Wet,01 - Traffic signal,03 - At intersection,07 - Dark,03 - P.D. only,05 - Turning movement,Overbrook
15021,BELFAST RD @ TRIOLE ST,372981.4509,5030625,-75.62891119,45.41223949,2015-12-03,16:08,01 - Clear,01 - Dry,02 - Stop sign,02 - Intersection related,05 - Dusk,03 - P.D. only,02 - Angle,Industrial Park
15022,INNES RD/PRESTWICK DR @ LANTHIER DR,383540.7631,5035990.008,-75.49316644,45.45940084,2015-12-03,17:42,01 - Clear,02 - Wet,01 - Traffic signal,02 - Intersection related,07 - Dark,03 - P.D. only,03 - Rear end,Queenswood Heights
15023,HINCKS LANE @ RIVERSIDE DR,370166.2567,5030204.877,-75.66493,45.408728,2015-11-04,22:13,01 - Clear,01 - Dry,01 - Traffic signal,03 - At intersection,07 - Dark,03 - P.D. only,05 - Turning movement,Industrial Park
15024,INNES RD btwn BEARBROOK RD & 173 W OF ORIENT PARK DR,378020.1615,5032855.603,-75.56421324,45.43179997,2015-11-14,11:31,01 - Clear,01 - Dry,10 - No control,04 - At/near private drive,01 - Daylight,03 - P.D. only,02 - Angle,Blackburn Hamlet
15025,DONALD ST @ ST. LAURENT BLVD,372093.7129,5032472.585,-75.63999931,45.42894914,2015-11-13,20:31,02 - Rain,02 - Wet,01 - Traffic signal,02 - Intersection related,07 - Dark,03 - P.D. only,03 - Rear end,Overbrook
15026,DALHOUSIE ST @ ST. PATRICK ST,367957.7006,5032640.581,-75.69282976,45.43084644,2015-12-06,17:30,01 - Clear,01 - Dry,01 - Traffic signal,02 - Intersection related,07 - Dark,03 - P.D. only,04 - Sideswipe,Byward Market
15027,BANK ST btwn CHAMBERLAIN AVE & ROSEBERY AVE,368118.0912,5030077.032,-75.69110957,45.40776598,2015-11-19,19:00,01 - Clear,01 - Dry,10 - No control,01 - Non intersection,07 - Dark,03 - P.D. only,04 - Sideswipe,The Glebe
15028,BRONSON AVE @ POWELL AVE,367387.8789,5029477.214,-75.70051327,45.40243467,2015-11-21,9:50,01 - Clear,01 - Dry,01 - Traffic signal,02 - Intersection related,01 - Daylight,03 - P.D. only,03 - Rear end,The Glebe
15029,DIAMOND WAY @ NAVAN RD,384245.2328,5032141.691,-75.48478125,45.42469736,2015-11-05,15:45,01 - Clear,01 - Dry,02 - Stop sign,02 - Intersection related,01 - Daylight,03 - P.D. only,03 - Rear end,Navan - Vars
15030,HWY 417 VANIER IC117R36 @ VANIER PKWY,370765.1936,5031472.353,-75.65710962,45.42007604,2015-11-05,18:57,01 - Clear,01 - Dry,10 - No control,02 - Intersection related,07 - Dark,03 - P.D. only,03 - Rear end,Overbrook
15031,HOLLAND AVE @ INGLEWOOD PL,365343.1407,5028208.553,-75.72678568,45.39119937,2015-12-23,15:11,01 - Clear,01 - Dry,02 - Stop sign,03 - At intersection,01 - Daylight,03 - P.D. only,02 - Angle,Civic Hospital - Experimental Farm - Central Park
15032,HWY 417 WOODROFF IC127R62 @ WOODROFFE AVE,362050.918,5025020.384,-75.76919771,45.36278943,2015-12-26,11:07,01 - Clear,01 - Dry,03 - Yield sign,02 - Intersection related,01 - Daylight,03 - P.D. only,03 - Rear end,Whitehaven - Queensway Terrace North
15033,RIVERBREEZE ST btwn KING'S CREEK LANE & RIVER MIST RD,364241.3155,5012798.995,-75.74270571,45.25263967,2015-12-29,14:25,03 - Snow,06 - Ice,10 - No control,01 - Non intersection,01 - Daylight,03 - P.D. only,06 - SMV unattended vehicle,New Barrhaven
15034,CHARLEMAGNE BLVD btwn BOTTRIELL WAY & PRINCESS LOUISE DR,383770.4982,5037989.052,-75.48990813,45.47736048,2015-12-29,20:23,01 - Clear,05 - Packed snow,10 - No control,01 - Non intersection,07 - Dark,03 - P.D. only,07 - SMV other,Fallingbrook
15035,PRINCE OF WALES DR @ MEADOWLANDS DR/HOG'S BACK,367371.9189,5025694.199,-75.70119669,45.36839751,2015-12-03,18:04,02 - Rain,02 - Wet,01 - Traffic signal,02 - Intersection related,07 - Dark,03 - P.D. only,03 - Rear end,Carleton Heights - Rideauview
15036,ISIDORE ST @ PRINCE ALBERT ST,371681.7176,5032034.305,-75.64532346,45.42504522,2015-12-03,18:07,01 - Clear,02 - Wet,03 - Yield sign,03 - At intersection,07 - Dark,03 - P.D. only,02 - Angle,Overbrook
15037,BANK ST @ HUNT CLUB RD,371608.7365,5024096.506,-75.64733059,45.35363097,2015-12-24,15:52,01 - Clear,02 - Wet,01 - Traffic signal,02 - Intersection related,01 - Daylight,03 - P.D. only,03 - Rear end,South Keys - Heron Gate - Greenboro West
15038,EARL ARMSTRONG RD @ LIMEBANK RD,370154.9989,5015959.729,-75.66695593,45.28055511,2015-11-16,7:50,01 - Clear,01 - Dry,01 - Traffic signal,02 - Intersection related,01 - Daylight,03 - P.D. only,04 - Sideswipe,Greenbelt
15039,BRONSON AVE NB OFFRAMP 24 btwn BRONSON AVE & BRONSON PL,367806.4281,5028313.811,-75.69531592,45.39192916,2015-11-16,14:17,02 - Rain,02 - Wet,10 - No control,01 - Non intersection,01 - Daylight,03 - P.D. only,07 - SMV other,Carleton University
15040,STRANDHERD DR @ LONGFIELDS DR,364548.8105,5015172.603,-75.73850302,45.27397138,2015-12-04,19:39,01 - Clear,01 - Dry,01 - Traffic signal,02 - Intersection related,07 - Dark,03 - P.D. only,04 - Sideswipe,New Barrhaven
15041,WEST HUNT CLUB RD EB btwn CLEOPATRA DR & 210 W OF MERIVALE RD,365362.8757,5021772.101,-75.72732244,45.33328354,2015-12-12,11:15,01 - Clear,01 - Dry,10 - No control,01 - Non intersection,01 - Daylight,03 - P.D. only,04 - Sideswipe,Merivale Gardens - Grenfell Glen - Pineglen - Country Place
15042,ELGIN ST @ LAURIER AVE,367947.9879,5031550.659,-75.69309361,45.42104057,2015-11-21,19:37,01 - Clear,01 - Dry,01 - Traffic signal,03 - At intersection,07 - Dark,03 - P.D. only,05 - Turning movement,Downtown
15043,ST. JOSEPH BLVD btwn ST. JEAN ST & BELCOURT BLVD,381178.2118,5037339.599,-75.52316145,45.47180562,2015-11-23,0:00,01 - Clear,01 - Dry,10 - No control,04 - At/near private drive,00 - Unknown,03 - P.D. only,02 - Angle,Orleans Village - Chateauneuf
15044,ARLINGTON AVE @ BRONSON AVE,367223.4314,5029866.841,-75.70256437,45.40595511,2015-11-08,15:00,01 - Clear,01 - Dry,01 - Traffic signal,03 - At intersection,01 - Daylight,03 - P.D. only,02 - Angle,Centretown West
15045,BELFAST RD @ ST. LAURENT BLVD,372860.7241,5030579.284,-75.63045973,45.41183991,2015-11-10,12:04,01 - Clear,01 - Dry,01 - Traffic signal,03 - At intersection,01 - Daylight,03 - P.D. only,05 - Turning movement,Industrial Park
15046,ST. LAURENT BLVD btwn CLAREMONT DR & HEMLOCK RD,371122.6133,5034837.199,-75.65208977,45.45031762,2015-12-27,14:45,03 - Snow,05 - Packed snow,10 - No control,01 - Non intersection,01 - Daylight,03 - P.D. only,06 - SMV unattended vehicle,Manor Park
15047,RIVERSIDE DR @ SAN REMO PRIV,370385.2177,5030402.195,-75.66210677,45.41048291,2015-12-30,8:34,01 - Clear,04 - Slush,01 - Traffic signal,03 - At intersection,01 - Daylight,03 - P.D. only,99 - Other,Industrial Park
15048,BANK ST btwn ALTA VISTA DR & WALKLEY RD,370334.9639,5025957.121,-75.66333906,45.37049241,2015-12-30,11:20,01 - Clear,04 - Slush,10 - No control,01 - Non intersection,01 - Daylight,03 - P.D. only,03 - Rear end,Ledbury - Heron Gate - Ridgemont - Elmwood
15049,MITCH OWENS RD btwn MANOTICK STATION RD & BOWESVILLE RD,374054.1194,5013624.449,-75.61758742,45.2591696,2015-12-28,12:13,01 - Clear,01 - Dry,10 - No control,01 - Non intersection,01 - Daylight,03 - P.D. only,07 - SMV other,Greely
15050,CYRVILLE RD @ INNES RD,375047.0027,5031118.842,-75.60245444,45.41647852,2015-12-30,13:15,04 - Freezing Rain,02 - Wet,01 - Traffic signal,02 - Intersection related,01 - Daylight,03 - P.D. only,04 - Sideswipe,Industrial Park
15051,KILBORN AVE btwn BEAUMONT RD & DELMAR DR,371975.7315,5027929.855,-75.64212591,45.38808696,2015-07-31,18:43,01 - Clear,01 - Dry,10 - No control,01 - Non intersection,01 - Daylight,03 - P.D. only,07 - SMV other,Playfair Park - Lynda Park - Guildwood Estates
15052,ST. LAURENT BLVD @ WALKLEY RD,373903.4721,5028046.133,-75.61749413,45.38894563,2015-08-04,17:26,01 - Clear,01 - Dry,01 - Traffic signal,02 - Intersection related,01 - Daylight,03 - P.D. only,04 - Sideswipe,Hawthorne Meadows
15053,ELGIN ST @ SLATER ST,367889.2637,5031645.853,-75.69383173,45.42190239,2015-12-04,16:31,01 - Clear,01 - Dry,01 - Traffic signal,03 - At intersection,05 - Dusk,03 - P.D. only,04 - Sideswipe,Downtown
15054,HUNT CLUB RD @ BRIDLE PATH DR/DAZE ST,371291.3679,5023864.323,-75.65141189,45.35157202,2015-12-04,18:36,01 - Clear,01 - Dry,01 - Traffic signal,02 - Intersection related,07 - Dark,03 - P.D. only,03 - Rear end,South Keys - Heron Gate - Greenboro West
15055,BANKFIELD RD @ MANOTICK MAIN ST/RIDEAU VALLEY ,368433.1425,5010158.123,-75.68964406,45.22851068,2015-12-24,17:49,01 - Clear,01 - Dry,01 - Traffic signal,03 - At intersection,07 - Dark,03 - P.D. only,05 - Turning movement,Manotick
15056,PATTERSON AVE btwn BANK ST & ALLAN PL,368278.7884,5030057.344,-75.6890594,45.40757428,2015-12-24,18:17,01 - Clear,01 - Dry,10 - No control,01 - Non intersection,07 - Dark,03 - P.D. only,06 - SMV unattended vehicle,The Glebe
15057,BRONSON AVE @ FIFTH AVE/MADAWASKA DR,367612.9907,5028939.998,-75.69770643,45.39758079,2015-11-16,15:00,01 - Clear,01 - Dry,01 - Traffic signal,02 - Intersection related,01 - Daylight,03 - P.D. only,03 - Rear end,The Glebe
15058,GARLAND ST @ SOMERSET ST W/WELLINGTON ST,365651.2296,5029845.588,-75.72264939,45.40590232,2015-11-16,19:15,01 - Clear,01 - Dry,01 - Traffic signal,03 - At intersection,07 - Dark,03 - P.D. only,02 - Angle,Centretow
15059,CYRVILLE RD @ ST. LAURENT BLVD,372241.1793,5032111.038,-75.63816444,45.42568191,2015-12-12,15:57,01 - Clear,01 - Dry,01 - Traffic signal,02 - Intersection related,05 - Dusk,03 - P.D. only,02 - Angle,Overbrook
15060,VICTORIA ST btwn 8TH LINE RD & LOUISE ST,385538.7183,5011218.847,-75.47166718,45.23630127,2015-12-12,17:21,01 - Clear,01 - Dry,10 - No control,01 - Non intersection,07 - Dark,03 - P.D. only,07 - SMV other,Metcalfe
15061,REGIONAL ROAD 174 btwn MCTEER RD & CANAAN RD,395679.3972,5043379.616,-75.3366154,45.52440873,2015-11-23,15:45,01 - Clear,01 - Dry,10 - No control,01 - Non intersection,01 - Daylight,03 - P.D. only,05 - Turning movement,Cumberland - Estates
15062,LENESTER AVE @ MAITLAND AVE,363077.9659,5026145.802,-75.75595589,45.37283118,2015-11-23,16:20,01 - Clear,01 - Dry,02 - Stop sign,02 - Intersection related,01 - Daylight,03 - P.D. only,99 - Other,Carlingwood West - Glabar Park - McKellar Heights
15063,ALBERT ST btwn SCOTT ST & CITY CENTRE AVE (2),365862.9613,5030304.112,-75.71988806,45.41000957,2015-12-29,14:54,03 - Snow,03 - Loose snow,10 - No control,01 - Non intersection,01 - Daylight,03 - P.D. only,07 - SMV other,LeBreton Flats
15064,NAVAN RD btwn DIAMOND WAY & TENTH LINE RD,385357.6271,5031925.13,-75.47060384,45.42262172,2015-11-10,17:38,01 - Clear,01 - Dry,10 - No control,01 - Non intersection,07 - Dark,03 - P.D. only,07 - SMV other,Cumberland
15065,BLAIR RD @ INNES RD,375578.7349,5031438.833,-75.59561538,45.41930404,2015-11-12,17:08,02 - Rain,02 - Wet,01 - Traffic signal,02 - Intersection related,05 - Dusk,03 - P.D. only,04 - Sideswipe,Greenbelt
15066,FIRST AVE btwn CHRYSLER ST & PERCY ST,367720.2219,5029373.059,-75.69628169,45.40146772,2015-12-29,16:47,03 - Snow,03 - Loose snow,10 - No control,04 - At/near private drive,05 - Dusk,03 - P.D. only,02 - Angle,The Glebe
15067,BASELINE RD @ CENTREPOINTE DR W/COBDEN RD,361633.6814,5023207.51,-75.77473167,45.34651125,2015-12-31,17:17,03 - Snow,05 - Packed snow,01 - Traffic signal,02 - Intersection related,07 - Dark,03 - P.D. only,03 - Rear end,Iris
15068,PALOMINO DR btwn CHICKASAW CRES S & ROTHESAY DR,354335.5869,5017403.469,-75.86843882,45.29483889,2015-12-31,2:18,01 - Clear,05 - Packed snow,10 - No control,01 - Non intersection,07 - Dark,03 - P.D. only,07 - SMV other,Bridlewood - Emerald Meadows
15069,MITCH OWENS RD btwn SALE BARN RD & HAWTHORNE RD,379128.5168,5016811.099,-75.55246269,45.28732388,2015-12-31,17:22,01 - Clear,03 - Loose snow,10 - No control,01 - Non intersection,07 - Dark,03 - P.D. only,07 - SMV other,Osgoode
15070,HUNT CLUB RD @ LORRY GREENBERG DR/SABLE RIDGE ,372823.7387,5024806.783,-75.63172774,45.35990496,2015-08-11,21:39,02 - Rain,02 - Wet,01 - Traffic signal,02 - Intersection related,07 - Dark,03 - P.D. only,03 - Rear end,Greenboro East
15071,LAURIER AVE  E btwn WALLER ST & 73 E OF WALLER ST,368459.5649,5031862.028,-75.68651709,45.42379579,2015-09-08,17:26,01 - Clear,01 - Dry,10 - No control,04 - At/near private drive,01 - Daylight,03 - P.D. only,02 - Angle,Sandy Hill
15072,BANK ST @ SPRINGHILL RD,385126.5068,5006292.099,-75.47771108,45.19202024,2015-12-05,8:45,01 - Clear,01 - Dry,02 - Stop sign,03 - At intersection,01 - Daylight,03 - P.D. only,03 - Rear end,Metcalfe
15073,BESSERER ST @ NICHOLAS ST,368186.4309,5032110.858,-75.689975,45.42605948,2015-12-05,12:58,01 - Clear,01 - Dry,01 - Traffic signal,02 - Intersection related,01 - Daylight,03 - P.D. only,04 - Sideswipe,Byward Market - Parliament Hill
15074,CARILLON ST btwn DUROCHER ST & HANNAH ST,370144.1521,5033388.427,-75.66479007,45.43737437,2015-12-24,17:00,01 - Clear,01 - Dry,10 - No control,01 - Non intersection,07 - Dark,03 - P.D. only,06 - SMV unattended vehicle,Vanier North
15075,CHARLOTTE ST @ RIDEAU ST,369250.431,5032859.592,-75.67628139,45.43269907,2015-11-17,11:25,01 - Clear,01 - Dry,01 - Traffic signal,02 - Intersection related,01 - Daylight,03 - P.D. only,05 - Turning movement,Lower Town
15076,TRIM RD @ VALIN ST,386438.014,5037557.283,-75.45586596,45.47316908,2015-11-18,8:40,01 - Clear,01 - Dry,01 - Traffic signal,02 - Intersection related,01 - Daylight,03 - P.D. only,03 - Rear end,Cardinal Creek
15077,HIGHWAY 417 btwn HWY417 IC121B RAMP51 & HWY417 IC121A RAMP51,366767.9459,5029573.374,-75.70841934,45.40335504,2015-11-14,21:21,01 - Clear,01 - Dry,10 - No control,01 - Non intersection,07 - Dark,03 - P.D. only,03 - Rear end,The Glebe Annex
15078,CANOTEK RD btwn TO BE DETERMINED & GREEN CREEK DR,376587.8324,5035594.031,-75.58211717,45.45658711,2015-05-21,13:17,01 - Clear,01 - Dry,10 - No control,01 - Non intersection,01 - Daylight,03 - P.D. only,06 - SMV unattended vehicle,Greenbelt